사고번호,사고일시,요일,시군구,사고내용,사망자수,중상자수,경상자수,부상신고자수,사고유형,법규위반,노면상태,기상상태,도로형태,가해운전자 차종,가해운전자 성별,가해운전자 연령,가해운전자 상해정도,피해운전자 차종,피해운전자 성별,피해운전자 연령,피해운전자 상해정도
2012010700100146,2012년 1월 7일 06시,토요일,경상북도 구미시 옥계동,중상사고,0,1,1,0,차대차 - 측면직각충돌,신호위반,건조,맑음,교차로 - 교차로안,승용,남,39세,상해없음,승용,남,22세,경상
2012010700100170,2012년 1월 7일 07시,토요일,경상북도 경주시 황성동,부상신고사고,0,0,0,1,차대차 - 기타,안전운전불이행,건조,맑음,단일로 - 기타,화물,남,55세,상해없음,자전거,남,60세,부상신고
2012010700100171,2012년 1월 7일 07시,토요일,경상북도 상주시 무양동,중상사고,0,1,0,0,차대차 - 기타,안전운전불이행,건조,맑음,교차로 - 교차로안,승용,기타불명,기타불명,기타불명,승용,남,41세,상해없음
2012010700100198,2012년 1월 7일 08시,토요일,경상북도 포항시 북구 창포동,중상사고,0,1,0,0,차대차 - 측면직각충돌,신호위반,건조,맑음,교차로 - 교차로안,승용,남,70세,상해없음,자전거,남,73세,중상
2012010700100199,2012년 1월 7일 08시,토요일,경상북도 포항시 북구 흥해읍,경상사고,0,0,1,0,차대차 - 기타,안전운전불이행,건조,맑음,단일로 - 기타,승용,남,44세,상해없음,승용,여,32세,경상
2012010700100200,2012년 1월 7일 08시,토요일,경상북도 칠곡군 왜관읍,중상사고,0,1,0,0,차대차 - 추돌 - 진행중,안전운전불이행,건조,맑음,교차로 - 교차로부근,승용,남,25세,상해없음,자전거,남,72세,중상
2012010700100201,2012년 1월 7일 08시,토요일,경상북도 영덕군 강구면,중상사고,0,1,1,0,차대차 - 정면충돌,중앙선침범,건조,맑음,교차로 - 교차로부근,이륜,남,67세,중상,승합,남,58세,상해없음
2012010700100225,2012년 1월 7일 09시,토요일,경상북도 포항시 남구 연일읍,경상사고,0,0,1,0,차대차 - 측면직각충돌,교차로운행방법위반,건조,맑음,교차로 - 교차로안,화물,남,52세,상해없음,승용,여,34세,경상
2012010700100278,2012년 1월 7일 11시,토요일,경상북도 포항시 북구 죽도동,중상사고,0,1,0,0,차대사람 - 횡단중,안전운전불이행,건조,맑음,교차로 - 교차로안,화물,남,36세,상해없음,보행자,남,76세,중상
2012010700100279,2012년 1월 7일 11시,토요일,경상북도 울진군 평해읍,경상사고,0,0,3,0,차대차 - 추돌 - 주정차중,안전운전불이행,건조,맑음,단일로 - 횡단보도부근,승용,여,45세,상해없음,승용,남,29세,경상
2012010700100280,2012년 1월 7일 11시,토요일,경상북도 구미시 광평동,경상사고,0,0,4,0,차대차 - 추돌 - 주정차중,안전운전불이행,건조,맑음,교차로 - 교차로부근,화물,남,38세,상해없음,승용,여,53세,경상
2012010700100307,2012년 1월 7일 12시,토요일,경상북도 안동시 송현동,경상사고,0,0,1,0,차대차 - 측면직각충돌,안전운전불이행,건조,맑음,기타 - 기타,승용,여,57세,경상,승합,남,51세,상해없음
2012010700100308,2012년 1월 7일 12시,토요일,경상북도 문경시 점촌동,중상사고,0,1,0,0,차대사람 - 기타,불법유턴,건조,맑음,교차로 - 교차로안,승용,남,41세,상해없음,보행자,여,59세,중상
2012010700100309,2012년 1월 7일 12시,토요일,경상북도 포항시 남구 해도동,경상사고,0,0,4,0,차대차 - 추돌 - 진행중,안전운전불이행,기타,맑음,교차로 - 교차로안,승용,남,22세,상해없음,승용,남,55세,경상
2012010700100334,2012년 1월 7일 13시,토요일,경상북도 포항시 북구 죽도동,경상사고,0,0,3,0,차대차 - 기타,교차로운행방법위반,건조,맑음,교차로 - 교차로안,승용,남,56세,상해없음,승용,남,29세,경상
2012010700100335,2012년 1월 7일 13시,토요일,경상북도 문경시 점촌동,경상사고,0,0,3,0,차대차 - 기타,안전운전불이행,건조,맑음,교차로 - 교차로부근,승합,남,67세,경상,승용,남,53세,경상
2012010700100381,2012년 1월 7일 15시,토요일,경상북도 안동시 용상동,경상사고,0,0,1,0,차대차 - 측면직각충돌,안전운전불이행,건조,맑음,교차로 - 교차로안,승용,남,36세,상해없음,이륜,남,21세,경상
2012010700100382,2012년 1월 7일 15시,토요일,경상북도 안동시 명륜동,경상사고,0,0,1,0,차대차 - 측면직각충돌,안전운전불이행,건조,맑음,단일로 - 기타,승용,여,54세,상해없음,승용,남,63세,경상
2012010700100383,2012년 1월 7일 15시,토요일,경상북도 경산시 중방동,경상사고,0,0,1,0,차대차 - 기타,안전운전불이행,건조,맑음,단일로 - 기타,승합,남,50세,상해없음,승용,남,67세,경상
2012010700100384,2012년 1월 7일 15시,토요일,경상북도 구미시 도량동,중상사고,0,4,1,0,차대차 - 측면직각충돌,신호위반,건조,맑음,교차로 - 교차로안,승합,남,49세,상해없음,승용,남,38세,중상
2012010700100407,2012년 1월 7일 16시,토요일,경상북도 경주시 탑동,경상사고,0,0,5,0,차대차 - 측면직각충돌,안전운전불이행,건조,맑음,단일로 - 기타,화물,남,72세,상해없음,승용,여,31세,경상
2012010700100408,2012년 1월 7일 16시,토요일,경상북도 경주시 안강읍,중상사고,0,1,0,0,차대차 - 측면직각충돌,신호위반,건조,맑음,교차로 - 교차로안,화물,남,64세,상해없음,자전거,여,64세,중상
2012010700100409,2012년 1월 7일 16시,토요일,경상북도 안동시 안기동,경상사고,0,0,1,0,차대차 - 추돌 - 주정차중,안전운전불이행,건조,맑음,단일로 - 기타,승합,여,47세,상해없음,승용,여,44세,경상
2012010700100410,2012년 1월 7일 16시,토요일,경상북도 구미시 선산읍,경상사고,0,0,1,0,차대차 - 측면직각충돌,직진우회전진행방해,건조,맑음,교차로 - 교차로안,화물,남,69세,상해없음,자전거,남,60세,경상
2012010700100411,2012년 1월 7일 16시,토요일,경상북도 포항시 남구 이동,경상사고,0,0,1,0,차대차 - 측면직각충돌,안전운전불이행,건조,맑음,단일로 - 기타,승용,여,31세,상해없음,원동기,남,83세,경상
2012010700100441,2012년 1월 7일 17시,토요일,경상북도 경주시 석장동,중상사고,0,1,0,0,차대차 - 기타,안전운전불이행,건조,맑음,단일로 - 기타,승용,남,25세,상해없음,이륜,남,19세,중상
2012010700100442,2012년 1월 7일 17시,토요일,경상북도 의성군 의성읍,중상사고,0,1,0,0,차대사람 - 길가장자리구역통행중,안전운전불이행,건조,맑음,교차로 - 교차로안,승용,남,69세,상해없음,보행자,남,66세,중상
2012010700100486,2012년 1월 7일 18시,토요일,경상북도 상주시 신봉동,중상사고,0,2,0,0,차대차 - 기타,교차로운행방법위반,건조,맑음,교차로 - 교차로안,화물,남,55세,상해없음,승용,여,24세,중상
2012010700100487,2012년 1월 7일 18시,토요일,경상북도 영주시 휴천동,경상사고,0,0,1,0,차대사람 - 횡단중,안전운전불이행,건조,맑음,단일로 - 기타,화물,남,52세,상해없음,보행자,남,40세,경상
2012010700100488,2012년 1월 7일 18시,토요일,경상북도 고령군 덕곡면,중상사고,0,1,0,0,차대사람 - 차도통행중,안전운전불이행,건조,맑음,교차로 - 교차로부근,승용,남,59세,상해없음,보행자,남,68세,중상
2012010700100529,2012년 1월 7일 19시,토요일,경상북도 포항시 북구 청하면,중상사고,0,2,1,0,차대차 - 기타,안전운전불이행,건조,맑음,교차로 - 교차로안,승용,남,32세,경상,승용,남,66세,상해없음
2012010700100530,2012년 1월 7일 19시,토요일,경상북도 영천시 고경면,중상사고,0,2,2,0,차대차 - 측면직각충돌,안전운전불이행,건조,맑음,단일로 - 기타,화물,남,64세,상해없음,승용,여,44세,중상
2012010700100531,2012년 1월 7일 19시,토요일,경상북도 의성군 봉양면,경상사고,0,0,5,0,차대차 - 추돌 - 주정차중,안전운전불이행,건조,맑음,단일로 - 기타,승용,남,28세,경상,승합,남,55세,상해없음
2012010700100565,2012년 1월 7일 20시,토요일,경상북도 포항시 북구 흥해읍,경상사고,0,0,1,0,차대차 - 측면직각충돌,신호위반,건조,맑음,교차로 - 교차로안,승용,여,51세,상해없음,이륜,남,24세,경상
2012010700100566,2012년 1월 7일 20시,토요일,경상북도 안동시 태화동,사망사고,1,0,0,0,차대사람 - 횡단중,안전운전불이행,건조,맑음,단일로 - 기타,승용,여,36세,상해없음,보행자,남,39세,사망
2012010700100617,2012년 1월 7일 22시,토요일,경상북도 경주시 인왕동,중상사고,0,1,0,0,차대사람 - 기타,보행자보호의무위반,건조,맑음,단일로 - 횡단보도상,승용,여,63세,상해없음,보행자,여,61세,중상
2012010700100618,2012년 1월 7일 22시,토요일,경상북도 경주시 안강읍,경상사고,0,0,2,0,차대차 - 기타,안전운전불이행,건조,맑음,교차로 - 교차로안,승용,기타불명,기타불명,기타불명,원동기,남,16세,경상
2012010700100619,2012년 1월 7일 22시,토요일,경상북도 안동시 송현동,경상사고,0,0,1,0,차대차 - 기타,차로위반,건조,맑음,단일로 - 기타,승용,남,52세,상해없음,이륜,남,18세,경상
2012010700100620,2012년 1월 7일 22시,토요일,경상북도 경산시 중방동,경상사고,0,0,1,0,차대차 - 기타,안전운전불이행,건조,맑음,단일로 - 기타,화물,기타불명,기타불명,기타불명,승용,여,54세,경상
2012010700100621,2012년 1월 7일 22시,토요일,경상북도 포항시 남구 청림동,경상사고,0,0,3,0,차대차 - 추돌 - 진행중,중앙선침범,건조,맑음,단일로 - 기타,승용,남,64세,상해없음,승용,남,53세,경상
2012010700100646,2012년 1월 7일 23시,토요일,경상북도 김천시 감문면,중상사고,0,1,0,0,차량단독 - 공작물충돌,안전운전불이행,건조,맑음,단일로 - 기타,승용,남,22세,상해없음,,,,
2012010700100647,2012년 1월 7일 23시,토요일,경상북도 경산시 하양읍,중상사고,0,1,1,0,차대차 - 기타,중앙선침범,건조,맑음,교차로 - 교차로부근,승용,남,56세,상해없음,승용,남,59세,경상
2012010700100648,2012년 1월 7일 23시,토요일,경상북도 구미시 옥계동,중상사고,0,1,0,0,차대차 - 추돌 - 주정차중,안전운전불이행,건조,맑음,교차로 - 교차로부근,승용,남,43세,상해없음,승용,남,30세,중상
2012010800100017,2012년 1월 8일 00시,일요일,경상북도 칠곡군 왜관읍,경상사고,0,0,1,0,차대차 - 정면충돌,기타,건조,맑음,단일로 - 기타,승용,남,35세,상해없음,승용,남,26세,경상
2012010800100031,2012년 1월 8일 01시,일요일,경상북도 성주군 초전면,중상사고,0,1,1,0,차량단독 - 공작물충돌,안전운전불이행,건조,맑음,교차로 - 교차로부근,승용,남,22세,경상,,,,
2012010800100047,2012년 1월 8일 02시,일요일,경상북도 포항시 북구 죽도동,경상사고,0,0,1,0,차대차 - 기타,신호위반,건조,맑음,단일로 - 기타,승용,남,29세,기타불명,승용,남,29세,경상
2012010800100048,2012년 1월 8일 02시,일요일,경상북도 경산시 진량읍,중상사고,0,1,0,0,차량단독 - 공작물충돌,안전운전불이행,건조,맑음,기타 - 기타,승용,남,31세,상해없음,,,,
2012010800100049,2012년 1월 8일 02시,일요일,경상북도 구미시 진평동,중상사고,0,1,0,0,차대차 - 측면직각충돌,안전운전불이행,건조,맑음,교차로 - 교차로안,승용,남,26세,상해없음,승용,남,43세,중상
2012010800100065,2012년 1월 8일 03시,일요일,경상북도 경주시 안강읍,경상사고,0,0,1,2,차대차 - 기타,안전운전불이행,건조,맑음,단일로 - 기타,승용,남,22세,부상신고,승용,남,22세,부상신고
2012010800100086,2012년 1월 8일 05시,일요일,경상북도 안동시 옥동,중상사고,0,1,1,0,차대차 - 정면충돌,중앙선침범,건조,맑음,단일로 - 기타,승용,남,21세,상해없음,승용,남,55세,중상
2012010800100104,2012년 1월 8일 06시,일요일,경상북도 포항시 북구 대흥동,중상사고,0,1,0,0,차대사람 - 기타,안전운전불이행,건조,맑음,단일로 - 기타,승용,남,66세,상해없음,보행자,남,34세,중상
2012010800100105,2012년 1월 8일 06시,일요일,경상북도 포항시 북구 항구동,경상사고,0,0,3,0,차대차 - 측면직각충돌,신호위반,건조,맑음,교차로 - 교차로안,승용,남,53세,상해없음,승용,여,50세,경상
2012010800100106,2012년 1월 8일 06시,일요일,경상북도 안동시 목성동,경상사고,0,0,2,0,차대차 - 정면충돌,신호위반,건조,맑음,단일로 - 기타,승용,남,17세,상해없음,승용,남,54세,경상
2012010800100107,2012년 1월 8일 06시,일요일,경상북도 김천시 지좌동,경상사고,0,0,1,0,차대차 - 측면직각충돌,신호위반,건조,맑음,교차로 - 교차로안,승용,남,34세,상해없음,승용,여,42세,경상
2012010800100115,2012년 1월 8일 07시,일요일,경상북도 경주시 양남면,경상사고,0,0,3,0,차대차 - 기타,중앙선침범,건조,맑음,기타 - 기타,화물,남,47세,상해없음,승용,남,29세,경상
2012010800100116,2012년 1월 8일 07시,일요일,경상북도 경산시 옥산동,중상사고,0,1,0,0,차대차 - 기타,중앙선침범,건조,맑음,교차로 - 교차로부근,승용,남,32세,상해없음,승용,남,28세,중상
2012010800100154,2012년 1월 8일 09시,일요일,경상북도 김천시 구성면,중상사고,0,1,0,0,차대차 - 측면직각충돌,중앙선침범,습기,맑음,단일로 - 기타,화물,남,27세,상해없음,승용,여,49세,중상
2012010800100198,2012년 1월 8일 12시,일요일,경상북도 문경시 점촌동,경상사고,0,0,1,0,차대차 - 기타,직진우회전진행방해,건조,맑음,교차로 - 교차로안,승용,남,22세,상해없음,이륜,남,32세,경상
2012010800100199,2012년 1월 8일 12시,일요일,경상북도 포항시 남구 연일읍,사망사고,1,1,0,0,차량단독 - 공작물충돌,안전운전불이행,건조,맑음,단일로 - 기타,승합,남,61세,중상,,,,
2012010800100229,2012년 1월 8일 13시,일요일,경상북도 청도군 풍각면,중상사고,0,1,1,0,차대차 - 측면직각충돌,중앙선침범,건조,맑음,기타 - 기타,승용,남,31세,상해없음,승용,남,30세,경상
2012010800100237,2012년 1월 8일 14시,일요일,경상북도 포항시 북구 용흥동,경상사고,0,0,1,0,차대차 - 기타,안전거리미확보,건조,맑음,단일로 - 기타,승용,남,33세,상해없음,승용,남,32세,상해없음
2012010800100255,2012년 1월 8일 15시,일요일,경상북도 영천시 금호읍,사망사고,2,2,1,0,차량단독 - 공작물충돌,안전운전불이행,건조,맑음,단일로 - 기타,승용,여,37세,경상,,,,
2012010800100274,2012년 1월 8일 16시,일요일,경상북도 포항시 북구 대흥동,경상사고,0,0,2,0,차대차 - 기타,안전거리미확보,건조,맑음,단일로 - 기타,화물,남,53세,상해없음,승용,남,53세,경상
2012010800100275,2012년 1월 8일 16시,일요일,경상북도 구미시 옥계동,경상사고,0,0,1,0,차대차 - 기타,안전운전불이행,건조,맑음,단일로 - 기타,승용,남,33세,상해없음,자전거,여,50세,경상
2012010800100301,2012년 1월 8일 17시,일요일,경상북도 경산시 남천면,중상사고,0,1,8,0,차대차 - 추돌 - 주정차중,안전운전불이행,건조,맑음,단일로 - 기타,승용,남,46세,상해없음,승용,남,47세,경상
2012010800100333,2012년 1월 8일 18시,일요일,경상북도 경주시 황성동,중상사고,0,1,0,0,차대사람 - 기타,안전운전불이행,건조,맑음,단일로 - 기타,승합,남,47세,상해없음,보행자,남,45세,중상
2012010800100334,2012년 1월 8일 18시,일요일,경상북도 포항시 북구 장성동,부상신고사고,0,0,0,1,차대차 - 기타,안전운전불이행,건조,맑음,교차로 - 교차로부근,승용,남,39세,상해없음,원동기,남,50세,부상신고
2012010800100335,2012년 1월 8일 18시,일요일,경상북도 김천시 대광동,중상사고,0,2,0,0,차대차 - 측면직각충돌,중앙선침범,건조,맑음,교차로 - 교차로부근,화물,남,58세,상해없음,승용,여,30세,중상
2012010800100336,2012년 1월 8일 18시,일요일,경상북도 영주시 영주동,중상사고,0,1,0,0,차대사람 - 횡단중,보행자보호의무위반,건조,맑음,교차로 - 교차로부근,승용,남,51세,상해없음,보행자,여,70세,중상
2012010800100337,2012년 1월 8일 18시,일요일,경상북도 경산시 계양동,중상사고,0,1,0,0,차대차 - 기타,안전운전불이행,건조,맑음,단일로 - 기타,승용,남,41세,상해없음,원동기,남,26세,중상
2012010800100363,2012년 1월 8일 19시,일요일,경상북도 포항시 북구 대흥동,경상사고,0,0,1,0,차대차 - 기타,안전거리미확보,건조,맑음,단일로 - 기타,승용,남,46세,상해없음,이륜,남,28세,경상
2012010800100364,2012년 1월 8일 19시,일요일,경상북도 구미시 광평동,경상사고,0,0,1,0,차대차 - 기타,안전운전불이행,건조,맑음,교차로 - 교차로부근,승용,남,58세,상해없음,승용,남,44세,경상
2012010800100365,2012년 1월 8일 19시,일요일,경상북도 구미시 사곡동,경상사고,0,0,2,0,차대사람 - 횡단중,안전운전불이행,건조,맑음,교차로 - 교차로부근,이륜,남,17세,경상,보행자,여,49세,경상
2012010800100382,2012년 1월 8일 20시,일요일,경상북도 포항시 북구 죽도동,경상사고,0,0,5,0,차대차 - 기타,교차로운행방법위반,건조,맑음,교차로 - 교차로안,승용,남,56세,상해없음,승용,남,23세,경상
2012010800100383,2012년 1월 8일 20시,일요일,경상북도 안동시 남부동,경상사고,0,0,1,0,차대사람 - 기타,안전운전불이행,건조,맑음,단일로 - 기타,승용,남,30세,상해없음,보행자,남,32세,경상
2012010800100384,2012년 1월 8일 20시,일요일,경상북도 칠곡군 왜관읍,경상사고,0,0,5,0,차대차 - 추돌 - 진행중,안전운전불이행,건조,맑음,단일로 - 기타,승용,남,53세,경상,승용,남,50세,상해없음
2012010800100412,2012년 1월 8일 21시,일요일,경상북도 울진군 울진읍,중상사고,0,1,0,0,차대사람 - 기타,안전운전불이행,건조,맑음,교차로 - 교차로부근,화물,남,38세,상해없음,보행자,여,53세,중상
2012010800100436,2012년 1월 8일 22시,일요일,경상북도 경산시 진량읍,경상사고,0,0,1,0,차대차 - 기타,중앙선침범,건조,맑음,단일로 - 기타,승용,남,35세,상해없음,승용,남,40세,경상
2012010800100437,2012년 1월 8일 22시,일요일,경상북도 경산시 중방동,경상사고,0,0,1,0,차대차 - 기타,안전운전불이행,건조,맑음,교차로 - 교차로안,승용,남,54세,상해없음,원동기,남,16세,경상
2012010800100454,2012년 1월 8일 23시,일요일,경상북도 안동시 옥동,중상사고,0,1,2,0,차대차 - 측면직각충돌,안전거리미확보,건조,맑음,기타 - 기타,승용,남,59세,상해없음,승용,여,48세,상해없음
2012010900100030,2012년 1월 9일 03시,월요일,경상북도 김천시 성내동,경상사고,0,0,2,0,차대사람 - 횡단중,보행자보호의무위반,건조,맑음,단일로 - 기타,승용,여,53세,상해없음,보행자,남,18세,경상
2012010900100039,2012년 1월 9일 04시,월요일,경상북도 칠곡군 북삼읍,중상사고,0,1,0,0,차량단독 - 공작물충돌,안전운전불이행,건조,맑음,단일로 - 기타,승용,남,55세,상해없음,,,,
2012010900100040,2012년 1월 9일 04시,월요일,경상북도 영천시 고경면,부상신고사고,0,0,0,1,차량단독 - 공작물충돌,안전운전불이행,건조,맑음,교차로 - 교차로부근,승용,남,22세,부상신고,,,,
2012010900100126,2012년 1월 9일 08시,월요일,경상북도 경주시 황오동,경상사고,0,0,1,0,차대차 - 측면직각충돌,안전운전불이행,건조,맑음,단일로 - 기타,승용,남,56세,상해없음,승용,남,60세,경상
2012010900100127,2012년 1월 9일 08시,월요일,경상북도 포항시 북구 흥해읍,경상사고,0,0,1,0,차대사람 - 길가장자리구역통행중,안전운전불이행,건조,맑음,단일로 - 기타,승용,여,37세,상해없음,보행자,여,54세,경상
2012010900100128,2012년 1월 9일 08시,월요일,경상북도 칠곡군 왜관읍,중상사고,0,1,0,0,차대사람 - 횡단중,보행자보호의무위반,건조,흐림,교차로 - 교차로안,승합,남,42세,상해없음,보행자,여,76세,중상
2012010900100129,2012년 1월 9일 08시,월요일,경상북도 문경시 흥덕동,중상사고,0,1,1,0,차대차 - 기타,기타,건조,흐림,교차로 - 교차로안,승용,여,53세,경상,승용,남,71세,중상
2012010900100159,2012년 1월 9일 09시,월요일,경상북도 경주시 성건동,중상사고,0,1,1,0,차대차 - 추돌 - 주정차중,안전운전불이행,건조,맑음,교차로 - 교차로부근,화물,남,38세,상해없음,승용,남,32세,중상
2012010900100160,2012년 1월 9일 09시,월요일,경상북도 구미시 도량동,경상사고,0,0,1,0,차대차 - 측면직각충돌,안전운전불이행,건조,맑음,단일로 - 기타,승용,남,40세,상해없음,승용,남,25세,경상
2012010900100161,2012년 1월 9일 09시,월요일,경상북도 군위군 군위읍,경상사고,0,0,3,0,차대차 - 추돌 - 주정차중,안전거리미확보,건조,흐림,단일로 - 기타,화물,남,45세,경상,승용,남,62세,경상
2012010900100188,2012년 1월 9일 10시,월요일,경상북도 포항시 북구 죽도동,중상사고,0,1,0,0,차대차 - 기타,안전운전불이행,건조,맑음,교차로 - 교차로부근,승용,여,48세,상해없음,자전거,남,80세,중상
2012010900100189,2012년 1월 9일 10시,월요일,경상북도 안동시 옥동,경상사고,0,0,2,0,차대차 - 측면직각충돌,안전운전불이행,건조,맑음,교차로 - 교차로안,승용,여,42세,경상,승용,남,37세,경상
2012010900100190,2012년 1월 9일 10시,월요일,경상북도 영천시 임고면,경상사고,0,0,1,0,차대차 - 측면직각충돌,신호위반,건조,맑음,교차로 - 교차로안,승용,여,46세,상해없음,승용,여,42세,경상
2012010900100191,2012년 1월 9일 10시,월요일,경상북도 고령군 우곡면,중상사고,0,2,3,0,차대차 - 기타,교차로운행방법위반,건조,맑음,교차로 - 교차로안,화물,남,55세,경상,승용,남,35세,경상
2012010900100213,2012년 1월 9일 11시,월요일,경상북도 고령군 다산면,경상사고,0,0,1,0,차대차 - 측면직각충돌,불법유턴,건조,맑음,단일로 - 기타,화물,남,64세,상해없음,승용,남,72세,경상
2012010900100229,2012년 1월 9일 12시,월요일,경상북도 포항시 북구 죽도동,경상사고,0,0,1,0,차대차 - 기타,신호위반,건조,맑음,교차로 - 교차로안,승용,남,72세,상해없음,원동기,여,24세,경상
2012010900100230,2012년 1월 9일 12시,월요일,경상북도 구미시 상모동,중상사고,0,1,0,0,차대사람 - 횡단중,안전운전불이행,건조,맑음,교차로 - 교차로부근,승합,남,50세,상해없음,보행자,남,12세,중상
2012010900100231,2012년 1월 9일 12시,월요일,경상북도 포항시 남구 대잠동,경상사고,0,0,3,0,차대차 - 기타,안전운전불이행,건조,맑음,교차로 - 교차로부근,승용,여,56세,경상,화물,남,54세,경상
2012010900100249,2012년 1월 9일 13시,월요일,경상북도 경주시 동부동,경상사고,0,0,1,0,차대차 - 측면직각충돌,안전운전불이행,건조,맑음,교차로 - 교차로안,승용,여,34세,상해없음,원동기,남,69세,경상
2012010900100250,2012년 1월 9일 13시,월요일,경상북도 안동시 옥동,중상사고,0,1,1,0,차대차 - 측면직각충돌,신호위반,건조,맑음,교차로 - 교차로안,승용,남,77세,상해없음,승용,여,50세,중상
2012010900100251,2012년 1월 9일 13시,월요일,경상북도 포항시 남구 이동,경상사고,0,0,2,0,차대차 - 정면충돌,안전운전불이행,건조,맑음,단일로 - 기타,승용,여,52세,경상,승용,남,27세,경상
2012010900100275,2012년 1월 9일 14시,월요일,경상북도 포항시 북구 양덕동,경상사고,0,0,1,0,차대차 - 기타,교차로운행방법위반,건조,맑음,교차로 - 교차로안,승용,남,35세,상해없음,승용,여,33세,경상
2012010900100276,2012년 1월 9일 14시,월요일,경상북도 구미시 남통동,경상사고,0,0,1,0,차대사람 - 보도통행중,기타,건조,맑음,기타 - 기타,자전거,남,22세,상해없음,보행자,여,62세,경상
2012010900100277,2012년 1월 9일 14시,월요일,경상북도 구미시 도량동,중상사고,0,1,0,0,차대차 - 측면직각충돌,신호위반,건조,맑음,교차로 - 교차로안,승용,여,35세,상해없음,승용,남,32세,중상
2012010900100302,2012년 1월 9일 15시,월요일,경상북도 포항시 북구 죽도동,경상사고,0,0,1,0,차대차 - 기타,안전거리미확보,건조,맑음,교차로 - 교차로부근,승용,남,67세,상해없음,승용,여,48세,경상
2012010900100303,2012년 1월 9일 15시,월요일,경상북도 포항시 북구 덕산동,부상신고사고,0,0,0,1,차대차 - 측면직각충돌,안전거리미확보,건조,맑음,교차로 - 교차로부근,승용,남,54세,상해없음,화물,남,34세,상해없음
2012010900100348,2012년 1월 9일 17시,월요일,경상북도 김천시 남면,중상사고,0,1,1,0,차량단독 - 공작물충돌,안전운전불이행,결빙,눈,단일로 - 기타,승용,남,62세,상해없음,,,,
2012010900100349,2012년 1월 9일 17시,월요일,경상북도 영천시 화룡동,중상사고,0,1,0,0,차대차 - 측면직각충돌,안전운전불이행,건조,맑음,단일로 - 기타,승용,남,35세,상해없음,자전거,남,63세,중상
2012010900100395,2012년 1월 9일 18시,월요일,경상북도 포항시 북구 죽도동,중상사고,0,1,0,0,차대차 - 기타,안전운전불이행,건조,맑음,기타 - 기타,승용,남,55세,상해없음,이륜,남,17세,중상
2012010900100396,2012년 1월 9일 18시,월요일,경상북도 안동시 신안동,중상사고,0,1,0,0,차대차 - 기타,안전운전불이행,건조,맑음,단일로 - 기타,승용,남,39세,상해없음,자전거,여,65세,중상
2012010900100397,2012년 1월 9일 18시,월요일,경상북도 안동시 목성동,중상사고,0,1,0,0,차대사람 - 횡단중,안전운전불이행,건조,맑음,교차로 - 교차로부근,이륜,여,39세,상해없음,보행자,여,18세,중상
2012010900100398,2012년 1월 9일 18시,월요일,경상북도 경산시 진량읍,중상사고,0,1,0,0,차대차 - 기타,안전운전불이행,건조,맑음,단일로 - 기타,승용,남,29세,상해없음,원동기,남,74세,중상
2012010900100399,2012년 1월 9일 18시,월요일,경상북도 구미시 장천면,중상사고,0,1,0,0,차대사람 - 기타,안전운전불이행,건조,맑음,단일로 - 기타,승용,남,57세,상해없음,보행자,여,62세,중상
2012010900100400,2012년 1월 9일 18시,월요일,경상북도 포항시 남구 연일읍,경상사고,0,0,1,0,차대차 - 추돌 - 진행중,안전운전불이행,건조,맑음,교차로 - 교차로부근,승용,남,54세,상해없음,승용,여,55세,경상
2012010900100429,2012년 1월 9일 19시,월요일,경상북도 경산시 임당동,경상사고,0,0,2,0,차대차 - 기타,안전운전불이행,건조,맑음,단일로 - 기타,승용,여,64세,상해없음,승용,여,42세,경상
2012010900100467,2012년 1월 9일 20시,월요일,경상북도 김천시 부곡동,경상사고,0,0,2,0,차대차 - 측면직각충돌,불법유턴,건조,맑음,단일로 - 기타,승용,여,53세,상해없음,승용,여,31세,경상
2012010900100468,2012년 1월 9일 20시,월요일,경상북도 영천시 야사동,경상사고,0,0,1,0,차대차 - 측면직각충돌,안전운전불이행,건조,맑음,단일로 - 기타,승용,남,61세,상해없음,승용,남,26세,경상
2012010900100469,2012년 1월 9일 20시,월요일,경상북도 영덕군 영해면,중상사고,0,1,0,0,차량단독 - 기타,안전운전불이행,건조,기타,단일로 - 기타,화물,남,52세,상해없음,,,,
2012010900100470,2012년 1월 9일 20시,월요일,경상북도 봉화군 명호면,경상사고,0,0,1,0,차량단독 - 공작물충돌,안전운전불이행,건조,맑음,단일로 - 기타,승용,남,54세,상해없음,,,,
2012010900100471,2012년 1월 9일 20시,월요일,경상북도 포항시 남구 지곡동,중상사고,0,1,0,0,차대차 - 기타,안전운전불이행,건조,흐림,단일로 - 기타,기타불명,기타불명,기타불명,기타불명,승용,여,46세,중상
2012010900100540,2012년 1월 9일 22시,월요일,경상북도 구미시 상모동,부상신고사고,0,0,0,1,차대차 - 측면직각충돌,안전운전불이행,건조,기타,교차로 - 교차로안,기타불명,기타불명,기타불명,기타불명,이륜,남,18세,부상신고
2012010900100541,2012년 1월 9일 22시,월요일,경상북도 포항시 남구 효자동,경상사고,0,0,4,0,차대차 - 추돌 - 주정차중,안전운전불이행,건조,맑음,교차로 - 교차로부근,승용,남,30세,경상,승용,남,47세,경상
2012011000100020,2012년 1월 10일 00시,화요일,경상북도 포항시 북구 장성동,경상사고,0,0,1,0,차대차 - 기타,교차로운행방법위반,건조,맑음,교차로 - 교차로안,승용,여,39세,상해없음,승용,남,34세,상해없음
2012011000100065,2012년 1월 10일 03시,화요일,경상북도 구미시 공단동,경상사고,0,0,1,0,차대차 - 측면직각충돌,신호위반,건조,맑음,교차로 - 교차로안,승용,남,47세,상해없음,승용,남,29세,경상