사고번호,사고일시,요일,시군구,사고내용,사망자수,중상자수,경상자수,부상신고자수,사고유형,법규위반,노면상태,기상상태,도로형태,가해운전자 차종,가해운전자 성별,가해운전자 연령,가해운전자 상해정도,피해운전자 차종,피해운전자 성별,피해운전자 연령,피해운전자 상해정도
2012011600100385,2012년 1월 16일 17시,월요일,경상북도 구미시 인의동,경상사고,0,0,1,0,차대차 - 추돌 - 주정차중,안전운전불이행,건조,흐림,교차로 - 교차로안,승용,남,26세,기타불명,승용,남,40세,경상
2012011600100386,2012년 1월 16일 17시,월요일,경상북도 포항시 남구 효자동,경상사고,0,0,1,0,차대차 - 추돌 - 주정차중,안전거리미확보,건조,맑음,교차로 - 교차로안,승용,남,46세,상해없음,승용,남,34세,경상
2012011600100422,2012년 1월 16일 18시,월요일,경상북도 경주시 강동면,중상사고,0,1,1,0,차대사람 - 횡단중,안전운전불이행,습기,비,교차로 - 교차로안,화물,남,53세,상해없음,보행자,남,41세,중상
2012011600100423,2012년 1월 16일 18시,월요일,경상북도 경주시 성동동,경상사고,0,0,1,0,차대차 - 측면직각충돌,안전운전불이행,습기,비,교차로 - 교차로부근,승용,남,57세,상해없음,원동기,남,30세,경상
2012011600100424,2012년 1월 16일 18시,월요일,경상북도 포항시 북구 환호동,중상사고,0,1,0,0,차대사람 - 기타,보행자보호의무위반,습기,비,단일로 - 기타,승용,여,44세,상해없음,보행자,여,38세,중상
2012011600100425,2012년 1월 16일 18시,월요일,경상북도 안동시 정하동,경상사고,0,0,1,0,차대차 - 측면직각충돌,안전운전불이행,건조,맑음,교차로 - 교차로부근,승용,남,25세,상해없음,승용,여,39세,경상
2012011600100426,2012년 1월 16일 18시,월요일,경상북도 김천시 성내동,경상사고,0,0,1,0,차대차 - 측면직각충돌,교차로운행방법위반,습기,비,교차로 - 교차로안,승용,남,37세,상해없음,승용,남,50세,경상
2012011600100427,2012년 1월 16일 18시,월요일,경상북도 김천시 평화동,경상사고,0,0,3,0,차대사람 - 횡단중,안전운전불이행,습기,맑음,단일로 - 횡단보도상,승용,남,68세,상해없음,보행자,남,54세,경상
2012011600100428,2012년 1월 16일 18시,월요일,경상북도 의성군 의성읍,중상사고,0,1,0,0,차대차 - 기타,중앙선침범,건조,맑음,단일로 - 기타,승용,남,22세,상해없음,이륜,남,52세,중상
2012011600100429,2012년 1월 16일 18시,월요일,경상북도 포항시 남구 대송면,경상사고,0,0,2,0,차대차 - 추돌 - 주정차중,안전운전불이행,습기,비,단일로 - 기타,화물,남,48세,상해없음,승용,여,27세,경상
2012011600100430,2012년 1월 16일 18시,월요일,경상북도 포항시 남구 오천읍,중상사고,0,1,0,0,차대사람 - 기타,안전운전불이행,습기,비,단일로 - 기타,승용,남,26세,상해없음,보행자,여,29세,중상
2012011600100431,2012년 1월 16일 18시,월요일,경상북도 포항시 남구 해도동,경상사고,0,0,1,0,차대차 - 추돌 - 진행중,안전운전불이행,건조,맑음,교차로 - 교차로부근,승용,남,63세,상해없음,승용,남,44세,경상
2012011600100475,2012년 1월 16일 19시,월요일,경상북도 포항시 북구 창포동,경상사고,0,0,1,0,차대차 - 기타,안전거리미확보,습기,비,단일로 - 기타,승합,남,49세,상해없음,승용,여,37세,경상
2012011600100476,2012년 1월 16일 19시,월요일,경상북도 안동시 옥동,중상사고,0,2,0,0,차대사람 - 횡단중,보행자보호의무위반,건조,흐림,단일로 - 횡단보도상,화물,남,61세,상해없음,보행자,여,16세,중상
2012011600100477,2012년 1월 16일 19시,월요일,경상북도 경산시 사동,경상사고,0,0,2,0,차대차 - 측면직각충돌,중앙선침범,건조,맑음,단일로 - 기타,승용,남,52세,상해없음,승용,여,22세,경상
2012011600100478,2012년 1월 16일 19시,월요일,경상북도 구미시 비산동,중상사고,0,1,1,0,차대차 - 측면직각충돌,중앙선침범,습기,흐림,단일로 - 기타,승용,남,58세,상해없음,승용,남,45세,중상
2012011600100479,2012년 1월 16일 19시,월요일,경상북도 포항시 남구 상도동,경상사고,0,0,1,0,차대차 - 정면충돌,중앙선침범,습기,비,단일로 - 기타,승용,남,62세,상해없음,원동기,여,20세,경상
2012011600100518,2012년 1월 16일 20시,월요일,경상북도 경주시 황성동,중상사고,0,1,0,0,차대차 - 측면직각충돌,신호위반,습기,비,교차로 - 교차로안,원동기,남,17세,상해없음,승용,여,44세,중상
2012011600100519,2012년 1월 16일 20시,월요일,경상북도 경주시 동천동,중상사고,0,1,2,0,차대차 - 측면직각충돌,신호위반,습기,비,교차로 - 교차로안,승용,남,72세,상해없음,승합,남,48세,경상
2012011600100520,2012년 1월 16일 20시,월요일,경상북도 안동시 임하면,경상사고,0,0,1,0,차대차 - 측면직각충돌,중앙선침범,건조,맑음,단일로 - 터널,화물,남,62세,상해없음,승용,남,35세,상해없음
2012011600100521,2012년 1월 16일 20시,월요일,경상북도 포항시 남구 오천읍,경상사고,0,0,1,0,차대차 - 추돌 - 주정차중,안전운전불이행,건조,맑음,교차로 - 교차로부근,승용,남,53세,상해없음,승용,남,44세,경상
2012011600100522,2012년 1월 16일 20시,월요일,경상북도 포항시 남구 상도동,경상사고,0,0,2,0,차대차 - 추돌 - 주정차중,안전운전불이행,습기,비,단일로 - 기타,승용,남,41세,상해없음,승용,남,55세,경상
2012011600100557,2012년 1월 16일 21시,월요일,경상북도 구미시 공단동,중상사고,0,2,0,0,차대차 - 기타,안전운전불이행,건조,맑음,교차로 - 교차로부근,승용,남,69세,상해없음,승용,남,53세,중상
2012011600100592,2012년 1월 16일 22시,월요일,경상북도 포항시 남구 해도동,경상사고,0,0,1,0,차대차 - 추돌 - 주정차중,안전운전불이행,습기,비,단일로 - 기타,승용,남,31세,상해없음,승용,남,55세,경상
2012011600100622,2012년 1월 16일 23시,월요일,경상북도 안동시 동부동,경상사고,0,0,4,0,차대차 - 측면직각충돌,교차로운행방법위반,건조,맑음,교차로 - 교차로안,승용,남,59세,상해없음,승용,남,39세,경상
2012011600100623,2012년 1월 16일 23시,월요일,경상북도 영주시 문수면,중상사고,0,2,0,0,차량단독 - 도로외이탈 - 추락,중앙선침범,건조,기타,단일로 - 기타,승용,남,52세,상해없음,,,,
2012011600100624,2012년 1월 16일 23시,월요일,경상북도 포항시 남구 오천읍,경상사고,0,0,1,0,차대차 - 추돌 - 주정차중,안전운전불이행,습기,흐림,교차로 - 교차로부근,승용,남,28세,상해없음,승용,남,52세,경상
2012011700100020,2012년 1월 17일 00시,화요일,경상북도 경주시 성건동,경상사고,0,0,1,0,차대차 - 측면직각충돌,신호위반,습기,비,교차로 - 교차로안,승용,남,36세,상해없음,승용,남,43세,경상
2012011700100021,2012년 1월 17일 00시,화요일,경상북도 포항시 북구 죽도동,경상사고,0,0,4,0,차대차 - 기타,안전운전불이행,건조,맑음,교차로 - 교차로부근,승용,남,33세,상해없음,승용,남,54세,경상
2012011700100022,2012년 1월 17일 00시,화요일,경상북도 안동시 신안동,경상사고,0,0,1,0,차대차 - 정면충돌,중앙선침범,습기,비,단일로 - 기타,승용,남,29세,상해없음,승용,여,31세,경상
2012011700100023,2012년 1월 17일 00시,화요일,경상북도 포항시 남구 이동,중상사고,0,1,0,0,차대사람 - 기타,안전운전불이행,건조,맑음,단일로 - 횡단보도상,승용,남,24세,상해없음,보행자,남,40세,중상
2012011700100024,2012년 1월 17일 00시,화요일,경상북도 포항시 남구 오천읍,경상사고,0,0,1,0,차대차 - 측면직각충돌,안전운전불이행,습기,비,교차로 - 교차로안,승용,남,35세,상해없음,원동기,남,64세,경상
2012011700100050,2012년 1월 17일 02시,화요일,경상북도 경주시 동천동,중상사고,0,1,0,0,차대사람 - 기타,안전운전불이행,습기,흐림,단일로 - 기타,승용,남,56세,상해없음,보행자,남,46세,중상
2012011700100051,2012년 1월 17일 02시,화요일,경상북도 포항시 북구 장성동,경상사고,0,0,2,0,차대차 - 추돌 - 주정차중,안전운전불이행,건조,맑음,단일로 - 기타,승용,남,52세,상해없음,승용,남,44세,경상
2012011700100058,2012년 1월 17일 03시,화요일,경상북도 구미시 황상동,경상사고,0,0,1,0,차대사람 - 기타,안전운전불이행,건조,맑음,단일로 - 기타,승용,남,28세,상해없음,보행자,남,24세,경상
2012011700100073,2012년 1월 17일 05시,화요일,경상북도 구미시 부곡동,경상사고,0,0,1,0,차량단독 - 공작물충돌,안전운전불이행,건조,흐림,단일로 - 기타,승용,남,25세,경상,,,,
2012011700100093,2012년 1월 17일 06시,화요일,경상북도 포항시 남구 오천읍,중상사고,0,1,0,0,차대차 - 기타,안전운전불이행,결빙,흐림,단일로 - 기타,화물,기타불명,기타불명,기타불명,자전거,남,72세,중상
2012011700100113,2012년 1월 17일 07시,화요일,경상북도 안동시 길안면,중상사고,0,1,0,0,차량단독 - 공작물충돌,안전운전불이행,결빙,흐림,교차로 - 교차로부근,화물,남,54세,중상,,,,
2012011700100114,2012년 1월 17일 07시,화요일,경상북도 울진군 울진읍,경상사고,0,0,1,0,차량단독 - 도로외이탈 - 기타,안전운전불이행,결빙,흐림,단일로 - 기타,승용,남,39세,상해없음,,,,
2012011700100115,2012년 1월 17일 07시,화요일,경상북도 고령군 운수면,중상사고,0,1,0,0,차량단독 - 기타,안전운전불이행,결빙,맑음,단일로 - 기타,화물,남,53세,중상,,,,
2012011700100116,2012년 1월 17일 07시,화요일,경상북도 포항시 남구 동해면,경상사고,0,0,1,0,차량단독 - 공작물충돌,안전운전불이행,결빙,흐림,단일로 - 기타,화물,남,47세,경상,,,,
2012011700100147,2012년 1월 17일 08시,화요일,경상북도 경주시 서면,경상사고,0,0,2,0,차대차 - 측면직각충돌,안전운전불이행,기타,안개,교차로 - 교차로안,승용,남,34세,상해없음,화물,남,67세,경상
2012011700100148,2012년 1월 17일 08시,화요일,경상북도 청도군 금천면,중상사고,0,1,0,0,차대차 - 추돌 - 진행중,안전운전불이행,결빙,안개,단일로 - 기타,승용,남,30세,상해없음,승용,남,46세,상해없음
2012011700100149,2012년 1월 17일 08시,화요일,경상북도 울진군 북면,중상사고,0,1,0,0,차대차 - 측면직각충돌,안전운전불이행,습기,맑음,교차로 - 교차로안,화물,남,56세,상해없음,승용,여,21세,중상
2012011700100150,2012년 1월 17일 08시,화요일,경상북도 포항시 남구 동해면,중상사고,0,1,0,0,차대차 - 추돌 - 진행중,안전운전불이행,결빙,맑음,단일로 - 기타,승용,남,55세,상해없음,승용,여,21세,중상
2012011700100183,2012년 1월 17일 09시,화요일,경상북도 안동시 풍산읍,중상사고,0,1,2,0,차대차 - 정면충돌,중앙선침범,건조,맑음,단일로 - 기타,승용,남,77세,상해없음,승용,남,52세,경상
2012011700100209,2012년 1월 17일 10시,화요일,경상북도 경산시 사동,경상사고,0,0,2,0,차대차 - 기타,교차로운행방법위반,건조,맑음,교차로 - 교차로안,승용,여,33세,상해없음,승용,남,56세,경상
2012011700100210,2012년 1월 17일 10시,화요일,경상북도 구미시 고아읍,경상사고,0,0,2,0,차대차 - 측면직각충돌,교차로운행방법위반,건조,맑음,교차로 - 교차로안,승용,여,45세,경상,승용,여,34세,경상
2012011700100211,2012년 1월 17일 10시,화요일,경상북도 구미시 고아읍,경상사고,0,0,2,0,차대차 - 추돌 - 진행중,안전운전불이행,건조,맑음,단일로 - 기타,승용,남,23세,경상,승용,남,59세,경상
2012011700100235,2012년 1월 17일 11시,화요일,경상북도 경주시 성동동,중상사고,0,1,1,0,차대차 - 측면직각충돌,안전운전불이행,건조,맑음,교차로 - 교차로안,승용,남,42세,상해없음,화물,남,41세,경상
2012011700100236,2012년 1월 17일 11시,화요일,경상북도 안동시 옥동,경상사고,0,0,3,0,차대차 - 추돌 - 진행중,안전운전불이행,건조,흐림,단일로 - 기타,승용,남,46세,상해없음,승용,남,65세,경상
2012011700100237,2012년 1월 17일 11시,화요일,경상북도 김천시 양천동,경상사고,0,0,3,0,차대차 - 측면직각충돌,교차로운행방법위반,건조,흐림,교차로 - 교차로안,화물,남,68세,상해없음,화물,남,43세,상해없음
2012011700100238,2012년 1월 17일 11시,화요일,경상북도 상주시 남성동,경상사고,0,0,1,0,차대사람 - 길가장자리구역통행중,안전운전불이행,건조,맑음,단일로 - 기타,이륜,남,49세,상해없음,보행자,여,51세,경상
2012011700100239,2012년 1월 17일 11시,화요일,경상북도 예천군 예천읍,경상사고,0,0,1,0,차대차 - 추돌 - 진행중,안전운전불이행,건조,맑음,교차로 - 교차로부근,승용,남,75세,상해없음,이륜,남,79세,경상
2012011700100240,2012년 1월 17일 11시,화요일,경상북도 구미시 인의동,중상사고,0,1,0,0,차대차 - 측면직각충돌,안전운전불이행,건조,맑음,단일로 - 기타,이륜,남,55세,상해없음,자전거,여,69세,중상
2012011700100241,2012년 1월 17일 11시,화요일,경상북도 구미시 남통동,경상사고,0,0,1,0,차대차 - 측면직각충돌,안전운전불이행,건조,맑음,교차로 - 교차로안,원동기,여,69세,경상,화물,남,34세,상해없음
2012011700100258,2012년 1월 17일 12시,화요일,경상북도 경산시 계양동,중상사고,0,1,0,0,차량단독 - 기타,기타,건조,맑음,단일로 - 기타,승합,남,51세,상해없음,,,,
2012011700100259,2012년 1월 17일 12시,화요일,경상북도 예천군 지보면,중상사고,0,2,0,0,차대차 - 추돌 - 진행중,안전운전불이행,건조,흐림,단일로 - 기타,승용,여,25세,상해없음,이륜,남,71세,중상
2012011700100288,2012년 1월 17일 13시,화요일,경상북도 구미시 선산읍,경상사고,0,0,1,0,차대차 - 측면직각충돌,신호위반,건조,맑음,단일로 - 횡단보도상,이륜,남,64세,상해없음,자전거,여,40세,상해없음
2012011700100338,2012년 1월 17일 15시,화요일,경상북도 의성군 구천면,경상사고,0,0,1,0,차대차 - 측면직각충돌,안전운전불이행,건조,맑음,단일로 - 기타,화물,남,51세,상해없음,화물,남,26세,경상
2012011700100339,2012년 1월 17일 15시,화요일,경상북도 예천군 용궁면,중상사고,0,1,0,0,차대차 - 정면충돌,안전운전불이행,습기,비,교차로 - 교차로부근,승용,여,50세,상해없음,이륜,남,77세,중상
2012011700100340,2012년 1월 17일 15시,화요일,경상북도 포항시 남구 대잠동,중상사고,0,1,0,0,차대차 - 추돌 - 진행중,안전운전불이행,습기,비,교차로 - 교차로부근,승용,남,53세,상해없음,승용,여,40세,중상
2012011700100374,2012년 1월 17일 16시,화요일,경상북도 안동시 정하동,경상사고,0,0,1,0,차대차 - 측면직각충돌,안전운전불이행,기타,비,단일로 - 기타,승용,여,32세,상해없음,승용,남,53세,경상
2012011700100396,2012년 1월 17일 17시,화요일,경상북도 칠곡군 북삼읍,경상사고,0,0,1,0,차대차 - 추돌 - 진행중,중앙선침범,건조,맑음,단일로 - 기타,기타불명,기타불명,기타불명,기타불명,승용,여,50세,경상
2012011700100397,2012년 1월 17일 17시,화요일,경상북도 문경시 점촌동,경상사고,0,0,1,0,차대사람 - 기타,안전운전불이행,건조,맑음,교차로 - 교차로안,승용,남,66세,상해없음,보행자,남,56세,경상
2012011700100398,2012년 1월 17일 17시,화요일,경상북도 포항시 남구 해도동,경상사고,0,0,1,0,차대차 - 기타,안전운전불이행,건조,맑음,단일로 - 기타,자전거,남,53세,경상,승용,여,39세,상해없음
2012011700100433,2012년 1월 17일 18시,화요일,경상북도 경주시 동천동,부상신고사고,0,0,0,2,차대차 - 측면직각충돌,안전운전불이행,습기,비,교차로 - 교차로안,승용,여,36세,상해없음,이륜,남,17세,부상신고
2012011700100434,2012년 1월 17일 18시,화요일,경상북도 영주시 하망동,경상사고,0,0,1,0,차대사람 - 기타,안전운전불이행,기타,비,단일로 - 기타,승용,여,39세,상해없음,보행자,여,50세,경상
2012011700100435,2012년 1월 17일 18시,화요일,경상북도 영천시 완산동,부상신고사고,0,0,0,1,차대차 - 기타,안전운전불이행,건조,맑음,교차로 - 교차로부근,화물,남,42세,상해없음,승용,여,31세,부상신고
2012011700100436,2012년 1월 17일 18시,화요일,경상북도 영덕군 강구면,경상사고,0,0,1,0,차대차 - 추돌 - 주정차중,안전운전불이행,습기,흐림,교차로 - 교차로부근,승용,남,73세,상해없음,화물,남,55세,상해없음
2012011700100437,2012년 1월 17일 18시,화요일,경상북도 구미시 원평동,중상사고,0,1,0,0,차량단독 - 기타,안전운전불이행,건조,맑음,단일로 - 기타,승합,남,47세,상해없음,,,,
2012011700100438,2012년 1월 17일 18시,화요일,경상북도 포항시 남구 해도동,중상사고,0,1,0,0,차대차 - 기타,신호위반,습기,흐림,기타 - 기타,화물,남,42세,상해없음,자전거,남,65세,중상
2012011700100482,2012년 1월 17일 19시,화요일,경상북도 포항시 북구 남빈동,중상사고,0,1,0,0,차대사람 - 기타,안전운전불이행,습기,비,단일로 - 기타,승용,남,32세,상해없음,보행자,여,75세,중상
2012011700100483,2012년 1월 17일 19시,화요일,경상북도 안동시 송현동,경상사고,0,0,1,0,차대차 - 측면직각충돌,안전운전불이행,건조,맑음,교차로 - 교차로안,승용,남,65세,상해없음,승용,남,46세,경상
2012011700100484,2012년 1월 17일 19시,화요일,경상북도 상주시 만산동,중상사고,0,2,0,0,차대차 - 추돌 - 주정차중,안전운전불이행,건조,흐림,단일로 - 기타,화물,남,62세,상해없음,승용,여,32세,중상
2012011700100485,2012년 1월 17일 19시,화요일,경상북도 구미시 신평동,경상사고,0,0,2,0,차대차 - 측면직각충돌,안전운전불이행,건조,맑음,교차로 - 교차로안,승용,남,38세,상해없음,승용,남,26세,경상
2012011700100516,2012년 1월 17일 20시,화요일,경상북도 김천시 신음동,중상사고,0,1,0,0,차대차 - 추돌 - 주정차중,안전운전불이행,건조,맑음,교차로 - 교차로부근,승용,남,43세,상해없음,승합,남,33세,중상
2012011700100572,2012년 1월 17일 22시,화요일,경상북도 포항시 남구 대도동,경상사고,0,0,1,0,차대차 - 추돌 - 진행중,안전운전불이행,건조,흐림,교차로 - 교차로안,승용,남,50세,상해없음,승용,남,60세,경상
2012011700100607,2012년 1월 17일 23시,화요일,경상북도 구미시 사곡동,부상신고사고,0,0,0,1,차대차 - 추돌 - 주정차중,안전운전불이행,건조,기타,단일로 - 기타,승용,남,41세,상해없음,승용,남,42세,기타불명
2012011800100017,2012년 1월 18일 00시,수요일,경상북도 구미시 공단동,경상사고,0,0,3,0,차대차 - 측면직각충돌,교차로운행방법위반,건조,맑음,교차로 - 교차로안,승용,남,54세,경상,승용,여,31세,경상
2012011800100053,2012년 1월 18일 02시,수요일,경상북도 포항시 남구 오천읍,중상사고,0,1,2,0,차대차 - 추돌 - 주정차중,안전운전불이행,건조,맑음,교차로 - 교차로부근,승용,남,29세,상해없음,승용,남,40세,경상
2012011800100060,2012년 1월 18일 03시,수요일,경상북도 경주시 안강읍,경상사고,0,0,1,0,차대차 - 측면직각충돌,안전운전불이행,건조,맑음,단일로 - 기타,승용,남,39세,경상,화물,여,59세,상해없음
2012011800100091,2012년 1월 18일 06시,수요일,경상북도 구미시 송정동,중상사고,0,1,1,0,차대차 - 추돌 - 진행중,안전운전불이행,습기,안개,교차로 - 교차로부근,승용,남,43세,상해없음,승용,남,48세,중상
2012011800100132,2012년 1월 18일 08시,수요일,경상북도 상주시 외서면,중상사고,0,2,0,0,차대차 - 기타,중앙선침범,결빙,맑음,단일로 - 기타,화물,남,44세,상해없음,화물,남,31세,중상
2012011800100133,2012년 1월 18일 08시,수요일,경상북도 영덕군 창수면,사망사고,1,2,0,0,차량단독 - 도로외이탈 - 추락,안전운전불이행,결빙,맑음,단일로 - 기타,승용,남,56세,상해없음,,,,
2012011800100134,2012년 1월 18일 08시,수요일,경상북도 울진군 기성면,경상사고,0,0,1,0,차량단독 - 도로외이탈 - 추락,안전운전불이행,결빙,맑음,단일로 - 기타,승용,여,45세,경상,,,,
2012011800100135,2012년 1월 18일 08시,수요일,경상북도 구미시 구포동,중상사고,0,1,1,0,차대차 - 추돌 - 진행중,안전거리미확보,습기,비,단일로 - 기타,승용,남,29세,중상,승합,남,40세,상해없음
2012011800100136,2012년 1월 18일 08시,수요일,경상북도 구미시 신평동,경상사고,0,0,1,0,차대사람 - 기타,안전운전불이행,건조,맑음,단일로 - 기타,승용,남,41세,상해없음,보행자,남,33세,경상
2012011800100160,2012년 1월 18일 09시,수요일,경상북도 구미시 옥계동,경상사고,0,0,2,0,차대차 - 측면직각충돌,기타,건조,맑음,교차로 - 교차로안,승용,남,43세,경상,화물,남,50세,경상
2012011800100177,2012년 1월 18일 10시,수요일,경상북도 영양군 입암면,경상사고,0,0,2,0,차대차 - 추돌 - 진행중,안전거리미확보,건조,맑음,단일로 - 기타,이륜,남,71세,경상,원동기,남,80세,상해없음
2012011800100208,2012년 1월 18일 11시,수요일,경상북도 상주시 함창읍,중상사고,0,1,0,0,차량단독 - 공작물충돌,안전운전불이행,습기,흐림,교차로 - 교차로부근,승용,남,52세,상해없음,,,,
2012011800100209,2012년 1월 18일 11시,수요일,경상북도 고령군 운수면,사망사고,1,0,0,0,차량단독 - 공작물충돌,안전운전불이행,건조,맑음,단일로 - 기타,원동기,남,77세,사망,,,,
2012011800100233,2012년 1월 18일 12시,수요일,경상북도 포항시 북구 신흥동,중상사고,0,1,0,0,차대사람 - 기타,보행자보호의무위반,건조,맑음,단일로 - 횡단보도상,승용,남,26세,상해없음,보행자,남,9세,중상
2012011800100234,2012년 1월 18일 12시,수요일,경상북도 칠곡군 가산면,경상사고,0,0,1,0,차대차 - 추돌 - 진행중,안전거리미확보,건조,맑음,단일로 - 기타,승용,남,60세,상해없음,승용,여,52세,경상
2012011800100235,2012년 1월 18일 12시,수요일,경상북도 문경시 점촌동,경상사고,0,0,1,0,차대사람 - 기타,안전운전불이행,건조,맑음,단일로 - 기타,화물,남,61세,상해없음,보행자,여,54세,경상
2012011800100236,2012년 1월 18일 12시,수요일,경상북도 성주군 용암면,중상사고,0,1,0,0,차대차 - 기타,안전운전불이행,건조,맑음,교차로 - 교차로부근,화물,남,73세,상해없음,자전거,남,57세,중상
2012011800100260,2012년 1월 18일 13시,수요일,경상북도 포항시 북구 송라면,중상사고,0,1,3,0,차대차 - 기타,안전운전불이행,건조,맑음,단일로 - 기타,승합,남,46세,상해없음,승용,남,56세,경상
2012011800100261,2012년 1월 18일 13시,수요일,경상북도 구미시 공단동,경상사고,0,0,2,0,차대차 - 측면직각충돌,교차로운행방법위반,건조,맑음,교차로 - 교차로안,승용,여,44세,경상,승용,여,51세,경상
2012011800100283,2012년 1월 18일 14시,수요일,경상북도 포항시 북구 죽도동,중상사고,0,1,1,0,차대차 - 기타,안전운전불이행,건조,맑음,단일로 - 기타,승용,남,40세,상해없음,승용,여,38세,경상
2012011800100335,2012년 1월 18일 16시,수요일,경상북도 안동시 용상동,경상사고,0,0,1,0,차대차 - 측면직각충돌,안전운전불이행,건조,흐림,단일로 - 기타,승용,남,30세,상해없음,승용,남,31세,경상
2012011800100336,2012년 1월 18일 16시,수요일,경상북도 영천시 북안면,중상사고,0,1,0,0,차대차 - 측면직각충돌,안전운전불이행,습기,흐림,교차로 - 교차로안,특수,남,50세,상해없음,원동기,남,50세,중상
2012011800100337,2012년 1월 18일 16시,수요일,경상북도 경산시 진량읍,경상사고,0,0,2,0,차대차 - 기타,안전운전불이행,습기,비,단일로 - 기타,승용,남,69세,상해없음,승합,여,52세,경상
2012011800100338,2012년 1월 18일 16시,수요일,경상북도 구미시 도량동,경상사고,0,0,1,0,차대차 - 기타,안전운전불이행,건조,맑음,단일로 - 기타,승용,여,53세,상해없음,승합,남,51세,상해없음
2012011800100339,2012년 1월 18일 16시,수요일,경상북도 포항시 남구 송내동,중상사고,0,1,1,0,차대차 - 추돌 - 주정차중,안전운전불이행,습기,비,기타 - 기타,승용,여,46세,상해없음,승용,남,60세,중상
2012011800100407,2012년 1월 18일 18시,수요일,경상북도 포항시 북구 창포동,경상사고,0,0,4,0,차대차 - 추돌 - 주정차중,안전거리미확보,습기,비,단일로 - 기타,승용,남,33세,경상,승용,여,53세,상해없음
2012011800100408,2012년 1월 18일 18시,수요일,경상북도 영천시 문외동,중상사고,0,1,0,0,차대차 - 기타,안전운전불이행,건조,맑음,교차로 - 교차로안,승용,여,31세,상해없음,승용,여,57세,중상
2012011800100409,2012년 1월 18일 18시,수요일,경상북도 예천군 예천읍,경상사고,0,0,1,0,차대차 - 추돌 - 진행중,안전운전불이행,건조,맑음,단일로 - 기타,승용,남,26세,상해없음,이륜,여,53세,경상
2012011800100410,2012년 1월 18일 18시,수요일,경상북도 청도군 화양읍,중상사고,0,1,1,0,차대차 - 측면직각충돌,교차로운행방법위반,습기,비,교차로 - 교차로안,승용,남,48세,경상,승용,남,39세,중상
2012011800100411,2012년 1월 18일 18시,수요일,경상북도 구미시 지산동,중상사고,0,1,1,0,차대차 - 추돌 - 주정차중,안전거리미확보,건조,맑음,단일로 - 기타,승용,여,38세,중상,승용,남,50세,경상
2012011800100412,2012년 1월 18일 18시,수요일,경상북도 포항시 남구 송도동,경상사고,0,0,1,0,차대사람 - 기타,보행자보호의무위반,습기,비,단일로 - 횡단보도상,승용,여,51세,상해없음,보행자,여,56세,경상
2012011800100413,2012년 1월 18일 18시,수요일,경상북도 포항시 남구 대잠동,중상사고,0,1,0,0,차대차 - 추돌 - 진행중,안전운전불이행,습기,흐림,교차로 - 교차로부근,승용,남,64세,상해없음,자전거,남,70세,중상
2012011800100467,2012년 1월 18일 19시,수요일,경상북도 안동시 명륜동,중상사고,0,1,0,0,차대사람 - 횡단중,안전운전불이행,건조,맑음,단일로 - 기타,승용,남,78세,상해없음,보행자,남,58세,중상
2012011800100468,2012년 1월 18일 19시,수요일,경상북도 영주시 가흥동,경상사고,0,0,3,0,차대차 - 추돌 - 진행중,안전운전불이행,건조,흐림,단일로 - 교량,화물,남,50세,상해없음,승용,남,39세,경상
2012011800100469,2012년 1월 18일 19시,수요일,경상북도 구미시 공단동,경상사고,0,0,1,0,차대차 - 측면직각충돌,안전운전불이행,건조,맑음,교차로 - 교차로안,승용,여,38세,상해없음,승용,남,47세,경상
2012011800100504,2012년 1월 18일 20시,수요일,경상북도 영천시 완산동,사망사고,1,0,0,0,차대사람 - 보도통행중,보행자보호의무위반,습기,비,단일로 - 횡단보도상,화물,남,67세,상해없음,보행자,여,78세,사망
2012011900100015,2012년 1월 19일 00시,목요일,경상북도 영천시 야사동,경상사고,0,0,1,0,차대차 - 추돌 - 주정차중,안전운전불이행,습기,비,교차로 - 교차로부근,승용,남,30세,상해없음,화물,남,41세,경상
2012011900100016,2012년 1월 19일 00시,목요일,경상북도 문경시 유곡동,경상사고,0,0,1,0,차대차 - 기타,안전운전불이행,습기,비,단일로 - 기타,승용,남,30세,경상,화물,남,37세,상해없음
2012011900100034,2012년 1월 19일 01시,목요일,경상북도 경산시 진량읍,중상사고,0,1,0,0,차대차 - 기타,신호위반,습기,비,교차로 - 교차로안,승용,여,38세,상해없음,승용,여,27세,중상
2012011900100052,2012년 1월 19일 03시,목요일,경상북도 경주시 안강읍,중상사고,0,1,0,0,차대사람 - 기타,중앙선침범,습기,비,단일로 - 기타,승용,남,37세,상해없음,보행자,남,18세,중상
2012011900100098,2012년 1월 19일 06시,목요일,경상북도 경주시 외동읍,중상사고,0,1,0,0,차대사람 - 횡단중,보행자보호의무위반,습기,비,단일로 - 기타,승용,기타불명,기타불명,기타불명,보행자,남,67세,중상
2012011900100099,2012년 1월 19일 06시,목요일,경상북도 영주시 평은면,경상사고,0,0,5,0,차량단독 - 도로외이탈 - 추락,안전운전불이행,결빙,맑음,단일로 - 기타,승용,남,48세,경상,,,,
2012011900100100,2012년 1월 19일 06시,목요일,경상북도 예천군 예천읍,사망사고,2,0,1,0,차대차 - 추돌 - 진행중,안전운전불이행,습기,비,단일로 - 기타,승용,남,23세,사망,승용,남,29세,경상