사고번호,사고일시,요일,시군구,사고내용,사망자수,중상자수,경상자수,부상신고자수,사고유형,법규위반,노면상태,기상상태,도로형태,가해운전자 차종,가해운전자 성별,가해운전자 연령,가해운전자 상해정도,피해운전자 차종,피해운전자 성별,피해운전자 연령,피해운전자 상해정도
2012011900100101,2012년 1월 19일 06시,목요일,경상북도 구미시 진평동,경상사고,0,0,1,0,차대사람 - 기타,안전운전불이행,습기,비,단일로 - 기타,승용,남,26세,상해없음,보행자,남,29세,경상
2012011900100121,2012년 1월 19일 07시,목요일,경상북도 경산시 진량읍,중상사고,0,2,0,0,차대차 - 측면직각충돌,안전운전불이행,습기,비,교차로 - 교차로안,승용,여,28세,중상,승용,남,63세,중상
2012011900100122,2012년 1월 19일 07시,목요일,경상북도 경산시 중방동,중상사고,0,1,0,0,차대사람 - 횡단중,보행자보호의무위반,건조,맑음,단일로 - 횡단보도상,승용,남,34세,상해없음,보행자,남,72세,중상
2012011900100123,2012년 1월 19일 07시,목요일,경상북도 경산시 조영동,경상사고,0,0,1,0,차대차 - 기타,안전운전불이행,습기,비,교차로 - 교차로부근,승용,남,19세,상해없음,승용,남,30세,경상
2012011900100124,2012년 1월 19일 07시,목요일,경상북도 경산시 진량읍,중상사고,0,1,1,0,차대차 - 기타,안전운전불이행,습기,비,교차로 - 교차로안,승용,남,47세,경상,승용,남,25세,중상
2012011900100125,2012년 1월 19일 07시,목요일,경상북도 구미시 원평동,중상사고,0,2,1,0,차대차 - 정면충돌,안전운전불이행,습기,비,단일로 - 기타,승용,남,53세,경상,승용,남,38세,중상
2012011900100176,2012년 1월 19일 09시,목요일,경상북도 청송군 진보면,경상사고,0,0,1,0,차대차 - 기타,안전운전불이행,습기,비,교차로 - 교차로부근,이륜,남,74세,경상,승용,여,41세,상해없음
2012011900100196,2012년 1월 19일 10시,목요일,경상북도 안동시 남문동,중상사고,0,1,0,0,차대사람 - 횡단중,안전운전불이행,건조,맑음,단일로 - 기타,화물,남,49세,상해없음,보행자,여,17세,중상
2012011900100197,2012년 1월 19일 10시,목요일,경상북도 영천시 야사동,경상사고,0,0,1,0,차대사람 - 기타,신호위반,습기,비,교차로 - 교차로안,이륜,남,64세,상해없음,보행자,여,17세,경상
2012011900100198,2012년 1월 19일 10시,목요일,경상북도 구미시 광평동,중상사고,0,1,0,0,차대차 - 추돌 - 주정차중,안전운전불이행,습기,비,교차로 - 교차로부근,승용,남,34세,상해없음,승용,남,34세,중상
2012011900100220,2012년 1월 19일 11시,목요일,경상북도 경주시 양북면,경상사고,0,0,1,0,차대차 - 기타,안전운전불이행,습기,비,단일로 - 기타,승합,남,53세,상해없음,승용,남,37세,상해없음
2012011900100221,2012년 1월 19일 11시,목요일,경상북도 포항시 북구 흥해읍,경상사고,0,0,3,0,차대차 - 측면직각충돌,교차로운행방법위반,습기,비,교차로 - 교차로안,화물,남,42세,경상,승용,남,39세,경상
2012011900100222,2012년 1월 19일 11시,목요일,경상북도 김천시 감문면,경상사고,0,0,2,1,차대차 - 측면직각충돌,교차로운행방법위반,습기,비,교차로 - 교차로안,화물,남,38세,경상,화물,남,37세,경상
2012011900100223,2012년 1월 19일 11시,목요일,경상북도 칠곡군 지천면,부상신고사고,0,0,0,1,차대차 - 추돌 - 진행중,안전운전불이행,습기,비,단일로 - 기타,승용,남,22세,부상신고,화물,남,44세,상해없음
2012011900100224,2012년 1월 19일 11시,목요일,경상북도 영양군 입암면,중상사고,0,1,0,0,차대차 - 측면직각충돌,안전운전불이행,습기,비,단일로 - 기타,승용,남,36세,중상,화물,남,47세,상해없음
2012011900100248,2012년 1월 19일 12시,목요일,경상북도 경주시 외동읍,중상사고,0,1,0,0,차대차 - 측면직각충돌,안전운전불이행,습기,비,단일로 - 기타,승용,남,27세,상해없음,승용,여,42세,중상
2012011900100276,2012년 1월 19일 13시,목요일,경상북도 울진군 후포면,경상사고,0,0,4,0,차대차 - 정면충돌,교차로운행방법위반,습기,비,교차로 - 교차로안,화물,남,70세,상해없음,승용,여,54세,경상
2012011900100305,2012년 1월 19일 14시,목요일,경상북도 상주시 복룡동,중상사고,0,1,0,0,차대사람 - 횡단중,안전운전불이행,습기,비,단일로 - 기타,화물,남,36세,상해없음,보행자,남,7세,중상
2012011900100339,2012년 1월 19일 15시,목요일,경상북도 경주시 내남면,경상사고,0,0,3,0,차대차 - 측면직각충돌,안전운전불이행,습기,비,단일로 - 기타,승용,남,30세,경상,화물,여,38세,상해없음
2012011900100340,2012년 1월 19일 15시,목요일,경상북도 포항시 북구 흥해읍,경상사고,0,0,1,0,차대차 - 기타,안전운전불이행,습기,비,교차로 - 교차로부근,화물,남,60세,상해없음,승용,여,52세,경상
2012011900100341,2012년 1월 19일 15시,목요일,경상북도 구미시 구포동,중상사고,0,1,0,0,차대차 - 측면직각충돌,중앙선침범,건조,맑음,단일로 - 기타,승용,여,64세,상해없음,승용,남,60세,중상
2012011900100375,2012년 1월 19일 16시,목요일,경상북도 경주시 강동면,경상사고,0,0,1,0,차대차 - 측면직각충돌,안전운전불이행,습기,비,교차로 - 교차로부근,특수,남,34세,상해없음,승용,남,42세,경상
2012011900100376,2012년 1월 19일 16시,목요일,경상북도 경산시 남천면,중상사고,0,2,0,0,차대차 - 기타,중앙선침범,건조,맑음,단일로 - 기타,화물,남,42세,상해없음,화물,남,41세,중상
2012011900100453,2012년 1월 19일 18시,목요일,경상북도 포항시 북구 죽도동,경상사고,0,0,1,0,차대사람 - 횡단중,보행자보호의무위반,습기,비,교차로 - 교차로부근,승용,여,40세,상해없음,보행자,여,23세,경상
2012011900100454,2012년 1월 19일 18시,목요일,경상북도 포항시 북구 죽도동,중상사고,0,1,0,0,차대차 - 측면직각충돌,중앙선침범,건조,맑음,단일로 - 기타,승용,남,50세,상해없음,자전거,남,83세,중상
2012011900100455,2012년 1월 19일 18시,목요일,경상북도 칠곡군 석적읍,부상신고사고,0,0,0,1,차량단독 - 공작물충돌,안전운전불이행,건조,맑음,단일로 - 기타,이륜,남,39세,부상신고,,,,
2012011900100456,2012년 1월 19일 18시,목요일,경상북도 경산시 진량읍,경상사고,0,0,1,0,차대차 - 기타,신호위반,습기,흐림,단일로 - 기타,화물,남,44세,상해없음,화물,남,63세,경상
2012011900100457,2012년 1월 19일 18시,목요일,경상북도 울진군 원남면,사망사고,1,0,0,0,차량단독 - 공작물충돌,안전운전불이행,습기,비,단일로 - 교량,승용,남,29세,사망,,,,
2012011900100458,2012년 1월 19일 18시,목요일,경상북도 구미시 구포동,경상사고,0,0,2,0,차대차 - 추돌 - 주정차중,안전운전불이행,건조,맑음,교차로 - 교차로부근,승용,남,49세,상해없음,승용,남,47세,경상
2012011900100459,2012년 1월 19일 18시,목요일,경상북도 구미시 송정동,부상신고사고,0,0,0,1,차대차 - 추돌 - 진행중,안전운전불이행,습기,비,미분류 - 미분류,이륜,남,27세,부상신고,승용,남,35세,상해없음
2012011900100460,2012년 1월 19일 18시,목요일,경상북도 구미시 원평동,경상사고,0,0,1,0,차대차 - 측면직각충돌,안전운전불이행,습기,비,단일로 - 횡단보도상,승용,남,22세,상해없음,자전거,남,15세,경상
2012011900100461,2012년 1월 19일 18시,목요일,경상북도 포항시 남구 동촌동,경상사고,0,0,2,0,차대사람 - 기타,안전운전불이행,습기,비,단일로 - 횡단보도상,화물,남,34세,상해없음,보행자,남,44세,경상
2012011900100462,2012년 1월 19일 18시,목요일,경상북도 칠곡군 왜관읍,중상사고,0,1,0,0,차대차 - 추돌 - 주정차중,안전거리미확보,습기,비,단일로 - 기타,승용,남,26세,상해없음,승용,남,32세,중상
2012011900100517,2012년 1월 19일 19시,목요일,경상북도 칠곡군 왜관읍,경상사고,0,0,1,0,차대사람 - 보도통행중,안전운전불이행,습기,비,교차로 - 교차로부근,승합,남,36세,상해없음,보행자,여,15세,경상
2012011900100518,2012년 1월 19일 19시,목요일,경상북도 포항시 남구 오천읍,경상사고,0,0,1,0,차대차 - 추돌 - 주정차중,안전운전불이행,습기,비,교차로 - 교차로부근,화물,남,50세,상해없음,승용,여,30세,경상
2012011900100563,2012년 1월 19일 20시,목요일,경상북도 경주시 양북면,중상사고,0,2,0,0,차량단독 - 기타,안전운전불이행,습기,비,단일로 - 기타,화물,남,59세,상해없음,,,,
2012011900100564,2012년 1월 19일 20시,목요일,경상북도 포항시 북구 창포동,경상사고,0,0,1,0,차대차 - 기타,안전거리미확보,습기,비,단일로 - 기타,승용,여,46세,상해없음,승용,남,55세,경상
2012011900100565,2012년 1월 19일 20시,목요일,경상북도 칠곡군 동명면,경상사고,0,0,1,1,차량단독 - 공작물충돌,안전운전불이행,건조,흐림,단일로 - 기타,승용,여,43세,부상신고,,,,
2012011900100640,2012년 1월 19일 22시,목요일,경상북도 경산시 압량면,경상사고,0,0,1,0,차대차 - 추돌 - 진행중,안전운전불이행,건조,맑음,교차로 - 교차로안,승용,남,32세,상해없음,화물,남,29세,경상
2012011900100681,2012년 1월 19일 23시,목요일,경상북도 포항시 북구 창포동,경상사고,0,0,1,0,차대사람 - 기타,보행자보호의무위반,습기,비,단일로 - 횡단보도상,이륜,남,17세,상해없음,보행자,여,63세,경상
2012011900100682,2012년 1월 19일 23시,목요일,경상북도 포항시 북구 장성동,경상사고,0,0,1,0,차대차 - 추돌 - 주정차중,안전운전불이행,건조,맑음,교차로 - 교차로부근,승합,남,29세,상해없음,승용,남,29세,경상
2012011900100683,2012년 1월 19일 23시,목요일,경상북도 칠곡군 왜관읍,경상사고,0,0,1,0,차대차 - 추돌 - 진행중,중앙선침범,건조,맑음,단일로 - 기타,승합,남,36세,상해없음,승용,남,36세,경상
2012011900100684,2012년 1월 19일 23시,목요일,경상북도 영천시 대창면,사망사고,1,0,0,0,차량단독 - 공작물충돌,안전운전불이행,습기,비,단일로 - 기타,승용,남,42세,사망,,,,
2012012000100026,2012년 1월 20일 00시,금요일,경상북도 예천군 풍양면,중상사고,0,1,0,0,차량단독 - 공작물충돌,안전운전불이행,건조,맑음,교차로 - 교차로부근,승용,남,44세,중상,,,,
2012012000100069,2012년 1월 20일 02시,금요일,경상북도 문경시 농암면,경상사고,0,0,1,0,차량단독 - 도로외이탈 - 추락,안전운전불이행,건조,맑음,교차로 - 교차로부근,화물,남,43세,경상,,,,
2012012000100070,2012년 1월 20일 02시,금요일,경상북도 구미시 진평동,경상사고,0,0,1,0,차대차 - 측면직각충돌,안전운전불이행,습기,비,교차로 - 교차로안,승용,남,27세,상해없음,승용,남,44세,경상
2012012000100091,2012년 1월 20일 03시,금요일,경상북도 포항시 북구 죽도동,중상사고,0,1,0,0,차대차 - 추돌 - 주정차중,안전운전불이행,습기,비,교차로 - 교차로부근,승용,남,54세,상해없음,승용,남,38세,중상
2012012000100113,2012년 1월 20일 05시,금요일,경상북도 경산시 하양읍,중상사고,0,1,0,0,차대차 - 추돌 - 주정차중,안전운전불이행,건조,맑음,교차로 - 교차로부근,승용,남,80세,상해없음,승용,남,43세,중상
2012012000100114,2012년 1월 20일 05시,금요일,경상북도 경산시 대동,중상사고,0,1,0,0,차대사람 - 횡단중,안전운전불이행,습기,비,단일로 - 횡단보도상,승용,남,27세,상해없음,보행자,여,18세,중상
2012012000100132,2012년 1월 20일 06시,금요일,경상북도 구미시 사곡동,경상사고,0,0,1,0,차대차 - 추돌 - 주정차중,안전운전불이행,건조,맑음,기타 - 기타,승용,남,26세,상해없음,승용,남,53세,상해없음
2012012000100176,2012년 1월 20일 08시,금요일,경상북도 문경시 농암면,중상사고,0,1,0,0,차대사람 - 길가장자리구역통행중,안전운전불이행,결빙,흐림,단일로 - 기타,화물,남,37세,상해없음,보행자,남,81세,중상
2012012000100199,2012년 1월 20일 09시,금요일,경상북도 안동시 평화동,경상사고,0,0,1,0,차대차 - 측면직각충돌,교차로운행방법위반,건조,맑음,교차로 - 교차로안,승용,남,52세,상해없음,자전거,여,74세,경상
2012012000100200,2012년 1월 20일 09시,금요일,경상북도 안동시 안기동,경상사고,0,0,1,0,차대차 - 측면직각충돌,불법유턴,건조,맑음,교차로 - 교차로부근,화물,남,45세,상해없음,승용,여,54세,경상
2012012000100201,2012년 1월 20일 09시,금요일,경상북도 상주시 성동동,중상사고,0,1,0,0,차대차 - 정면충돌,안전운전불이행,습기,맑음,단일로 - 기타,자전거,남,66세,중상,승용,남,35세,상해없음
2012012000100202,2012년 1월 20일 09시,금요일,경상북도 영덕군 영덕읍,경상사고,0,0,4,0,차대차 - 정면충돌,중앙선침범,건조,맑음,단일로 - 기타,승용,남,67세,경상,화물,남,40세,경상
2012012000100203,2012년 1월 20일 09시,금요일,경상북도 청도군 각남면,중상사고,0,2,0,0,차대차 - 정면충돌,중앙선침범,건조,맑음,교차로 - 교차로부근,화물,남,45세,중상,건설기계,남,61세,중상
2012012000100229,2012년 1월 20일 10시,금요일,경상북도 안동시 금곡동,경상사고,0,0,1,0,차대차 - 기타,안전운전불이행,건조,맑음,교차로 - 교차로안,승용,남,59세,기타불명,승용,남,58세,상해없음
2012012000100230,2012년 1월 20일 10시,금요일,경상북도 경산시 사동,경상사고,0,0,1,0,차대차 - 기타,교차로운행방법위반,건조,맑음,교차로 - 교차로안,승용,남,61세,상해없음,승용,여,38세,경상
2012012000100231,2012년 1월 20일 10시,금요일,경상북도 경산시 삼북동,경상사고,0,0,1,0,차대사람 - 기타,안전운전불이행,건조,맑음,단일로 - 기타,승용,여,60세,상해없음,보행자,여,29세,경상
2012012000100232,2012년 1월 20일 10시,금요일,경상북도 경산시 옥곡동,중상사고,0,1,0,0,차대차 - 기타,안전운전불이행,건조,맑음,기타 - 기타,승용,여,36세,상해없음,승용,남,26세,중상
2012012000100233,2012년 1월 20일 10시,금요일,경상북도 포항시 남구 오천읍,중상사고,0,1,0,0,차대사람 - 기타,안전운전불이행,건조,흐림,교차로 - 교차로부근,승용,남,46세,상해없음,보행자,여,69세,중상
2012012000100260,2012년 1월 20일 11시,금요일,경상북도 포항시 북구 용흥동,경상사고,0,0,1,0,차량단독 - 기타,기타,건조,맑음,단일로 - 기타,승용,남,64세,상해없음,,,,
2012012000100287,2012년 1월 20일 12시,금요일,경상북도 포항시 북구 양덕동,경상사고,0,0,2,0,차대차 - 측면직각충돌,교차로운행방법위반,건조,맑음,교차로 - 교차로안,승용,남,49세,상해없음,승용,남,49세,경상
2012012000100288,2012년 1월 20일 12시,금요일,경상북도 청도군 풍각면,중상사고,0,1,1,0,차대차 - 측면직각충돌,교차로운행방법위반,건조,맑음,교차로 - 교차로안,원동기,남,73세,경상,화물,남,45세,상해없음
2012012000100313,2012년 1월 20일 13시,금요일,경상북도 안동시 풍산읍,중상사고,0,1,0,0,차량단독 - 기타,기타,건조,맑음,단일로 - 기타,승합,남,42세,상해없음,,,,
2012012000100314,2012년 1월 20일 13시,금요일,경상북도 영천시 야사동,중상사고,0,1,0,0,차대사람 - 차도통행중,안전운전불이행,건조,맑음,기타 - 기타,승용,남,69세,상해없음,보행자,여,65세,중상
2012012000100315,2012년 1월 20일 13시,금요일,경상북도 경산시 남산면,경상사고,0,0,1,0,차대차 - 기타,교차로운행방법위반,건조,흐림,교차로 - 교차로부근,승용,여,37세,상해없음,승용,여,48세,경상
2012012000100316,2012년 1월 20일 13시,금요일,경상북도 포항시 남구 상도동,경상사고,0,0,1,0,차대사람 - 기타,보행자보호의무위반,습기,비,교차로 - 교차로부근,승용,여,46세,상해없음,보행자,여,27세,경상
2012012000100354,2012년 1월 20일 14시,금요일,경상북도 안동시 용상동,경상사고,0,0,1,0,차대차 - 측면직각충돌,안전운전불이행,건조,맑음,교차로 - 교차로안,승합,남,63세,상해없음,승용,남,38세,경상
2012012000100355,2012년 1월 20일 14시,금요일,경상북도 상주시 남성동,중상사고,0,1,0,0,차대사람 - 횡단중,안전운전불이행,건조,흐림,단일로 - 횡단보도부근,승용,여,53세,상해없음,보행자,여,39세,중상
2012012000100356,2012년 1월 20일 14시,금요일,경상북도 영천시 화룡동,중상사고,0,1,0,0,차대차 - 측면직각충돌,안전운전불이행,건조,맑음,교차로 - 교차로안,승용,남,52세,상해없음,원동기,남,41세,중상
2012012000100357,2012년 1월 20일 14시,금요일,경상북도 구미시 광평동,경상사고,0,0,1,0,차대사람 - 기타,안전운전불이행,건조,흐림,교차로 - 교차로부근,기타불명,기타불명,기타불명,기타불명,보행자,남,53세,경상
2012012000100392,2012년 1월 20일 15시,금요일,경상북도 상주시 서성동,경상사고,0,0,1,0,차대차 - 추돌 - 진행중,안전운전불이행,건조,맑음,단일로 - 기타,승용,남,22세,상해없음,승용,남,47세,경상
2012012000100393,2012년 1월 20일 15시,금요일,경상북도 포항시 남구 지곡동,경상사고,0,0,1,0,차대차 - 추돌 - 진행중,교차로운행방법위반,건조,맑음,교차로 - 교차로안,승용,여,39세,상해없음,승용,여,57세,경상
2012012000100423,2012년 1월 20일 16시,금요일,경상북도 영주시 풍기읍,중상사고,0,1,0,0,차대사람 - 횡단중,안전운전불이행,건조,맑음,교차로 - 교차로부근,승용,여,49세,상해없음,보행자,여,81세,중상
2012012000100424,2012년 1월 20일 16시,금요일,경상북도 고령군 개진면,중상사고,0,1,0,0,차대차 - 측면직각충돌,안전운전불이행,건조,맑음,교차로 - 교차로안,이륜,남,72세,중상,승용,남,26세,상해없음
2012012000100453,2012년 1월 20일 17시,금요일,경상북도 포항시 북구 상원동,경상사고,0,0,1,0,차대사람 - 기타,안전운전불이행,습기,비,단일로 - 기타,승용,여,56세,상해없음,보행자,여,31세,경상
2012012000100454,2012년 1월 20일 17시,금요일,경상북도 상주시 함창읍,중상사고,0,1,0,0,차대사람 - 기타,안전운전불이행,건조,맑음,단일로 - 기타,승합,남,58세,상해없음,보행자,여,9세,중상
2012012000100455,2012년 1월 20일 17시,금요일,경상북도 칠곡군 가산면,부상신고사고,0,0,0,1,차대차 - 측면직각충돌,안전운전불이행,건조,맑음,단일로 - 기타,승용,남,29세,상해없음,농기계,남,54세,부상신고
2012012000100456,2012년 1월 20일 17시,금요일,경상북도 구미시 송정동,중상사고,0,1,0,0,차대차 - 측면직각충돌,안전운전불이행,건조,맑음,교차로 - 교차로부근,승용,남,54세,상해없음,승용,남,31세,중상
2012012000100457,2012년 1월 20일 17시,금요일,경상북도 포항시 남구 인덕동,경상사고,0,0,2,0,차대차 - 측면직각충돌,안전운전불이행,습기,비,교차로 - 교차로부근,승용,여,49세,상해없음,승용,남,32세,경상
2012012000100518,2012년 1월 20일 18시,금요일,경상북도 김천시 부곡동,중상사고,0,1,0,0,차대차 - 측면직각충돌,교차로운행방법위반,건조,맑음,교차로 - 교차로안,승용,여,36세,상해없음,이륜,남,17세,중상
2012012000100519,2012년 1월 20일 18시,금요일,경상북도 경산시 하양읍,경상사고,0,0,1,0,차대사람 - 기타,안전운전불이행,건조,맑음,단일로 - 기타,승용,남,46세,상해없음,보행자,남,28세,경상
2012012000100520,2012년 1월 20일 18시,금요일,경상북도 경산시 중방동,경상사고,0,0,2,0,차대차 - 기타,안전운전불이행,건조,맑음,단일로 - 기타,기타불명,기타불명,기타불명,기타불명,승용,남,32세,경상
2012012000100568,2012년 1월 20일 19시,금요일,경상북도 포항시 북구 흥해읍,중상사고,0,1,0,0,차대사람 - 횡단중,안전운전불이행,습기,비,단일로 - 횡단보도상,승용,여,29세,상해없음,보행자,남,13세,중상
2012012000100569,2012년 1월 20일 19시,금요일,경상북도 포항시 북구 흥해읍,중상사고,0,1,0,0,차대사람 - 기타,안전운전불이행,건조,맑음,단일로 - 기타,승용,남,33세,상해없음,보행자,남,45세,중상
2012012000100570,2012년 1월 20일 19시,금요일,경상북도 포항시 남구 연일읍,경상사고,0,0,1,0,차대차 - 추돌 - 주정차중,안전운전불이행,습기,비,교차로 - 교차로부근,화물,남,68세,상해없음,승합,남,48세,경상
2012012000100611,2012년 1월 20일 20시,금요일,경상북도 칠곡군 약목면,경상사고,0,0,1,0,차대사람 - 기타,안전운전불이행,건조,맑음,단일로 - 기타,승용,남,37세,상해없음,보행자,남,54세,경상
2012012000100612,2012년 1월 20일 20시,금요일,경상북도 칠곡군 왜관읍,경상사고,0,0,1,0,차대차 - 측면직각충돌,안전거리미확보,건조,맑음,단일로 - 기타,화물,남,48세,상해없음,승용,남,28세,경상
2012012000100668,2012년 1월 20일 22시,금요일,경상북도 영주시 휴천동,경상사고,0,0,1,0,차대사람 - 횡단중,안전운전불이행,건조,맑음,교차로 - 교차로부근,화물,남,52세,상해없음,보행자,남,50세,경상
2012012000100669,2012년 1월 20일 22시,금요일,경상북도 포항시 남구 오천읍,경상사고,0,0,1,0,차대사람 - 기타,안전운전불이행,습기,비,단일로 - 기타,승용,남,37세,상해없음,보행자,남,26세,경상
2012012000100690,2012년 1월 20일 23시,금요일,경상북도 경주시 성동동,경상사고,0,0,2,0,차대차 - 기타,안전운전불이행,습기,비,교차로 - 교차로부근,승용,여,48세,경상,승용,여,29세,경상
2012012000100691,2012년 1월 20일 23시,금요일,경상북도 포항시 북구 두호동,경상사고,0,0,1,0,차대차 - 추돌 - 주정차중,안전운전불이행,습기,비,교차로 - 교차로부근,승용,남,25세,상해없음,승용,남,45세,경상
2012012000100692,2012년 1월 20일 23시,금요일,경상북도 영주시 하망동,중상사고,0,1,1,0,차대차 - 측면직각충돌,교차로운행방법위반,건조,흐림,교차로 - 교차로안,승용,남,30세,상해없음,원동기,남,16세,중상
2012012000100693,2012년 1월 20일 23시,금요일,경상북도 영천시 야사동,경상사고,0,0,3,0,차대차 - 측면직각충돌,안전운전불이행,건조,맑음,단일로 - 기타,승용,남,44세,상해없음,승용,남,53세,경상
2012012000100694,2012년 1월 20일 23시,금요일,경상북도 구미시 진평동,중상사고,0,1,0,0,차대차 - 측면직각충돌,신호위반,건조,맑음,교차로 - 교차로안,승용,남,46세,상해없음,승용,남,31세,중상
2012012100100017,2012년 1월 21일 00시,토요일,경상북도 김천시 대광동,경상사고,0,0,2,0,차대차 - 추돌 - 주정차중,안전운전불이행,건조,맑음,단일로 - 기타,승용,남,31세,상해없음,특수,남,48세,경상
2012012100100018,2012년 1월 21일 00시,토요일,경상북도 포항시 남구 대송면,중상사고,0,1,0,0,차대차 - 측면직각충돌,교차로운행방법위반,건조,맑음,교차로 - 교차로안,승용,남,30세,상해없음,승용,남,26세,중상
2012012100100037,2012년 1월 21일 01시,토요일,경상북도 포항시 남구 송도동,경상사고,0,0,1,0,차대차 - 추돌 - 진행중,신호위반,건조,맑음,교차로 - 교차로안,승용,남,36세,상해없음,승용,남,46세,경상
2012012100100065,2012년 1월 21일 02시,토요일,경상북도 영천시 화산면,부상신고사고,0,0,0,1,차량단독 - 공작물충돌,안전운전불이행,건조,맑음,단일로 - 기타,승용,남,40세,부상신고,,,,
2012012100100083,2012년 1월 21일 03시,토요일,경상북도 포항시 북구 대흥동,중상사고,0,1,0,0,차대사람 - 차도통행중,안전운전불이행,습기,비,단일로 - 기타,기타불명,기타불명,기타불명,기타불명,보행자,남,36세,중상
2012012100100130,2012년 1월 21일 06시,토요일,경상북도 울진군 평해읍,경상사고,0,0,4,0,차대차 - 측면직각충돌,직진우회전진행방해,습기,비,교차로 - 교차로안,승용,남,48세,경상,승합,남,46세,상해없음
2012012100100189,2012년 1월 21일 09시,토요일,경상북도 포항시 북구 장성동,경상사고,0,0,1,0,차대차 - 추돌 - 진행중,교차로운행방법위반,습기,비,교차로 - 교차로부근,승용,남,44세,상해없음,승용,여,30세,경상
2012012100100225,2012년 1월 21일 11시,토요일,경상북도 안동시 명륜동,경상사고,0,0,1,0,차대차 - 측면직각충돌,차로위반,건조,맑음,단일로 - 기타,승용,남,44세,상해없음,이륜,남,22세,경상
2012012100100226,2012년 1월 21일 11시,토요일,경상북도 울진군 후포면,중상사고,0,1,0,0,차대사람 - 횡단중,안전운전불이행,습기,비,단일로 - 기타,승용,남,57세,상해없음,보행자,남,76세,중상
2012012100100245,2012년 1월 21일 12시,토요일,경상북도 경주시 양남면,중상사고,0,2,0,0,차량단독 - 공작물충돌,안전운전불이행,습기,맑음,단일로 - 기타,승용,남,23세,중상,,,,
2012012100100246,2012년 1월 21일 12시,토요일,경상북도 경산시 중방동,중상사고,0,2,0,0,차대사람 - 기타,기타,건조,맑음,기타 - 기타,승용,남,55세,상해없음,보행자,여,63세,중상
2012012100100247,2012년 1월 21일 12시,토요일,경상북도 울진군 후포면,중상사고,0,1,1,0,차대차 - 추돌 - 진행중,안전운전불이행,건조,맑음,단일로 - 기타,승용,여,42세,상해없음,이륜,남,82세,중상
2012012100100248,2012년 1월 21일 12시,토요일,경상북도 영양군 영양읍,경상사고,0,0,1,0,차대차 - 기타,안전운전불이행,건조,맑음,단일로 - 기타,화물,남,49세,상해없음,자전거,남,70세,경상
2012012100100292,2012년 1월 21일 14시,토요일,경상북도 경주시 성동동,중상사고,0,3,2,0,차대차 - 추돌 - 진행중,안전운전불이행,습기,비,단일로 - 기타,승용,남,65세,상해없음,승용,남,30세,중상
2012012100100293,2012년 1월 21일 14시,토요일,경상북도 포항시 북구 장성동,중상사고,0,1,0,0,차대차 - 추돌 - 진행중,교차로운행방법위반,습기,비,교차로 - 교차로안,승용,남,40세,상해없음,이륜,남,35세,중상
2012012100100294,2012년 1월 21일 14시,토요일,경상북도 경산시 삼북동,경상사고,0,0,1,0,차대차 - 정면충돌,안전운전불이행,건조,맑음,단일로 - 기타,기타불명,기타불명,기타불명,기타불명,자전거,남,45세,경상
2012012100100295,2012년 1월 21일 14시,토요일,경상북도 예천군 상리면,중상사고,0,1,0,0,차대차 - 정면충돌,중앙선침범,건조,맑음,단일로 - 기타,이륜,남,53세,중상,화물,남,46세,상해없음
2012012100100325,2012년 1월 21일 15시,토요일,경상북도 칠곡군 북삼읍,중상사고,0,1,0,0,차대차 - 추돌 - 진행중,안전거리미확보,건조,맑음,교차로 - 교차로부근,승용,여,37세,상해없음,건설기계,남,35세,중상
2012012100100326,2012년 1월 21일 15시,토요일,경상북도 구미시 광평동,중상사고,0,1,0,0,차대차 - 측면직각충돌,안전운전불이행,건조,맑음,교차로 - 교차로부근,승용,남,47세,상해없음,승용,여,27세,중상
2012012100100327,2012년 1월 21일 15시,토요일,경상북도 구미시 신평동,중상사고,0,1,0,0,차대차 - 측면직각충돌,직진우회전진행방해,건조,맑음,교차로 - 교차로안,승용,남,51세,상해없음,이륜,남,22세,중상
2012012100100328,2012년 1월 21일 15시,토요일,경상북도 포항시 남구 인덕동,경상사고,0,0,1,0,차대사람 - 기타,안전운전불이행,건조,맑음,단일로 - 기타,승용,남,40세,상해없음,보행자,여,52세,경상
2012012100100363,2012년 1월 21일 16시,토요일,경상북도 영천시 망정동,사망사고,1,0,0,0,차대사람 - 횡단중,안전운전불이행,건조,맑음,교차로 - 교차로부근,화물,남,33세,상해없음,보행자,여,86세,사망
2012012100100364,2012년 1월 21일 16시,토요일,경상북도 포항시 남구 오천읍,중상사고,0,1,0,0,차대사람 - 기타,안전운전불이행,습기,비,교차로 - 교차로부근,승용,여,48세,상해없음,보행자,여,79세,중상
2012012100100390,2012년 1월 21일 17시,토요일,경상북도 경주시 구황동,경상사고,0,0,2,0,차대차 - 측면직각충돌,안전운전불이행,습기,비,단일로 - 기타,승용,남,38세,상해없음,원동기,남,16세,경상
2012012100100420,2012년 1월 21일 18시,토요일,경상북도 경주시 성건동,중상사고,0,1,2,0,차대차 - 측면직각충돌,안전운전불이행,건조,맑음,교차로 - 교차로부근,승용,남,67세,기타불명,승용,남,64세,경상
2012012100100421,2012년 1월 21일 18시,토요일,경상북도 안동시 용상동,중상사고,0,1,0,0,차대사람 - 횡단중,안전운전불이행,습기,비,단일로 - 기타,기타불명,기타불명,기타불명,기타불명,보행자,남,37세,중상
2012012100100422,2012년 1월 21일 18시,토요일,경상북도 칠곡군 동명면,사망사고,1,0,0,0,차대사람 - 횡단중,안전운전불이행,건조,맑음,교차로 - 교차로부근,승용,남,65세,상해없음,보행자,여,90세,사망