사고번호,사고일시,요일,시군구,사고내용,사망자수,중상자수,경상자수,부상신고자수,사고유형,법규위반,노면상태,기상상태,도로형태,가해운전자 차종,가해운전자 성별,가해운전자 연령,가해운전자 상해정도,피해운전자 차종,피해운전자 성별,피해운전자 연령,피해운전자 상해정도
2012012100100423,2012년 1월 21일 18시,토요일,경상북도 영천시 문외동,경상사고,0,0,1,0,차대차 - 측면직각충돌,안전운전불이행,습기,비,교차로 - 교차로안,승용,남,59세,상해없음,원동기,남,16세,경상
2012012100100424,2012년 1월 21일 18시,토요일,경상북도 울진군 죽변면,경상사고,0,0,1,0,차대사람 - 기타,안전운전불이행,건조,흐림,단일로 - 기타,이륜,남,50세,상해없음,보행자,남,55세,경상
2012012100100425,2012년 1월 21일 18시,토요일,경상북도 군위군 효령면,경상사고,0,0,1,0,차대차 - 추돌 - 주정차중,안전운전불이행,습기,비,교차로 - 교차로부근,화물,남,64세,상해없음,화물,남,59세,경상
2012012100100448,2012년 1월 21일 19시,토요일,경상북도 경산시 하양읍,경상사고,0,0,1,0,차대차 - 기타,안전운전불이행,습기,비,단일로 - 기타,승용,여,53세,상해없음,승용,남,26세,경상
2012012100100449,2012년 1월 21일 19시,토요일,경상북도 경산시 중방동,경상사고,0,0,1,0,차대차 - 기타,안전운전불이행,건조,맑음,단일로 - 기타,승용,남,50세,상해없음,화물,남,44세,상해없음
2012012100100450,2012년 1월 21일 19시,토요일,경상북도 청송군 안덕면,중상사고,0,1,2,0,차대차 - 측면직각충돌,안전운전불이행,습기,비,교차로 - 교차로안,화물,남,54세,중상,승용,남,24세,경상
2012012100100451,2012년 1월 21일 19시,토요일,경상북도 구미시 원평동,경상사고,0,0,1,0,차대차 - 측면직각충돌,안전운전불이행,건조,맑음,교차로 - 교차로부근,승용,남,34세,상해없음,이륜,남,17세,경상
2012012100100452,2012년 1월 21일 19시,토요일,경상북도 구미시 송정동,중상사고,0,1,0,0,차대차 - 측면직각충돌,직진우회전진행방해,건조,맑음,단일로 - 기타,승용,남,56세,상해없음,승용,남,24세,중상
2012012100100453,2012년 1월 21일 19시,토요일,경상북도 구미시 도량동,중상사고,0,2,0,0,차대차 - 측면직각충돌,안전운전불이행,건조,맑음,단일로 - 기타,승용,남,61세,중상,화물,여,43세,중상
2012012100100454,2012년 1월 21일 19시,토요일,경상북도 구미시 시미동,경상사고,0,0,1,0,차대차 - 측면직각충돌,안전운전불이행,건조,맑음,교차로 - 교차로부근,승용,남,19세,상해없음,승용,여,39세,경상
2012012100100487,2012년 1월 21일 20시,토요일,경상북도 경산시 진량읍,경상사고,0,0,1,0,차대사람 - 차도통행중,안전운전불이행,습기,비,교차로 - 교차로안,승용,여,41세,상해없음,보행자,남,58세,경상
2012012100100488,2012년 1월 21일 20시,토요일,경상북도 예천군 예천읍,경상사고,0,0,4,0,차대차 - 측면직각충돌,신호위반,건조,맑음,교차로 - 교차로안,화물,남,32세,상해없음,승용,남,38세,경상
2012012100100506,2012년 1월 21일 21시,토요일,경상북도 경주시 성건동,경상사고,0,0,1,0,차대차 - 추돌 - 주정차중,안전운전불이행,건조,맑음,단일로 - 기타,승용,남,45세,상해없음,승합,남,18세,경상
2012012100100507,2012년 1월 21일 21시,토요일,경상북도 포항시 북구 흥해읍,경상사고,0,0,2,0,차대차 - 측면직각충돌,교차로운행방법위반,건조,맑음,교차로 - 교차로안,승용,여,31세,상해없음,승용,여,52세,경상
2012012100100508,2012년 1월 21일 21시,토요일,경상북도 포항시 북구 기계면,중상사고,0,1,0,0,차대사람 - 길가장자리구역통행중,안전운전불이행,건조,맑음,교차로 - 교차로부근,승용,여,54세,상해없음,보행자,여,78세,중상
2012012100100509,2012년 1월 21일 21시,토요일,경상북도 의성군 단촌면,중상사고,0,2,0,0,차대차 - 측면직각충돌,안전운전불이행,습기,흐림,단일로 - 기타,화물,남,47세,상해없음,화물,남,26세,중상
2012012100100510,2012년 1월 21일 21시,토요일,경상북도 구미시 사곡동,경상사고,0,0,3,0,차대차 - 추돌 - 진행중,안전운전불이행,건조,맑음,단일로 - 기타,승용,남,39세,상해없음,승용,남,37세,경상
2012012100100511,2012년 1월 21일 21시,토요일,경상북도 포항시 남구 송도동,경상사고,0,0,1,0,차대사람 - 기타,안전운전불이행,습기,비,단일로 - 기타,승용,여,44세,상해없음,보행자,남,36세,경상
2012012100100536,2012년 1월 21일 22시,토요일,경상북도 포항시 북구 중앙동,경상사고,0,0,1,0,차대사람 - 기타,안전운전불이행,건조,맑음,단일로 - 기타,승용,여,49세,상해없음,보행자,남,22세,경상
2012012100100537,2012년 1월 21일 22시,토요일,경상북도 울진군 기성면,중상사고,0,1,0,0,차대사람 - 횡단중,안전운전불이행,습기,비,단일로 - 기타,승용,남,39세,상해없음,보행자,남,56세,중상
2012012100100538,2012년 1월 21일 22시,토요일,경상북도 경주시 건천읍,경상사고,0,0,2,0,차대차 - 추돌 - 진행중,안전운전불이행,습기,비,단일로 - 기타,승용,남,18세,상해없음,화물,남,50세,경상
2012012100100555,2012년 1월 21일 23시,토요일,경상북도 김천시 평화동,경상사고,0,0,3,0,차대차 - 추돌 - 주정차중,안전운전불이행,건조,맑음,단일로 - 기타,승용,남,29세,상해없음,승용,남,27세,경상
2012012100100556,2012년 1월 21일 23시,토요일,경상북도 구미시 고아읍,중상사고,0,2,0,0,차량단독 - 전도전복,안전운전불이행,건조,맑음,교차로 - 교차로부근,이륜,남,16세,중상,,,,
2012012100100557,2012년 1월 21일 23시,토요일,경상북도 구미시 형곡동,경상사고,0,0,1,0,차대사람 - 기타,안전운전불이행,건조,맑음,기타 - 기타,기타불명,기타불명,기타불명,기타불명,보행자,남,24세,경상
2012012200100036,2012년 1월 22일 01시,일요일,경상북도 포항시 북구 창포동,경상사고,0,0,3,0,차대차 - 측면직각충돌,안전거리미확보,습기,비,단일로 - 기타,승용,남,50세,상해없음,승용,남,52세,경상
2012012200100044,2012년 1월 22일 02시,일요일,경상북도 안동시 옥동,중상사고,0,2,0,0,차대차 - 측면직각충돌,직진우회전진행방해,건조,맑음,교차로 - 교차로안,승용,남,22세,상해없음,승용,남,22세,중상
2012012200100054,2012년 1월 22일 03시,일요일,경상북도 경산시 계양동,사망사고,1,2,6,0,차대차 - 추돌 - 주정차중,안전운전불이행,건조,맑음,교차로 - 교차로부근,승용,남,29세,중상,승용,남,37세,사망
2012012200100069,2012년 1월 22일 04시,일요일,경상북도 포항시 남구 오천읍,중상사고,0,1,0,0,차대사람 - 기타,안전운전불이행,건조,흐림,단일로 - 기타,승용,남,49세,상해없음,보행자,여,69세,중상
2012012200100078,2012년 1월 22일 05시,일요일,경상북도 경주시 천북면,경상사고,0,0,1,0,차대차 - 기타,기타,건조,맑음,단일로 - 기타,화물,남,62세,상해없음,승용,남,59세,경상
2012012200100097,2012년 1월 22일 07시,일요일,경상북도 경주시 황성동,경상사고,0,0,1,0,차대차 - 추돌 - 주정차중,안전운전불이행,건조,맑음,단일로 - 기타,승용,남,26세,상해없음,승용,남,34세,경상
2012012200100098,2012년 1월 22일 07시,일요일,경상북도 포항시 남구 송도동,경상사고,0,0,2,0,차대차 - 추돌 - 진행중,기타,건조,맑음,교차로 - 교차로안,승용,남,55세,상해없음,승용,남,27세,경상
2012012200100105,2012년 1월 22일 08시,일요일,경상북도 영주시 하망동,경상사고,0,0,1,0,차대차 - 측면직각충돌,교차로운행방법위반,건조,맑음,교차로 - 교차로안,승용,남,41세,상해없음,자전거,여,49세,경상
2012012200100121,2012년 1월 22일 09시,일요일,경상북도 경주시 용강동,경상사고,0,0,1,0,차대차 - 측면직각충돌,안전운전불이행,건조,맑음,교차로 - 교차로안,승용,여,37세,상해없음,승용,남,45세,경상
2012012200100122,2012년 1월 22일 09시,일요일,경상북도 칠곡군 왜관읍,부상신고사고,0,0,0,2,차대차 - 추돌 - 진행중,안전운전불이행,건조,맑음,교차로 - 교차로부근,승용,남,40세,기타불명,승용,남,41세,부상신고
2012012200100123,2012년 1월 22일 09시,일요일,경상북도 구미시 황상동,경상사고,0,0,1,0,차대차 - 측면직각충돌,안전운전불이행,건조,맑음,교차로 - 교차로부근,승용,남,33세,상해없음,승용,남,29세,경상
2012012200100138,2012년 1월 22일 10시,일요일,경상북도 영주시 풍기읍,중상사고,0,1,0,0,차대차 - 추돌 - 진행중,안전운전불이행,건조,흐림,단일로 - 기타,승용,남,46세,상해없음,승용,남,51세,상해없음
2012012200100167,2012년 1월 22일 12시,일요일,경상북도 안동시 옥동,부상신고사고,0,0,0,2,차대차 - 추돌 - 진행중,안전운전불이행,건조,맑음,단일로 - 기타,승용,남,30세,상해없음,승용,남,59세,상해없음
2012012200100168,2012년 1월 22일 12시,일요일,경상북도 안동시 송현동,중상사고,0,1,3,0,차대차 - 추돌 - 주정차중,안전운전불이행,건조,맑음,단일로 - 기타,승용,남,44세,상해없음,화물,남,59세,경상
2012012200100221,2012년 1월 22일 15시,일요일,경상북도 안동시 송현동,경상사고,0,0,2,0,차대차 - 추돌 - 진행중,안전운전불이행,건조,맑음,교차로 - 교차로부근,승용,남,42세,상해없음,승용,남,43세,경상
2012012200100222,2012년 1월 22일 15시,일요일,경상북도 의성군 의성읍,경상사고,0,0,1,0,차대차 - 측면직각충돌,교차로운행방법위반,건조,맑음,교차로 - 교차로안,승용,여,54세,상해없음,자전거,남,72세,경상
2012012200100223,2012년 1월 22일 15시,일요일,경상북도 영천시 완산동,경상사고,0,0,1,0,차대차 - 측면직각충돌,안전운전불이행,건조,맑음,교차로 - 교차로안,승용,여,46세,상해없음,승용,남,55세,경상
2012012200100224,2012년 1월 22일 15시,일요일,경상북도 구미시 원평동,중상사고,0,1,0,0,차대차 - 측면직각충돌,안전운전불이행,건조,맑음,단일로 - 기타,화물,남,28세,상해없음,자전거,남,56세,중상
2012012200100240,2012년 1월 22일 16시,일요일,경상북도 영덕군 축산면,경상사고,0,0,1,0,차대차 - 측면직각충돌,중앙선침범,건조,맑음,단일로 - 기타,화물,남,23세,상해없음,자전거,남,49세,경상
2012012200100241,2012년 1월 22일 16시,일요일,경상북도 울진군 후포면,경상사고,0,0,1,0,차대차 - 측면직각충돌,직진우회전진행방해,건조,맑음,교차로 - 교차로안,승용,남,48세,상해없음,승용,남,42세,상해없음
2012012200100263,2012년 1월 22일 17시,일요일,경상북도 문경시 호계면,경상사고,0,0,1,0,차대차 - 기타,안전운전불이행,건조,맑음,단일로 - 기타,기타불명,기타불명,기타불명,기타불명,승용,남,48세,상해없음
2012012200100264,2012년 1월 22일 17시,일요일,경상북도 문경시 가은읍,중상사고,0,1,0,0,차대차 - 기타,안전운전불이행,건조,맑음,교차로 - 교차로안,승용,남,37세,상해없음,자전거,여,72세,중상
2012012200100284,2012년 1월 22일 18시,일요일,경상북도 경주시 구정동,경상사고,0,0,2,1,차대차 - 추돌 - 주정차중,안전운전불이행,건조,맑음,교차로 - 교차로부근,승합,남,53세,상해없음,승용,남,41세,경상
2012012200100285,2012년 1월 22일 18시,일요일,경상북도 예천군 예천읍,중상사고,0,1,0,0,차대사람 - 길가장자리구역통행중,안전운전불이행,건조,흐림,단일로 - 기타,승용,여,23세,상해없음,보행자,남,61세,중상
2012012200100310,2012년 1월 22일 19시,일요일,경상북도 경주시 황오동,중상사고,0,1,0,0,차대사람 - 기타,안전운전불이행,건조,맑음,단일로 - 기타,승용,남,25세,상해없음,보행자,남,60세,중상
2012012200100311,2012년 1월 22일 19시,일요일,경상북도 칠곡군 동명면,중상사고,0,1,1,1,차대차 - 추돌 - 진행중,안전운전불이행,건조,맑음,단일로 - 기타,승용,남,19세,부상신고,승용,남,19세,경상
2012012200100312,2012년 1월 22일 19시,일요일,경상북도 고령군 성산면,중상사고,0,1,0,0,차량단독 - 전도전복,안전운전불이행,건조,맑음,단일로 - 기타,화물,남,57세,중상,,,,
2012012200100345,2012년 1월 22일 21시,일요일,경상북도 경주시 천북면,경상사고,0,0,1,0,차량단독 - 공작물충돌,안전운전불이행,건조,맑음,단일로 - 기타,승용,남,29세,경상,,,,
2012012200100346,2012년 1월 22일 21시,일요일,경상북도 포항시 북구 흥해읍,경상사고,0,0,3,0,차대차 - 기타,안전운전불이행,건조,맑음,교차로 - 교차로안,승용,여,59세,상해없음,승용,여,21세,경상
2012012200100347,2012년 1월 22일 21시,일요일,경상북도 경산시 삼북동,중상사고,0,1,0,0,차대차 - 기타,안전운전불이행,건조,맑음,교차로 - 교차로안,승용,남,50세,상해없음,승용,여,28세,중상
2012012200100386,2012년 1월 22일 23시,일요일,경상북도 경주시 성건동,경상사고,0,0,1,0,차대차 - 측면직각충돌,안전운전불이행,건조,맑음,교차로 - 교차로부근,승용,남,31세,상해없음,승용,남,26세,경상
2012012200100387,2012년 1월 22일 23시,일요일,경상북도 예천군 예천읍,중상사고,0,1,0,0,차대사람 - 횡단중,안전운전불이행,건조,맑음,교차로 - 교차로부근,승용,남,52세,상해없음,보행자,여,18세,중상
2012012200100388,2012년 1월 22일 23시,일요일,경상북도 군위군 효령면,중상사고,0,1,0,0,차량단독 - 공작물충돌,안전운전불이행,건조,맑음,단일로 - 기타,승용,남,27세,중상,,,,
2012012300100008,2012년 1월 23일 00시,월요일,경상북도 영천시 야사동,경상사고,0,0,1,0,차대차 - 측면직각충돌,안전운전불이행,건조,맑음,교차로 - 교차로부근,승용,여,38세,상해없음,승용,여,27세,경상
2012012300100009,2012년 1월 23일 00시,월요일,경상북도 구미시 황상동,경상사고,0,0,1,0,차대차 - 추돌 - 주정차중,안전운전불이행,건조,맑음,교차로 - 교차로부근,승합,남,50세,상해없음,승용,여,57세,상해없음
2012012300100017,2012년 1월 23일 01시,월요일,경상북도 칠곡군 약목면,부상신고사고,0,0,0,1,차량단독 - 공작물충돌,안전운전불이행,건조,맑음,단일로 - 기타,승용,남,23세,부상신고,,,,
2012012300100041,2012년 1월 23일 05시,월요일,경상북도 영천시 문외동,경상사고,0,0,2,1,차량단독 - 공작물충돌,안전운전불이행,건조,맑음,단일로 - 기타,승용,남,18세,부상신고,,,,
2012012300100053,2012년 1월 23일 06시,월요일,경상북도 포항시 북구 흥해읍,경상사고,0,0,2,0,차대차 - 측면직각충돌,중앙선침범,결빙,맑음,단일로 - 기타,승용,남,20세,상해없음,화물,남,55세,경상
2012012300100057,2012년 1월 23일 07시,월요일,경상북도 칠곡군 가산면,경상사고,0,0,2,0,차대차 - 추돌 - 진행중,안전운전불이행,건조,맑음,단일로 - 기타,승용,남,70세,상해없음,승용,남,27세,경상
2012012300100094,2012년 1월 23일 10시,월요일,경상북도 안동시 송현동,경상사고,0,0,2,0,차대차 - 측면직각충돌,안전운전불이행,건조,맑음,단일로 - 기타,승용,남,34세,상해없음,승용,남,62세,경상
2012012300100123,2012년 1월 23일 11시,월요일,경상북도 영주시 풍기읍,경상사고,0,0,3,2,차대차 - 측면직각충돌,직진우회전진행방해,건조,맑음,교차로 - 교차로안,화물,남,54세,상해없음,승용,남,39세,경상
2012012300100124,2012년 1월 23일 11시,월요일,경상북도 포항시 남구 대도동,경상사고,0,0,1,0,차량단독 - 기타,안전운전불이행,건조,맑음,기타 - 기타,승용,남,46세,상해없음,,,,
2012012300100133,2012년 1월 23일 12시,월요일,경상북도 예천군 지보면,경상사고,0,0,1,0,차대차 - 정면충돌,중앙선침범,건조,맑음,단일로 - 기타,승용,남,37세,상해없음,승용,남,56세,상해없음
2012012300100134,2012년 1월 23일 12시,월요일,경상북도 포항시 남구 해도동,경상사고,0,0,1,0,차대사람 - 기타,안전운전불이행,건조,맑음,단일로 - 기타,승용,남,28세,상해없음,보행자,남,35세,경상
2012012300100162,2012년 1월 23일 13시,월요일,경상북도 경주시 탑동,경상사고,0,0,13,0,차대차 - 추돌 - 주정차중,안전운전불이행,건조,맑음,단일로 - 기타,화물,남,39세,상해없음,승용,남,55세,경상
2012012300100163,2012년 1월 23일 13시,월요일,경상북도 울진군 온정면,경상사고,0,0,2,0,차대차 - 추돌 - 주정차중,안전운전불이행,건조,맑음,기타 - 기타,승용,남,49세,상해없음,승용,남,35세,경상
2012012300100184,2012년 1월 23일 14시,월요일,경상북도 안동시 임동면,중상사고,0,2,8,0,차대차 - 추돌 - 진행중,안전거리미확보,건조,맑음,단일로 - 기타,승용,남,44세,경상,승용,남,34세,상해없음
2012012300100185,2012년 1월 23일 14시,월요일,경상북도 경산시 하양읍,중상사고,0,4,0,0,차대차 - 기타,안전운전불이행,건조,맑음,교차로 - 교차로부근,승용,남,48세,상해없음,승용,남,24세,중상
2012012300100206,2012년 1월 23일 15시,월요일,경상북도 고령군 쌍림면,중상사고,0,2,0,0,차대차 - 측면직각충돌,중앙선침범,건조,맑음,단일로 - 기타,화물,남,69세,상해없음,승용,남,54세,중상
2012012300100207,2012년 1월 23일 15시,월요일,경상북도 구미시 지산동,경상사고,0,0,3,0,차대차 - 추돌 - 진행중,안전운전불이행,건조,맑음,교차로 - 교차로부근,화물,여,47세,상해없음,승용,남,50세,경상
2012012300100221,2012년 1월 23일 16시,월요일,경상북도 칠곡군 가산면,경상사고,0,0,1,0,차대차 - 측면직각충돌,안전운전불이행,건조,맑음,단일로 - 기타,승용,남,29세,상해없음,승용,남,32세,경상
2012012300100222,2012년 1월 23일 16시,월요일,경상북도 영천시 금호읍,경상사고,0,0,3,0,차대차 - 측면직각충돌,직진우회전진행방해,건조,맑음,교차로 - 교차로안,승용,남,35세,경상,승용,남,54세,상해없음
2012012300100242,2012년 1월 23일 17시,월요일,경상북도 경주시 성건동,경상사고,0,0,4,0,차대차 - 기타,안전운전불이행,건조,맑음,기타 - 기타,승용,남,31세,상해없음,승용,남,55세,경상
2012012300100243,2012년 1월 23일 17시,월요일,경상북도 김천시 감문면,경상사고,0,0,2,0,차대차 - 측면직각충돌,안전운전불이행,건조,맑음,교차로 - 교차로부근,화물,남,31세,상해없음,승용,여,53세,경상
2012012300100244,2012년 1월 23일 17시,월요일,경상북도 상주시 낙동면,중상사고,0,1,0,0,차대차 - 기타,안전운전불이행,건조,맑음,단일로 - 기타,승용,여,40세,상해없음,자전거,남,16세,중상
2012012300100265,2012년 1월 23일 18시,월요일,경상북도 안동시 정상동,중상사고,0,3,0,0,차대차 - 측면직각충돌,직진우회전진행방해,건조,맑음,단일로 - 기타,화물,남,45세,상해없음,승용,남,29세,중상
2012012300100266,2012년 1월 23일 18시,월요일,경상북도 청도군 각북면,경상사고,0,0,1,0,차대차 - 측면직각충돌,안전운전불이행,건조,맑음,교차로 - 교차로안,원동기,남,52세,경상,승용,남,42세,상해없음
2012012300100267,2012년 1월 23일 18시,월요일,경상북도 울진군 후포면,경상사고,0,0,1,0,차대차 - 측면직각충돌,안전운전불이행,건조,맑음,교차로 - 교차로안,승용,여,33세,상해없음,승용,남,40세,경상
2012012300100277,2012년 1월 23일 19시,월요일,경상북도 경산시 옥산동,중상사고,0,1,0,0,차대차 - 기타,안전운전불이행,건조,맑음,단일로 - 기타,승용,남,29세,상해없음,원동기,남,33세,중상
2012012300100278,2012년 1월 23일 19시,월요일,경상북도 구미시 진평동,경상사고,0,0,1,0,차대차 - 측면직각충돌,중앙선침범,건조,맑음,단일로 - 기타,승용,여,52세,상해없음,이륜,남,37세,경상
2012012300100298,2012년 1월 23일 20시,월요일,경상북도 성주군 선남면,중상사고,0,1,3,0,차대차 - 추돌 - 주정차중,안전운전불이행,건조,맑음,교차로 - 교차로부근,화물,남,66세,중상,승용,남,39세,경상
2012012300100299,2012년 1월 23일 20시,월요일,경상북도 군위군 군위읍,중상사고,0,1,0,0,차량단독 - 공작물충돌,안전운전불이행,결빙,맑음,교차로 - 교차로부근,원동기,남,68세,중상,,,,
2012012300100314,2012년 1월 23일 21시,월요일,경상북도 안동시 금곡동,경상사고,0,0,1,0,차대차 - 추돌 - 주정차중,안전운전불이행,건조,맑음,단일로 - 기타,승용,남,47세,상해없음,승용,남,32세,경상
2012012300100347,2012년 1월 23일 23시,월요일,경상북도 경주시 성건동,경상사고,0,0,1,0,차대차 - 추돌 - 주정차중,안전운전불이행,건조,맑음,단일로 - 기타,승용,남,25세,상해없음,승용,여,32세,경상
2012012300100348,2012년 1월 23일 23시,월요일,경상북도 경주시 감포읍,중상사고,0,1,0,0,차대사람 - 기타,안전운전불이행,건조,맑음,단일로 - 기타,승용,남,23세,상해없음,보행자,남,51세,중상
2012012400100014,2012년 1월 24일 00시,화요일,경상북도 안동시 법흥동,중상사고,0,1,0,0,차대차 - 추돌 - 주정차중,안전운전불이행,건조,맑음,단일로 - 기타,승용,남,23세,상해없음,승용,남,39세,중상
2012012400100015,2012년 1월 24일 00시,화요일,경상북도 구미시 신평동,중상사고,0,2,1,0,차대차 - 측면직각충돌,중앙선침범,건조,맑음,교차로 - 교차로부근,승용,남,26세,경상,승용,남,27세,중상
2012012400100033,2012년 1월 24일 01시,화요일,경상북도 영주시 휴천동,경상사고,0,0,1,0,차대차 - 측면직각충돌,안전운전불이행,건조,기타,교차로 - 교차로안,승용,남,22세,상해없음,승용,남,26세,경상
2012012400100034,2012년 1월 24일 01시,화요일,경상북도 울진군 북면,중상사고,0,1,0,0,차량단독 - 공작물충돌,안전운전불이행,건조,맑음,단일로 - 기타,승용,남,25세,중상,,,,
2012012400100054,2012년 1월 24일 04시,화요일,경상북도 포항시 남구 동촌동,중상사고,0,1,0,0,차대차 - 추돌 - 진행중,안전운전불이행,건조,맑음,단일로 - 기타,승용,남,24세,상해없음,화물,남,53세,중상
2012012400100077,2012년 1월 24일 07시,화요일,경상북도 경산시 사정동,중상사고,0,1,0,0,차대차 - 기타,신호위반,건조,맑음,교차로 - 교차로안,승용,남,38세,상해없음,승용,여,28세,중상
2012012400100088,2012년 1월 24일 08시,화요일,경상북도 경주시 강동면,중상사고,0,1,2,0,차대차 - 측면직각충돌,안전운전불이행,건조,맑음,단일로 - 기타,승용,남,30세,상해없음,승합,남,49세,상해없음
2012012400100089,2012년 1월 24일 08시,화요일,경상북도 안동시 송천동,중상사고,0,1,2,0,차대차 - 측면직각충돌,신호위반,건조,맑음,교차로 - 교차로안,승용,남,27세,경상,화물,남,54세,상해없음
2012012400100098,2012년 1월 24일 10시,화요일,경상북도 청송군 현동면,중상사고,0,1,3,0,차대차 - 정면충돌,중앙선침범,건조,맑음,단일로 - 기타,승용,남,47세,기타불명,승합,남,44세,중상
2012012400100107,2012년 1월 24일 11시,화요일,경상북도 포항시 북구 흥해읍,중상사고,0,2,0,0,차량단독 - 공작물충돌,안전운전불이행,건조,맑음,단일로 - 기타,승용,남,28세,중상,,,,
2012012400100108,2012년 1월 24일 11시,화요일,경상북도 칠곡군 왜관읍,사망사고,1,0,0,0,차량단독 - 전도전복,안전운전불이행,건조,맑음,단일로 - 기타,승용,여,43세,사망,,,,
2012012400100118,2012년 1월 24일 12시,화요일,경상북도 구미시 장천면,경상사고,0,0,4,0,차대차 - 추돌 - 진행중,안전운전불이행,건조,맑음,단일로 - 터널,승용,여,34세,상해없음,승용,남,44세,상해없음
2012012400100119,2012년 1월 24일 12시,화요일,경상북도 청도군 청도읍,중상사고,0,1,0,0,차대사람 - 횡단중,안전운전불이행,건조,맑음,기타 - 기타,승용,남,56세,상해없음,보행자,여,51세,중상
2012012400100140,2012년 1월 24일 13시,화요일,경상북도 경주시 성건동,경상사고,0,0,2,0,차대차 - 측면직각충돌,안전운전불이행,건조,맑음,교차로 - 교차로안,승용,남,66세,상해없음,승용,남,70세,경상
2012012400100141,2012년 1월 24일 13시,화요일,경상북도 경주시 강동면,사망사고,1,2,0,0,차량단독 - 공작물충돌,안전운전불이행,건조,맑음,단일로 - 기타,승용,남,43세,중상,,,,
2012012400100142,2012년 1월 24일 13시,화요일,경상북도 포항시 북구 신흥동,중상사고,0,1,0,0,차대사람 - 횡단중,안전운전불이행,건조,맑음,단일로 - 기타,승용,남,47세,상해없음,보행자,남,33세,중상
2012012400100159,2012년 1월 24일 14시,화요일,경상북도 경주시 안강읍,경상사고,0,0,4,0,차대차 - 추돌 - 진행중,안전운전불이행,건조,맑음,단일로 - 기타,승용,남,46세,상해없음,승용,남,48세,경상
2012012400100175,2012년 1월 24일 15시,화요일,경상북도 경주시 황오동,경상사고,0,0,1,0,차대사람 - 차도통행중,안전운전불이행,건조,맑음,단일로 - 기타,승용,남,25세,상해없음,보행자,남,18세,경상
2012012400100195,2012년 1월 24일 16시,화요일,경상북도 영천시 임고면,경상사고,0,0,3,0,차대차 - 측면직각충돌,신호위반,건조,맑음,교차로 - 교차로안,승용,남,41세,경상,승용,남,69세,경상
2012012400100196,2012년 1월 24일 16시,화요일,경상북도 문경시 산양면,중상사고,0,4,0,0,차대차 - 기타,직진우회전진행방해,건조,맑음,교차로 - 교차로안,승용,남,62세,상해없음,승용,남,52세,중상
2012012400100197,2012년 1월 24일 16시,화요일,경상북도 영주시 봉현면,중상사고,0,1,1,0,차대차 - 측면직각충돌,안전거리미확보,건조,맑음,단일로 - 기타,승용,남,58세,상해없음,승용,남,30세,경상
2012012400100248,2012년 1월 24일 19시,화요일,경상북도 포항시 북구 청하면,중상사고,0,4,1,0,차대차 - 기타,안전운전불이행,건조,맑음,단일로 - 기타,승합,남,54세,상해없음,승용,남,54세,중상
2012012400100249,2012년 1월 24일 19시,화요일,경상북도 안동시 옥동,중상사고,0,1,0,0,차대사람 - 기타,안전운전불이행,건조,맑음,단일로 - 기타,기타불명,기타불명,기타불명,기타불명,보행자,남,70세,중상
2012012400100250,2012년 1월 24일 19시,화요일,경상북도 칠곡군 동명면,경상사고,0,0,2,0,차대차 - 추돌 - 진행중,중앙선침범,건조,맑음,단일로 - 기타,승용,남,59세,상해없음,승용,남,35세,경상
2012012400100251,2012년 1월 24일 19시,화요일,경상북도 구미시 고아읍,경상사고,0,0,4,0,차대차 - 기타,중앙선침범,건조,맑음,교차로 - 교차로부근,승용,여,26세,상해없음,승용,남,41세,경상
2012012400100273,2012년 1월 24일 20시,화요일,경상북도 청도군 청도읍,경상사고,0,0,1,0,차대차 - 추돌 - 진행중,안전운전불이행,건조,맑음,단일로 - 기타,원동기,남,17세,경상,승용,남,38세,상해없음
2012012400100308,2012년 1월 24일 22시,화요일,경상북도 구미시 진평동,부상신고사고,0,0,0,1,차대차 - 기타,안전운전불이행,건조,맑음,단일로 - 기타,승용,남,30세,상해없음,승용,남,43세,부상신고
2012012400100341,2012년 1월 24일 23시,화요일,경상북도 경산시 조영동,경상사고,0,0,1,0,차대차 - 기타,안전운전불이행,건조,맑음,단일로 - 기타,기타불명,기타불명,기타불명,기타불명,승용,남,26세,경상
2012012500100034,2012년 1월 25일 01시,수요일,경상북도 안동시 풍산읍,경상사고,0,0,3,0,차대차 - 추돌 - 진행중,안전운전불이행,건조,맑음,단일로 - 기타,승용,남,38세,상해없음,승용,남,53세,경상
2012012500100035,2012년 1월 25일 01시,수요일,경상북도 영천시 금호읍,경상사고,0,0,1,0,차대사람 - 차도통행중,안전운전불이행,건조,맑음,단일로 - 기타,승용,남,30세,상해없음,보행자,남,48세,경상
2012012500100066,2012년 1월 25일 05시,수요일,경상북도 영천시 청통면,경상사고,0,0,1,0,차량단독 - 공작물충돌,안전운전불이행,건조,맑음,단일로 - 기타,승용,남,29세,상해없음,,,,
2012012500100093,2012년 1월 25일 07시,수요일,경상북도 구미시 진평동,경상사고,0,0,1,0,차대차 - 측면직각충돌,안전운전불이행,건조,맑음,단일로 - 기타,승용,남,40세,상해없음,승합,남,51세,경상
2012012500100094,2012년 1월 25일 07시,수요일,경상북도 포항시 남구 이동,사망사고,1,0,0,0,차대사람 - 횡단중,안전운전불이행,건조,맑음,단일로 - 기타,승용,남,31세,상해없음,보행자,여,44세,사망