사고번호,사고일시,요일,시군구,사고내용,사망자수,중상자수,경상자수,부상신고자수,사고유형,법규위반,노면상태,기상상태,도로형태,가해운전자 차종,가해운전자 성별,가해운전자 연령,가해운전자 상해정도,피해운전자 차종,피해운전자 성별,피해운전자 연령,피해운전자 상해정도
2012012500100115,2012년 1월 25일 08시,수요일,경상북도 칠곡군 왜관읍,경상사고,0,0,1,0,차대차 - 추돌 - 진행중,안전운전불이행,결빙,눈,단일로 - 기타,승용,여,48세,상해없음,승용,남,71세,경상
2012012500100116,2012년 1월 25일 08시,수요일,경상북도 구미시 원평동,경상사고,0,0,1,0,차대차 - 측면직각충돌,안전운전불이행,건조,맑음,기타 - 기타,원동기,여,45세,경상,승용,남,22세,상해없음
2012012500100146,2012년 1월 25일 09시,수요일,경상북도 구미시 공단동,중상사고,0,1,1,0,차대차 - 측면직각충돌,교차로운행방법위반,기타,맑음,교차로 - 교차로안,승용,남,40세,상해없음,승용,남,45세,경상
2012012500100225,2012년 1월 25일 12시,수요일,경상북도 안동시 일직면,중상사고,0,2,1,0,차대차 - 기타,안전운전불이행,건조,맑음,단일로 - 기타,승용,여,49세,상해없음,화물,미분류,기타불명,기타불명
2012012500100306,2012년 1월 25일 14시,수요일,경상북도 포항시 북구 장성동,경상사고,0,0,3,0,차대차 - 기타,교차로운행방법위반,건조,맑음,교차로 - 교차로안,승용,남,57세,상해없음,승용,남,62세,경상
2012012500100307,2012년 1월 25일 14시,수요일,경상북도 구미시 인의동,중상사고,0,1,0,0,차대차 - 측면직각충돌,안전거리미확보,건조,맑음,단일로 - 기타,승용,여,52세,상해없음,승용,남,32세,중상
2012012500100308,2012년 1월 25일 14시,수요일,경상북도 포항시 남구 이동,경상사고,0,0,1,0,차대차 - 측면직각충돌,안전운전불이행,건조,맑음,교차로 - 교차로안,승용,남,44세,상해없음,원동기,남,40세,경상
2012012500100309,2012년 1월 25일 14시,수요일,경상북도 포항시 남구 대송면,경상사고,0,0,1,0,차대차 - 추돌 - 진행중,안전운전불이행,건조,맑음,단일로 - 기타,승용,남,28세,상해없음,승용,남,51세,경상
2012012500100385,2012년 1월 25일 16시,수요일,경상북도 포항시 북구 죽도동,경상사고,0,0,1,0,차대차 - 측면직각충돌,안전운전불이행,건조,맑음,단일로 - 기타,승용,남,53세,상해없음,승용,남,65세,경상
2012012500100415,2012년 1월 25일 17시,수요일,경상북도 경주시 사정동,경상사고,0,0,1,0,차대차 - 측면직각충돌,안전운전불이행,건조,맑음,단일로 - 기타,승합,남,43세,상해없음,승용,남,22세,경상
2012012500100416,2012년 1월 25일 17시,수요일,경상북도 안동시 남문동,경상사고,0,0,2,0,차대차 - 측면직각충돌,안전운전불이행,건조,맑음,단일로 - 기타,화물,남,35세,상해없음,승용,남,25세,기타불명
2012012500100458,2012년 1월 25일 18시,수요일,경상북도 영주시 부석면,사망사고,1,0,0,0,차대사람 - 기타,안전운전불이행,건조,맑음,단일로 - 기타,승용,남,64세,상해없음,보행자,남,51세,사망
2012012500100459,2012년 1월 25일 18시,수요일,경상북도 울진군 기성면,중상사고,0,1,1,0,차대차 - 측면직각충돌,안전운전불이행,건조,맑음,교차로 - 교차로안,승용,남,70세,상해없음,승용,여,25세,중상
2012012500100460,2012년 1월 25일 18시,수요일,경상북도 구미시 황상동,중상사고,0,1,0,0,차대사람 - 횡단중,안전운전불이행,건조,맑음,교차로 - 교차로부근,승용,여,49세,상해없음,보행자,여,43세,중상
2012012500100494,2012년 1월 25일 19시,수요일,경상북도 청송군 파천면,부상신고사고,0,0,0,1,차대차 - 정면충돌,안전운전불이행,건조,맑음,단일로 - 기타,승용,남,43세,상해없음,승용,남,50세,부상신고
2012012500100495,2012년 1월 25일 19시,수요일,경상북도 구미시 고아읍,중상사고,0,1,0,0,차대차 - 측면직각충돌,안전운전불이행,건조,맑음,교차로 - 교차로안,이륜,남,57세,중상,승용,남,43세,상해없음
2012012500100496,2012년 1월 25일 19시,수요일,경상북도 구미시 상모동,경상사고,0,0,2,0,차대차 - 기타,안전운전불이행,건조,맑음,교차로 - 교차로부근,승용,여,39세,상해없음,화물,남,39세,기타불명
2012012500100497,2012년 1월 25일 19시,수요일,경상북도 구미시 오태동,경상사고,0,0,1,0,차대차 - 측면직각충돌,교차로운행방법위반,건조,맑음,교차로 - 교차로부근,승용,남,33세,상해없음,이륜,남,18세,경상
2012012500100498,2012년 1월 25일 19시,수요일,경상북도 포항시 남구 오천읍,경상사고,0,0,1,0,차대차 - 추돌 - 진행중,교차로운행방법위반,건조,맑음,교차로 - 교차로안,승용,남,30세,상해없음,승용,여,41세,경상
2012012500100499,2012년 1월 25일 19시,수요일,경상북도 포항시 남구 오천읍,중상사고,0,1,0,0,차대사람 - 기타,보행자보호의무위반,건조,맑음,단일로 - 횡단보도상,승용,남,24세,상해없음,보행자,여,18세,중상
2012012500100500,2012년 1월 25일 19시,수요일,경상북도 칠곡군 지천면,경상사고,0,0,2,0,차대차 - 측면직각충돌,안전운전불이행,건조,맑음,단일로 - 기타,승용,여,26세,상해없음,승용,남,30세,경상
2012012500100537,2012년 1월 25일 20시,수요일,경상북도 경주시 동천동,경상사고,0,0,1,0,차대차 - 측면직각충돌,안전운전불이행,건조,맑음,교차로 - 교차로안,승용,남,55세,상해없음,이륜,여,26세,경상
2012012500100572,2012년 1월 25일 21시,수요일,경상북도 구미시 인의동,경상사고,0,0,1,0,차대차 - 측면직각충돌,안전운전불이행,건조,맑음,기타 - 기타,이륜,남,25세,경상,승용,남,27세,상해없음
2012012500100610,2012년 1월 25일 22시,수요일,경상북도 칠곡군 왜관읍,부상신고사고,0,0,0,1,차량단독 - 공작물충돌,안전운전불이행,건조,맑음,교차로 - 교차로안,승용,남,28세,부상신고,,,,
2012012500100611,2012년 1월 25일 22시,수요일,경상북도 구미시 황상동,경상사고,0,0,2,0,차대차 - 측면직각충돌,신호위반,건조,맑음,교차로 - 교차로안,승용,여,56세,상해없음,승용,남,26세,경상
2012012500100645,2012년 1월 25일 23시,수요일,경상북도 영천시 완산동,중상사고,0,1,1,0,차대사람 - 기타,안전운전불이행,건조,맑음,기타 - 기타,화물,남,60세,상해없음,보행자,여,62세,경상
2012012600100020,2012년 1월 26일 00시,목요일,경상북도 구미시 지산동,중상사고,0,1,1,0,차대차 - 측면직각충돌,안전운전불이행,건조,맑음,교차로 - 교차로부근,승용,남,36세,상해없음,승합,남,48세,중상
2012012600100079,2012년 1월 26일 06시,목요일,경상북도 구미시 도량동,사망사고,1,0,0,0,차대사람 - 기타,안전운전불이행,건조,맑음,단일로 - 기타,특수,남,37세,상해없음,보행자,남,43세,사망
2012012600100097,2012년 1월 26일 07시,목요일,경상북도 상주시 화개동,경상사고,0,0,1,0,차대차 - 정면충돌,안전운전불이행,건조,맑음,교차로 - 교차로안,화물,남,50세,상해없음,자전거,남,49세,경상
2012012600100113,2012년 1월 26일 08시,목요일,경상북도 구미시 인의동,부상신고사고,0,0,0,4,차대차 - 측면직각충돌,신호위반,건조,맑음,교차로 - 교차로안,승용,남,27세,상해없음,승용,남,27세,부상신고
2012012600100189,2012년 1월 26일 11시,목요일,경상북도 안동시 옥동,경상사고,0,0,3,0,차대차 - 측면직각충돌,교차로운행방법위반,건조,맑음,교차로 - 교차로안,승용,남,24세,경상,승용,남,39세,경상
2012012600100221,2012년 1월 26일 12시,목요일,경상북도 경주시 양남면,경상사고,0,0,1,0,차대차 - 측면직각충돌,중앙선침범,건조,맑음,단일로 - 기타,승용,남,51세,상해없음,승용,여,23세,경상
2012012600100254,2012년 1월 26일 13시,목요일,경상북도 포항시 북구 흥해읍,중상사고,0,1,0,0,차대차 - 기타,신호위반,건조,맑음,교차로 - 교차로안,화물,남,52세,상해없음,건설기계,남,45세,상해없음
2012012600100255,2012년 1월 26일 13시,목요일,경상북도 예천군 예천읍,중상사고,0,1,0,0,차대차 - 추돌 - 진행중,안전운전불이행,건조,맑음,미분류 - 미분류,승용,여,62세,상해없음,이륜,남,68세,중상
2012012600100292,2012년 1월 26일 14시,목요일,경상북도 구미시 옥계동,경상사고,0,0,1,0,차대차 - 측면직각충돌,신호위반,건조,맑음,교차로 - 교차로안,승용,남,24세,상해없음,자전거,남,22세,경상
2012012600100324,2012년 1월 26일 15시,목요일,경상북도 안동시 송현동,경상사고,0,0,2,0,차대차 - 측면직각충돌,안전운전불이행,건조,맑음,단일로 - 기타,승용,남,50세,경상,승용,남,64세,상해없음
2012012600100325,2012년 1월 26일 15시,목요일,경상북도 포항시 남구 대도동,경상사고,0,0,1,0,차대사람 - 기타,안전운전불이행,건조,맑음,단일로 - 기타,승용,남,59세,상해없음,보행자,남,18세,경상
2012012600100434,2012년 1월 26일 18시,목요일,경상북도 칠곡군 가산면,경상사고,0,0,1,0,차대차 - 측면직각충돌,안전운전불이행,건조,맑음,단일로 - 기타,승용,남,42세,상해없음,승용,남,40세,경상
2012012600100477,2012년 1월 26일 19시,목요일,경상북도 예천군 보문면,중상사고,0,2,0,0,차대차 - 추돌 - 진행중,중앙선침범,건조,맑음,단일로 - 기타,승용,여,49세,상해없음,승용,여,39세,중상
2012012600100538,2012년 1월 26일 21시,목요일,경상북도 안동시 북문동,경상사고,0,0,1,0,차대차 - 추돌 - 주정차중,안전운전불이행,건조,맑음,단일로 - 기타,화물,남,59세,상해없음,화물,남,38세,경상
2012012600100539,2012년 1월 26일 21시,목요일,경상북도 성주군 성주읍,경상사고,0,0,1,0,차대차 - 측면직각충돌,안전운전불이행,건조,맑음,단일로 - 기타,승용,남,57세,상해없음,승용,여,44세,경상
2012012600100563,2012년 1월 26일 22시,목요일,경상북도 경산시 자인면,사망사고,1,0,0,0,차대사람 - 기타,안전운전불이행,건조,맑음,기타 - 기타,승용,남,44세,상해없음,보행자,남,56세,사망
2012012600100564,2012년 1월 26일 22시,목요일,경상북도 포항시 남구 해도동,중상사고,0,1,1,0,차대차 - 측면직각충돌,안전운전불이행,건조,맑음,단일로 - 기타,원동기,남,15세,경상,승용,남,49세,상해없음
2012012700100042,2012년 1월 27일 02시,금요일,경상북도 포항시 북구 두호동,경상사고,0,0,1,0,차대차 - 측면직각충돌,안전운전불이행,건조,맑음,단일로 - 기타,승용,여,18세,상해없음,화물,남,27세,경상
2012012700100057,2012년 1월 27일 04시,금요일,경상북도 구미시 송정동,경상사고,0,0,1,0,차대차 - 측면직각충돌,중앙선침범,건조,맑음,교차로 - 교차로부근,이륜,남,27세,상해없음,승용,남,27세,상해없음
2012012700100064,2012년 1월 27일 05시,금요일,경상북도 구미시 고아읍,중상사고,0,1,0,0,차대차 - 측면직각충돌,신호위반,건조,맑음,교차로 - 교차로안,화물,남,26세,상해없음,승용,남,47세,중상
2012012700100111,2012년 1월 27일 08시,금요일,경상북도 경주시 마동,중상사고,0,1,0,0,차대차 - 측면직각충돌,안전운전불이행,건조,맑음,교차로 - 교차로안,화물,여,44세,상해없음,화물,남,37세,중상
2012012700100112,2012년 1월 27일 08시,금요일,경상북도 구미시 진평동,경상사고,0,0,1,0,차대차 - 측면직각충돌,교차로운행방법위반,건조,맑음,교차로 - 교차로안,승용,남,29세,상해없음,승용,여,30세,경상
2012012700100113,2012년 1월 27일 08시,금요일,경상북도 구미시 비산동,중상사고,0,2,0,0,차대차 - 측면직각충돌,안전운전불이행,건조,맑음,교차로 - 교차로안,이륜,남,38세,중상,승용,남,45세,상해없음
2012012700100114,2012년 1월 27일 08시,금요일,경상북도 구미시 형곡동,중상사고,0,1,0,0,차대차 - 측면직각충돌,안전운전불이행,건조,맑음,교차로 - 교차로안,승용,남,49세,상해없음,이륜,남,29세,중상
2012012700100139,2012년 1월 27일 09시,금요일,경상북도 칠곡군 북삼읍,경상사고,0,0,1,0,차대차 - 추돌 - 진행중,안전운전불이행,건조,맑음,단일로 - 기타,승용,남,40세,상해없음,승용,여,38세,경상
2012012700100140,2012년 1월 27일 09시,금요일,경상북도 경산시 백천동,중상사고,0,1,0,0,차대사람 - 기타,안전운전불이행,건조,맑음,기타 - 기타,승합,여,44세,상해없음,보행자,남,69세,중상
2012012700100141,2012년 1월 27일 09시,금요일,경상북도 칠곡군 석적읍,경상사고,0,0,1,0,차대차 - 측면직각충돌,차로위반,건조,맑음,단일로 - 기타,승용,남,45세,경상,화물,남,52세,상해없음
2012012700100159,2012년 1월 27일 10시,금요일,경상북도 상주시 낙동면,중상사고,0,1,3,0,차대차 - 기타,안전운전불이행,결빙,눈,단일로 - 기타,승용,남,49세,상해없음,화물,남,37세,중상
2012012700100160,2012년 1월 27일 10시,금요일,경상북도 의성군 다인면,경상사고,0,0,1,0,차대차 - 측면직각충돌,안전운전불이행,적설,눈,교차로 - 교차로안,화물,여,57세,상해없음,화물,남,55세,경상
2012012700100161,2012년 1월 27일 10시,금요일,경상북도 경산시 사동,중상사고,0,1,0,0,차대사람 - 기타,안전운전불이행,건조,맑음,교차로 - 교차로안,승용,여,29세,상해없음,보행자,여,61세,중상
2012012700100217,2012년 1월 27일 12시,금요일,경상북도 경주시 동천동,중상사고,0,1,0,0,차대차 - 측면직각충돌,안전운전불이행,건조,맑음,단일로 - 기타,승용,여,58세,상해없음,원동기,남,18세,중상
2012012700100218,2012년 1월 27일 12시,금요일,경상북도 영천시 오미동,경상사고,0,0,1,0,차대차 - 측면직각충돌,교차로운행방법위반,건조,맑음,교차로 - 교차로안,화물,남,64세,상해없음,승용,남,33세,경상
2012012700100219,2012년 1월 27일 12시,금요일,경상북도 예천군 예천읍,경상사고,0,0,1,0,차대사람 - 횡단중,안전운전불이행,건조,맑음,단일로 - 기타,승용,여,48세,상해없음,보행자,남,44세,경상
2012012700100238,2012년 1월 27일 13시,금요일,경상북도 안동시 옥야동,경상사고,0,0,2,1,차대차 - 측면직각충돌,안전거리미확보,건조,맑음,단일로 - 기타,승용,여,65세,상해없음,승용,남,58세,경상
2012012700100239,2012년 1월 27일 13시,금요일,경상북도 구미시 송정동,중상사고,0,1,1,0,차대차 - 측면직각충돌,안전운전불이행,건조,맑음,교차로 - 교차로부근,승용,남,48세,중상,승용,여,41세,경상
2012012700100240,2012년 1월 27일 13시,금요일,경상북도 구미시 선산읍,경상사고,0,0,1,0,차대차 - 측면직각충돌,안전운전불이행,건조,맑음,교차로 - 교차로부근,승용,남,66세,상해없음,승용,남,41세,경상
2012012700100270,2012년 1월 27일 14시,금요일,경상북도 경주시 성동동,중상사고,0,1,0,0,차대차 - 측면직각충돌,안전운전불이행,건조,맑음,단일로 - 기타,승용,남,65세,상해없음,자전거,여,54세,중상
2012012700100271,2012년 1월 27일 14시,금요일,경상북도 영천시 화룡동,경상사고,0,0,1,0,차대차 - 측면직각충돌,직진우회전진행방해,건조,맑음,교차로 - 교차로안,승용,여,64세,상해없음,승용,남,36세,경상
2012012700100272,2012년 1월 27일 14시,금요일,경상북도 영천시 청통면,경상사고,0,0,3,0,차대차 - 측면직각충돌,안전운전불이행,건조,맑음,단일로 - 기타,승용,여,56세,경상,화물,남,55세,경상
2012012700100312,2012년 1월 27일 15시,금요일,경상북도 봉화군 명호면,중상사고,0,2,2,0,차대차 - 측면직각충돌,안전운전불이행,건조,맑음,교차로 - 교차로안,화물,남,61세,경상,승용,여,56세,중상
2012012700100370,2012년 1월 27일 17시,금요일,경상북도 포항시 북구 대흥동,중상사고,0,1,0,0,차대사람 - 기타,보행자보호의무위반,건조,맑음,단일로 - 횡단보도상,승용,남,69세,상해없음,보행자,남,81세,중상
2012012700100371,2012년 1월 27일 17시,금요일,경상북도 상주시 모동면,중상사고,0,1,0,0,차대차 - 기타,안전운전불이행,습기,흐림,교차로 - 교차로안,화물,남,39세,상해없음,원동기,남,79세,중상
2012012700100408,2012년 1월 27일 18시,금요일,경상북도 상주시 냉림동,중상사고,0,1,0,0,차대차 - 기타,안전운전불이행,건조,흐림,단일로 - 기타,승용,여,26세,상해없음,이륜,남,34세,중상
2012012700100409,2012년 1월 27일 18시,금요일,경상북도 영주시 하망동,경상사고,0,0,1,0,차대사람 - 횡단중,안전운전불이행,건조,기타,단일로 - 기타,승용,남,43세,상해없음,보행자,여,66세,경상
2012012700100410,2012년 1월 27일 18시,금요일,경상북도 칠곡군 약목면,부상신고사고,0,0,0,1,차대차 - 추돌 - 진행중,안전운전불이행,건조,맑음,단일로 - 기타,원동기,남,22세,부상신고,화물,남,36세,상해없음
2012012700100411,2012년 1월 27일 18시,금요일,경상북도 영덕군 영덕읍,경상사고,0,0,1,0,차대사람 - 횡단중,보행자보호의무위반,건조,맑음,단일로 - 횡단보도상,승용,여,40세,상해없음,보행자,남,9세,경상
2012012700100461,2012년 1월 27일 19시,금요일,경상북도 경주시 안강읍,경상사고,0,0,1,0,차대차 - 측면직각충돌,안전운전불이행,건조,맑음,교차로 - 교차로안,승용,남,35세,상해없음,승용,여,49세,경상
2012012700100462,2012년 1월 27일 19시,금요일,경상북도 안동시 태화동,중상사고,0,1,0,0,차대차 - 추돌 - 진행중,안전운전불이행,건조,맑음,단일로 - 기타,승용,남,20세,상해없음,승용,남,47세,중상
2012012700100463,2012년 1월 27일 19시,금요일,경상북도 영주시 휴천동,경상사고,0,0,2,0,차대사람 - 횡단중,안전운전불이행,습기,흐림,교차로 - 교차로부근,화물,남,45세,상해없음,보행자,여,13세,경상
2012012700100464,2012년 1월 27일 19시,금요일,경상북도 구미시 광평동,중상사고,0,2,0,0,차대차 - 측면직각충돌,안전운전불이행,건조,맑음,교차로 - 교차로안,승용,남,39세,상해없음,화물,여,45세,중상
2012012700100522,2012년 1월 27일 21시,금요일,경상북도 경주시 건천읍,중상사고,0,2,0,0,차대차 - 추돌 - 진행중,안전운전불이행,건조,맑음,단일로 - 기타,승용,남,22세,중상,승용,남,37세,상해없음
2012012700100523,2012년 1월 27일 21시,금요일,경상북도 경산시 대동,경상사고,0,0,1,0,차대차 - 기타,안전운전불이행,건조,맑음,단일로 - 기타,승용,남,24세,상해없음,승용,남,51세,경상
2012012700100524,2012년 1월 27일 21시,금요일,경상북도 구미시 원평동,중상사고,0,1,0,0,차대사람 - 횡단중,보행자보호의무위반,건조,맑음,단일로 - 횡단보도상,승용,남,50세,상해없음,보행자,여,17세,중상
2012012700100557,2012년 1월 27일 22시,금요일,경상북도 안동시 옥동,경상사고,0,0,3,0,차대차 - 추돌 - 주정차중,안전운전불이행,건조,맑음,교차로 - 교차로부근,승용,남,31세,상해없음,승용,남,41세,경상
2012012700100558,2012년 1월 27일 22시,금요일,경상북도 영주시 가흥동,중상사고,0,1,0,0,차대사람 - 횡단중,안전운전불이행,건조,맑음,단일로 - 기타,승용,남,58세,상해없음,보행자,남,54세,중상
2012012700100559,2012년 1월 27일 22시,금요일,경상북도 구미시 고아읍,경상사고,0,0,2,0,차대차 - 측면직각충돌,안전운전불이행,건조,맑음,단일로 - 기타,승용,남,47세,상해없음,승용,여,54세,경상
2012012700100584,2012년 1월 27일 23시,금요일,경상북도 포항시 북구 학산동,경상사고,0,0,4,0,차대차 - 기타,안전운전불이행,건조,맑음,단일로 - 기타,승용,남,23세,상해없음,승용,남,43세,경상
2012012700100585,2012년 1월 27일 23시,금요일,경상북도 포항시 남구 오천읍,경상사고,0,0,1,0,차대사람 - 기타,안전운전불이행,건조,맑음,교차로 - 교차로안,승용,여,50세,상해없음,보행자,여,43세,경상
2012012800100023,2012년 1월 28일 00시,토요일,경상북도 경주시 천북면,중상사고,0,1,0,0,차대차 - 추돌 - 진행중,안전운전불이행,건조,맑음,교차로 - 교차로부근,승용,남,35세,기타불명,승용,남,33세,중상
2012012800100024,2012년 1월 28일 00시,토요일,경상북도 포항시 북구 기계면,경상사고,0,0,2,0,차대차 - 기타,불법유턴,건조,맑음,단일로 - 기타,승용,남,32세,상해없음,승용,남,30세,경상
2012012800100025,2012년 1월 28일 00시,토요일,경상북도 포항시 북구 죽도동,중상사고,0,1,0,0,차대차 - 측면직각충돌,안전거리미확보,건조,맑음,단일로 - 기타,이륜,남,15세,중상,승용,여,53세,상해없음
2012012800100050,2012년 1월 28일 01시,토요일,경상북도 경산시 대동,경상사고,0,0,1,0,차대사람 - 차도통행중,안전운전불이행,건조,맑음,단일로 - 기타,승용,남,37세,상해없음,보행자,남,24세,경상
2012012800100133,2012년 1월 28일 07시,토요일,경상북도 구미시 진평동,경상사고,0,0,1,0,차대사람 - 기타,안전운전불이행,건조,맑음,교차로 - 교차로부근,원동기,남,23세,상해없음,보행자,여,18세,경상
2012012800100153,2012년 1월 28일 08시,토요일,경상북도 칠곡군 가산면,경상사고,0,0,1,0,차대차 - 측면직각충돌,신호위반,건조,맑음,교차로 - 교차로안,승용,남,30세,상해없음,승용,여,47세,경상
2012012800100179,2012년 1월 28일 09시,토요일,경상북도 문경시 호계면,중상사고,0,1,0,0,차대사람 - 횡단중,안전운전불이행,건조,맑음,단일로 - 횡단보도부근,화물,남,56세,상해없음,보행자,남,12세,중상
2012012800100197,2012년 1월 28일 10시,토요일,경상북도 구미시 공단동,경상사고,0,0,3,0,차대차 - 측면직각충돌,안전운전불이행,건조,맑음,단일로 - 기타,승용,여,43세,경상,승용,남,49세,경상
2012012800100217,2012년 1월 28일 11시,토요일,경상북도 영천시 화북면,중상사고,0,1,1,0,차량단독 - 도로외이탈 - 추락,안전운전불이행,건조,맑음,단일로 - 기타,화물,남,49세,중상,,,,
2012012800100237,2012년 1월 28일 12시,토요일,경상북도 포항시 북구 장성동,경상사고,0,0,1,0,차대차 - 기타,교차로운행방법위반,건조,맑음,교차로 - 교차로부근,승용,남,57세,상해없음,승합,남,55세,상해없음
2012012800100238,2012년 1월 28일 12시,토요일,경상북도 구미시 형곡동,경상사고,0,0,1,0,차대차 - 기타,교차로운행방법위반,건조,맑음,교차로 - 교차로부근,승합,남,50세,상해없음,원동기,남,19세,경상
2012012800100270,2012년 1월 28일 13시,토요일,경상북도 경주시 안강읍,경상사고,0,0,1,0,차대차 - 측면직각충돌,안전운전불이행,건조,맑음,교차로 - 교차로안,승용,여,23세,상해없음,자전거,여,57세,경상
2012012800100271,2012년 1월 28일 13시,토요일,경상북도 울진군 온정면,경상사고,0,0,2,1,차대차 - 측면직각충돌,안전운전불이행,건조,맑음,교차로 - 교차로안,승용,남,45세,부상신고,승용,남,74세,경상
2012012800100272,2012년 1월 28일 13시,토요일,경상북도 구미시 남통동,중상사고,0,2,0,0,차대차 - 측면직각충돌,중앙선침범,건조,맑음,단일로 - 기타,승용,여,52세,중상,승용,남,53세,중상
2012012800100288,2012년 1월 28일 14시,토요일,경상북도 경주시 양북면,경상사고,0,0,1,0,차대차 - 기타,안전운전불이행,건조,맑음,교차로 - 교차로안,승용,남,61세,상해없음,승용,남,38세,경상
2012012800100289,2012년 1월 28일 14시,토요일,경상북도 김천시 덕곡동,경상사고,0,0,3,0,차대차 - 추돌 - 주정차중,안전운전불이행,건조,맑음,교차로 - 교차로부근,화물,남,56세,상해없음,승용,남,24세,경상
2012012800100290,2012년 1월 28일 14시,토요일,경상북도 구미시 광평동,경상사고,0,0,2,0,차대차 - 측면직각충돌,안전운전불이행,건조,맑음,단일로 - 기타,기타불명,기타불명,기타불명,기타불명,승용,남,49세,경상
2012012800100308,2012년 1월 28일 15시,토요일,경상북도 영덕군 지품면,중상사고,0,5,0,0,차대차 - 정면충돌,중앙선침범,건조,맑음,단일로 - 기타,승용,남,35세,상해없음,승용,남,59세,중상
2012012800100328,2012년 1월 28일 16시,토요일,경상북도 청도군 이서면,경상사고,0,0,1,0,차대차 - 측면직각충돌,직진우회전진행방해,건조,맑음,교차로 - 교차로안,원동기,남,79세,경상,승용,남,48세,상해없음
2012012800100346,2012년 1월 28일 17시,토요일,경상북도 영천시 완산동,경상사고,0,0,2,0,차대차 - 측면직각충돌,교차로운행방법위반,건조,맑음,교차로 - 교차로안,화물,여,53세,상해없음,승용,남,35세,경상
2012012800100375,2012년 1월 28일 18시,토요일,경상북도 포항시 북구 죽도동,경상사고,0,0,1,0,차대차 - 측면직각충돌,불법유턴,건조,맑음,단일로 - 기타,승용,남,41세,상해없음,이륜,남,23세,경상
2012012800100376,2012년 1월 28일 18시,토요일,경상북도 구미시 오태동,경상사고,0,0,1,0,차대차 - 측면직각충돌,안전거리미확보,건조,맑음,단일로 - 기타,승용,남,62세,상해없음,승용,남,41세,경상
2012012800100377,2012년 1월 28일 18시,토요일,경상북도 포항시 남구 대도동,중상사고,0,1,0,0,차대차 - 추돌 - 진행중,안전운전불이행,건조,맑음,단일로 - 기타,승용,남,32세,상해없음,원동기,남,22세,중상
2012012800100425,2012년 1월 28일 20시,토요일,경상북도 경주시 성동동,경상사고,0,0,1,0,차대차 - 측면직각충돌,안전운전불이행,건조,맑음,교차로 - 교차로안,화물,남,52세,상해없음,승용,남,43세,경상
2012012800100426,2012년 1월 28일 20시,토요일,경상북도 칠곡군 석적읍,부상신고사고,0,0,0,1,차량단독 - 공작물충돌,안전운전불이행,건조,맑음,교차로 - 교차로부근,이륜,남,51세,부상신고,,,,
2012012800100446,2012년 1월 28일 21시,토요일,경상북도 문경시 문경읍,중상사고,0,1,1,0,차대차 - 정면충돌,중앙선침범,건조,맑음,단일로 - 기타,승용,남,51세,중상,화물,남,50세,경상
2012012900100013,2012년 1월 29일 00시,일요일,경상북도 경주시 성건동,경상사고,0,0,1,0,차대사람 - 차도통행중,안전운전불이행,건조,맑음,교차로 - 교차로부근,승용,남,45세,상해없음,보행자,남,33세,경상
2012012900100039,2012년 1월 29일 01시,일요일,경상북도 포항시 북구 상원동,경상사고,0,0,2,0,차대차 - 기타,안전운전불이행,건조,맑음,교차로 - 교차로부근,승용,남,26세,상해없음,승용,남,24세,상해없음
2012012900100040,2012년 1월 29일 01시,일요일,경상북도 경산시 와촌면,사망사고,1,0,0,0,차대차 - 추돌 - 진행중,안전운전불이행,건조,맑음,단일로 - 기타,승용,남,33세,사망,화물,남,46세,상해없음
2012012900100063,2012년 1월 29일 02시,일요일,경상북도 경주시 용강동,경상사고,0,0,2,0,차대차 - 기타,안전운전불이행,건조,맑음,단일로 - 기타,승용,남,37세,상해없음,승용,여,48세,경상
2012012900100072,2012년 1월 29일 03시,일요일,경상북도 구미시 도량동,중상사고,0,1,0,0,차대사람 - 기타,안전운전불이행,건조,맑음,교차로 - 교차로부근,승용,남,26세,상해없음,보행자,여,64세,중상
2012012900100138,2012년 1월 29일 08시,일요일,경상북도 칠곡군 석적읍,중상사고,0,1,0,0,차대차 - 기타,안전운전불이행,건조,맑음,단일로 - 기타,기타불명,기타불명,기타불명,기타불명,승용,여,47세,중상
2012012900100151,2012년 1월 29일 09시,일요일,경상북도 경주시 광명동,경상사고,0,0,2,0,차대차 - 측면직각충돌,안전운전불이행,건조,맑음,단일로 - 기타,승용,남,58세,상해없음,승용,여,35세,경상
2012012900100178,2012년 1월 29일 11시,일요일,경상북도 영양군 영양읍,중상사고,0,1,0,0,차대사람 - 기타,안전운전불이행,건조,맑음,단일로 - 기타,승용,남,69세,상해없음,보행자,여,74세,중상
2012012900100194,2012년 1월 29일 12시,일요일,경상북도 봉화군 소천면,중상사고,0,3,1,0,차대차 - 정면충돌,중앙선침범,결빙,맑음,단일로 - 기타,승용,남,40세,경상,승합,남,46세,상해없음
2012012900100213,2012년 1월 29일 13시,일요일,경상북도 구미시 광평동,경상사고,0,0,3,0,차대차 - 추돌 - 주정차중,안전운전불이행,건조,맑음,단일로 - 기타,승용,남,57세,상해없음,승용,남,31세,경상
2012012900100257,2012년 1월 29일 15시,일요일,경상북도 경주시 외동읍,사망사고,1,0,0,0,차대사람 - 기타,안전운전불이행,건조,맑음,단일로 - 기타,승용,남,37세,상해없음,보행자,여,90세,사망
2012012900100258,2012년 1월 29일 15시,일요일,경상북도 울진군 울진읍,경상사고,0,0,1,0,차대차 - 정면충돌,안전운전불이행,건조,맑음,교차로 - 교차로부근,승용,남,21세,상해없음,승용,여,52세,경상