사고번호,사고일시,요일,시군구,사고내용,사망자수,중상자수,경상자수,부상신고자수,사고유형,법규위반,노면상태,기상상태,도로형태,가해운전자 차종,가해운전자 성별,가해운전자 연령,가해운전자 상해정도,피해운전자 차종,피해운전자 성별,피해운전자 연령,피해운전자 상해정도
2012012900100290,2012년 1월 29일 17시,일요일,경상북도 경산시 진량읍,경상사고,0,0,1,0,차대차 - 기타,안전운전불이행,건조,맑음,단일로 - 기타,원동기,남,51세,경상,승용,남,24세,상해없음
2012012900100291,2012년 1월 29일 17시,일요일,경상북도 경산시 하양읍,경상사고,0,0,1,0,차대차 - 기타,안전운전불이행,건조,맑음,단일로 - 기타,기타불명,기타불명,기타불명,기타불명,승용,남,60세,경상
2012012900100326,2012년 1월 29일 18시,일요일,경상북도 경주시 용강동,경상사고,0,0,2,0,차대차 - 추돌 - 진행중,안전운전불이행,건조,맑음,단일로 - 기타,승용,남,50세,상해없음,승용,남,25세,경상
2012012900100327,2012년 1월 29일 18시,일요일,경상북도 경산시 자인면,중상사고,0,2,0,0,차대차 - 기타,중앙선침범,건조,맑음,교차로 - 교차로부근,승용,남,47세,상해없음,화물,남,51세,중상
2012012900100351,2012년 1월 29일 19시,일요일,경상북도 영주시 휴천동,중상사고,0,1,0,0,차대차 - 추돌 - 진행중,안전운전불이행,건조,맑음,교차로 - 교차로부근,승용,남,28세,상해없음,승용,남,54세,중상
2012012900100352,2012년 1월 29일 19시,일요일,경상북도 영주시 휴천동,경상사고,0,0,1,0,차대차 - 측면직각충돌,직진우회전진행방해,건조,맑음,교차로 - 교차로안,승용,여,23세,상해없음,이륜,남,43세,경상
2012012900100372,2012년 1월 29일 20시,일요일,경상북도 경주시 광명동,경상사고,0,0,3,0,차대차 - 측면직각충돌,신호위반,건조,맑음,교차로 - 교차로안,승용,남,32세,상해없음,승용,여,27세,경상
2012012900100373,2012년 1월 29일 20시,일요일,경상북도 포항시 북구 장성동,중상사고,0,1,0,0,차대차 - 측면직각충돌,안전운전불이행,건조,맑음,교차로 - 교차로안,승용,남,23세,상해없음,이륜,남,18세,중상
2012012900100374,2012년 1월 29일 20시,일요일,경상북도 영천시 신령면,중상사고,0,1,0,0,차대차 - 추돌 - 주정차중,안전운전불이행,건조,맑음,단일로 - 기타,이륜,남,64세,중상,승합,남,55세,기타불명
2012012900100402,2012년 1월 29일 21시,일요일,경상북도 구미시 형곡동,부상신고사고,0,0,0,1,차대차 - 추돌 - 주정차중,안전운전불이행,건조,맑음,기타 - 기타,승용,남,36세,상해없음,승용,남,49세,부상신고
2012012900100403,2012년 1월 29일 21시,일요일,경상북도 포항시 남구 송도동,경상사고,0,0,1,0,차대차 - 추돌 - 진행중,신호위반,건조,맑음,교차로 - 교차로안,화물,남,69세,상해없음,승용,남,58세,경상
2012012900100420,2012년 1월 29일 22시,일요일,경상북도 문경시 산양면,중상사고,0,1,0,0,차량단독 - 도로외이탈 - 추락,안전운전불이행,건조,맑음,단일로 - 기타,이륜,남,59세,중상,,,,
2012013000100006,2012년 1월 30일 00시,월요일,경상북도 구미시 구포동,중상사고,0,1,0,0,차량단독 - 공작물충돌,안전운전불이행,건조,맑음,교차로 - 교차로안,승용,남,29세,중상,,,,
2012013000100012,2012년 1월 30일 01시,월요일,경상북도 경산시 옥산동,중상사고,0,1,0,0,차대차 - 기타,안전운전불이행,건조,맑음,단일로 - 기타,화물,남,23세,중상,화물,미분류,기타불명,기타불명
2012013000100013,2012년 1월 30일 01시,월요일,경상북도 포항시 남구 효자동,중상사고,0,1,0,0,차대사람 - 기타,안전운전불이행,건조,맑음,단일로 - 기타,승용,여,34세,상해없음,보행자,여,72세,중상
2012013000100022,2012년 1월 30일 02시,월요일,경상북도 칠곡군 석적읍,사망사고,2,1,1,0,차량단독 - 공작물충돌,안전운전불이행,건조,맑음,교차로 - 교차로부근,승용,남,22세,경상,,,,
2012013000100023,2012년 1월 30일 02시,월요일,경상북도 구미시 인의동,경상사고,0,0,1,0,차대사람 - 기타,안전운전불이행,건조,맑음,단일로 - 기타,승용,여,41세,상해없음,보행자,남,23세,경상
2012013000100050,2012년 1월 30일 06시,월요일,경상북도 포항시 남구 대도동,경상사고,0,0,1,0,차대차 - 추돌 - 진행중,신호위반,건조,맑음,교차로 - 교차로안,승용,남,43세,상해없음,승용,남,50세,경상
2012013000100127,2012년 1월 30일 09시,월요일,경상북도 안동시 옥동,중상사고,0,1,1,0,차대차 - 측면직각충돌,직진우회전진행방해,건조,맑음,교차로 - 교차로안,화물,남,44세,경상,승용,여,40세,중상
2012013000100144,2012년 1월 30일 10시,월요일,경상북도 칠곡군 왜관읍,중상사고,0,1,0,0,차대차 - 추돌 - 진행중,안전운전불이행,건조,맑음,교차로 - 교차로안,승합,남,73세,상해없음,자전거,남,86세,중상
2012013000100220,2012년 1월 30일 13시,월요일,경상북도 김천시 부곡동,중상사고,0,1,0,0,차대사람 - 기타,보행자보호의무위반,건조,맑음,교차로 - 교차로안,승용,남,77세,상해없음,보행자,여,59세,중상
2012013000100221,2012년 1월 30일 13시,월요일,경상북도 의성군 안계면,경상사고,0,0,1,0,차대사람 - 횡단중,안전운전불이행,건조,맑음,단일로 - 기타,승용,남,65세,상해없음,보행자,여,9세,경상
2012013000100222,2012년 1월 30일 13시,월요일,경상북도 칠곡군 왜관읍,부상신고사고,0,0,0,1,차대차 - 추돌 - 진행중,안전운전불이행,건조,맑음,단일로 - 횡단보도상,원동기,남,61세,부상신고,화물,남,63세,상해없음
2012013000100245,2012년 1월 30일 14시,월요일,경상북도 경주시 외동읍,경상사고,0,0,3,0,차대차 - 측면직각충돌,안전운전불이행,건조,맑음,단일로 - 기타,승용,남,32세,상해없음,승용,여,29세,경상
2012013000100246,2012년 1월 30일 14시,월요일,경상북도 포항시 북구 환호동,경상사고,0,0,2,0,차대차 - 측면직각충돌,교차로운행방법위반,건조,맑음,교차로 - 교차로안,승용,여,53세,상해없음,화물,남,29세,상해없음
2012013000100247,2012년 1월 30일 14시,월요일,경상북도 경산시 백천동,경상사고,0,0,2,0,차대차 - 기타,안전운전불이행,건조,맑음,교차로 - 교차로부근,승용,여,55세,경상,승용,여,50세,경상
2012013000100248,2012년 1월 30일 14시,월요일,경상북도 구미시 공단동,중상사고,0,2,3,0,차대차 - 추돌 - 진행중,안전거리미확보,건조,맑음,단일로 - 교량,승용,여,47세,중상,승용,남,38세,경상
2012013000100296,2012년 1월 30일 16시,월요일,경상북도 영주시 휴천동,경상사고,0,0,1,0,차대차 - 측면직각충돌,안전운전불이행,건조,맑음,단일로 - 기타,승용,남,35세,경상,화물,남,40세,상해없음
2012013000100357,2012년 1월 30일 18시,월요일,경상북도 포항시 북구 죽도동,경상사고,0,0,1,0,차대사람 - 횡단중,보행자보호의무위반,건조,맑음,단일로 - 횡단보도상,기타불명,기타불명,기타불명,기타불명,보행자,여,68세,경상
2012013000100358,2012년 1월 30일 18시,월요일,경상북도 군위군 의흥면,중상사고,0,1,0,0,차량단독 - 전도전복,안전운전불이행,결빙,맑음,단일로 - 기타,이륜,남,68세,중상,,,,
2012013000100359,2012년 1월 30일 18시,월요일,경상북도 포항시 남구 호동,중상사고,0,1,0,0,차대차 - 추돌 - 진행중,안전운전불이행,건조,맑음,교차로 - 교차로안,승용,여,53세,상해없음,승용,남,45세,중상
2012013000100397,2012년 1월 30일 19시,월요일,경상북도 경주시 안강읍,경상사고,0,0,1,0,차대차 - 측면직각충돌,안전운전불이행,건조,맑음,단일로 - 기타,승용,남,33세,상해없음,승용,남,29세,상해없음
2012013000100398,2012년 1월 30일 19시,월요일,경상북도 구미시 공단동,경상사고,0,0,3,0,차대차 - 측면직각충돌,신호위반,건조,맑음,교차로 - 교차로안,화물,남,42세,상해없음,승용,여,40세,경상
2012013000100399,2012년 1월 30일 19시,월요일,경상북도 포항시 남구 대도동,경상사고,0,0,1,0,차대사람 - 기타,안전운전불이행,건조,맑음,단일로 - 기타,승용,남,31세,상해없음,보행자,남,29세,경상
2012013000100430,2012년 1월 30일 20시,월요일,경상북도 안동시 송현동,경상사고,0,0,1,0,차대차 - 측면직각충돌,안전운전불이행,건조,맑음,단일로 - 기타,승용,남,39세,상해없음,이륜,남,31세,경상
2012013000100431,2012년 1월 30일 20시,월요일,경상북도 경산시 중방동,중상사고,0,1,0,0,차대차 - 기타,중앙선침범,건조,맑음,단일로 - 기타,원동기,남,16세,상해없음,원동기,남,17세,중상
2012013000100476,2012년 1월 30일 22시,월요일,경상북도 경주시 탑동,경상사고,0,0,1,0,차대차 - 추돌 - 진행중,안전운전불이행,건조,맑음,단일로 - 기타,화물,남,33세,상해없음,화물,남,40세,경상
2012013100100013,2012년 1월 31일 00시,화요일,경상북도 포항시 남구 연일읍,중상사고,0,1,0,0,차대사람 - 기타,안전운전불이행,건조,맑음,단일로 - 횡단보도부근,승용,남,36세,상해없음,보행자,남,37세,중상
2012013100100053,2012년 1월 31일 03시,화요일,경상북도 칠곡군 석적읍,부상신고사고,0,0,0,1,차량단독 - 공작물충돌,안전운전불이행,건조,맑음,교차로 - 교차로안,이륜,남,34세,부상신고,,,,
2012013100100071,2012년 1월 31일 05시,화요일,경상북도 경산시 진량읍,중상사고,0,1,0,0,차대차 - 기타,직진우회전진행방해,건조,맑음,단일로 - 기타,화물,남,46세,상해없음,원동기,남,65세,중상
2012013100100098,2012년 1월 31일 07시,화요일,경상북도 안동시 남문동,경상사고,0,0,1,0,차대차 - 추돌 - 주정차중,안전운전불이행,건조,맑음,단일로 - 기타,승용,여,77세,상해없음,승용,남,36세,경상
2012013100100121,2012년 1월 31일 08시,화요일,경상북도 포항시 남구 대도동,중상사고,0,1,0,0,차대차 - 추돌 - 진행중,안전운전불이행,건조,맑음,교차로 - 교차로안,화물,남,48세,상해없음,원동기,여,29세,중상
2012013100100142,2012년 1월 31일 09시,화요일,경상북도 봉화군 법전면,경상사고,0,0,2,0,차대차 - 추돌 - 진행중,안전운전불이행,건조,맑음,단일로 - 기타,승용,여,45세,경상,승용,남,55세,경상
2012013100100143,2012년 1월 31일 09시,화요일,경상북도 포항시 남구 동촌동,중상사고,0,1,1,0,차대차 - 기타,안전운전불이행,건조,맑음,단일로 - 기타,승용,여,58세,중상,승용,남,20세,경상
2012013100100183,2012년 1월 31일 11시,화요일,경상북도 포항시 북구 죽도동,중상사고,0,1,0,0,차대사람 - 기타,안전운전불이행,건조,맑음,단일로 - 기타,승용,여,48세,상해없음,보행자,여,71세,중상
2012013100100184,2012년 1월 31일 11시,화요일,경상북도 김천시 응명동,경상사고,0,0,1,0,차대차 - 측면직각충돌,안전운전불이행,건조,맑음,단일로 - 기타,승용,남,26세,상해없음,원동기,남,73세,경상
2012013100100185,2012년 1월 31일 11시,화요일,경상북도 성주군 월항면,경상사고,0,0,2,0,차대차 - 측면직각충돌,기타,건조,맑음,교차로 - 교차로안,화물,남,52세,상해없음,원동기,남,75세,경상
2012013100100186,2012년 1월 31일 11시,화요일,경상북도 울진군 원남면,중상사고,0,1,0,0,차대차 - 기타,교차로운행방법위반,건조,맑음,교차로 - 교차로안,이륜,남,74세,중상,화물,남,65세,상해없음
2012013100100187,2012년 1월 31일 11시,화요일,경상북도 구미시 광평동,경상사고,0,0,1,0,차대차 - 추돌 - 주정차중,안전운전불이행,건조,맑음,단일로 - 기타,승용,남,36세,상해없음,승용,여,49세,경상
2012013100100216,2012년 1월 31일 13시,화요일,경상북도 포항시 북구 흥해읍,경상사고,0,0,1,0,차대차 - 측면직각충돌,교차로운행방법위반,건조,맑음,교차로 - 교차로안,승합,남,36세,상해없음,승용,남,59세,상해없음
2012013100100217,2012년 1월 31일 13시,화요일,경상북도 포항시 북구 기북면,경상사고,0,0,1,0,차대차 - 기타,불법유턴,건조,맑음,단일로 - 기타,승용,남,63세,상해없음,화물,남,53세,경상
2012013100100245,2012년 1월 31일 14시,화요일,경상북도 경주시 안강읍,중상사고,0,2,0,0,차대차 - 측면직각충돌,중앙선침범,건조,맑음,기타 - 기타,화물,남,69세,상해없음,승용,남,30세,중상
2012013100100246,2012년 1월 31일 14시,화요일,경상북도 의성군 안계면,중상사고,0,1,0,0,차대차 - 측면직각충돌,안전운전불이행,건조,맑음,교차로 - 교차로부근,승용,남,54세,상해없음,이륜,남,72세,중상
2012013100100247,2012년 1월 31일 14시,화요일,경상북도 영천시 완산동,경상사고,0,0,1,0,차대사람 - 기타,기타,건조,맑음,단일로 - 기타,승용,남,59세,상해없음,보행자,남,52세,경상
2012013100100248,2012년 1월 31일 14시,화요일,경상북도 구미시 봉곡동,경상사고,0,0,1,0,차대사람 - 기타,안전운전불이행,건조,맑음,단일로 - 기타,승용,여,31세,상해없음,보행자,남,40세,경상
2012013100100277,2012년 1월 31일 15시,화요일,경상북도 경산시 중방동,경상사고,0,0,5,0,차대차 - 측면직각충돌,안전운전불이행,건조,맑음,교차로 - 교차로부근,승용,여,23세,상해없음,이륜,남,19세,경상
2012013100100331,2012년 1월 31일 16시,화요일,경상북도 포항시 북구 죽도동,경상사고,0,0,1,0,차대차 - 기타,안전거리미확보,건조,맑음,단일로 - 기타,화물,여,39세,상해없음,승합,남,28세,상해없음
2012013100100332,2012년 1월 31일 16시,화요일,경상북도 영주시 영주동,경상사고,0,0,1,0,차대사람 - 길가장자리구역통행중,안전운전불이행,건조,맑음,단일로 - 기타,승용,남,32세,상해없음,보행자,여,52세,경상
2012013100100333,2012년 1월 31일 16시,화요일,경상북도 예천군 호명면,중상사고,0,2,0,0,차대차 - 정면충돌,안전운전불이행,적설,눈,단일로 - 기타,화물,남,38세,상해없음,화물,남,72세,중상
2012013100100375,2012년 1월 31일 17시,화요일,경상북도 영주시 가흥동,중상사고,0,1,3,0,차대차 - 추돌 - 진행중,안전운전불이행,적설,눈,단일로 - 기타,승용,여,31세,경상,승용,남,46세,상해없음
2012013100100414,2012년 1월 31일 18시,화요일,경상북도 안동시 송현동,경상사고,0,0,1,0,차대사람 - 횡단중,안전운전불이행,적설,눈,단일로 - 횡단보도상,승용,남,24세,상해없음,보행자,남,14세,경상
2012013100100415,2012년 1월 31일 18시,화요일,경상북도 김천시 어모면,중상사고,0,1,1,0,차대차 - 정면충돌,중앙선침범,결빙,눈,단일로 - 기타,승용,남,38세,상해없음,승용,남,77세,경상
2012013100100416,2012년 1월 31일 18시,화요일,경상북도 경산시 중방동,경상사고,0,0,1,0,차대차 - 기타,안전운전불이행,건조,맑음,교차로 - 교차로안,승용,여,37세,상해없음,원동기,남,21세,경상
2012013100100417,2012년 1월 31일 18시,화요일,경상북도 포항시 남구 해도동,경상사고,0,0,1,0,차대차 - 측면직각충돌,중앙선침범,건조,맑음,단일로 - 기타,승용,남,50세,상해없음,원동기,남,55세,경상
2012013100100418,2012년 1월 31일 18시,화요일,경상북도 포항시 남구 장흥동,경상사고,0,0,1,0,차대차 - 추돌 - 진행중,안전운전불이행,건조,흐림,교차로 - 교차로안,승용,남,51세,경상,화물,남,56세,상해없음
2012013100100419,2012년 1월 31일 18시,화요일,경상북도 예천군 예천읍,중상사고,0,1,1,0,차대차 - 추돌 - 주정차중,안전운전불이행,적설,눈,단일로 - 기타,승용,남,23세,상해없음,화물,남,31세,경상
2012013100100420,2012년 1월 31일 18시,화요일,경상북도 안동시 풍산읍,경상사고,0,0,1,0,차대차 - 추돌 - 진행중,안전거리미확보,결빙,눈,단일로 - 기타,건설기계,남,38세,상해없음,승용,남,31세,경상
2012013100100449,2012년 1월 31일 19시,화요일,경상북도 안동시 안막동,경상사고,0,0,2,0,차대차 - 추돌 - 주정차중,안전운전불이행,결빙,눈,단일로 - 기타,승용,남,49세,상해없음,승용,남,52세,상해없음
2012013100100450,2012년 1월 31일 19시,화요일,경상북도 영주시 휴천동,중상사고,0,1,0,0,차대차 - 정면충돌,안전운전불이행,적설,눈,교차로 - 교차로부근,화물,남,41세,상해없음,승용,남,54세,중상
2012013100100451,2012년 1월 31일 19시,화요일,경상북도 문경시 점촌동,경상사고,0,0,2,0,차대차 - 기타,안전운전불이행,적설,눈,교차로 - 교차로부근,승합,남,76세,상해없음,승용,여,35세,경상
2012013100100452,2012년 1월 31일 19시,화요일,경상북도 안동시 풍산읍,중상사고,0,1,0,0,차대차 - 추돌 - 주정차중,안전운전불이행,적설,눈,단일로 - 기타,화물,남,36세,상해없음,화물,남,41세,중상
2012013100100492,2012년 1월 31일 20시,화요일,경상북도 경주시 성건동,중상사고,0,2,0,1,차대차 - 측면직각충돌,안전운전불이행,건조,맑음,교차로 - 교차로안,승용,남,25세,부상신고,승용,남,28세,중상
2012013100100493,2012년 1월 31일 20시,화요일,경상북도 경주시 황성동,중상사고,0,1,1,0,차대차 - 측면직각충돌,안전운전불이행,건조,맑음,단일로 - 기타,기타불명,기타불명,기타불명,기타불명,승용,여,48세,중상
2012013100100526,2012년 1월 31일 21시,화요일,경상북도 경주시 성건동,중상사고,0,2,0,0,차대차 - 측면직각충돌,안전운전불이행,결빙,맑음,교차로 - 교차로부근,승용,남,30세,상해없음,화물,남,54세,중상
2012013100100527,2012년 1월 31일 21시,화요일,경상북도 의성군 단촌면,중상사고,0,1,0,0,차대차 - 측면직각충돌,안전운전불이행,결빙,눈,단일로 - 기타,특수,남,45세,상해없음,승용,남,54세,상해없음
2012013100100528,2012년 1월 31일 21시,화요일,경상북도 칠곡군 약목면,부상신고사고,0,0,0,1,차량단독 - 공작물충돌,안전운전불이행,결빙,눈,단일로 - 기타,승용,남,55세,부상신고,,,,
2012013100100529,2012년 1월 31일 21시,화요일,경상북도 구미시 공단동,중상사고,0,2,0,0,차대차 - 추돌 - 진행중,안전운전불이행,습기,눈,단일로 - 기타,승용,남,59세,상해없음,승용,남,35세,중상
2012013100100594,2012년 1월 31일 23시,화요일,경상북도 경주시 건천읍,경상사고,0,0,1,0,차대차 - 추돌 - 진행중,안전운전불이행,습기,흐림,교차로 - 교차로부근,승용,남,33세,상해없음,승용,여,35세,경상
2012013100100595,2012년 1월 31일 23시,화요일,경상북도 구미시 형곡동,경상사고,0,0,1,0,차대차 - 추돌 - 진행중,안전운전불이행,결빙,눈,단일로 - 기타,승용,남,52세,상해없음,승용,여,54세,상해없음
2012020100100015,2012년 2월 1일 00시,수요일,경상북도 경주시 성건동,경상사고,0,0,1,0,차대차 - 측면직각충돌,안전운전불이행,결빙,눈,교차로 - 교차로부근,승용,남,37세,상해없음,승용,남,40세,경상
2012020100100016,2012년 2월 1일 00시,수요일,경상북도 영천시 고경면,중상사고,0,1,1,0,차량단독 - 공작물충돌,안전운전불이행,결빙,눈,단일로 - 기타,승용,여,37세,경상,,,,
2012020100100017,2012년 2월 1일 00시,수요일,경상북도 구미시 인의동,경상사고,0,0,1,0,차대차 - 추돌 - 진행중,안전운전불이행,결빙,눈,단일로 - 기타,화물,남,58세,상해없음,승용,여,36세,경상
2012020100100018,2012년 2월 1일 00시,수요일,경상북도 포항시 남구 청림동,중상사고,0,1,0,0,차대사람 - 기타,보행자보호의무위반,습기,비,단일로 - 횡단보도상,승용,여,41세,상해없음,보행자,남,54세,중상
2012020100100038,2012년 2월 1일 01시,수요일,경상북도 구미시 황상동,경상사고,0,0,2,0,차량단독 - 공작물충돌,안전운전불이행,적설,눈,단일로 - 기타,승용,남,36세,경상,,,,
2012020100100039,2012년 2월 1일 01시,수요일,경상북도 구미시 광평동,경상사고,0,0,2,0,차대차 - 측면직각충돌,안전운전불이행,건조,맑음,단일로 - 기타,승용,남,48세,상해없음,승용,남,40세,경상
2012020100100047,2012년 2월 1일 02시,수요일,경상북도 경주시 도지동,경상사고,0,0,2,0,차대차 - 추돌 - 주정차중,안전운전불이행,결빙,눈,단일로 - 기타,승용,남,28세,상해없음,승용,남,41세,경상
2012020100100048,2012년 2월 1일 02시,수요일,경상북도 구미시 임은동,경상사고,0,0,1,0,차량단독 - 공작물충돌,안전운전불이행,결빙,눈,단일로 - 기타,승용,남,54세,상해없음,,,,
2012020100100069,2012년 2월 1일 04시,수요일,경상북도 포항시 남구 대송면,중상사고,0,1,1,0,차량단독 - 공작물충돌,안전운전불이행,결빙,맑음,단일로 - 기타,화물,남,41세,경상,,,,
2012020100100073,2012년 2월 1일 05시,수요일,경상북도 포항시 남구 이동,경상사고,0,0,1,0,차대차 - 측면직각충돌,신호위반,건조,맑음,교차로 - 교차로안,화물,남,42세,상해없음,승용,남,53세,경상
2012020100100074,2012년 2월 1일 05시,수요일,경상북도 포항시 남구 해도동,경상사고,0,0,1,0,차대차 - 측면직각충돌,신호위반,건조,맑음,교차로 - 교차로안,승용,남,56세,상해없음,승용,남,72세,상해없음
2012020100100088,2012년 2월 1일 07시,수요일,경상북도 경주시 외동읍,중상사고,0,3,0,1,차대차 - 측면직각충돌,중앙선침범,적설,눈,단일로 - 기타,화물,남,26세,부상신고,승용,남,33세,중상
2012020100100112,2012년 2월 1일 08시,수요일,경상북도 포항시 북구 죽장면,중상사고,0,1,0,0,차대차 - 측면직각충돌,안전운전불이행,적설,눈,단일로 - 기타,화물,남,72세,상해없음,화물,남,61세,상해없음
2012020100100113,2012년 2월 1일 08시,수요일,경상북도 문경시 흥덕동,중상사고,0,1,0,0,차대차 - 기타,직진우회전진행방해,적설,맑음,교차로 - 교차로안,승용,남,54세,상해없음,승용,남,40세,중상
2012020100100151,2012년 2월 1일 09시,수요일,경상북도 경주시 외동읍,경상사고,0,0,1,0,차대차 - 추돌 - 진행중,안전운전불이행,결빙,눈,단일로 - 기타,승합,남,27세,상해없음,승용,여,50세,경상
2012020100100152,2012년 2월 1일 09시,수요일,경상북도 김천시 아포읍,중상사고,0,1,0,0,차량단독 - 기타,안전운전불이행,결빙,눈,단일로 - 기타,승용,남,46세,상해없음,,,,
2012020100100184,2012년 2월 1일 10시,수요일,경상북도 칠곡군 왜관읍,중상사고,0,1,0,0,차대차 - 추돌 - 진행중,중앙선침범,결빙,맑음,단일로 - 기타,승용,남,66세,상해없음,승용,남,42세,중상
2012020100100185,2012년 2월 1일 10시,수요일,경상북도 칠곡군 약목면,경상사고,0,0,3,0,차대차 - 추돌 - 진행중,안전운전불이행,결빙,눈,단일로 - 기타,승용,남,34세,상해없음,승합,남,47세,경상
2012020100100186,2012년 2월 1일 10시,수요일,경상북도 경산시 옥산동,중상사고,0,1,0,0,차대차 - 기타,안전운전불이행,습기,흐림,교차로 - 교차로안,승용,여,34세,상해없음,승용,남,31세,중상
2012020100100187,2012년 2월 1일 10시,수요일,경상북도 군위군 효령면,중상사고,0,1,0,0,차대사람 - 기타,안전운전불이행,적설,맑음,단일로 - 기타,화물,남,63세,상해없음,보행자,여,58세,중상
2012020100100214,2012년 2월 1일 11시,수요일,경상북도 경주시 광명동,경상사고,0,0,2,0,차대차 - 측면직각충돌,안전운전불이행,습기,맑음,교차로 - 교차로안,승용,남,52세,상해없음,승용,남,47세,경상
2012020100100215,2012년 2월 1일 11시,수요일,경상북도 영주시 휴천동,경상사고,0,0,3,0,차대차 - 측면직각충돌,교차로운행방법위반,결빙,맑음,교차로 - 교차로안,승용,여,51세,경상,승용,남,61세,경상
2012020100100216,2012년 2월 1일 11시,수요일,경상북도 울진군 북면,중상사고,0,2,0,0,차량단독 - 전도전복,안전운전불이행,결빙,맑음,단일로 - 기타,화물,남,46세,중상,,,,
2012020100100217,2012년 2월 1일 11시,수요일,경상북도 구미시 지산동,중상사고,0,1,0,0,차량단독 - 공작물충돌,안전운전불이행,결빙,맑음,단일로 - 기타,화물,남,51세,중상,,,,
2012020100100245,2012년 2월 1일 12시,수요일,경상북도 경주시 내남면,중상사고,0,1,1,0,차대차 - 추돌 - 진행중,안전운전불이행,결빙,맑음,단일로 - 터널,화물,남,43세,중상,특수,남,35세,경상
2012020100100246,2012년 2월 1일 12시,수요일,경상북도 영천시 오수동,경상사고,0,0,1,0,차대차 - 추돌 - 주정차중,안전운전불이행,결빙,맑음,교차로 - 교차로부근,화물,남,63세,상해없음,승용,남,74세,경상
2012020100100247,2012년 2월 1일 12시,수요일,경상북도 구미시 봉곡동,중상사고,0,1,0,0,차대차 - 추돌 - 주정차중,안전운전불이행,결빙,맑음,단일로 - 기타,승용,남,47세,상해없음,승용,여,29세,중상
2012020100100267,2012년 2월 1일 13시,수요일,경상북도 안동시 송천동,경상사고,0,0,1,0,차대차 - 추돌 - 진행중,안전운전불이행,결빙,눈,단일로 - 기타,승용,여,27세,경상,특수,남,48세,상해없음
2012020100100268,2012년 2월 1일 13시,수요일,경상북도 구미시 비산동,중상사고,0,1,3,0,차대차 - 기타,안전운전불이행,결빙,맑음,단일로 - 기타,화물,남,38세,경상,승용,여,43세,기타불명
2012020100100269,2012년 2월 1일 13시,수요일,경상북도 포항시 남구 연일읍,중상사고,0,1,0,0,차대차 - 추돌 - 진행중,직진우회전진행방해,건조,맑음,교차로 - 교차로안,승용,여,43세,상해없음,승용,여,54세,중상
2012020100100270,2012년 2월 1일 13시,수요일,경상북도 포항시 남구 상도동,중상사고,0,1,1,0,차대차 - 추돌 - 진행중,안전운전불이행,건조,맑음,단일로 - 기타,승용,남,49세,상해없음,화물,남,32세,중상
2012020100100288,2012년 2월 1일 14시,수요일,경상북도 경주시 양북면,중상사고,0,1,0,0,차량단독 - 공작물충돌,안전운전불이행,결빙,흐림,단일로 - 기타,화물,남,38세,중상,,,,
2012020100100289,2012년 2월 1일 14시,수요일,경상북도 포항시 북구 장성동,중상사고,0,2,0,0,차대차 - 기타,교차로운행방법위반,건조,맑음,단일로 - 기타,화물,남,20세,중상,승용,남,59세,중상
2012020100100290,2012년 2월 1일 14시,수요일,경상북도 김천시 아포읍,중상사고,0,2,0,0,차대차 - 측면직각충돌,중앙선침범,건조,맑음,교차로 - 교차로부근,화물,남,69세,상해없음,승용,남,27세,중상
2012020100100291,2012년 2월 1일 14시,수요일,경상북도 경산시 진량읍,중상사고,0,1,0,0,차량단독 - 기타,안전운전불이행,건조,맑음,단일로 - 기타,승합,남,44세,상해없음,,,,
2012020100100292,2012년 2월 1일 14시,수요일,경상북도 구미시 옥계동,중상사고,0,1,1,0,차대차 - 기타,안전운전불이행,결빙,맑음,단일로 - 기타,화물,남,43세,상해없음,화물,남,47세,중상
2012020100100293,2012년 2월 1일 14시,수요일,경상북도 구미시 선산읍,경상사고,0,0,1,0,차대차 - 측면직각충돌,중앙선침범,결빙,흐림,단일로 - 기타,승합,남,49세,상해없음,화물,남,44세,경상
2012020100100315,2012년 2월 1일 15시,수요일,경상북도 경주시 보문동,경상사고,0,0,1,0,차대차 - 측면직각충돌,중앙선침범,건조,맑음,교차로 - 교차로안,기타불명,기타불명,기타불명,기타불명,승용,남,51세,상해없음
2012020100100316,2012년 2월 1일 15시,수요일,경상북도 경산시 와촌면,경상사고,0,0,1,0,차대차 - 추돌 - 진행중,안전운전불이행,건조,맑음,단일로 - 기타,화물,남,47세,상해없음,승용,여,41세,경상
2012020100100317,2012년 2월 1일 15시,수요일,경상북도 구미시 원평동,경상사고,0,0,3,0,차대차 - 기타,교차로운행방법위반,결빙,흐림,교차로 - 교차로안,승용,남,44세,경상,승용,남,40세,경상
2012020100100318,2012년 2월 1일 15시,수요일,경상북도 포항시 남구 해도동,중상사고,0,1,0,0,차대사람 - 기타,기타,건조,맑음,기타 - 기타,화물,남,33세,상해없음,보행자,여,69세,중상
2012020100100319,2012년 2월 1일 15시,수요일,경상북도 포항시 남구 상도동,경상사고,0,0,1,0,차대차 - 기타,안전운전불이행,건조,맑음,교차로 - 교차로부근,화물,남,36세,경상,승용,남,40세,상해없음
2012020100100345,2012년 2월 1일 16시,수요일,경상북도 경주시 마동,중상사고,0,1,0,0,차량단독 - 공작물충돌,안전운전불이행,결빙,맑음,단일로 - 기타,화물,남,60세,중상,,,,
2012020100100346,2012년 2월 1일 16시,수요일,경상북도 김천시 지좌동,경상사고,0,0,1,0,차대차 - 측면직각충돌,안전운전불이행,결빙,맑음,단일로 - 기타,승용,남,36세,상해없음,화물,남,33세,경상