사고번호,사고일시,요일,시군구,사고내용,사망자수,중상자수,경상자수,부상신고자수,사고유형,법규위반,노면상태,기상상태,도로형태,가해운전자 차종,가해운전자 성별,가해운전자 연령,가해운전자 상해정도,피해운전자 차종,피해운전자 성별,피해운전자 연령,피해운전자 상해정도
2012020100100347,2012년 2월 1일 16시,수요일,경상북도 경산시 하양읍,경상사고,0,0,1,0,차대사람 - 기타,안전운전불이행,건조,맑음,교차로 - 교차로부근,승용,남,66세,상해없음,보행자,여,18세,경상
2012020100100348,2012년 2월 1일 16시,수요일,경상북도 구미시 공단동,중상사고,0,2,1,0,차대차 - 측면직각충돌,안전운전불이행,건조,맑음,교차로 - 교차로안,승용,남,56세,경상,승용,남,25세,중상
2012020100100374,2012년 2월 1일 17시,수요일,경상북도 경주시 천군동,경상사고,0,0,2,0,차량단독 - 기타,신호위반,건조,맑음,교차로 - 교차로안,원동기,남,16세,경상,,,,
2012020100100375,2012년 2월 1일 17시,수요일,경상북도 안동시 임하면,경상사고,0,0,2,0,차대차 - 측면직각충돌,중앙선침범,결빙,맑음,단일로 - 기타,화물,남,43세,상해없음,승용,남,58세,상해없음
2012020100100376,2012년 2월 1일 17시,수요일,경상북도 영천시 고경면,경상사고,0,0,2,0,차대차 - 정면충돌,안전운전불이행,건조,맑음,교차로 - 교차로안,승합,남,33세,경상,승용,남,31세,경상
2012020100100377,2012년 2월 1일 17시,수요일,경상북도 성주군 월항면,중상사고,0,3,0,0,차대차 - 추돌 - 주정차중,안전운전불이행,건조,맑음,교차로 - 교차로부근,승용,남,76세,상해없음,화물,남,55세,기타불명
2012020100100401,2012년 2월 1일 18시,수요일,경상북도 경주시 감포읍,경상사고,0,0,1,0,차대사람 - 차도통행중,안전운전불이행,건조,맑음,단일로 - 기타,화물,남,54세,상해없음,보행자,남,51세,경상
2012020100100402,2012년 2월 1일 18시,수요일,경상북도 안동시 당북동,경상사고,0,0,1,0,차대차 - 추돌 - 주정차중,안전운전불이행,결빙,맑음,교차로 - 교차로부근,화물,남,53세,상해없음,승합,남,54세,경상
2012020100100403,2012년 2월 1일 18시,수요일,경상북도 김천시 지좌동,중상사고,0,1,0,0,차량단독 - 공작물충돌,안전운전불이행,결빙,맑음,단일로 - 기타,승용,남,29세,중상,,,,
2012020100100404,2012년 2월 1일 18시,수요일,경상북도 영덕군 병곡면,중상사고,0,1,0,0,차대차 - 추돌 - 진행중,안전운전불이행,건조,맑음,단일로 - 기타,화물,남,30세,상해없음,농기계,남,70세,중상
2012020100100459,2012년 2월 1일 20시,수요일,경상북도 칠곡군 가산면,중상사고,0,3,0,0,차대차 - 추돌 - 진행중,안전운전불이행,결빙,흐림,단일로 - 기타,승용,여,29세,상해없음,승용,여,19세,중상
2012020100100460,2012년 2월 1일 20시,수요일,경상북도 영천시 문외동,경상사고,0,0,2,0,차대차 - 추돌 - 주정차중,안전운전불이행,건조,맑음,교차로 - 교차로부근,승용,남,51세,상해없음,화물,남,34세,경상
2012020100100461,2012년 2월 1일 20시,수요일,경상북도 포항시 남구 구룡포읍,경상사고,0,0,1,0,차대사람 - 기타,안전운전불이행,건조,맑음,단일로 - 기타,기타불명,기타불명,기타불명,기타불명,보행자,남,48세,경상
2012020100100483,2012년 2월 1일 21시,수요일,경상북도 칠곡군 가산면,중상사고,0,1,0,0,차대차 - 추돌 - 주정차중,안전운전불이행,결빙,흐림,단일로 - 기타,승용,남,45세,상해없음,승용,남,29세,중상
2012020100100511,2012년 2월 1일 22시,수요일,경상북도 김천시 신음동,경상사고,0,0,1,0,차대차 - 추돌 - 주정차중,안전운전불이행,결빙,맑음,교차로 - 교차로부근,승용,남,40세,상해없음,승용,남,45세,경상
2012020100100512,2012년 2월 1일 22시,수요일,경상북도 영주시 가흥동,중상사고,0,1,0,0,차량단독 - 공작물충돌,안전운전불이행,적설,눈,단일로 - 기타,승용,남,33세,중상,,,,
2012020100100513,2012년 2월 1일 22시,수요일,경상북도 칠곡군 북삼읍,경상사고,0,0,1,0,차대차 - 측면직각충돌,중앙선침범,건조,맑음,단일로 - 기타,승용,남,32세,상해없음,승용,남,49세,경상
2012020100100514,2012년 2월 1일 22시,수요일,경상북도 칠곡군 가산면,경상사고,0,0,1,0,차대차 - 추돌 - 진행중,안전운전불이행,결빙,눈,단일로 - 기타,승용,남,32세,상해없음,승용,남,23세,경상
2012020100100538,2012년 2월 1일 23시,수요일,경상북도 경산시 하양읍,중상사고,0,1,0,0,차량단독 - 공작물충돌,안전운전불이행,건조,맑음,단일로 - 기타,승용,남,26세,상해없음,,,,
2012020100100539,2012년 2월 1일 23시,수요일,경상북도 울진군 원남면,중상사고,0,1,0,0,차대차 - 정면충돌,중앙선침범,습기,맑음,단일로 - 기타,승용,남,57세,중상,특수,남,41세,상해없음
2012020100100540,2012년 2월 1일 23시,수요일,경상북도 포항시 남구 송내동,경상사고,0,0,3,0,차대차 - 추돌 - 진행중,안전운전불이행,건조,맑음,교차로 - 교차로부근,승용,남,29세,상해없음,승용,남,21세,경상
2012020200100016,2012년 2월 2일 00시,목요일,경상북도 김천시 평화동,중상사고,0,1,0,0,차대차 - 측면직각충돌,불법유턴,건조,맑음,교차로 - 교차로안,승용,남,32세,상해없음,승용,남,42세,중상
2012020200100034,2012년 2월 2일 01시,목요일,경상북도 경산시 진량읍,경상사고,0,0,1,0,차대차 - 기타,신호위반,건조,맑음,교차로 - 교차로안,승용,남,35세,상해없음,화물,남,32세,경상
2012020200100073,2012년 2월 2일 05시,목요일,경상북도 포항시 북구 우현동,중상사고,0,1,0,0,차대차 - 측면직각충돌,신호위반,건조,맑음,교차로 - 교차로안,화물,남,46세,상해없음,승용,여,55세,중상
2012020200100088,2012년 2월 2일 06시,목요일,경상북도 구미시 구포동,경상사고,0,0,2,0,차대차 - 추돌 - 주정차중,안전운전불이행,기타,맑음,교차로 - 교차로부근,승용,여,49세,상해없음,승용,여,39세,경상
2012020200100139,2012년 2월 2일 08시,목요일,경상북도 경주시 성동동,경상사고,0,0,1,0,차대사람 - 기타,보행자보호의무위반,건조,맑음,단일로 - 횡단보도상,승용,남,44세,상해없음,보행자,여,19세,경상
2012020200100140,2012년 2월 2일 08시,목요일,경상북도 김천시 아포읍,중상사고,0,1,1,0,차대차 - 측면직각충돌,중앙선침범,결빙,눈,단일로 - 기타,승용,여,36세,상해없음,화물,남,40세,경상
2012020200100141,2012년 2월 2일 08시,목요일,경상북도 영천시 문외동,경상사고,0,0,1,0,차대차 - 측면직각충돌,직진우회전진행방해,건조,맑음,교차로 - 교차로안,승용,여,43세,상해없음,화물,남,63세,상해없음
2012020200100142,2012년 2월 2일 08시,목요일,경상북도 구미시 신평동,경상사고,0,0,1,0,차대차 - 측면직각충돌,안전거리미확보,건조,맑음,단일로 - 기타,승용,남,42세,상해없음,승용,여,38세,경상
2012020200100167,2012년 2월 2일 09시,목요일,경상북도 안동시 정하동,중상사고,0,2,0,0,차대차 - 추돌 - 주정차중,안전운전불이행,결빙,맑음,단일로 - 교량,화물,남,51세,상해없음,승용,남,57세,중상
2012020200100168,2012년 2월 2일 09시,목요일,경상북도 경산시 사동,경상사고,0,0,2,0,차대차 - 기타,안전운전불이행,건조,맑음,단일로 - 기타,화물,남,55세,상해없음,승용,남,52세,경상
2012020200100169,2012년 2월 2일 09시,목요일,경상북도 고령군 고령읍,중상사고,0,1,2,0,차대차 - 측면직각충돌,교차로운행방법위반,건조,맑음,교차로 - 교차로안,승용,여,67세,중상,승용,남,74세,경상
2012020200100223,2012년 2월 2일 11시,목요일,경상북도 성주군 선남면,경상사고,0,0,1,0,차량단독 - 공작물충돌,안전운전불이행,건조,맑음,단일로 - 기타,승용,여,50세,경상,,,,
2012020200100224,2012년 2월 2일 11시,목요일,경상북도 울진군 평해읍,중상사고,0,1,0,0,차대차 - 측면직각충돌,안전운전불이행,건조,맑음,교차로 - 교차로안,승용,남,40세,상해없음,승용,남,47세,상해없음
2012020200100225,2012년 2월 2일 11시,목요일,경상북도 구미시 원평동,경상사고,0,0,1,0,차대사람 - 횡단중,안전운전불이행,건조,맑음,단일로 - 기타,승용,남,43세,상해없음,보행자,여,19세,경상
2012020200100226,2012년 2월 2일 11시,목요일,경상북도 구미시 형곡동,중상사고,0,1,0,0,차대차 - 추돌 - 진행중,안전운전불이행,건조,맑음,단일로 - 기타,승합,남,65세,상해없음,이륜,남,48세,중상
2012020200100227,2012년 2월 2일 11시,목요일,경상북도 포항시 남구 대잠동,경상사고,0,0,3,0,차대차 - 추돌 - 진행중,안전운전불이행,건조,맑음,단일로 - 기타,승용,여,42세,상해없음,승용,남,30세,경상
2012020200100254,2012년 2월 2일 12시,목요일,경상북도 경산시 중방동,경상사고,0,0,1,0,차대차 - 기타,안전운전불이행,건조,맑음,단일로 - 기타,화물,남,41세,상해없음,승용,여,33세,경상
2012020200100287,2012년 2월 2일 13시,목요일,경상북도 구미시 송정동,중상사고,0,1,0,0,차대사람 - 횡단중,안전운전불이행,결빙,맑음,교차로 - 교차로부근,화물,남,50세,상해없음,보행자,여,84세,중상
2012020200100323,2012년 2월 2일 14시,목요일,경상북도 경주시 용강동,중상사고,0,1,0,0,차대차 - 측면직각충돌,안전운전불이행,건조,맑음,단일로 - 기타,승용,여,45세,기타불명,승합,남,45세,상해없음
2012020200100324,2012년 2월 2일 14시,목요일,경상북도 청송군 진보면,중상사고,0,2,1,0,차대차 - 정면충돌,안전운전불이행,결빙,맑음,단일로 - 기타,승용,남,43세,상해없음,승용,여,54세,중상
2012020200100354,2012년 2월 2일 15시,목요일,경상북도 경주시 성건동,중상사고,0,1,0,0,차대차 - 기타,안전운전불이행,건조,맑음,단일로 - 기타,승용,남,47세,상해없음,자전거,남,71세,중상
2012020200100355,2012년 2월 2일 15시,목요일,경상북도 안동시 정하동,경상사고,0,0,1,0,차대차 - 추돌 - 진행중,안전운전불이행,결빙,맑음,단일로 - 기타,승용,여,43세,상해없음,승용,남,57세,경상
2012020200100356,2012년 2월 2일 15시,목요일,경상북도 경산시 진량읍,중상사고,0,1,0,0,차대차 - 기타,교차로운행방법위반,건조,맑음,교차로 - 교차로안,승합,남,44세,상해없음,원동기,남,36세,중상
2012020200100380,2012년 2월 2일 16시,목요일,경상북도 경주시 현곡면,사망사고,1,0,2,0,차대차 - 추돌 - 주정차중,안전운전불이행,건조,맑음,단일로 - 기타,화물,남,49세,사망,화물,남,40세,경상
2012020200100381,2012년 2월 2일 16시,목요일,경상북도 청도군 화양읍,중상사고,0,1,0,0,차량단독 - 공작물충돌,안전운전불이행,건조,맑음,단일로 - 기타,승용,남,27세,중상,,,,
2012020200100382,2012년 2월 2일 16시,목요일,경상북도 울진군 북면,사망사고,1,0,0,0,차량단독 - 도로외이탈 - 추락,안전운전불이행,건조,맑음,단일로 - 기타,화물,남,60세,사망,,,,
2012020200100416,2012년 2월 2일 17시,목요일,경상북도 포항시 북구 두호동,경상사고,0,0,2,0,차대차 - 추돌 - 주정차중,안전운전불이행,건조,맑음,단일로 - 기타,승용,남,49세,상해없음,승용,남,45세,경상
2012020200100474,2012년 2월 2일 19시,목요일,경상북도 포항시 북구 죽도동,경상사고,0,0,1,0,차대차 - 추돌 - 주정차중,안전거리미확보,건조,맑음,단일로 - 기타,승용,남,55세,상해없음,승용,남,53세,경상
2012020200100498,2012년 2월 2일 20시,목요일,경상북도 경주시 성건동,경상사고,0,0,3,0,차대차 - 측면직각충돌,신호위반,건조,맑음,교차로 - 교차로안,승용,여,43세,경상,승용,여,45세,경상
2012020200100499,2012년 2월 2일 20시,목요일,경상북도 예천군 예천읍,경상사고,0,0,1,0,차대차 - 정면충돌,안전운전불이행,건조,맑음,단일로 - 기타,승용,남,49세,경상,승용,남,50세,상해없음
2012020200100559,2012년 2월 2일 22시,목요일,경상북도 경주시 외동읍,경상사고,0,0,1,0,차량단독 - 공작물충돌,안전운전불이행,건조,맑음,교차로 - 교차로부근,승용,남,39세,경상,,,,
2012020200100560,2012년 2월 2일 22시,목요일,경상북도 영천시 망정동,경상사고,0,0,9,0,차대차 - 추돌 - 진행중,안전거리미확보,건조,맑음,단일로 - 기타,승용,남,20세,상해없음,승용,남,26세,경상
2012020200100561,2012년 2월 2일 22시,목요일,경상북도 봉화군 봉화읍,경상사고,0,0,1,0,차량단독 - 도로외이탈 - 기타,안전운전불이행,결빙,흐림,단일로 - 기타,승용,남,58세,상해없음,,,,
2012020200100562,2012년 2월 2일 22시,목요일,경상북도 상주시 내서면,경상사고,0,0,1,0,차대차 - 추돌 - 진행중,안전운전불이행,건조,맑음,단일로 - 기타,승용,남,40세,상해없음,화물,남,59세,경상
2012020200100592,2012년 2월 2일 23시,목요일,경상북도 안동시 금곡동,경상사고,0,0,1,0,차대차 - 추돌 - 주정차중,안전운전불이행,적설,맑음,단일로 - 기타,승용,남,39세,상해없음,승용,남,41세,상해없음
2012020200100593,2012년 2월 2일 23시,목요일,경상북도 안동시 운흥동,중상사고,0,1,1,0,차대차 - 추돌 - 주정차중,안전운전불이행,적설,맑음,단일로 - 기타,승용,남,25세,상해없음,승용,여,51세,상해없음
2012020200100594,2012년 2월 2일 23시,목요일,경상북도 경산시 중방동,경상사고,0,0,1,0,차대사람 - 기타,신호위반,건조,맑음,교차로 - 교차로안,승용,남,37세,상해없음,보행자,여,39세,경상
2012020300100019,2012년 2월 3일 00시,금요일,경상북도 포항시 북구 우현동,경상사고,0,0,1,0,차대차 - 추돌 - 진행중,안전운전불이행,건조,맑음,단일로 - 기타,승용,남,57세,상해없음,승용,남,54세,상해없음
2012020300100069,2012년 2월 3일 04시,금요일,경상북도 구미시 원평동,중상사고,0,1,0,0,차대차 - 측면직각충돌,안전운전불이행,건조,맑음,교차로 - 교차로안,승용,남,24세,상해없음,승용,남,38세,중상
2012020300100076,2012년 2월 3일 05시,금요일,경상북도 구미시 옥계동,경상사고,0,0,1,0,차대차 - 측면직각충돌,안전운전불이행,건조,맑음,단일로 - 기타,승용,남,41세,상해없음,이륜,남,59세,경상
2012020300100087,2012년 2월 3일 06시,금요일,경상북도 영천시 금호읍,중상사고,0,1,3,0,차대차 - 측면직각충돌,안전운전불이행,건조,맑음,단일로 - 기타,승용,남,43세,경상,화물,남,60세,경상
2012020300100155,2012년 2월 3일 08시,금요일,경상북도 포항시 북구 득량동,경상사고,0,0,1,0,차대차 - 기타,안전거리미확보,건조,맑음,교차로 - 교차로부근,승용,여,49세,상해없음,승용,남,32세,경상
2012020300100178,2012년 2월 3일 09시,금요일,경상북도 구미시 오태동,경상사고,0,0,2,0,차대차 - 측면직각충돌,안전운전불이행,건조,맑음,단일로 - 기타,승합,남,55세,경상,승용,남,41세,경상
2012020300100201,2012년 2월 3일 10시,금요일,경상북도 영천시 청통면,경상사고,0,0,1,0,차량단독 - 공작물충돌,안전운전불이행,건조,맑음,교차로 - 교차로안,건설기계,남,48세,경상,,,,
2012020300100202,2012년 2월 3일 10시,금요일,경상북도 청송군 안덕면,경상사고,0,0,2,0,차량단독 - 기타,안전운전불이행,결빙,맑음,단일로 - 기타,승용,여,60세,경상,,,,
2012020300100203,2012년 2월 3일 10시,금요일,경상북도 구미시 황상동,사망사고,1,0,0,0,차량단독 - 전도전복,안전운전불이행,결빙,맑음,교차로 - 교차로부근,화물,남,25세,사망,,,,
2012020300100231,2012년 2월 3일 11시,금요일,경상북도 포항시 북구 상원동,중상사고,0,1,0,0,차대차 - 측면직각충돌,안전운전불이행,건조,맑음,단일로 - 기타,승용,남,24세,상해없음,자전거,남,63세,중상
2012020300100261,2012년 2월 3일 12시,금요일,경상북도 구미시 구평동,경상사고,0,0,1,0,차대차 - 측면직각충돌,안전운전불이행,건조,맑음,기타 - 기타,승용,여,32세,상해없음,이륜,남,32세,경상
2012020300100291,2012년 2월 3일 13시,금요일,경상북도 칠곡군 동명면,중상사고,0,1,0,1,차대차 - 정면충돌,안전운전불이행,결빙,맑음,단일로 - 기타,승용,남,44세,부상신고,승용,남,52세,중상
2012020300100314,2012년 2월 3일 14시,금요일,경상북도 안동시 송현동,중상사고,0,1,0,0,차대차 - 측면직각충돌,중앙선침범,적설,맑음,단일로 - 기타,화물,남,46세,상해없음,승용,남,36세,중상
2012020300100351,2012년 2월 3일 15시,금요일,경상북도 안동시 용상동,경상사고,0,0,1,0,차대차 - 측면직각충돌,안전운전불이행,건조,맑음,단일로 - 기타,승용,남,45세,상해없음,자전거,남,62세,경상
2012020300100352,2012년 2월 3일 15시,금요일,경상북도 김천시 성내동,중상사고,0,1,0,0,차대차 - 측면직각충돌,중앙선침범,건조,맑음,단일로 - 기타,승용,남,40세,상해없음,화물,남,52세,중상
2012020300100353,2012년 2월 3일 15시,금요일,경상북도 문경시 문경읍,중상사고,0,1,0,0,차대차 - 측면직각충돌,안전운전불이행,결빙,맑음,단일로 - 기타,승합,남,46세,상해없음,승용,여,59세,중상
2012020300100354,2012년 2월 3일 15시,금요일,경상북도 청송군 청송읍,사망사고,1,1,0,0,차대차 - 정면충돌,기타,건조,맑음,단일로 - 기타,승용,여,47세,사망,승용,남,30세,중상
2012020300100355,2012년 2월 3일 15시,금요일,경상북도 구미시 남통동,중상사고,0,1,0,0,차대차 - 기타,안전운전불이행,건조,맑음,단일로 - 기타,승용,여,38세,상해없음,승용,여,47세,중상
2012020300100356,2012년 2월 3일 15시,금요일,경상북도 포항시 남구 오천읍,경상사고,0,0,1,0,차대차 - 추돌 - 진행중,안전운전불이행,건조,맑음,단일로 - 기타,승용,남,55세,상해없음,원동기,남,71세,경상
2012020300100357,2012년 2월 3일 15시,금요일,경상북도 포항시 남구 대도동,경상사고,0,0,1,0,차대차 - 추돌 - 진행중,교차로운행방법위반,건조,맑음,단일로 - 기타,승용,여,44세,상해없음,승용,남,43세,상해없음
2012020300100395,2012년 2월 3일 16시,금요일,경상북도 안동시 풍산읍,중상사고,0,2,0,0,차대차 - 정면충돌,안전운전불이행,결빙,맑음,단일로 - 기타,화물,남,49세,상해없음,화물,남,64세,중상
2012020300100396,2012년 2월 3일 16시,금요일,경상북도 영덕군 강구면,경상사고,0,0,3,0,차대차 - 추돌 - 주정차중,안전거리미확보,건조,맑음,단일로 - 기타,승용,남,32세,상해없음,승용,남,66세,경상
2012020300100397,2012년 2월 3일 16시,금요일,경상북도 구미시 사곡동,경상사고,0,0,3,0,차대차 - 측면직각충돌,중앙선침범,건조,맑음,교차로 - 교차로부근,승용,남,50세,경상,승용,남,40세,경상
2012020300100398,2012년 2월 3일 16시,금요일,경상북도 포항시 남구 대도동,경상사고,0,0,1,0,차대사람 - 기타,안전운전불이행,건조,맑음,단일로 - 기타,승용,남,50세,상해없음,보행자,여,52세,경상
2012020300100429,2012년 2월 3일 17시,금요일,경상북도 영천시 망정동,경상사고,0,0,4,0,차대차 - 측면직각충돌,안전운전불이행,건조,맑음,기타 - 기타,승용,남,61세,상해없음,승용,여,48세,경상
2012020300100468,2012년 2월 3일 18시,금요일,경상북도 경주시 시래동,경상사고,0,0,1,0,차대사람 - 기타,보행자보호의무위반,건조,맑음,단일로 - 횡단보도상,승용,여,50세,상해없음,보행자,남,51세,경상
2012020300100469,2012년 2월 3일 18시,금요일,경상북도 포항시 북구 죽도동,경상사고,0,0,1,0,차대차 - 기타,불법유턴,건조,맑음,교차로 - 교차로안,화물,남,51세,상해없음,이륜,남,25세,경상
2012020300100512,2012년 2월 3일 19시,금요일,경상북도 영천시 망정동,경상사고,0,0,5,1,차대차 - 추돌 - 진행중,안전거리미확보,건조,맑음,교차로 - 교차로부근,승용,여,48세,부상신고,승용,여,30세,경상
2012020300100513,2012년 2월 3일 19시,금요일,경상북도 경산시 남천면,사망사고,1,0,2,0,차량단독 - 전도전복,안전운전불이행,건조,맑음,단일로 - 기타,화물,남,42세,사망,,,,
2012020300100548,2012년 2월 3일 20시,금요일,경상북도 포항시 남구 동촌동,경상사고,0,0,4,0,차대차 - 추돌 - 진행중,안전운전불이행,건조,맑음,교차로 - 교차로부근,화물,남,42세,상해없음,승용,여,59세,경상
2012020300100587,2012년 2월 3일 21시,금요일,경상북도 영주시 가흥동,경상사고,0,0,2,0,차대차 - 추돌 - 주정차중,안전운전불이행,건조,맑음,교차로 - 교차로부근,승용,남,40세,상해없음,승용,남,34세,경상
2012020300100588,2012년 2월 3일 21시,금요일,경상북도 경산시 중방동,경상사고,0,0,1,0,차대차 - 기타,안전운전불이행,건조,맑음,단일로 - 기타,승용,여,46세,상해없음,원동기,남,24세,경상
2012020300100589,2012년 2월 3일 21시,금요일,경상북도 상주시 사벌면,경상사고,0,0,1,0,차대차 - 측면직각충돌,안전거리미확보,건조,맑음,단일로 - 기타,기타불명,기타불명,기타불명,기타불명,승용,여,26세,경상
2012020300100625,2012년 2월 3일 22시,금요일,경상북도 포항시 북구 죽도동,경상사고,0,0,2,0,차량단독 - 공작물충돌,안전운전불이행,건조,맑음,단일로 - 기타,승용,여,36세,상해없음,,,,
2012020300100626,2012년 2월 3일 22시,금요일,경상북도 포항시 남구 연일읍,사망사고,1,0,0,0,차대사람 - 횡단중,안전운전불이행,건조,맑음,단일로 - 기타,화물,남,29세,상해없음,보행자,남,50세,사망
2012020300100657,2012년 2월 3일 23시,금요일,경상북도 포항시 북구 창포동,중상사고,0,1,0,0,차대사람 - 횡단중,안전운전불이행,건조,맑음,교차로 - 교차로부근,승합,남,57세,상해없음,보행자,남,55세,중상
2012020300100658,2012년 2월 3일 23시,금요일,경상북도 성주군 벽진면,경상사고,0,0,1,0,차대차 - 추돌 - 진행중,안전운전불이행,건조,맑음,교차로 - 교차로부근,승용,여,56세,상해없음,원동기,남,74세,경상
2012020300100659,2012년 2월 3일 23시,금요일,경상북도 성주군 성주읍,경상사고,0,0,1,0,차대사람 - 기타,안전운전불이행,건조,맑음,단일로 - 기타,승용,남,53세,상해없음,보행자,남,46세,경상
2012020400100022,2012년 2월 4일 00시,토요일,경상북도 영천시 망정동,중상사고,0,1,0,0,차대사람 - 횡단중,안전운전불이행,건조,맑음,단일로 - 횡단보도상,승용,남,43세,상해없음,보행자,남,41세,중상
2012020400100023,2012년 2월 4일 00시,토요일,경상북도 구미시 공단동,사망사고,1,0,1,0,차대차 - 기타,안전운전불이행,건조,맑음,교차로 - 교차로부근,승용,남,39세,사망,승용,남,54세,상해없음
2012020400100024,2012년 2월 4일 00시,토요일,경상북도 구미시 원평동,경상사고,0,0,1,0,차대차 - 측면직각충돌,안전운전불이행,건조,맑음,기타 - 기타,승용,남,28세,상해없음,승용,남,53세,경상
2012020400100025,2012년 2월 4일 00시,토요일,경상북도 구미시 사곡동,중상사고,0,1,1,0,차대사람 - 기타,안전운전불이행,건조,맑음,단일로 - 기타,승용,남,33세,상해없음,보행자,여,34세,경상
2012020400100052,2012년 2월 4일 01시,토요일,경상북도 포항시 남구 대도동,중상사고,0,1,2,0,차대차 - 기타,안전운전불이행,건조,맑음,교차로 - 교차로부근,승용,남,56세,상해없음,승용,남,57세,중상
2012020400100154,2012년 2월 4일 07시,토요일,경상북도 경주시 구정동,경상사고,0,0,3,0,차대차 - 기타,안전운전불이행,건조,맑음,교차로 - 교차로부근,승용,남,45세,상해없음,승용,남,43세,경상
2012020400100155,2012년 2월 4일 07시,토요일,경상북도 김천시 조마면,중상사고,0,1,2,0,차량단독 - 공작물충돌,안전운전불이행,결빙,맑음,단일로 - 기타,승용,남,43세,상해없음,,,,
2012020400100176,2012년 2월 4일 08시,토요일,경상북도 안동시 서후면,경상사고,0,0,1,0,차대차 - 측면직각충돌,신호위반,결빙,맑음,교차로 - 교차로안,화물,남,30세,상해없음,화물,남,41세,경상
2012020400100177,2012년 2월 4일 08시,토요일,경상북도 구미시 지산동,중상사고,0,2,1,0,차대차 - 추돌 - 진행중,안전운전불이행,결빙,맑음,단일로 - 기타,승용,남,31세,중상,승용,여,46세,상해없음
2012020400100203,2012년 2월 4일 09시,토요일,경상북도 경산시 하양읍,중상사고,0,1,0,0,차대사람 - 횡단중,보행자보호의무위반,건조,맑음,단일로 - 기타,화물,남,47세,상해없음,보행자,여,80세,중상
2012020400100243,2012년 2월 4일 11시,토요일,경상북도 경주시 외동읍,중상사고,0,3,2,0,차대차 - 추돌 - 진행중,안전운전불이행,건조,맑음,교차로 - 교차로부근,승합,남,42세,상해없음,화물,남,43세,경상
2012020400100244,2012년 2월 4일 11시,토요일,경상북도 포항시 북구 죽도동,경상사고,0,0,1,0,차대차 - 기타,안전운전불이행,건조,맑음,단일로 - 기타,승용,여,56세,상해없음,승용,남,63세,경상
2012020400100245,2012년 2월 4일 11시,토요일,경상북도 영천시 금호읍,중상사고,0,1,0,0,차대차 - 측면직각충돌,교차로운행방법위반,건조,맑음,교차로 - 교차로안,승합,남,54세,중상,승용,남,51세,상해없음
2012020400100246,2012년 2월 4일 11시,토요일,경상북도 문경시 가은읍,경상사고,0,0,1,0,차대차 - 기타,안전운전불이행,적설,맑음,단일로 - 기타,승용,남,36세,상해없음,승용,남,50세,경상
2012020400100302,2012년 2월 4일 13시,토요일,경상북도 경주시 광명동,중상사고,0,2,2,0,차대차 - 측면직각충돌,안전운전불이행,건조,맑음,교차로 - 교차로안,승용,여,19세,상해없음,승용,남,62세,중상
2012020400100303,2012년 2월 4일 13시,토요일,경상북도 경주시 내남면,중상사고,0,2,0,0,차대차 - 추돌 - 진행중,안전운전불이행,건조,맑음,교차로 - 교차로부근,승용,남,29세,중상,승용,남,51세,중상
2012020400100335,2012년 2월 4일 14시,토요일,경상북도 문경시 농암면,중상사고,0,1,0,0,차대차 - 기타,안전운전불이행,결빙,맑음,단일로 - 교량,승용,남,49세,상해없음,화물,남,57세,중상
2012020400100336,2012년 2월 4일 14시,토요일,경상북도 청송군 안덕면,경상사고,0,0,1,0,차대차 - 기타,중앙선침범,건조,맑음,단일로 - 기타,화물,남,69세,상해없음,승용,여,40세,경상
2012020400100354,2012년 2월 4일 15시,토요일,경상북도 영천시 완산동,경상사고,0,0,1,0,차대차 - 측면직각충돌,안전운전불이행,건조,맑음,단일로 - 기타,승용,여,38세,상해없음,이륜,남,20세,경상
2012020400100355,2012년 2월 4일 15시,토요일,경상북도 예천군 유천면,경상사고,0,0,1,0,차대차 - 추돌 - 진행중,안전운전불이행,건조,맑음,단일로 - 기타,승용,남,58세,상해없음,승용,여,27세,경상
2012020400100356,2012년 2월 4일 15시,토요일,경상북도 청송군 진보면,경상사고,0,0,3,0,차대차 - 정면충돌,중앙선침범,결빙,맑음,단일로 - 기타,승용,남,65세,상해없음,승용,남,55세,경상
2012020400100357,2012년 2월 4일 15시,토요일,경상북도 청송군 진보면,경상사고,0,0,1,0,차대차 - 정면충돌,중앙선침범,결빙,맑음,단일로 - 기타,승용,남,33세,상해없음,화물,남,37세,경상
2012020400100393,2012년 2월 4일 16시,토요일,경상북도 영양군 영양읍,중상사고,0,1,0,0,차대차 - 정면충돌,중앙선침범,습기,맑음,단일로 - 기타,화물,남,58세,상해없음,화물,남,46세,중상
2012020400100417,2012년 2월 4일 17시,토요일,경상북도 경주시 황오동,경상사고,0,0,1,0,차대차 - 측면직각충돌,안전운전불이행,건조,맑음,교차로 - 교차로안,승합,남,37세,상해없음,이륜,남,16세,경상
2012020400100418,2012년 2월 4일 17시,토요일,경상북도 칠곡군 왜관읍,중상사고,0,1,0,0,차대사람 - 보도통행중,기타,건조,맑음,단일로 - 기타,승용,여,45세,상해없음,보행자,여,65세,중상
2012020400100419,2012년 2월 4일 17시,토요일,경상북도 영덕군 강구면,중상사고,0,1,0,0,차대사람 - 횡단중,안전운전불이행,건조,맑음,단일로 - 기타,승용,남,55세,상해없음,보행자,여,55세,중상
2012020400100511,2012년 2월 4일 19시,토요일,경상북도 포항시 북구 두호동,중상사고,0,1,3,0,차대차 - 추돌 - 주정차중,안전운전불이행,건조,맑음,단일로 - 기타,승용,남,29세,상해없음,승용,남,55세,경상
2012020400100512,2012년 2월 4일 19시,토요일,경상북도 영천시 고경면,경상사고,0,0,1,0,차대차 - 측면직각충돌,신호위반,건조,맑음,교차로 - 교차로안,승용,여,40세,상해없음,승용,남,46세,상해없음