사고번호,사고일시,요일,시군구,사고내용,사망자수,중상자수,경상자수,부상신고자수,사고유형,법규위반,노면상태,기상상태,도로형태,가해운전자 차종,가해운전자 성별,가해운전자 연령,가해운전자 상해정도,피해운전자 차종,피해운전자 성별,피해운전자 연령,피해운전자 상해정도
2012020400100553,2012년 2월 4일 20시,토요일,경상북도 예천군 지보면,중상사고,0,3,2,0,차량단독 - 도로외이탈 - 추락,안전운전불이행,결빙,맑음,단일로 - 교량,승용,남,36세,중상,,,,
2012020400100585,2012년 2월 4일 21시,토요일,경상북도 구미시 공단동,경상사고,0,0,2,0,차대차 - 측면직각충돌,안전운전불이행,건조,맑음,단일로 - 기타,승용,여,37세,상해없음,화물,남,38세,경상
2012020400100607,2012년 2월 4일 22시,토요일,경상북도 문경시 공평동,경상사고,0,0,1,1,차량단독 - 공작물충돌,안전운전불이행,결빙,맑음,교차로 - 교차로안,승용,남,43세,부상신고,,,,
2012020400100608,2012년 2월 4일 22시,토요일,경상북도 포항시 남구 해도동,경상사고,0,0,2,0,차대차 - 추돌 - 진행중,신호위반,건조,맑음,교차로 - 교차로안,승용,남,60세,상해없음,승용,여,30세,경상
2012020400100609,2012년 2월 4일 22시,토요일,경상북도 포항시 남구 상도동,경상사고,0,0,1,0,차대차 - 추돌 - 진행중,안전운전불이행,건조,맑음,단일로 - 기타,승용,남,29세,상해없음,승용,남,58세,경상
2012020500100029,2012년 2월 5일 00시,일요일,경상북도 경산시 자인면,경상사고,0,0,1,0,차대차 - 기타,중앙선침범,건조,맑음,단일로 - 기타,승용,기타불명,기타불명,기타불명,승용,남,40세,경상
2012020500100030,2012년 2월 5일 00시,일요일,경상북도 구미시 사곡동,중상사고,0,1,0,0,차대차 - 추돌 - 주정차중,안전운전불이행,건조,맑음,교차로 - 교차로부근,승용,남,35세,상해없음,승용,여,45세,중상
2012020500100078,2012년 2월 5일 02시,일요일,경상북도 경주시 북군동,경상사고,0,0,1,0,차량단독 - 공작물충돌,안전운전불이행,건조,맑음,기타 - 기타,승용,남,29세,상해없음,,,,
2012020500100079,2012년 2월 5일 02시,일요일,경상북도 포항시 북구 죽도동,경상사고,0,0,1,0,차대차 - 기타,신호위반,건조,맑음,교차로 - 교차로안,승용,남,25세,상해없음,승용,남,59세,경상
2012020500100094,2012년 2월 5일 03시,일요일,경상북도 경주시 황오동,중상사고,0,1,0,0,차대사람 - 기타,안전운전불이행,건조,맑음,단일로 - 기타,승용,남,56세,상해없음,보행자,남,32세,중상
2012020500100095,2012년 2월 5일 03시,일요일,경상북도 경주시 황오동,경상사고,0,0,1,0,차대차 - 측면직각충돌,안전운전불이행,건조,맑음,단일로 - 기타,승용,여,45세,기타불명,승용,남,53세,경상
2012020500100109,2012년 2월 5일 04시,일요일,경상북도 문경시 점촌동,중상사고,0,1,0,0,차량단독 - 전도전복,안전운전불이행,건조,맑음,단일로 - 기타,승용,남,51세,상해없음,,,,
2012020500100124,2012년 2월 5일 05시,일요일,경상북도 포항시 남구 해도동,경상사고,0,0,1,0,차대차 - 추돌 - 진행중,안전운전불이행,건조,맑음,교차로 - 교차로부근,승용,남,61세,상해없음,승용,여,44세,경상
2012020500100195,2012년 2월 5일 10시,일요일,경상북도 김천시 평화동,경상사고,0,0,3,0,차대차 - 측면직각충돌,안전운전불이행,건조,맑음,단일로 - 기타,승용,남,78세,상해없음,승용,여,43세,기타불명
2012020500100196,2012년 2월 5일 10시,일요일,경상북도 문경시 모전동,경상사고,0,0,1,0,차대차 - 기타,안전운전불이행,건조,맑음,교차로 - 교차로부근,화물,남,55세,상해없음,승합,남,63세,경상
2012020500100220,2012년 2월 5일 12시,일요일,경상북도 경주시 안강읍,경상사고,0,0,3,0,차대차 - 기타,중앙선침범,건조,맑음,단일로 - 기타,승용,남,41세,상해없음,승용,남,37세,경상
2012020500100221,2012년 2월 5일 12시,일요일,경상북도 경산시 정평동,중상사고,0,2,2,0,차대차 - 기타,안전운전불이행,건조,맑음,단일로 - 기타,승용,남,54세,상해없음,승합,남,52세,중상
2012020500100222,2012년 2월 5일 12시,일요일,경상북도 경산시 중방동,경상사고,0,0,1,0,차대차 - 기타,안전운전불이행,건조,맑음,교차로 - 교차로부근,승용,남,28세,상해없음,승용,여,32세,경상
2012020500100413,2012년 2월 5일 19시,일요일,경상북도 청도군 청도읍,경상사고,0,0,1,0,차대차 - 측면직각충돌,안전운전불이행,건조,맑음,단일로 - 횡단보도부근,원동기,남,16세,경상,승용,여,40세,상해없음
2012020500100435,2012년 2월 5일 20시,일요일,경상북도 경산시 정평동,중상사고,0,2,0,0,차대차 - 기타,중앙선침범,건조,맑음,단일로 - 기타,승용,남,39세,상해없음,승용,남,29세,중상
2012020500100473,2012년 2월 5일 21시,일요일,경상북도 경주시 외동읍,중상사고,0,1,0,0,차대차 - 기타,안전운전불이행,건조,맑음,교차로 - 교차로부근,이륜,남,28세,중상,승용,남,46세,상해없음
2012020500100520,2012년 2월 5일 23시,일요일,경상북도 구미시 원평동,경상사고,0,0,2,0,차대차 - 추돌 - 진행중,신호위반,건조,맑음,교차로 - 교차로안,기타불명,기타불명,기타불명,기타불명,승용,남,54세,경상
2012020600100011,2012년 2월 6일 00시,월요일,경상북도 경주시 구정동,중상사고,0,2,0,0,차대차 - 기타,안전운전불이행,건조,맑음,단일로 - 기타,화물,남,44세,상해없음,승용,남,30세,중상
2012020600100012,2012년 2월 6일 00시,월요일,경상북도 구미시 신동,중상사고,0,1,0,0,차량단독 - 공작물충돌,안전운전불이행,건조,맑음,단일로 - 기타,승용,남,41세,중상,,,,
2012020600100063,2012년 2월 6일 05시,월요일,경상북도 경주시 황성동,경상사고,0,0,1,0,차대차 - 추돌 - 진행중,안전운전불이행,건조,맑음,교차로 - 교차로부근,화물,남,46세,상해없음,승용,남,42세,경상
2012020600100105,2012년 2월 6일 07시,월요일,경상북도 칠곡군 약목면,부상신고사고,0,0,0,1,차대차 - 추돌 - 진행중,신호위반,건조,맑음,교차로 - 교차로안,승합,남,54세,상해없음,승용,남,47세,부상신고
2012020600100138,2012년 2월 6일 08시,월요일,경상북도 경주시 강동면,중상사고,0,1,0,0,차대차 - 측면직각충돌,안전운전불이행,건조,맑음,교차로 - 교차로부근,원동기,남,49세,중상,화물,남,54세,상해없음
2012020600100139,2012년 2월 6일 08시,월요일,경상북도 성주군 대가면,중상사고,0,1,1,0,차대차 - 정면충돌,중앙선침범,결빙,맑음,단일로 - 기타,승용,여,40세,중상,화물,남,53세,경상
2012020600100140,2012년 2월 6일 08시,월요일,경상북도 구미시 신평동,중상사고,0,1,1,0,차대차 - 측면직각충돌,안전운전불이행,습기,흐림,단일로 - 기타,승용,남,25세,상해없음,승용,남,54세,중상
2012020600100172,2012년 2월 6일 09시,월요일,경상북도 구미시 원평동,경상사고,0,0,2,0,차대차 - 측면직각충돌,안전운전불이행,건조,맑음,단일로 - 기타,승용,여,38세,상해없음,승합,남,42세,경상
2012020600100200,2012년 2월 6일 10시,월요일,경상북도 김천시 평화동,경상사고,0,0,1,0,차대차 - 측면직각충돌,안전운전불이행,건조,맑음,기타 - 기타,승용,여,34세,상해없음,자전거,남,76세,경상
2012020600100201,2012년 2월 6일 10시,월요일,경상북도 경산시 진량읍,경상사고,0,0,1,0,차대차 - 기타,안전운전불이행,건조,맑음,교차로 - 교차로부근,승용,여,46세,기타불명,승용,남,30세,경상
2012020600100226,2012년 2월 6일 11시,월요일,경상북도 경주시 양북면,경상사고,0,0,1,1,차대사람 - 기타,안전운전불이행,건조,맑음,기타 - 기타,승용,여,65세,부상신고,보행자,여,56세,경상
2012020600100227,2012년 2월 6일 11시,월요일,경상북도 경산시 진량읍,경상사고,0,0,1,0,차대차 - 기타,안전운전불이행,건조,맑음,교차로 - 교차로안,승용,여,55세,상해없음,승용,여,26세,경상
2012020600100228,2012년 2월 6일 11시,월요일,경상북도 구미시 공단동,중상사고,0,1,0,0,차대차 - 측면직각충돌,기타,건조,맑음,교차로 - 교차로안,화물,남,28세,상해없음,승용,남,43세,중상
2012020600100229,2012년 2월 6일 11시,월요일,경상북도 포항시 남구 해도동,경상사고,0,0,1,0,차대사람 - 기타,안전운전불이행,건조,맑음,교차로 - 교차로부근,승용,남,62세,상해없음,보행자,남,47세,경상
2012020600100246,2012년 2월 6일 12시,월요일,경상북도 경주시 용강동,중상사고,0,3,2,0,차대차 - 측면직각충돌,안전거리미확보,건조,맑음,단일로 - 기타,화물,남,60세,상해없음,승용,여,46세,중상
2012020600100271,2012년 2월 6일 13시,월요일,경상북도 포항시 남구 동해면,경상사고,0,0,2,0,차대사람 - 기타,안전운전불이행,건조,맑음,단일로 - 기타,승합,여,41세,상해없음,보행자,여,11세,경상
2012020600100327,2012년 2월 6일 15시,월요일,경상북도 안동시 남선면,중상사고,0,2,1,0,차대차 - 측면직각충돌,안전운전불이행,건조,맑음,단일로 - 기타,화물,남,68세,상해없음,승용,남,54세,경상
2012020600100328,2012년 2월 6일 15시,월요일,경상북도 경산시 중방동,경상사고,0,0,1,0,차대사람 - 기타,보행자보호의무위반,건조,맑음,교차로 - 교차로안,승용,남,50세,상해없음,보행자,남,29세,경상
2012020600100427,2012년 2월 6일 18시,월요일,경상북도 경주시 사정동,중상사고,0,1,0,0,차대사람 - 기타,안전운전불이행,건조,맑음,단일로 - 기타,승용,남,25세,상해없음,보행자,여,61세,중상
2012020600100428,2012년 2월 6일 18시,월요일,경상북도 구미시 장천면,중상사고,0,1,1,0,차대차 - 측면직각충돌,안전운전불이행,건조,맑음,단일로 - 기타,화물,남,72세,경상,승용,남,41세,중상
2012020600100429,2012년 2월 6일 18시,월요일,경상북도 영천시 청통면,중상사고,0,1,0,0,차량단독 - 기타,기타,건조,맑음,단일로 - 기타,승합,남,52세,상해없음,,,,
2012020600100480,2012년 2월 6일 19시,월요일,경상북도 영천시 임고면,중상사고,0,1,0,0,차대차 - 측면직각충돌,안전운전불이행,건조,맑음,단일로 - 기타,특수,남,38세,상해없음,화물,남,57세,상해없음
2012020600100481,2012년 2월 6일 19시,월요일,경상북도 문경시 모전동,경상사고,0,0,4,0,차대차 - 기타,직진우회전진행방해,결빙,맑음,교차로 - 교차로안,승용,여,38세,경상,승용,남,30세,경상
2012020600100482,2012년 2월 6일 19시,월요일,경상북도 구미시 고아읍,경상사고,0,0,1,0,차대사람 - 횡단중,안전운전불이행,건조,맑음,단일로 - 기타,승용,여,37세,상해없음,보행자,남,26세,경상
2012020600100525,2012년 2월 6일 20시,월요일,경상북도 경주시 내남면,사망사고,1,1,0,0,차대차 - 기타,신호위반,건조,맑음,교차로 - 교차로안,승용,남,62세,사망,승용,남,33세,중상
2012020600100563,2012년 2월 6일 21시,월요일,경상북도 경주시 양남면,중상사고,0,1,0,0,차대차 - 기타,안전운전불이행,습기,비,단일로 - 기타,승용,남,44세,상해없음,원동기,남,74세,중상
2012020600100564,2012년 2월 6일 21시,월요일,경상북도 상주시 냉림동,경상사고,0,0,1,0,차대차 - 측면직각충돌,교차로운행방법위반,건조,맑음,교차로 - 교차로안,승합,남,61세,상해없음,승용,남,51세,상해없음
2012020600100565,2012년 2월 6일 21시,월요일,경상북도 경산시 백천동,경상사고,0,0,1,0,차대사람 - 기타,안전운전불이행,건조,맑음,단일로 - 기타,승용,남,41세,상해없음,보행자,여,5세,경상
2012020600100606,2012년 2월 6일 22시,월요일,경상북도 포항시 남구 상도동,경상사고,0,0,1,0,차대차 - 추돌 - 진행중,중앙선침범,건조,맑음,단일로 - 기타,승용,남,38세,상해없음,승용,남,32세,경상
2012020700100021,2012년 2월 7일 00시,화요일,경상북도 경산시 중산동,중상사고,0,1,0,0,차대차 - 기타,안전운전불이행,건조,맑음,단일로 - 기타,승용,여,41세,상해없음,원동기,남,19세,중상
2012020700100046,2012년 2월 7일 01시,화요일,경상북도 안동시 옥야동,경상사고,0,0,2,0,차대차 - 정면충돌,신호위반,건조,맑음,교차로 - 교차로안,승용,여,36세,경상,승용,여,40세,경상
2012020700100094,2012년 2월 7일 05시,화요일,경상북도 경주시 황남동,중상사고,0,1,0,1,차대차 - 측면직각충돌,신호위반,건조,맑음,교차로 - 교차로안,화물,남,40세,상해없음,승용,남,52세,중상
2012020700100108,2012년 2월 7일 06시,화요일,경상북도 구미시 원평동,경상사고,0,0,3,0,차대차 - 측면직각충돌,신호위반,건조,맑음,교차로 - 교차로안,승용,여,57세,경상,화물,남,29세,경상
2012020700100164,2012년 2월 7일 08시,화요일,경상북도 포항시 북구 기계면,중상사고,0,2,0,0,차대차 - 측면직각충돌,교차로운행방법위반,건조,맑음,교차로 - 교차로안,승용,남,25세,중상,승용,여,41세,중상
2012020700100185,2012년 2월 7일 09시,화요일,경상북도 경주시 외동읍,경상사고,0,0,3,0,차대차 - 측면직각충돌,안전운전불이행,건조,맑음,단일로 - 기타,승용,여,45세,상해없음,화물,남,48세,경상
2012020700100186,2012년 2월 7일 09시,화요일,경상북도 경주시 노동동,중상사고,0,1,0,0,차대차 - 측면직각충돌,중앙선침범,건조,맑음,단일로 - 기타,승용,남,35세,상해없음,승용,남,43세,중상
2012020700100202,2012년 2월 7일 10시,화요일,경상북도 칠곡군 왜관읍,경상사고,0,0,1,1,차대차 - 추돌 - 진행중,안전운전불이행,건조,맑음,단일로 - 기타,승용,남,57세,부상신고,화물,남,68세,경상
2012020700100235,2012년 2월 7일 11시,화요일,경상북도 칠곡군 지천면,경상사고,0,0,1,0,차대차 - 추돌 - 진행중,중앙선침범,건조,맑음,단일로 - 기타,화물,남,57세,상해없음,승용,남,35세,경상
2012020700100236,2012년 2월 7일 11시,화요일,경상북도 경산시 하양읍,중상사고,0,1,0,0,차대사람 - 기타,보행자보호의무위반,건조,맑음,단일로 - 횡단보도상,승합,남,48세,상해없음,보행자,여,13세,중상
2012020700100262,2012년 2월 7일 12시,화요일,경상북도 청도군 이서면,중상사고,0,1,0,0,차대차 - 측면직각충돌,안전운전불이행,건조,맑음,단일로 - 기타,승용,여,56세,상해없음,원동기,남,83세,중상
2012020700100263,2012년 2월 7일 12시,화요일,경상북도 성주군 용암면,경상사고,0,0,1,0,차대차 - 추돌 - 진행중,안전거리미확보,건조,맑음,단일로 - 기타,화물,남,55세,상해없음,승합,여,46세,경상
2012020700100264,2012년 2월 7일 12시,화요일,경상북도 구미시 원평동,중상사고,0,1,1,0,차대차 - 측면직각충돌,신호위반,건조,맑음,교차로 - 교차로안,이륜,남,39세,경상,승용,남,35세,중상
2012020700100324,2012년 2월 7일 15시,화요일,경상북도 안동시 운흥동,중상사고,0,2,1,0,차대차 - 측면직각충돌,신호위반,건조,맑음,교차로 - 교차로안,화물,남,66세,상해없음,승용,남,42세,경상
2012020700100346,2012년 2월 7일 16시,화요일,경상북도 안동시 북문동,경상사고,0,0,1,0,차대차 - 측면직각충돌,안전운전불이행,건조,맑음,단일로 - 기타,이륜,남,16세,상해없음,승용,남,46세,상해없음
2012020700100347,2012년 2월 7일 16시,화요일,경상북도 경산시 자인면,경상사고,0,0,1,0,차대차 - 기타,안전운전불이행,건조,맑음,단일로 - 기타,화물,남,35세,상해없음,화물,남,48세,경상
2012020700100348,2012년 2월 7일 16시,화요일,경상북도 구미시 형곡동,중상사고,0,1,0,0,차대사람 - 횡단중,안전운전불이행,건조,맑음,단일로 - 기타,승용,남,31세,상해없음,보행자,여,12세,중상
2012020700100401,2012년 2월 7일 18시,화요일,경상북도 경주시 안강읍,중상사고,0,2,0,0,차대차 - 측면직각충돌,안전운전불이행,건조,맑음,교차로 - 교차로부근,승용,여,45세,상해없음,승용,남,30세,중상
2012020700100402,2012년 2월 7일 18시,화요일,경상북도 경주시 동천동,경상사고,0,0,1,0,차대차 - 측면직각충돌,안전운전불이행,건조,맑음,단일로 - 기타,기타불명,기타불명,기타불명,기타불명,승용,남,58세,경상
2012020700100403,2012년 2월 7일 18시,화요일,경상북도 경주시 인왕동,중상사고,0,1,0,0,차대차 - 측면직각충돌,안전운전불이행,건조,맑음,교차로 - 교차로안,화물,남,47세,상해없음,자전거,남,12세,중상
2012020700100404,2012년 2월 7일 18시,화요일,경상북도 경주시 탑동,경상사고,0,0,1,0,차대차 - 측면직각충돌,안전운전불이행,건조,맑음,단일로 - 기타,승용,남,66세,상해없음,승용,여,39세,경상
2012020700100405,2012년 2월 7일 18시,화요일,경상북도 포항시 북구 장성동,중상사고,0,1,1,0,차대사람 - 기타,보행자보호의무위반,건조,맑음,단일로 - 횡단보도상,승용,남,41세,상해없음,보행자,여,36세,중상
2012020700100406,2012년 2월 7일 18시,화요일,경상북도 봉화군 석포면,중상사고,0,2,1,0,차량단독 - 공작물충돌,안전운전불이행,건조,맑음,단일로 - 기타,화물,남,61세,경상,,,,
2012020700100407,2012년 2월 7일 18시,화요일,경상북도 군위군 군위읍,중상사고,0,1,0,0,차대사람 - 길가장자리구역통행중,안전운전불이행,건조,맑음,단일로 - 기타,승용,남,45세,상해없음,보행자,남,47세,중상
2012020700100408,2012년 2월 7일 18시,화요일,경상북도 구미시 도량동,경상사고,0,0,1,0,차대사람 - 횡단중,안전운전불이행,건조,맑음,교차로 - 교차로부근,기타불명,기타불명,기타불명,기타불명,보행자,여,16세,경상
2012020700100447,2012년 2월 7일 19시,화요일,경상북도 영천시 오수동,경상사고,0,0,1,0,차대차 - 측면직각충돌,신호위반,건조,맑음,단일로 - 기타,승용,남,58세,상해없음,승용,여,46세,경상
2012020700100448,2012년 2월 7일 19시,화요일,경상북도 문경시 동로면,부상신고사고,0,0,0,1,차량단독 - 전도전복,안전운전불이행,건조,맑음,교차로 - 교차로부근,이륜,남,57세,부상신고,,,,
2012020700100449,2012년 2월 7일 19시,화요일,경상북도 성주군 선남면,중상사고,0,1,0,0,차량단독 - 기타,안전운전불이행,건조,맑음,단일로 - 기타,원동기,남,64세,중상,,,,
2012020700100450,2012년 2월 7일 19시,화요일,경상북도 울진군 후포면,경상사고,0,0,2,0,차대차 - 측면직각충돌,불법유턴,건조,맑음,단일로 - 기타,이륜,남,58세,경상,승용,여,37세,경상
2012020700100477,2012년 2월 7일 20시,화요일,경상북도 포항시 북구 죽도동,경상사고,0,0,1,0,차대차 - 측면직각충돌,안전운전불이행,건조,맑음,교차로 - 교차로안,승용,여,24세,상해없음,승용,남,27세,경상
2012020700100478,2012년 2월 7일 20시,화요일,경상북도 구미시 송정동,경상사고,0,0,1,0,차대사람 - 횡단중,보행자보호의무위반,건조,맑음,교차로 - 교차로안,승용,남,55세,상해없음,보행자,남,58세,경상
2012020700100479,2012년 2월 7일 20시,화요일,경상북도 구미시 임은동,사망사고,1,0,1,0,차대차 - 추돌 - 진행중,안전거리미확보,건조,맑음,단일로 - 기타,화물,남,57세,사망,화물,남,64세,경상
2012020700100509,2012년 2월 7일 21시,화요일,경상북도 구미시 황상동,경상사고,0,0,2,0,차대차 - 측면직각충돌,교차로운행방법위반,건조,맑음,교차로 - 교차로안,승용,남,35세,경상,승용,남,31세,경상
2012020700100538,2012년 2월 7일 22시,화요일,경상북도 영주시 풍기읍,경상사고,0,0,3,0,차대차 - 측면직각충돌,교차로운행방법위반,건조,맑음,교차로 - 교차로안,승용,남,20세,경상,승용,남,54세,경상
2012020700100563,2012년 2월 7일 23시,화요일,경상북도 구미시 신평동,경상사고,0,0,3,0,차대차 - 측면직각충돌,안전운전불이행,건조,맑음,기타 - 기타,승용,여,43세,상해없음,승용,여,36세,경상
2012020700100564,2012년 2월 7일 23시,화요일,경상북도 경산시 진량읍,중상사고,0,2,1,0,차량단독 - 공작물충돌,안전운전불이행,건조,흐림,단일로 - 기타,승용,여,18세,상해없음,,,,
2012020800100035,2012년 2월 8일 02시,수요일,경상북도 김천시 농소면,경상사고,0,0,1,0,차대차 - 기타,안전운전불이행,건조,맑음,교차로 - 교차로부근,승용,여,40세,상해없음,화물,남,49세,경상
2012020800100044,2012년 2월 8일 03시,수요일,경상북도 구미시 형곡동,중상사고,0,1,0,0,차대사람 - 횡단중,안전운전불이행,기타,기타,단일로 - 기타,기타불명,기타불명,기타불명,기타불명,보행자,남,24세,중상
2012020800100067,2012년 2월 8일 06시,수요일,경상북도 포항시 북구 죽도동,경상사고,0,0,1,0,차대사람 - 기타,안전운전불이행,건조,맑음,교차로 - 교차로부근,승용,남,27세,상해없음,보행자,남,68세,경상
2012020800100081,2012년 2월 8일 07시,수요일,경상북도 구미시 공단동,경상사고,0,0,1,0,차대차 - 기타,안전운전불이행,건조,맑음,교차로 - 교차로부근,승용,여,25세,상해없음,승용,남,33세,경상
2012020800100108,2012년 2월 8일 08시,수요일,경상북도 경주시 충효동,중상사고,0,1,0,0,차대사람 - 횡단중,신호위반,건조,맑음,단일로 - 기타,승용,남,31세,상해없음,보행자,여,21세,중상
2012020800100109,2012년 2월 8일 08시,수요일,경상북도 김천시 봉산면,경상사고,0,0,1,0,차대차 - 측면직각충돌,안전운전불이행,건조,맑음,단일로 - 기타,승용,남,47세,경상,건설기계,남,44세,상해없음
2012020800100135,2012년 2월 8일 09시,수요일,경상북도 경주시 동천동,중상사고,0,3,0,0,차대차 - 측면직각충돌,안전운전불이행,건조,맑음,단일로 - 기타,승용,남,71세,상해없음,승합,남,51세,중상
2012020800100194,2012년 2월 8일 11시,수요일,경상북도 의성군 의성읍,중상사고,0,1,1,0,차대차 - 측면직각충돌,교차로운행방법위반,건조,맑음,교차로 - 교차로안,화물,남,52세,중상,승용,남,53세,경상
2012020800100195,2012년 2월 8일 11시,수요일,경상북도 포항시 남구 오천읍,경상사고,0,0,1,0,차대차 - 추돌 - 진행중,안전운전불이행,건조,맑음,기타 - 기타,승용,남,62세,상해없음,승용,여,38세,경상
2012020800100221,2012년 2월 8일 12시,수요일,경상북도 구미시 신동,중상사고,0,1,1,0,차대차 - 측면직각충돌,안전운전불이행,건조,맑음,교차로 - 교차로부근,화물,남,65세,경상,승용,남,37세,중상
2012020800100244,2012년 2월 8일 13시,수요일,경상북도 문경시 산북면,중상사고,0,2,0,0,차대차 - 기타,안전운전불이행,건조,맑음,교차로 - 교차로부근,화물,남,47세,상해없음,승용,남,68세,상해없음
2012020800100245,2012년 2월 8일 13시,수요일,경상북도 구미시 임은동,경상사고,0,0,3,0,차대차 - 측면직각충돌,안전운전불이행,건조,맑음,단일로 - 기타,승용,여,55세,상해없음,승용,남,27세,경상
2012020800100280,2012년 2월 8일 14시,수요일,경상북도 예천군 예천읍,중상사고,0,1,0,0,차대차 - 정면충돌,안전운전불이행,건조,맑음,단일로 - 기타,화물,남,60세,상해없음,승용,여,46세,중상
2012020800100281,2012년 2월 8일 14시,수요일,경상북도 포항시 남구 오천읍,경상사고,0,0,1,0,차대사람 - 기타,안전운전불이행,건조,맑음,단일로 - 기타,승합,남,52세,상해없음,보행자,남,33세,경상
2012020800100282,2012년 2월 8일 14시,수요일,경상북도 고령군 성산면,경상사고,0,0,1,0,차대차 - 기타,안전운전불이행,건조,흐림,단일로 - 기타,승용,남,42세,경상,특수,남,51세,상해없음
2012020800100304,2012년 2월 8일 15시,수요일,경상북도 경주시 황남동,사망사고,1,1,0,0,차량단독 - 공작물충돌,안전운전불이행,건조,맑음,단일로 - 기타,이륜,남,21세,사망,,,,
2012020800100419,2012년 2월 8일 18시,수요일,경상북도 안동시 태화동,중상사고,0,4,6,0,차대차 - 추돌 - 주정차중,안전운전불이행,건조,맑음,교차로 - 교차로부근,승용,남,46세,상해없음,승용,남,51세,중상
2012020800100420,2012년 2월 8일 18시,수요일,경상북도 상주시 남성동,경상사고,0,0,1,0,차대사람 - 기타,안전운전불이행,습기,맑음,단일로 - 기타,승용,남,31세,상해없음,보행자,여,72세,경상
2012020800100467,2012년 2월 8일 19시,수요일,경상북도 안동시 안기동,경상사고,0,0,1,0,차대차 - 측면직각충돌,불법유턴,건조,맑음,교차로 - 교차로부근,승용,남,59세,상해없음,승용,남,34세,경상
2012020800100468,2012년 2월 8일 19시,수요일,경상북도 영천시 망정동,경상사고,0,0,2,0,차대사람 - 횡단중,보행자보호의무위반,건조,맑음,단일로 - 횡단보도상,승용,여,24세,상해없음,보행자,여,34세,경상
2012020800100469,2012년 2월 8일 19시,수요일,경상북도 포항시 남구 오천읍,중상사고,0,2,2,0,차대차 - 추돌 - 주정차중,안전운전불이행,건조,맑음,단일로 - 기타,승합,남,45세,상해없음,화물,남,57세,기타불명
2012020800100514,2012년 2월 8일 20시,수요일,경상북도 영주시 영주동,중상사고,0,2,0,0,차대차 - 측면직각충돌,신호위반,건조,맑음,교차로 - 교차로안,승용,남,44세,상해없음,승합,남,50세,중상
2012020800100515,2012년 2월 8일 20시,수요일,경상북도 영천시 망정동,경상사고,0,0,1,0,차대차 - 측면직각충돌,안전운전불이행,건조,맑음,단일로 - 기타,승용,여,46세,상해없음,이륜,남,41세,경상
2012020800100516,2012년 2월 8일 20시,수요일,경상북도 구미시 사곡동,중상사고,0,1,0,0,차대차 - 측면직각충돌,중앙선침범,건조,맑음,기타 - 기타,승용,남,46세,상해없음,이륜,남,32세,중상
2012020800100579,2012년 2월 8일 22시,수요일,경상북도 포항시 북구 죽도동,경상사고,0,0,1,0,차대차 - 기타,교차로운행방법위반,건조,맑음,교차로 - 교차로안,승용,여,45세,상해없음,승용,남,43세,경상
2012020800100580,2012년 2월 8일 22시,수요일,경상북도 칠곡군 석적읍,경상사고,0,0,2,0,차대차 - 추돌 - 진행중,안전운전불이행,건조,맑음,교차로 - 교차로안,승용,남,45세,상해없음,승용,남,26세,경상
2012020800100581,2012년 2월 8일 22시,수요일,경상북도 청도군 풍각면,중상사고,0,1,0,0,차량단독 - 공작물충돌,안전운전불이행,건조,맑음,단일로 - 기타,화물,남,47세,중상,,,,
2012020800100582,2012년 2월 8일 22시,수요일,경상북도 포항시 남구 송내동,경상사고,0,0,1,0,차대차 - 추돌 - 주정차중,안전운전불이행,건조,맑음,교차로 - 교차로안,승용,남,35세,상해없음,승용,남,28세,경상
2012020900100040,2012년 2월 9일 01시,목요일,경상북도 안동시 옥동,중상사고,0,1,0,0,차대차 - 측면직각충돌,안전운전불이행,건조,맑음,단일로 - 기타,승용,남,26세,상해없음,승용,남,47세,상해없음
2012020900100041,2012년 2월 9일 01시,목요일,경상북도 경산시 남천면,경상사고,0,0,1,0,차대차 - 추돌 - 진행중,안전운전불이행,건조,맑음,단일로 - 기타,화물,남,46세,경상,기타불명,미분류,기타불명,기타불명
2012020900100060,2012년 2월 9일 02시,목요일,경상북도 경주시 성건동,중상사고,0,1,0,0,차량단독 - 기타,안전운전불이행,건조,맑음,단일로 - 교량,승용,남,25세,중상,,,,
2012020900100108,2012년 2월 9일 06시,목요일,경상북도 경주시 외동읍,경상사고,0,0,1,0,차대차 - 기타,중앙선침범,건조,맑음,교차로 - 교차로부근,화물,남,51세,상해없음,승용,여,48세,경상
2012020900100161,2012년 2월 9일 08시,목요일,경상북도 상주시 서성동,중상사고,0,1,0,0,차대차 - 측면직각충돌,교차로운행방법위반,건조,맑음,교차로 - 교차로안,승용,여,39세,상해없음,승용,남,65세,중상
2012020900100199,2012년 2월 9일 09시,목요일,경상북도 영주시 영주동,중상사고,0,1,0,0,차대사람 - 횡단중,안전운전불이행,건조,맑음,교차로 - 교차로안,화물,남,79세,상해없음,보행자,남,85세,중상
2012020900100200,2012년 2월 9일 09시,목요일,경상북도 영천시 화룡동,중상사고,0,1,0,0,차대사람 - 횡단중,안전운전불이행,건조,맑음,교차로 - 교차로안,화물,기타불명,기타불명,기타불명,보행자,미분류,5세,중상
2012020900100230,2012년 2월 9일 10시,목요일,경상북도 경주시 양북면,경상사고,0,0,1,0,차대차 - 측면직각충돌,안전운전불이행,건조,맑음,단일로 - 기타,승용,여,46세,상해없음,승용,여,32세,경상
2012020900100252,2012년 2월 9일 11시,목요일,경상북도 안동시 풍산읍,중상사고,0,2,0,0,차대차 - 측면직각충돌,직진우회전진행방해,건조,맑음,교차로 - 교차로안,승합,남,37세,상해없음,화물,남,64세,중상
2012020900100253,2012년 2월 9일 11시,목요일,경상북도 안동시 옥동,경상사고,0,0,1,0,차대차 - 측면직각충돌,안전운전불이행,건조,맑음,단일로 - 기타,승용,남,48세,상해없음,승용,여,51세,경상