사고번호,사고일시,요일,시군구,사고내용,사망자수,중상자수,경상자수,부상신고자수,사고유형,법규위반,노면상태,기상상태,도로형태,가해운전자 차종,가해운전자 성별,가해운전자 연령,가해운전자 상해정도,피해운전자 차종,피해운전자 성별,피해운전자 연령,피해운전자 상해정도
2012020900100254,2012년 2월 9일 11시,목요일,경상북도 경산시 사동,경상사고,0,0,1,0,차대차 - 기타,안전운전불이행,건조,맑음,단일로 - 기타,승용,남,54세,상해없음,승용,여,28세,경상
2012020900100286,2012년 2월 9일 12시,목요일,경상북도 포항시 북구 죽도동,경상사고,0,0,1,0,차대차 - 측면직각충돌,안전운전불이행,건조,맑음,교차로 - 교차로안,승용,남,59세,상해없음,승용,남,48세,경상
2012020900100287,2012년 2월 9일 12시,목요일,경상북도 상주시 성하동,중상사고,0,1,0,0,차대차 - 추돌 - 진행중,안전운전불이행,건조,맑음,단일로 - 기타,화물,남,52세,상해없음,원동기,남,41세,중상
2012020900100288,2012년 2월 9일 12시,목요일,경상북도 구미시 공단동,경상사고,0,0,1,0,차대사람 - 기타,안전운전불이행,건조,맑음,단일로 - 기타,화물,남,49세,상해없음,보행자,여,15세,경상
2012020900100352,2012년 2월 9일 14시,목요일,경상북도 예천군 예천읍,중상사고,0,1,0,0,차량단독 - 도로외이탈 - 추락,안전운전불이행,건조,맑음,교차로 - 교차로부근,승용,남,66세,상해없음,,,,
2012020900100375,2012년 2월 9일 15시,목요일,경상북도 경주시 건천읍,경상사고,0,0,1,0,차대사람 - 기타,기타,건조,맑음,단일로 - 기타,승용,남,38세,상해없음,보행자,남,62세,경상
2012020900100376,2012년 2월 9일 15시,목요일,경상북도 안동시 풍천면,중상사고,0,1,1,0,차대차 - 측면직각충돌,안전운전불이행,건조,맑음,단일로 - 기타,승용,여,49세,상해없음,화물,남,62세,중상
2012020900100377,2012년 2월 9일 15시,목요일,경상북도 상주시 모서면,중상사고,0,2,0,0,차대차 - 기타,교차로운행방법위반,건조,맑음,단일로 - 기타,화물,남,65세,상해없음,화물,남,59세,중상
2012020900100434,2012년 2월 9일 17시,목요일,경상북도 경주시 외동읍,중상사고,0,1,0,0,차대차 - 측면직각충돌,신호위반,건조,맑음,교차로 - 교차로안,화물,남,66세,상해없음,원동기,남,46세,중상
2012020900100474,2012년 2월 9일 18시,목요일,경상북도 의성군 다인면,중상사고,0,1,0,0,차대사람 - 길가장자리구역통행중,안전운전불이행,건조,맑음,단일로 - 기타,화물,남,67세,상해없음,보행자,여,51세,중상
2012020900100475,2012년 2월 9일 18시,목요일,경상북도 경산시 삼풍동,경상사고,0,0,1,0,차대차 - 기타,안전운전불이행,건조,맑음,단일로 - 기타,기타불명,기타불명,기타불명,기타불명,승용,남,54세,경상
2012020900100476,2012년 2월 9일 18시,목요일,경상북도 김천시 남면,경상사고,0,0,2,0,차대차 - 추돌 - 진행중,안전운전불이행,건조,맑음,단일로 - 기타,승용,남,29세,상해없음,승용,남,35세,경상
2012020900100514,2012년 2월 9일 19시,목요일,경상북도 포항시 북구 죽도동,경상사고,0,0,1,0,차대차 - 추돌 - 진행중,안전운전불이행,건조,맑음,단일로 - 기타,승용,남,51세,상해없음,승용,여,34세,경상
2012020900100515,2012년 2월 9일 19시,목요일,경상북도 경산시 자인면,중상사고,0,1,0,0,차대사람 - 기타,안전운전불이행,건조,맑음,단일로 - 기타,승용,남,68세,상해없음,보행자,여,54세,중상
2012020900100582,2012년 2월 9일 21시,목요일,경상북도 영천시 금호읍,경상사고,0,0,1,0,차대차 - 측면직각충돌,안전운전불이행,건조,맑음,교차로 - 교차로부근,승용,남,51세,상해없음,승용,남,21세,경상
2012020900100583,2012년 2월 9일 21시,목요일,경상북도 경산시 진량읍,중상사고,0,1,0,0,차대차 - 기타,중앙선침범,건조,맑음,기타 - 기타,승용,남,36세,상해없음,승용,여,45세,중상
2012020900100584,2012년 2월 9일 21시,목요일,경상북도 경산시 중방동,중상사고,0,1,0,0,차대사람 - 기타,안전운전불이행,건조,맑음,기타 - 기타,승용,남,33세,상해없음,보행자,여,83세,중상
2012020900100626,2012년 2월 9일 22시,목요일,경상북도 김천시 신음동,경상사고,0,0,1,0,차대차 - 측면직각충돌,안전운전불이행,건조,맑음,교차로 - 교차로안,원동기,남,21세,상해없음,승용,여,31세,상해없음
2012020900100627,2012년 2월 9일 22시,목요일,경상북도 칠곡군 석적읍,부상신고사고,0,0,0,1,차대차 - 추돌 - 주정차중,안전운전불이행,건조,맑음,단일로 - 기타,승용,남,43세,부상신고,화물,남,37세,상해없음
2012020900100664,2012년 2월 9일 23시,목요일,경상북도 경주시 황성동,중상사고,0,1,0,0,차대차 - 측면직각충돌,안전운전불이행,건조,맑음,단일로 - 기타,승용,남,51세,상해없음,원동기,남,20세,중상
2012020900100665,2012년 2월 9일 23시,목요일,경상북도 경주시 동천동,경상사고,0,0,1,0,차대사람 - 기타,안전운전불이행,건조,맑음,단일로 - 기타,승용,남,40세,상해없음,보행자,남,26세,경상
2012020900100666,2012년 2월 9일 23시,목요일,경상북도 구미시 원평동,경상사고,0,0,1,0,차대사람 - 차도통행중,신호위반,건조,맑음,단일로 - 기타,승용,남,26세,상해없음,보행자,남,19세,경상
2012021000100018,2012년 2월 10일 00시,금요일,경상북도 칠곡군 석적읍,경상사고,0,0,1,0,차대차 - 추돌 - 진행중,안전운전불이행,건조,맑음,교차로 - 교차로안,승용,여,44세,경상,승용,남,34세,상해없음
2012021000100039,2012년 2월 10일 01시,금요일,경상북도 경주시 천북면,부상신고사고,0,0,0,1,차량단독 - 기타,안전운전불이행,건조,맑음,단일로 - 기타,승용,남,36세,부상신고,,,,
2012021000100061,2012년 2월 10일 03시,금요일,경상북도 포항시 북구 대흥동,중상사고,0,1,1,0,차대차 - 기타,안전거리미확보,건조,맑음,기타 - 기타,승용,남,56세,상해없음,승용,남,26세,중상
2012021000100062,2012년 2월 10일 03시,금요일,경상북도 포항시 남구 상도동,중상사고,0,1,0,0,차대차 - 측면직각충돌,안전운전불이행,건조,맑음,교차로 - 교차로안,승용,남,29세,상해없음,승용,남,63세,상해없음
2012021000100070,2012년 2월 10일 04시,금요일,경상북도 경산시 계양동,경상사고,0,0,1,0,차대차 - 기타,신호위반,건조,맑음,교차로 - 교차로안,승용,여,40세,상해없음,승용,여,52세,경상
2012021000100083,2012년 2월 10일 05시,금요일,경상북도 경산시 중방동,중상사고,0,1,0,0,차대사람 - 기타,신호위반,건조,맑음,교차로 - 교차로부근,승용,남,32세,상해없음,보행자,여,18세,중상
2012021000100100,2012년 2월 10일 06시,금요일,경상북도 포항시 남구 대송면,중상사고,0,1,0,0,차대차 - 추돌 - 진행중,신호위반,건조,맑음,교차로 - 교차로안,특수,남,49세,상해없음,승용,남,31세,중상
2012021000100125,2012년 2월 10일 07시,금요일,경상북도 포항시 남구 대송면,경상사고,0,0,2,0,차대차 - 측면직각충돌,안전운전불이행,건조,맑음,단일로 - 기타,승용,남,56세,경상,승용,남,64세,상해없음
2012021000100162,2012년 2월 10일 08시,금요일,경상북도 영주시 영주동,중상사고,0,2,0,0,차대차 - 측면직각충돌,교차로운행방법위반,건조,맑음,교차로 - 교차로안,승용,남,37세,상해없음,이륜,남,47세,중상
2012021000100163,2012년 2월 10일 08시,금요일,경상북도 칠곡군 석적읍,중상사고,0,2,0,0,차대차 - 추돌 - 진행중,신호위반,건조,맑음,교차로 - 교차로안,승용,남,36세,상해없음,승용,남,32세,중상
2012021000100164,2012년 2월 10일 08시,금요일,경상북도 영천시 금노동,중상사고,0,1,0,0,차대사람 - 기타,안전운전불이행,건조,맑음,교차로 - 교차로안,화물,남,77세,상해없음,보행자,남,69세,중상
2012021000100165,2012년 2월 10일 08시,금요일,경상북도 구미시 오태동,중상사고,0,1,0,0,차대사람 - 기타,안전운전불이행,건조,맑음,단일로 - 기타,승용,남,52세,상해없음,보행자,남,14세,중상
2012021000100193,2012년 2월 10일 09시,금요일,경상북도 경주시 성건동,경상사고,0,0,2,0,차대차 - 측면직각충돌,안전운전불이행,건조,맑음,교차로 - 교차로안,승용,남,69세,상해없음,승용,남,54세,경상
2012021000100194,2012년 2월 10일 09시,금요일,경상북도 경주시 건천읍,중상사고,0,1,0,0,차대사람 - 기타,안전운전불이행,건조,맑음,교차로 - 교차로안,화물,남,48세,상해없음,보행자,남,83세,중상
2012021000100195,2012년 2월 10일 09시,금요일,경상북도 고령군 고령읍,경상사고,0,0,1,0,차대사람 - 길가장자리구역통행중,안전운전불이행,건조,맑음,교차로 - 교차로안,승용,남,56세,상해없음,보행자,여,10세,경상
2012021000100196,2012년 2월 10일 09시,금요일,경상북도 포항시 남구 대도동,중상사고,0,1,0,0,차대차 - 추돌 - 진행중,안전운전불이행,건조,맑음,단일로 - 기타,승용,남,40세,상해없음,원동기,여,24세,중상
2012021000100218,2012년 2월 10일 10시,금요일,경상북도 구미시 고아읍,중상사고,0,1,0,0,차대차 - 측면직각충돌,안전운전불이행,건조,맑음,교차로 - 교차로안,승용,남,43세,상해없음,승용,남,49세,중상
2012021000100241,2012년 2월 10일 11시,금요일,경상북도 구미시 도개면,중상사고,0,1,0,0,차대차 - 측면직각충돌,중앙선침범,건조,맑음,기타 - 기타,승용,남,32세,상해없음,이륜,남,76세,중상
2012021000100242,2012년 2월 10일 11시,금요일,경상북도 포항시 남구 해도동,중상사고,0,1,0,0,차대차 - 추돌 - 진행중,안전운전불이행,건조,맑음,단일로 - 기타,승용,여,40세,상해없음,원동기,남,70세,중상
2012021000100266,2012년 2월 10일 12시,금요일,경상북도 영천시 문외동,경상사고,0,0,3,0,차대차 - 측면직각충돌,직진우회전진행방해,건조,맑음,교차로 - 교차로안,승용,남,35세,상해없음,승용,여,40세,경상
2012021000100294,2012년 2월 10일 13시,금요일,경상북도 경주시 강동면,사망사고,1,1,0,0,차대차 - 측면직각충돌,안전운전불이행,건조,흐림,단일로 - 기타,화물,남,53세,상해없음,승용,여,44세,중상
2012021000100295,2012년 2월 10일 13시,금요일,경상북도 문경시 가은읍,경상사고,0,0,1,0,차대차 - 기타,안전운전불이행,건조,맑음,단일로 - 기타,농기계,남,68세,경상,승용,여,35세,기타불명
2012021000100330,2012년 2월 10일 14시,금요일,경상북도 상주시 냉림동,중상사고,0,1,0,0,차대차 - 측면직각충돌,교차로운행방법위반,건조,맑음,교차로 - 교차로안,승용,남,54세,상해없음,원동기,남,28세,중상
2012021000100331,2012년 2월 10일 14시,금요일,경상북도 영주시 풍기읍,중상사고,0,2,0,0,차대차 - 추돌 - 진행중,안전거리미확보,건조,맑음,교차로 - 교차로안,화물,남,27세,상해없음,승용,여,56세,중상
2012021000100365,2012년 2월 10일 15시,금요일,경상북도 영주시 휴천동,부상신고사고,0,0,0,3,차대차 - 측면직각충돌,안전운전불이행,건조,맑음,교차로 - 교차로안,승용,기타불명,기타불명,기타불명,승용,여,49세,부상신고
2012021000100366,2012년 2월 10일 15시,금요일,경상북도 경산시 중방동,경상사고,0,0,1,0,차대사람 - 기타,안전운전불이행,건조,맑음,단일로 - 기타,승용,여,41세,상해없음,보행자,남,39세,경상
2012021000100367,2012년 2월 10일 15시,금요일,경상북도 구미시 옥계동,경상사고,0,0,1,0,차대차 - 측면직각충돌,교차로운행방법위반,건조,맑음,교차로 - 교차로안,승합,남,29세,상해없음,승합,남,48세,경상
2012021000100402,2012년 2월 10일 16시,금요일,경상북도 경주시 용강동,경상사고,0,0,1,0,차대사람 - 기타,신호위반,건조,맑음,단일로 - 횡단보도상,기타불명,기타불명,기타불명,기타불명,보행자,여,44세,경상
2012021000100431,2012년 2월 10일 17시,금요일,경상북도 포항시 북구 죽도동,경상사고,0,0,3,0,차대차 - 추돌 - 주정차중,안전거리미확보,건조,맑음,단일로 - 기타,화물,남,41세,상해없음,승합,남,43세,경상
2012021000100432,2012년 2월 10일 17시,금요일,경상북도 안동시 일직면,사망사고,1,6,6,1,차대차 - 정면충돌,안전운전불이행,건조,맑음,단일로 - 터널,화물,남,58세,사망,승합,남,51세,상해없음
2012021000100469,2012년 2월 10일 18시,금요일,경상북도 상주시 냉림동,경상사고,0,0,1,0,차대사람 - 기타,불법유턴,건조,맑음,단일로 - 기타,승용,여,32세,상해없음,보행자,여,23세,경상
2012021000100470,2012년 2월 10일 18시,금요일,경상북도 경산시 옥곡동,경상사고,0,0,1,0,차대차 - 기타,안전운전불이행,건조,기타,단일로 - 기타,승용,여,46세,상해없음,자전거,남,37세,경상
2012021000100471,2012년 2월 10일 18시,금요일,경상북도 고령군 고령읍,경상사고,0,0,5,0,차대차 - 기타,교차로운행방법위반,건조,맑음,교차로 - 교차로안,승용,남,21세,경상,승용,여,41세,경상
2012021000100472,2012년 2월 10일 18시,금요일,경상북도 구미시 옥계동,경상사고,0,0,2,0,차대차 - 기타,안전운전불이행,건조,맑음,단일로 - 기타,승합,남,62세,상해없음,이륜,남,22세,경상
2012021000100473,2012년 2월 10일 18시,금요일,경상북도 포항시 남구 대송면,경상사고,0,0,1,0,차대차 - 추돌 - 진행중,안전운전불이행,건조,맑음,단일로 - 기타,승용,남,34세,상해없음,승용,남,31세,상해없음
2012021000100531,2012년 2월 10일 19시,금요일,경상북도 포항시 북구 흥해읍,경상사고,0,0,1,0,차대차 - 기타,안전거리미확보,건조,맑음,단일로 - 기타,승용,남,60세,상해없음,승용,남,51세,상해없음
2012021000100609,2012년 2월 10일 21시,금요일,경상북도 안동시 풍산읍,경상사고,0,0,1,0,차량단독 - 공작물충돌,안전운전불이행,건조,맑음,단일로 - 기타,화물,남,52세,경상,,,,
2012021000100610,2012년 2월 10일 21시,금요일,경상북도 상주시 서성동,경상사고,0,0,1,0,차대차 - 측면직각충돌,안전운전불이행,건조,맑음,단일로 - 기타,승용,남,51세,상해없음,원동기,남,20세,경상
2012021000100611,2012년 2월 10일 21시,금요일,경상북도 상주시 무양동,경상사고,0,0,1,0,차대차 - 추돌 - 주정차중,안전운전불이행,건조,맑음,교차로 - 교차로부근,승용,남,31세,상해없음,화물,남,56세,경상
2012021000100650,2012년 2월 10일 22시,금요일,경상북도 포항시 남구 연일읍,중상사고,0,1,0,0,차대차 - 측면직각충돌,교차로운행방법위반,건조,맑음,교차로 - 교차로안,승용,남,55세,상해없음,원동기,남,18세,중상
2012021000100684,2012년 2월 10일 23시,금요일,경상북도 경주시 용강동,경상사고,0,0,1,0,차대차 - 기타,안전운전불이행,건조,맑음,단일로 - 기타,원동기,남,36세,상해없음,승용,여,30세,경상
2012021000100685,2012년 2월 10일 23시,금요일,경상북도 포항시 북구 두호동,경상사고,0,0,1,0,차대차 - 측면직각충돌,안전거리미확보,건조,맑음,단일로 - 기타,승용,남,25세,상해없음,승용,남,28세,경상
2012021000100686,2012년 2월 10일 23시,금요일,경상북도 포항시 북구 장성동,경상사고,0,0,1,0,차대차 - 기타,안전운전불이행,건조,맑음,교차로 - 교차로안,승용,남,18세,상해없음,승용,남,53세,경상
2012021100100015,2012년 2월 11일 00시,토요일,경상북도 영천시 완산동,중상사고,0,1,0,0,차대사람 - 기타,안전운전불이행,건조,맑음,단일로 - 기타,승용,남,29세,상해없음,보행자,여,33세,중상
2012021100100079,2012년 2월 11일 02시,토요일,경상북도 경산시 하양읍,중상사고,0,1,0,0,차대차 - 기타,중앙선침범,건조,맑음,단일로 - 기타,화물,남,56세,상해없음,화물,남,42세,중상
2012021100100160,2012년 2월 11일 07시,토요일,경상북도 포항시 북구 죽장면,경상사고,0,0,1,0,차대차 - 측면직각충돌,안전운전불이행,건조,맑음,교차로 - 교차로부근,승용,남,51세,상해없음,화물,남,66세,경상
2012021100100186,2012년 2월 11일 08시,토요일,경상북도 상주시 남성동,경상사고,0,0,1,0,차대차 - 추돌 - 진행중,안전운전불이행,건조,맑음,단일로 - 기타,승용,여,57세,상해없음,승용,여,27세,경상
2012021100100187,2012년 2월 11일 08시,토요일,경상북도 경산시 하양읍,경상사고,0,0,1,0,차대사람 - 기타,안전운전불이행,건조,맑음,단일로 - 기타,기타불명,기타불명,기타불명,기타불명,보행자,여,42세,경상
2012021100100188,2012년 2월 11일 08시,토요일,경상북도 포항시 남구 연일읍,경상사고,0,0,1,0,차량단독 - 기타,안전운전불이행,건조,맑음,교차로 - 교차로부근,화물,남,24세,경상,,,,
2012021100100212,2012년 2월 11일 09시,토요일,경상북도 칠곡군 북삼읍,경상사고,0,0,1,0,차대차 - 추돌 - 진행중,안전운전불이행,결빙,맑음,교차로 - 교차로부근,화물,남,35세,상해없음,화물,남,54세,경상
2012021100100213,2012년 2월 11일 09시,토요일,경상북도 포항시 남구 구룡포읍,경상사고,0,0,1,0,차대사람 - 기타,안전운전불이행,건조,맑음,단일로 - 기타,화물,남,43세,상해없음,보행자,남,61세,경상
2012021100100262,2012년 2월 11일 11시,토요일,경상북도 김천시 덕곡동,경상사고,0,0,2,0,차대차 - 측면직각충돌,안전운전불이행,건조,맑음,교차로 - 교차로부근,화물,남,48세,상해없음,화물,남,52세,경상
2012021100100263,2012년 2월 11일 11시,토요일,경상북도 경산시 와촌면,경상사고,0,0,1,0,차량단독 - 기타,안전운전불이행,건조,맑음,단일로 - 기타,승용,남,64세,상해없음,,,,
2012021100100264,2012년 2월 11일 11시,토요일,경상북도 구미시 원평동,중상사고,0,1,0,0,차대사람 - 기타,안전운전불이행,건조,맑음,단일로 - 기타,승용,여,21세,상해없음,보행자,여,63세,중상
2012021100100265,2012년 2월 11일 11시,토요일,경상북도 구미시 공단동,중상사고,0,2,3,0,차대차 - 측면직각충돌,교차로운행방법위반,건조,맑음,교차로 - 교차로안,승용,남,38세,경상,승용,남,36세,중상
2012021100100299,2012년 2월 11일 12시,토요일,경상북도 포항시 남구 해도동,중상사고,0,1,0,0,차대차 - 측면직각충돌,안전운전불이행,건조,맑음,단일로 - 기타,화물,남,54세,상해없음,이륜,남,51세,중상
2012021100100331,2012년 2월 11일 13시,토요일,경상북도 예천군 풍양면,중상사고,0,1,0,0,차대차 - 정면충돌,안전운전불이행,건조,맑음,단일로 - 기타,승용,여,38세,상해없음,이륜,여,37세,중상
2012021100100353,2012년 2월 11일 14시,토요일,경상북도 경주시 노서동,중상사고,0,1,0,0,차대차 - 기타,안전운전불이행,건조,맑음,교차로 - 교차로안,승용,남,52세,상해없음,승용,남,65세,중상
2012021100100354,2012년 2월 11일 14시,토요일,경상북도 안동시 평화동,경상사고,0,0,1,0,차대차 - 측면직각충돌,교차로운행방법위반,건조,맑음,교차로 - 교차로안,승용,남,67세,상해없음,자전거,여,50세,경상
2012021100100355,2012년 2월 11일 14시,토요일,경상북도 영덕군 강구면,중상사고,0,1,0,0,차대사람 - 길가장자리구역통행중,안전운전불이행,건조,맑음,단일로 - 기타,승용,여,47세,상해없음,보행자,여,63세,중상
2012021100100382,2012년 2월 11일 15시,토요일,경상북도 경주시 강동면,중상사고,0,1,3,1,차대차 - 기타,안전운전불이행,건조,맑음,교차로 - 교차로안,승용,남,51세,부상신고,승용,남,44세,경상
2012021100100383,2012년 2월 11일 15시,토요일,경상북도 경주시 성동동,중상사고,0,1,0,0,차대차 - 측면직각충돌,안전운전불이행,건조,맑음,교차로 - 교차로부근,승용,남,50세,상해없음,자전거,남,14세,중상
2012021100100384,2012년 2월 11일 15시,토요일,경상북도 포항시 북구 죽도동,경상사고,0,0,1,0,차대차 - 기타,신호위반,건조,맑음,단일로 - 기타,화물,남,58세,상해없음,자전거,여,66세,경상
2012021100100385,2012년 2월 11일 15시,토요일,경상북도 칠곡군 왜관읍,경상사고,0,0,1,0,차대차 - 측면직각충돌,차로위반,건조,맑음,단일로 - 기타,승합,남,59세,상해없음,승용,여,27세,경상
2012021100100418,2012년 2월 11일 16시,토요일,경상북도 김천시 평화동,경상사고,0,0,1,0,차대차 - 측면직각충돌,교차로운행방법위반,건조,맑음,교차로 - 교차로부근,승용,남,44세,상해없음,이륜,남,64세,경상
2012021100100419,2012년 2월 11일 16시,토요일,경상북도 구미시 선산읍,중상사고,0,1,0,0,차량단독 - 공작물충돌,안전운전불이행,건조,맑음,단일로 - 기타,승용,남,81세,상해없음,,,,
2012021100100420,2012년 2월 11일 16시,토요일,경상북도 포항시 남구 해도동,경상사고,0,0,1,0,차대차 - 추돌 - 진행중,안전운전불이행,건조,맑음,단일로 - 기타,승용,여,58세,상해없음,승용,남,49세,경상
2012021100100460,2012년 2월 11일 17시,토요일,경상북도 경주시 용강동,경상사고,0,0,2,0,차대차 - 기타,안전운전불이행,건조,맑음,교차로 - 교차로부근,승용,여,31세,상해없음,승용,여,33세,경상
2012021100100461,2012년 2월 11일 17시,토요일,경상북도 봉화군 법전면,경상사고,0,0,1,0,차대차 - 정면충돌,안전운전불이행,습기,흐림,단일로 - 기타,화물,남,62세,상해없음,화물,남,28세,상해없음
2012021100100462,2012년 2월 11일 17시,토요일,경상북도 성주군 성주읍,경상사고,0,0,3,0,차대차 - 측면직각충돌,직진우회전진행방해,건조,맑음,교차로 - 교차로안,승용,남,37세,경상,승용,여,55세,경상
2012021100100495,2012년 2월 11일 18시,토요일,경상북도 경주시 신평동,경상사고,0,0,2,0,차대차 - 측면직각충돌,안전운전불이행,건조,맑음,교차로 - 교차로안,승용,남,39세,상해없음,승용,여,24세,경상
2012021100100534,2012년 2월 11일 19시,토요일,경상북도 경주시 건천읍,중상사고,0,1,0,0,차대사람 - 기타,안전운전불이행,건조,맑음,기타 - 기타,승용,남,44세,상해없음,보행자,남,58세,중상
2012021100100535,2012년 2월 11일 19시,토요일,경상북도 안동시 옥동,경상사고,0,0,2,0,차대차 - 측면직각충돌,안전운전불이행,건조,맑음,교차로 - 교차로안,승용,남,38세,상해없음,승용,남,31세,경상
2012021100100536,2012년 2월 11일 19시,토요일,경상북도 안동시 옥동,중상사고,0,2,0,0,차대차 - 측면직각충돌,안전운전불이행,건조,맑음,교차로 - 교차로안,승용,여,22세,중상,승용,여,42세,중상
2012021100100537,2012년 2월 11일 19시,토요일,경상북도 안동시 남문동,중상사고,0,1,0,0,차대차 - 기타,안전운전불이행,건조,맑음,단일로 - 기타,승용,남,33세,상해없음,승용,여,43세,중상
2012021100100538,2012년 2월 11일 19시,토요일,경상북도 김천시 신음동,중상사고,0,1,0,0,차대사람 - 기타,보행자보호의무위반,건조,맑음,단일로 - 횡단보도상,승용,남,45세,상해없음,보행자,여,19세,중상
2012021100100539,2012년 2월 11일 19시,토요일,경상북도 영주시 영주동,경상사고,0,0,1,0,차대차 - 측면직각충돌,중앙선침범,건조,맑음,단일로 - 기타,화물,남,64세,상해없음,이륜,남,18세,경상
2012021100100540,2012년 2월 11일 19시,토요일,경상북도 포항시 남구 송도동,경상사고,0,0,1,0,차대차 - 기타,안전운전불이행,건조,맑음,단일로 - 기타,승용,남,54세,기타불명,화물,남,26세,경상
2012021100100565,2012년 2월 11일 20시,토요일,경상북도 포항시 남구 송내동,경상사고,0,0,2,0,차대차 - 추돌 - 주정차중,안전운전불이행,건조,맑음,교차로 - 교차로부근,화물,남,57세,상해없음,승용,남,45세,경상
2012021100100566,2012년 2월 11일 20시,토요일,경상북도 칠곡군 동명면,중상사고,0,2,0,0,차대차 - 추돌 - 진행중,안전운전불이행,건조,맑음,단일로 - 기타,승용,남,37세,중상,화물,남,38세,중상
2012021100100594,2012년 2월 11일 21시,토요일,경상북도 포항시 북구 환호동,중상사고,0,1,0,0,차대사람 - 횡단중,안전운전불이행,건조,맑음,단일로 - 기타,승합,남,46세,상해없음,보행자,남,32세,중상
2012021100100595,2012년 2월 11일 21시,토요일,경상북도 울진군 북면,경상사고,0,0,1,0,차대사람 - 차도통행중,안전운전불이행,건조,맑음,단일로 - 기타,승용,남,56세,상해없음,보행자,남,45세,경상
2012021100100596,2012년 2월 11일 21시,토요일,경상북도 포항시 남구 해도동,경상사고,0,0,2,0,차대차 - 추돌 - 진행중,안전운전불이행,건조,맑음,단일로 - 기타,승용,여,30세,상해없음,승용,남,33세,경상
2012021100100643,2012년 2월 11일 22시,토요일,경상북도 경주시 보문동,경상사고,0,0,1,0,차대차 - 기타,안전운전불이행,건조,맑음,교차로 - 교차로부근,승용,남,26세,상해없음,승용,여,33세,경상
2012021100100644,2012년 2월 11일 22시,토요일,경상북도 영덕군 강구면,중상사고,0,1,0,0,차량단독 - 공작물충돌,안전운전불이행,건조,맑음,단일로 - 기타,승용,남,56세,중상,,,,
2012021100100676,2012년 2월 11일 23시,토요일,경상북도 경주시 양남면,경상사고,0,0,1,0,차대차 - 기타,안전운전불이행,건조,흐림,단일로 - 기타,승합,남,57세,상해없음,승용,남,40세,경상
2012021100100677,2012년 2월 11일 23시,토요일,경상북도 영천시 오수동,부상신고사고,0,0,0,1,차대차 - 측면직각충돌,안전운전불이행,건조,맑음,단일로 - 기타,화물,남,54세,상해없음,승용,남,53세,부상신고
2012021100100678,2012년 2월 11일 23시,토요일,경상북도 구미시 원평동,경상사고,0,0,1,0,차대차 - 측면직각충돌,직진우회전진행방해,건조,맑음,교차로 - 교차로안,승용,남,60세,상해없음,이륜,남,27세,경상
2012021200100037,2012년 2월 12일 00시,일요일,경상북도 포항시 북구 장성동,경상사고,0,0,1,0,차대차 - 측면직각충돌,안전거리미확보,건조,맑음,교차로 - 교차로부근,화물,남,31세,상해없음,특수,남,34세,경상
2012021200100062,2012년 2월 12일 01시,일요일,경상북도 구미시 봉곡동,중상사고,0,1,1,0,차대차 - 측면직각충돌,안전운전불이행,건조,맑음,단일로 - 기타,승용,남,57세,상해없음,이륜,남,16세,중상
2012021200100063,2012년 2월 12일 01시,일요일,경상북도 구미시 인의동,중상사고,0,1,3,0,차대차 - 추돌 - 주정차중,안전운전불이행,건조,맑음,기타 - 기타,승용,남,41세,상해없음,승용,남,48세,경상
2012021200100110,2012년 2월 12일 03시,일요일,경상북도 청송군 진보면,부상신고사고,0,0,0,1,차량단독 - 공작물충돌,안전운전불이행,건조,맑음,단일로 - 교량,승용,남,19세,부상신고,,,,
2012021200100150,2012년 2월 12일 05시,일요일,경상북도 경산시 하양읍,중상사고,0,1,0,0,차대차 - 기타,안전운전불이행,건조,맑음,단일로 - 기타,화물,남,28세,상해없음,원동기,남,21세,중상
2012021200100151,2012년 2월 12일 05시,일요일,경상북도 봉화군 봉화읍,중상사고,0,1,0,0,차량단독 - 공작물충돌,안전운전불이행,건조,맑음,단일로 - 기타,화물,남,60세,중상,,,,
2012021200100180,2012년 2월 12일 07시,일요일,경상북도 구미시 진평동,경상사고,0,0,1,0,차대차 - 기타,안전운전불이행,건조,맑음,교차로 - 교차로안,승용,남,32세,상해없음,승용,여,36세,경상
2012021200100195,2012년 2월 12일 08시,일요일,경상북도 문경시 가은읍,경상사고,0,0,1,0,차대차 - 기타,안전운전불이행,건조,맑음,단일로 - 기타,승용,여,51세,경상,승용,남,52세,상해없음
2012021200100218,2012년 2월 12일 10시,일요일,경상북도 안동시 서후면,경상사고,0,0,3,0,차대차 - 정면충돌,안전운전불이행,건조,맑음,단일로 - 기타,승용,여,63세,상해없음,승용,남,68세,경상
2012021200100219,2012년 2월 12일 10시,일요일,경상북도 안동시 금곡동,경상사고,0,0,1,0,차대차 - 측면직각충돌,안전운전불이행,건조,맑음,단일로 - 기타,화물,남,29세,상해없음,승용,남,29세,경상
2012021200100220,2012년 2월 12일 10시,일요일,경상북도 영천시 성내동,중상사고,0,1,0,0,차대사람 - 기타,보행자보호의무위반,건조,맑음,단일로 - 횡단보도상,승용,여,44세,상해없음,보행자,여,57세,중상
2012021200100221,2012년 2월 12일 10시,일요일,경상북도 경산시 사동,경상사고,0,0,1,0,차대차 - 기타,안전운전불이행,건조,맑음,교차로 - 교차로안,기타불명,기타불명,기타불명,기타불명,승용,남,36세,경상