사고번호,사고일시,요일,시군구,사고내용,사망자수,중상자수,경상자수,부상신고자수,사고유형,법규위반,노면상태,기상상태,도로형태,가해운전자 차종,가해운전자 성별,가해운전자 연령,가해운전자 상해정도,피해운전자 차종,피해운전자 성별,피해운전자 연령,피해운전자 상해정도
2012021800100133,2012년 2월 18일 06시,토요일,경상북도 포항시 남구 대송면,경상사고,0,0,1,0,차대차 - 추돌 - 진행중,신호위반,건조,맑음,단일로 - 기타,승용,남,58세,상해없음,승용,남,30세,경상
2012021800100148,2012년 2월 18일 07시,토요일,경상북도 경주시 건천읍,중상사고,0,2,0,0,차대차 - 측면직각충돌,과속,건조,맑음,교차로 - 교차로안,승용,남,49세,중상,승용,남,43세,상해없음
2012021800100161,2012년 2월 18일 08시,토요일,경상북도 포항시 북구 동빈1가,중상사고,0,1,0,0,차대차 - 측면직각충돌,교차로운행방법위반,건조,맑음,교차로 - 교차로안,승용,남,65세,상해없음,화물,남,24세,상해없음
2012021800100162,2012년 2월 18일 08시,토요일,경상북도 영주시 풍기읍,중상사고,0,2,1,0,차대차 - 측면직각충돌,직진우회전진행방해,건조,맑음,교차로 - 교차로안,화물,여,59세,경상,승용,남,40세,중상
2012021800100182,2012년 2월 18일 09시,토요일,경상북도 경주시 성동동,경상사고,0,0,1,0,차대차 - 측면직각충돌,안전운전불이행,건조,맑음,단일로 - 기타,건설기계,남,34세,상해없음,승용,남,27세,경상
2012021800100195,2012년 2월 18일 10시,토요일,경상북도 경주시 용강동,경상사고,0,0,4,0,차대차 - 추돌 - 주정차중,안전운전불이행,건조,맑음,단일로 - 기타,승용,여,38세,경상,승용,남,27세,경상
2012021800100196,2012년 2월 18일 10시,토요일,경상북도 영주시 영주동,중상사고,0,2,0,0,차대차 - 측면직각충돌,신호위반,건조,맑음,교차로 - 교차로안,승용,남,69세,상해없음,승용,남,72세,상해없음
2012021800100197,2012년 2월 18일 10시,토요일,경상북도 경산시 옥산동,경상사고,0,0,1,0,차대차 - 기타,안전운전불이행,건조,맑음,교차로 - 교차로안,승용,남,57세,상해없음,승용,여,47세,경상
2012021800100198,2012년 2월 18일 10시,토요일,경상북도 포항시 남구 구룡포읍,경상사고,0,0,1,0,차대차 - 추돌 - 진행중,안전운전불이행,건조,맑음,단일로 - 기타,승용,여,60세,경상,화물,남,70세,상해없음
2012021800100250,2012년 2월 18일 12시,토요일,경상북도 포항시 북구 죽도동,경상사고,0,0,1,0,차대차 - 기타,중앙선침범,건조,맑음,교차로 - 교차로부근,승합,남,44세,상해없음,자전거,남,77세,경상
2012021800100251,2012년 2월 18일 12시,토요일,경상북도 김천시 성내동,중상사고,0,1,0,0,차대사람 - 기타,보행자보호의무위반,건조,맑음,단일로 - 횡단보도상,승용,남,53세,상해없음,보행자,여,64세,중상
2012021800100274,2012년 2월 18일 13시,토요일,경상북도 경주시 노서동,경상사고,0,0,2,0,차대차 - 기타,안전운전불이행,건조,맑음,교차로 - 교차로부근,승용,남,58세,상해없음,승용,여,42세,경상
2012021800100275,2012년 2월 18일 13시,토요일,경상북도 포항시 북구 장성동,경상사고,0,0,1,0,차대차 - 측면직각충돌,안전거리미확보,건조,맑음,교차로 - 교차로부근,승용,남,57세,상해없음,승용,남,45세,경상
2012021800100276,2012년 2월 18일 13시,토요일,경상북도 영천시 완산동,경상사고,0,0,1,0,차대차 - 측면직각충돌,안전운전불이행,건조,맑음,교차로 - 교차로안,승용,남,49세,상해없음,화물,남,46세,경상
2012021800100300,2012년 2월 18일 14시,토요일,경상북도 경주시 강동면,경상사고,0,0,1,0,차대차 - 추돌 - 진행중,안전운전불이행,건조,맑음,단일로 - 교량,건설기계,남,64세,상해없음,승용,남,50세,경상
2012021800100326,2012년 2월 18일 15시,토요일,경상북도 문경시 불정동,경상사고,0,0,1,0,차대차 - 측면직각충돌,안전운전불이행,건조,맑음,단일로 - 기타,승용,남,37세,상해없음,승용,남,48세,상해없음
2012021800100358,2012년 2월 18일 16시,토요일,경상북도 안동시 용상동,중상사고,0,1,0,0,차대차 - 추돌 - 주정차중,안전운전불이행,건조,맑음,교차로 - 교차로안,승용,여,25세,상해없음,승용,남,43세,중상
2012021800100359,2012년 2월 18일 16시,토요일,경상북도 경산시 진량읍,중상사고,0,1,0,0,차대차 - 기타,안전운전불이행,건조,맑음,단일로 - 기타,승용,남,26세,상해없음,승합,남,50세,중상
2012021800100360,2012년 2월 18일 16시,토요일,경상북도 구미시 고아읍,경상사고,0,0,1,0,차대차 - 추돌 - 진행중,안전운전불이행,건조,맑음,교차로 - 교차로부근,화물,남,71세,상해없음,승용,남,37세,상해없음
2012021800100385,2012년 2월 18일 17시,토요일,경상북도 영주시 휴천동,경상사고,0,0,1,0,차대차 - 추돌 - 주정차중,안전운전불이행,건조,맑음,단일로 - 터널,화물,남,60세,상해없음,이륜,남,28세,경상
2012021800100456,2012년 2월 18일 19시,토요일,경상북도 영천시 오수동,중상사고,0,1,3,0,차대차 - 추돌 - 진행중,안전운전불이행,건조,맑음,교차로 - 교차로부근,승합,남,46세,상해없음,승용,남,41세,경상
2012021800100495,2012년 2월 18일 20시,토요일,경상북도 경주시 양남면,중상사고,0,1,0,0,차대사람 - 기타,안전운전불이행,건조,맑음,교차로 - 교차로부근,승용,남,64세,상해없음,보행자,남,54세,중상
2012021800100496,2012년 2월 18일 20시,토요일,경상북도 안동시 옥동,경상사고,0,0,1,0,차대차 - 정면충돌,안전운전불이행,건조,맑음,단일로 - 기타,승용,남,47세,상해없음,이륜,남,55세,경상
2012021800100526,2012년 2월 18일 21시,토요일,경상북도 안동시 송현동,중상사고,0,1,0,0,차대차 - 측면직각충돌,안전운전불이행,건조,맑음,교차로 - 교차로부근,화물,남,42세,상해없음,자전거,여,12세,중상
2012021800100527,2012년 2월 18일 21시,토요일,경상북도 구미시 구평동,경상사고,0,0,1,0,차대차 - 측면직각충돌,안전운전불이행,건조,맑음,단일로 - 기타,승용,남,54세,상해없음,이륜,남,23세,경상
2012021900100016,2012년 2월 19일 00시,일요일,경상북도 구미시 원평동,경상사고,0,0,1,0,차대차 - 측면직각충돌,신호위반,건조,맑음,단일로 - 기타,승용,남,37세,상해없음,원동기,남,55세,경상
2012021900100017,2012년 2월 19일 00시,일요일,경상북도 포항시 남구 청림동,경상사고,0,0,1,0,차량단독 - 기타,안전운전불이행,건조,맑음,단일로 - 기타,승용,남,46세,경상,,,,
2012021900100045,2012년 2월 19일 01시,일요일,경상북도 안동시 남후면,경상사고,0,0,1,0,차량단독 - 공작물충돌,안전운전불이행,건조,맑음,단일로 - 기타,승용,남,22세,경상,,,,
2012021900100086,2012년 2월 19일 04시,일요일,경상북도 상주시 사벌면,경상사고,0,0,1,0,차대차 - 추돌 - 진행중,안전운전불이행,건조,맑음,단일로 - 기타,승용,남,52세,상해없음,승용,여,39세,경상
2012021900100101,2012년 2월 19일 06시,일요일,경상북도 구미시 오태동,경상사고,0,0,2,0,차량단독 - 도로외이탈 - 추락,안전운전불이행,결빙,맑음,기타 - 기타,승용,남,22세,경상,,,,
2012021900100112,2012년 2월 19일 07시,일요일,경상북도 칠곡군 가산면,중상사고,0,1,0,1,차대차 - 추돌 - 진행중,안전운전불이행,건조,맑음,단일로 - 기타,승합,남,26세,부상신고,화물,남,54세,상해없음
2012021900100134,2012년 2월 19일 09시,일요일,경상북도 경주시 동천동,중상사고,0,1,1,0,차대차 - 기타,교차로운행방법위반,건조,맑음,교차로 - 교차로부근,승용,남,53세,경상,승용,여,43세,상해없음
2012021900100135,2012년 2월 19일 09시,일요일,경상북도 김천시 아포읍,중상사고,0,2,0,0,차대차 - 측면직각충돌,교차로운행방법위반,건조,맑음,교차로 - 교차로안,화물,남,49세,상해없음,승용,남,30세,중상
2012021900100175,2012년 2월 19일 11시,일요일,경상북도 봉화군 소천면,중상사고,0,1,4,0,차대차 - 정면충돌,중앙선침범,건조,맑음,단일로 - 기타,승용,남,45세,중상,승용,남,49세,경상
2012021900100191,2012년 2월 19일 12시,일요일,경상북도 경주시 외동읍,경상사고,0,0,4,0,차대차 - 기타,안전운전불이행,건조,맑음,교차로 - 교차로부근,승용,남,23세,상해없음,승용,남,23세,경상
2012021900100192,2012년 2월 19일 12시,일요일,경상북도 경주시 안강읍,경상사고,0,0,2,0,차대차 - 기타,안전운전불이행,건조,맑음,기타 - 기타,승용,남,55세,상해없음,승용,남,30세,경상
2012021900100193,2012년 2월 19일 12시,일요일,경상북도 영덕군 창수면,사망사고,1,0,0,0,차대사람 - 길가장자리구역통행중,안전운전불이행,건조,맑음,단일로 - 기타,화물,여,54세,상해없음,보행자,여,59세,사망
2012021900100206,2012년 2월 19일 13시,일요일,경상북도 김천시 덕곡동,중상사고,0,1,0,0,차량단독 - 기타,안전운전불이행,건조,맑음,교차로 - 교차로부근,승합,남,48세,상해없음,,,,
2012021900100229,2012년 2월 19일 14시,일요일,경상북도 경주시 용강동,경상사고,0,0,1,0,차대사람 - 기타,안전운전불이행,건조,맑음,단일로 - 기타,승용,남,34세,상해없음,보행자,남,67세,경상
2012021900100230,2012년 2월 19일 14시,일요일,경상북도 포항시 남구 대송면,경상사고,0,0,1,0,차대차 - 추돌 - 진행중,신호위반,건조,맑음,교차로 - 교차로안,화물,남,42세,상해없음,승용,남,52세,경상
2012021900100231,2012년 2월 19일 14시,일요일,경상북도 포항시 남구 대잠동,중상사고,0,2,1,0,차대차 - 측면직각충돌,안전운전불이행,건조,맑음,단일로 - 기타,승용,여,46세,상해없음,승용,여,67세,중상
2012021900100252,2012년 2월 19일 15시,일요일,경상북도 포항시 남구 오천읍,중상사고,0,1,3,0,차대차 - 추돌 - 진행중,신호위반,건조,맑음,교차로 - 교차로안,승용,남,29세,상해없음,승용,여,38세,경상
2012021900100279,2012년 2월 19일 16시,일요일,경상북도 경주시 서면,중상사고,0,3,0,0,차량단독 - 공작물충돌,안전운전불이행,건조,맑음,단일로 - 기타,승용,여,20세,중상,,,,
2012021900100280,2012년 2월 19일 16시,일요일,경상북도 칠곡군 동명면,부상신고사고,0,0,0,1,차량단독 - 공작물충돌,안전운전불이행,건조,맑음,단일로 - 기타,승용,여,50세,부상신고,,,,
2012021900100281,2012년 2월 19일 16시,일요일,경상북도 문경시 문경읍,부상신고사고,0,0,0,1,차량단독 - 공작물충돌,안전운전불이행,건조,맑음,단일로 - 기타,승용,여,42세,부상신고,,,,
2012021900100310,2012년 2월 19일 17시,일요일,경상북도 구미시 상모동,경상사고,0,0,1,0,차대차 - 측면직각충돌,교차로운행방법위반,건조,맑음,교차로 - 교차로안,승용,남,45세,상해없음,승용,남,57세,경상
2012021900100358,2012년 2월 19일 19시,일요일,경상북도 안동시 풍천면,중상사고,0,1,0,0,차대차 - 측면직각충돌,안전운전불이행,건조,맑음,교차로 - 교차로안,이륜,남,49세,중상,화물,여,61세,상해없음
2012021900100391,2012년 2월 19일 20시,일요일,경상북도 칠곡군 동명면,중상사고,0,1,3,0,차대차 - 추돌 - 진행중,안전운전불이행,건조,맑음,교차로 - 교차로부근,승용,남,46세,상해없음,승용,여,36세,중상
2012021900100392,2012년 2월 19일 20시,일요일,경상북도 칠곡군 왜관읍,경상사고,0,0,1,0,차대차 - 추돌 - 진행중,안전운전불이행,건조,맑음,기타 - 기타,특수,남,44세,상해없음,승용,여,40세,경상
2012021900100393,2012년 2월 19일 20시,일요일,경상북도 포항시 남구 대도동,경상사고,0,0,3,0,차대차 - 추돌 - 진행중,신호위반,건조,맑음,교차로 - 교차로안,승용,여,51세,상해없음,승용,남,60세,경상
2012021900100428,2012년 2월 19일 21시,일요일,경상북도 경주시 용강동,중상사고,0,1,0,0,차대사람 - 기타,보행자보호의무위반,건조,맑음,교차로 - 교차로부근,승용,여,47세,상해없음,보행자,남,68세,중상
2012021900100429,2012년 2월 19일 21시,일요일,경상북도 안동시 남선면,사망사고,4,1,0,0,차대차 - 추돌 - 진행중,안전운전불이행,건조,맑음,단일로 - 기타,승용,남,29세,중상,승용,남,51세,사망
2012021900100451,2012년 2월 19일 22시,일요일,경상북도 포항시 북구 죽도동,경상사고,0,0,1,0,차대차 - 추돌 - 주정차중,안전운전불이행,건조,맑음,단일로 - 기타,화물,남,24세,상해없음,승용,남,31세,경상
2012021900100452,2012년 2월 19일 22시,일요일,경상북도 경산시 진량읍,중상사고,0,1,0,0,차대사람 - 기타,안전운전불이행,건조,맑음,단일로 - 기타,승용,남,29세,상해없음,보행자,남,22세,중상
2012021900100482,2012년 2월 19일 23시,일요일,경상북도 구미시 원평동,경상사고,0,0,1,0,차대차 - 측면직각충돌,안전운전불이행,건조,맑음,단일로 - 기타,승용,남,34세,상해없음,자전거,남,32세,경상
2012022000100008,2012년 2월 20일 00시,월요일,경상북도 포항시 남구 해도동,중상사고,0,1,0,0,차대차 - 추돌 - 주정차중,안전운전불이행,건조,맑음,단일로 - 기타,원동기,남,52세,중상,승용,남,55세,상해없음
2012022000100015,2012년 2월 20일 01시,월요일,경상북도 포항시 남구 상도동,경상사고,0,0,1,0,차대차 - 측면직각충돌,신호위반,건조,맑음,교차로 - 교차로안,승용,남,60세,상해없음,승용,남,31세,경상
2012022000100022,2012년 2월 20일 02시,월요일,경상북도 경주시 구황동,중상사고,0,1,0,0,차대차 - 기타,신호위반,건조,맑음,교차로 - 교차로안,승용,남,18세,상해없음,승용,남,49세,중상
2012022000100052,2012년 2월 20일 05시,월요일,경상북도 경주시 노동동,경상사고,0,0,1,0,차대차 - 측면직각충돌,안전운전불이행,건조,맑음,교차로 - 교차로안,승용,남,55세,상해없음,자전거,남,63세,경상
2012022000100123,2012년 2월 20일 08시,월요일,경상북도 문경시 산양면,중상사고,0,1,0,0,차대차 - 기타,안전운전불이행,건조,맑음,교차로 - 교차로부근,건설기계,남,54세,상해없음,승용,남,51세,중상
2012022000100152,2012년 2월 20일 09시,월요일,경상북도 경산시 옥곡동,경상사고,0,0,2,0,차대차 - 기타,안전운전불이행,건조,맑음,교차로 - 교차로안,승용,여,31세,상해없음,승용,남,39세,경상
2012022000100153,2012년 2월 20일 09시,월요일,경상북도 구미시 진평동,부상신고사고,0,0,0,1,차대차 - 기타,교차로운행방법위반,건조,맑음,교차로 - 교차로안,자전거,여,51세,부상신고,화물,남,31세,상해없음
2012022000100177,2012년 2월 20일 10시,월요일,경상북도 경주시 황용동,중상사고,0,1,1,0,차대차 - 정면충돌,중앙선침범,건조,맑음,단일로 - 기타,승용,여,39세,중상,승용,여,49세,경상
2012022000100230,2012년 2월 20일 12시,월요일,경상북도 경주시 탑동,중상사고,0,2,1,0,차대차 - 측면직각충돌,안전거리미확보,건조,맑음,단일로 - 기타,화물,남,59세,상해없음,승용,남,35세,중상
2012022000100231,2012년 2월 20일 12시,월요일,경상북도 포항시 북구 죽도동,경상사고,0,0,2,0,차대차 - 기타,불법유턴,건조,맑음,단일로 - 기타,승용,남,64세,상해없음,승용,남,63세,경상
2012022000100232,2012년 2월 20일 12시,월요일,경상북도 김천시 농소면,중상사고,0,2,1,0,차대차 - 측면직각충돌,교차로운행방법위반,건조,맑음,교차로 - 교차로안,건설기계,남,54세,경상,화물,남,71세,중상
2012022000100255,2012년 2월 20일 13시,월요일,경상북도 구미시 고아읍,경상사고,0,0,1,0,차대차 - 기타,안전운전불이행,건조,맑음,교차로 - 교차로부근,이륜,남,29세,경상,승용,남,31세,기타불명
2012022000100281,2012년 2월 20일 14시,월요일,경상북도 영천시 언하동,중상사고,0,1,0,0,차대차 - 측면직각충돌,직진우회전진행방해,건조,맑음,교차로 - 교차로안,화물,남,42세,상해없음,원동기,남,78세,중상
2012022000100282,2012년 2월 20일 14시,월요일,경상북도 문경시 공평동,중상사고,0,1,0,0,차대차 - 기타,안전운전불이행,건조,맑음,단일로 - 기타,승용,남,71세,상해없음,승용,여,38세,중상
2012022000100283,2012년 2월 20일 14시,월요일,경상북도 경산시 자인면,경상사고,0,0,1,0,차대차 - 기타,교차로운행방법위반,건조,맑음,교차로 - 교차로안,승용,여,30세,상해없음,화물,남,55세,경상
2012022000100284,2012년 2월 20일 14시,월요일,경상북도 경산시 용성면,중상사고,0,1,0,0,차대차 - 측면직각충돌,중앙선침범,건조,맑음,단일로 - 기타,승용,여,48세,상해없음,승용,남,37세,중상
2012022000100285,2012년 2월 20일 14시,월요일,경상북도 군위군 효령면,경상사고,0,0,1,0,차량단독 - 공작물충돌,안전운전불이행,건조,맑음,단일로 - 기타,이륜,남,74세,경상,,,,
2012022000100314,2012년 2월 20일 15시,월요일,경상북도 경주시 외동읍,중상사고,0,1,4,0,차대차 - 측면직각충돌,안전운전불이행,건조,맑음,교차로 - 교차로안,화물,남,28세,상해없음,화물,남,69세,중상
2012022000100315,2012년 2월 20일 15시,월요일,경상북도 포항시 남구 송도동,중상사고,0,1,0,0,차대사람 - 기타,신호위반,건조,맑음,단일로 - 횡단보도상,승용,여,29세,상해없음,보행자,남,12세,중상
2012022000100344,2012년 2월 20일 16시,월요일,경상북도 구미시 봉곡동,경상사고,0,0,1,0,차대차 - 추돌 - 진행중,안전운전불이행,건조,맑음,교차로 - 교차로부근,승용,여,22세,상해없음,승용,여,42세,경상
2012022000100371,2012년 2월 20일 17시,월요일,경상북도 포항시 남구 송도동,경상사고,0,0,1,0,차대차 - 추돌 - 진행중,안전운전불이행,건조,맑음,교차로 - 교차로안,승용,남,32세,상해없음,화물,남,43세,상해없음
2012022000100401,2012년 2월 20일 18시,월요일,경상북도 경주시 성동동,경상사고,0,0,1,0,차대차 - 추돌 - 진행중,안전운전불이행,건조,맑음,단일로 - 기타,승용,남,41세,상해없음,승용,남,59세,상해없음
2012022000100402,2012년 2월 20일 18시,월요일,경상북도 경주시 현곡면,중상사고,0,1,0,0,차대사람 - 기타,안전운전불이행,건조,맑음,교차로 - 교차로안,화물,여,55세,상해없음,보행자,여,70세,중상
2012022000100403,2012년 2월 20일 18시,월요일,경상북도 경산시 하양읍,경상사고,0,0,1,0,차대차 - 기타,안전운전불이행,건조,맑음,기타 - 기타,승용,남,54세,기타불명,승용,여,32세,경상
2012022000100404,2012년 2월 20일 18시,월요일,경상북도 포항시 남구 오천읍,경상사고,0,0,1,0,차대사람 - 기타,중앙선침범,건조,맑음,교차로 - 교차로부근,승용,남,49세,상해없음,보행자,남,17세,경상
2012022000100445,2012년 2월 20일 19시,월요일,경상북도 예천군 예천읍,중상사고,0,1,0,0,차대차 - 추돌 - 진행중,안전운전불이행,건조,맑음,단일로 - 기타,승합,남,64세,상해없음,농기계,여,47세,중상
2012022000100446,2012년 2월 20일 19시,월요일,경상북도 포항시 남구 오천읍,경상사고,0,0,2,0,차대차 - 추돌 - 진행중,교차로운행방법위반,건조,맑음,단일로 - 기타,승용,남,30세,상해없음,화물,남,41세,경상
2012022000100526,2012년 2월 20일 21시,월요일,경상북도 포항시 남구 대잠동,중상사고,0,1,0,0,차대사람 - 기타,안전운전불이행,건조,맑음,단일로 - 기타,기타불명,기타불명,기타불명,기타불명,보행자,남,56세,중상
2012022000100572,2012년 2월 20일 22시,월요일,경상북도 칠곡군 동명면,경상사고,0,0,2,0,차대차 - 추돌 - 진행중,안전운전불이행,건조,맑음,교차로 - 교차로부근,승용,남,59세,상해없음,승용,여,43세,경상
2012022000100573,2012년 2월 20일 22시,월요일,경상북도 경산시 자인면,경상사고,0,0,1,0,차대차 - 기타,안전운전불이행,건조,맑음,교차로 - 교차로안,승용,남,54세,상해없음,승용,여,21세,경상
2012022000100574,2012년 2월 20일 22시,월요일,경상북도 구미시 신평동,경상사고,0,0,3,0,차대차 - 측면직각충돌,안전운전불이행,건조,맑음,교차로 - 교차로부근,승용,남,52세,상해없음,승용,남,25세,경상
2012022000100575,2012년 2월 20일 22시,월요일,경상북도 포항시 남구 송도동,중상사고,0,1,0,0,차대차 - 추돌 - 진행중,안전운전불이행,건조,맑음,단일로 - 기타,승용,남,37세,상해없음,승용,여,49세,중상
2012022000100612,2012년 2월 20일 23시,월요일,경상북도 의성군 금성면,중상사고,0,1,0,0,차대차 - 정면충돌,안전운전불이행,건조,맑음,단일로 - 기타,승용,여,51세,상해없음,자전거,남,66세,중상
2012022000100613,2012년 2월 20일 23시,월요일,경상북도 영주시 영주동,경상사고,0,0,1,0,차대차 - 추돌 - 진행중,안전운전불이행,건조,맑음,단일로 - 기타,승용,남,34세,상해없음,승용,여,40세,경상
2012022000100614,2012년 2월 20일 23시,월요일,경상북도 칠곡군 석적읍,경상사고,0,0,1,0,차대사람 - 횡단중,보행자보호의무위반,건조,맑음,단일로 - 횡단보도상,승합,남,45세,상해없음,보행자,여,23세,경상
2012022100100066,2012년 2월 21일 02시,화요일,경상북도 봉화군 법전면,사망사고,1,0,0,0,차량단독 - 공작물충돌,안전운전불이행,건조,맑음,단일로 - 기타,승용,여,43세,사망,,,,
2012022100100067,2012년 2월 21일 02시,화요일,경상북도 구미시 원평동,중상사고,0,1,0,0,차대차 - 측면직각충돌,안전운전불이행,건조,맑음,교차로 - 교차로안,승용,남,25세,상해없음,승용,여,33세,상해없음
2012022100100090,2012년 2월 21일 04시,화요일,경상북도 구미시 공단동,중상사고,0,1,0,0,차대차 - 측면직각충돌,안전운전불이행,건조,맑음,교차로 - 교차로부근,승용,남,33세,중상,승용,남,52세,기타불명
2012022100100140,2012년 2월 21일 07시,화요일,경상북도 경주시 건천읍,중상사고,0,1,0,0,차대사람 - 기타,보행자보호의무위반,건조,맑음,단일로 - 횡단보도상,승용,남,39세,상해없음,보행자,여,80세,중상
2012022100100180,2012년 2월 21일 08시,화요일,경상북도 경주시 용강동,경상사고,0,0,2,0,차대차 - 측면직각충돌,안전운전불이행,건조,맑음,교차로 - 교차로부근,승용,남,58세,경상,승용,여,34세,경상
2012022100100181,2012년 2월 21일 08시,화요일,경상북도 영천시 청통면,중상사고,0,2,0,0,차대차 - 추돌 - 진행중,안전운전불이행,건조,맑음,단일로 - 기타,승용,남,25세,상해없음,승용,여,39세,중상
2012022100100226,2012년 2월 21일 10시,화요일,경상북도 경산시 옥산동,중상사고,0,1,0,0,차대차 - 기타,안전운전불이행,건조,맑음,기타 - 기타,승용,여,41세,상해없음,자전거,남,56세,중상
2012022100100250,2012년 2월 21일 11시,화요일,경상북도 경주시 건천읍,경상사고,0,0,1,0,차대차 - 추돌 - 주정차중,안전운전불이행,건조,맑음,단일로 - 기타,승용,남,55세,상해없음,승용,남,56세,경상
2012022100100272,2012년 2월 21일 12시,화요일,경상북도 김천시 신음동,경상사고,0,0,1,0,차대사람 - 횡단중,보행자보호의무위반,건조,맑음,단일로 - 횡단보도상,화물,남,42세,상해없음,보행자,여,73세,경상
2012022100100273,2012년 2월 21일 12시,화요일,경상북도 의성군 의성읍,경상사고,0,0,1,0,차대사람 - 길가장자리구역통행중,안전운전불이행,건조,맑음,교차로 - 교차로부근,승용,여,37세,상해없음,보행자,여,60세,경상
2012022100100274,2012년 2월 21일 12시,화요일,경상북도 영주시 풍기읍,경상사고,0,0,1,0,차대사람 - 기타,안전운전불이행,건조,맑음,교차로 - 교차로안,승용,남,38세,상해없음,보행자,남,66세,경상
2012022100100305,2012년 2월 21일 13시,화요일,경상북도 경주시 성건동,경상사고,0,0,2,0,차대차 - 측면직각충돌,안전운전불이행,건조,흐림,기타 - 기타,건설기계,남,58세,경상,승용,여,37세,경상
2012022100100306,2012년 2월 21일 13시,화요일,경상북도 포항시 북구 학산동,경상사고,0,0,1,0,차대차 - 기타,안전거리미확보,건조,맑음,교차로 - 교차로부근,승용,남,57세,상해없음,승용,여,55세,경상
2012022100100307,2012년 2월 21일 13시,화요일,경상북도 상주시 함창읍,중상사고,0,1,0,0,차대사람 - 횡단중,안전운전불이행,건조,맑음,교차로 - 교차로안,승용,남,74세,상해없음,보행자,남,65세,중상
2012022100100308,2012년 2월 21일 13시,화요일,경상북도 구미시 옥성면,중상사고,0,1,0,0,차대차 - 측면직각충돌,안전운전불이행,건조,맑음,단일로 - 기타,기타불명,기타불명,기타불명,기타불명,승용,남,49세,중상
2012022100100325,2012년 2월 21일 14시,화요일,경상북도 포항시 북구 우현동,경상사고,0,0,1,0,차대차 - 추돌 - 진행중,안전운전불이행,건조,맑음,교차로 - 교차로부근,승용,남,60세,상해없음,승용,여,23세,경상
2012022100100326,2012년 2월 21일 14시,화요일,경상북도 안동시 운흥동,중상사고,0,1,0,0,차대차 - 추돌 - 주정차중,안전운전불이행,건조,맑음,교차로 - 교차로부근,이륜,남,80세,중상,승용,남,48세,상해없음
2012022100100327,2012년 2월 21일 14시,화요일,경상북도 칠곡군 왜관읍,사망사고,1,0,0,0,차대사람 - 횡단중,안전운전불이행,건조,흐림,단일로 - 기타,승합,남,56세,상해없음,보행자,여,85세,사망
2012022100100328,2012년 2월 21일 14시,화요일,경상북도 포항시 남구 이동,경상사고,0,0,3,0,차대차 - 추돌 - 진행중,안전운전불이행,건조,맑음,교차로 - 교차로부근,화물,남,36세,상해없음,화물,남,52세,경상
2012022100100362,2012년 2월 21일 15시,화요일,경상북도 경주시 인왕동,경상사고,0,0,1,0,차대차 - 측면직각충돌,안전운전불이행,습기,비,단일로 - 횡단보도상,승용,남,60세,상해없음,자전거,남,18세,경상
2012022100100363,2012년 2월 21일 15시,화요일,경상북도 포항시 북구 우현동,중상사고,0,1,2,0,차대차 - 기타,안전운전불이행,건조,흐림,단일로 - 기타,이륜,남,83세,중상,승용,남,27세,경상
2012022100100364,2012년 2월 21일 15시,화요일,경상북도 봉화군 봉성면,경상사고,0,0,1,0,차량단독 - 공작물충돌,안전운전불이행,건조,맑음,단일로 - 기타,승용,여,50세,경상,,,,
2012022100100384,2012년 2월 21일 16시,화요일,경상북도 경주시 황성동,중상사고,0,1,0,0,차대사람 - 기타,보행자보호의무위반,습기,비,단일로 - 기타,승용,남,31세,상해없음,보행자,여,74세,중상
2012022100100385,2012년 2월 21일 16시,화요일,경상북도 경주시 천북면,경상사고,0,0,3,0,차대차 - 측면직각충돌,안전운전불이행,습기,흐림,단일로 - 기타,승용,남,39세,경상,화물,남,22세,경상
2012022100100386,2012년 2월 21일 16시,화요일,경상북도 김천시 신음동,중상사고,0,1,0,0,차대차 - 측면직각충돌,교차로운행방법위반,건조,맑음,교차로 - 교차로안,승용,남,54세,상해없음,이륜,남,60세,중상
2012022100100387,2012년 2월 21일 16시,화요일,경상북도 구미시 장천면,경상사고,0,0,2,0,차대차 - 기타,안전운전불이행,건조,맑음,교차로 - 교차로안,화물,남,41세,상해없음,승용,남,23세,경상
2012022100100459,2012년 2월 21일 18시,화요일,경상북도 포항시 남구 대도동,경상사고,0,0,1,0,차대사람 - 기타,신호위반,습기,비,단일로 - 횡단보도상,승용,여,44세,상해없음,보행자,여,15세,경상
2012022100100460,2012년 2월 21일 18시,화요일,경상북도 포항시 남구 송도동,중상사고,0,1,0,0,차대사람 - 기타,안전운전불이행,습기,비,단일로 - 기타,승용,남,29세,상해없음,보행자,남,42세,중상
2012022100100461,2012년 2월 21일 18시,화요일,경상북도 포항시 남구 오천읍,경상사고,0,0,2,0,차대차 - 측면직각충돌,교차로운행방법위반,습기,비,교차로 - 교차로안,화물,남,57세,경상,승용,남,47세,경상
2012022100100506,2012년 2월 21일 19시,화요일,경상북도 경주시 양남면,경상사고,0,0,2,0,차량단독 - 공작물충돌,안전운전불이행,습기,비,단일로 - 기타,화물,남,20세,경상,,,,
2012022100100507,2012년 2월 21일 19시,화요일,경상북도 김천시 덕곡동,경상사고,0,0,1,0,차대차 - 측면직각충돌,안전운전불이행,건조,맑음,단일로 - 기타,승용,남,45세,상해없음,승용,여,47세,경상
2012022100100508,2012년 2월 21일 19시,화요일,경상북도 울진군 울진읍,중상사고,0,1,0,0,차대사람 - 길가장자리구역통행중,안전운전불이행,건조,맑음,교차로 - 교차로안,화물,남,35세,상해없음,보행자,여,60세,중상