사고번호,사고일시,요일,시군구,사고내용,사망자수,중상자수,경상자수,부상신고자수,사고유형,법규위반,노면상태,기상상태,도로형태,가해운전자 차종,가해운전자 성별,가해운전자 연령,가해운전자 상해정도,피해운전자 차종,피해운전자 성별,피해운전자 연령,피해운전자 상해정도
2012022500100088,2012년 2월 25일 02시,토요일,경상북도 경주시 용강동,경상사고,0,0,2,0,차대차 - 기타,안전운전불이행,건조,맑음,교차로 - 교차로부근,승용,남,46세,상해없음,승용,남,48세,경상
2012022500100089,2012년 2월 25일 02시,토요일,경상북도 경주시 동천동,경상사고,0,0,4,0,차대차 - 측면직각충돌,신호위반,건조,맑음,교차로 - 교차로안,승용,남,37세,상해없음,승용,남,24세,경상
2012022500100090,2012년 2월 25일 02시,토요일,경상북도 경주시 구황동,부상신고사고,0,0,0,1,차대차 - 추돌 - 주정차중,안전운전불이행,건조,맑음,교차로 - 교차로부근,승합,남,44세,부상신고,특수,남,61세,상해없음
2012022500100091,2012년 2월 25일 02시,토요일,경상북도 구미시 원평동,경상사고,0,0,2,0,차대차 - 기타,안전운전불이행,건조,맑음,교차로 - 교차로안,승용,남,39세,상해없음,승용,남,34세,경상
2012022500100110,2012년 2월 25일 03시,토요일,경상북도 구미시 원평동,중상사고,0,1,4,0,차대차 - 기타,안전운전불이행,습기,비,단일로 - 기타,승용,남,23세,상해없음,승용,남,58세,경상
2012022500100132,2012년 2월 25일 04시,토요일,경상북도 경산시 사정동,경상사고,0,0,1,0,차대차 - 기타,안전운전불이행,건조,맑음,교차로 - 교차로안,기타불명,기타불명,기타불명,기타불명,승용,여,36세,경상
2012022500100148,2012년 2월 25일 05시,토요일,경상북도 구미시 송정동,경상사고,0,0,1,0,차대차 - 측면직각충돌,신호위반,습기,비,교차로 - 교차로안,승용,남,25세,상해없음,승용,남,35세,경상
2012022500100173,2012년 2월 25일 06시,토요일,경상북도 경주시 신평동,중상사고,0,1,0,0,차대사람 - 횡단중,안전운전불이행,건조,맑음,단일로 - 기타,승합,남,61세,상해없음,보행자,남,52세,중상
2012022500100190,2012년 2월 25일 07시,토요일,경상북도 경주시 내남면,중상사고,0,1,1,1,차대차 - 기타,신호위반,건조,맑음,교차로 - 교차로안,승용,남,52세,부상신고,승용,남,34세,중상
2012022500100191,2012년 2월 25일 07시,토요일,경상북도 김천시 평화동,경상사고,0,0,1,0,차대차 - 측면직각충돌,안전거리미확보,건조,맑음,단일로 - 기타,승용,여,50세,경상,화물,남,67세,상해없음
2012022500100228,2012년 2월 25일 09시,토요일,경상북도 김천시 평화동,중상사고,0,1,0,0,차대차 - 측면직각충돌,안전운전불이행,건조,흐림,단일로 - 기타,승용,남,35세,상해없음,이륜,남,64세,중상
2012022500100247,2012년 2월 25일 10시,토요일,경상북도 상주시 남성동,중상사고,0,1,0,0,차대차 - 기타,안전운전불이행,건조,맑음,단일로 - 기타,승용,여,26세,상해없음,자전거,여,55세,중상
2012022500100248,2012년 2월 25일 10시,토요일,경상북도 포항시 남구 효자동,경상사고,0,0,2,0,차대차 - 추돌 - 진행중,안전운전불이행,건조,흐림,단일로 - 기타,승용,여,56세,상해없음,승용,남,45세,경상
2012022500100324,2012년 2월 25일 14시,토요일,경상북도 포항시 북구 용흥동,경상사고,0,0,1,0,차대차 - 기타,중앙선침범,건조,맑음,단일로 - 기타,승용,남,47세,상해없음,승용,여,43세,경상
2012022500100346,2012년 2월 25일 15시,토요일,경상북도 영천시 금노동,경상사고,0,0,1,0,차량단독 - 공작물충돌,안전운전불이행,건조,맑음,단일로 - 기타,승합,여,55세,경상,,,,
2012022500100347,2012년 2월 25일 15시,토요일,경상북도 영덕군 강구면,경상사고,0,0,1,0,차대사람 - 기타,안전운전불이행,건조,흐림,단일로 - 기타,승용,남,44세,상해없음,보행자,여,50세,경상
2012022500100370,2012년 2월 25일 16시,토요일,경상북도 경주시 하동,중상사고,0,1,2,0,차대차 - 측면직각충돌,안전운전불이행,건조,맑음,교차로 - 교차로안,승용,남,28세,경상,화물,여,63세,중상
2012022500100371,2012년 2월 25일 16시,토요일,경상북도 포항시 북구 장성동,중상사고,0,1,0,0,차대차 - 기타,교차로운행방법위반,건조,맑음,교차로 - 교차로안,화물,남,50세,상해없음,이륜,남,18세,중상
2012022500100372,2012년 2월 25일 16시,토요일,경상북도 경산시 정평동,경상사고,0,0,1,0,차대차 - 기타,안전운전불이행,건조,맑음,교차로 - 교차로안,승용,여,49세,상해없음,승용,여,55세,경상
2012022500100398,2012년 2월 25일 17시,토요일,경상북도 구미시 상모동,경상사고,0,0,1,0,차대차 - 측면직각충돌,안전운전불이행,건조,맑음,교차로 - 교차로부근,승용,남,42세,상해없음,화물,남,58세,경상
2012022500100430,2012년 2월 25일 18시,토요일,경상북도 경주시 양남면,경상사고,0,0,1,0,차대차 - 추돌 - 주정차중,안전운전불이행,건조,맑음,교차로 - 교차로부근,화물,남,58세,상해없음,승용,남,39세,경상
2012022500100431,2012년 2월 25일 18시,토요일,경상북도 경주시 외동읍,부상신고사고,0,0,0,1,차대차 - 추돌 - 진행중,안전운전불이행,건조,맑음,단일로 - 기타,승용,남,30세,부상신고,화물,남,54세,상해없음
2012022500100432,2012년 2월 25일 18시,토요일,경상북도 경주시 신평동,중상사고,0,1,0,0,차대사람 - 횡단중,보행자보호의무위반,건조,맑음,단일로 - 기타,승용,남,33세,기타불명,보행자,남,58세,중상
2012022500100433,2012년 2월 25일 18시,토요일,경상북도 김천시 부곡동,경상사고,0,0,1,0,차대차 - 측면직각충돌,중앙선침범,건조,맑음,교차로 - 교차로부근,화물,남,52세,상해없음,화물,남,69세,경상
2012022500100434,2012년 2월 25일 18시,토요일,경상북도 영천시 망정동,경상사고,0,0,1,0,차대사람 - 횡단중,안전운전불이행,건조,맑음,교차로 - 교차로부근,승용,남,40세,상해없음,보행자,남,51세,경상
2012022500100435,2012년 2월 25일 18시,토요일,경상북도 포항시 남구 해도동,중상사고,0,1,1,0,차대차 - 추돌 - 진행중,안전운전불이행,건조,맑음,단일로 - 기타,승용,남,48세,상해없음,승용,남,56세,상해없음
2012022500100477,2012년 2월 25일 19시,토요일,경상북도 경주시 용강동,경상사고,0,0,1,0,차대차 - 기타,안전운전불이행,건조,맑음,교차로 - 교차로부근,승용,남,45세,상해없음,원동기,남,30세,경상
2012022500100478,2012년 2월 25일 19시,토요일,경상북도 경주시 황용동,사망사고,1,0,0,0,차량단독 - 기타,안전운전불이행,건조,맑음,단일로 - 기타,승용,남,52세,사망,,,,
2012022500100479,2012년 2월 25일 19시,토요일,경상북도 영천시 청통면,중상사고,0,1,0,0,차대사람 - 횡단중,안전운전불이행,건조,맑음,교차로 - 교차로부근,승용,남,75세,상해없음,보행자,여,79세,중상
2012022500100522,2012년 2월 25일 20시,토요일,경상북도 영천시 망정동,부상신고사고,0,0,0,1,차대사람 - 기타,안전운전불이행,건조,맑음,교차로 - 교차로안,화물,기타불명,기타불명,기타불명,보행자,남,24세,부상신고
2012022500100523,2012년 2월 25일 20시,토요일,경상북도 고령군 다산면,부상신고사고,0,0,0,1,차대차 - 추돌 - 주정차중,안전운전불이행,건조,맑음,단일로 - 기타,승용,기타불명,23세,기타불명,승용,남,38세,부상신고
2012022500100557,2012년 2월 25일 21시,토요일,경상북도 문경시 점촌동,경상사고,0,0,2,0,차대차 - 기타,안전운전불이행,건조,맑음,교차로 - 교차로안,화물,남,41세,상해없음,승용,남,56세,상해없음
2012022500100589,2012년 2월 25일 22시,토요일,경상북도 포항시 북구 대신동,중상사고,0,2,4,0,차대차 - 측면직각충돌,교차로운행방법위반,건조,맑음,교차로 - 교차로안,승용,남,35세,상해없음,승용,남,32세,중상
2012022500100590,2012년 2월 25일 22시,토요일,경상북도 경산시 중방동,중상사고,0,1,0,0,차대차 - 기타,교차로운행방법위반,건조,맑음,기타 - 기타,승용,남,22세,상해없음,원동기,남,16세,중상
2012022500100591,2012년 2월 25일 22시,토요일,경상북도 구미시 양호동,경상사고,0,0,1,0,차대차 - 측면직각충돌,안전운전불이행,건조,맑음,단일로 - 기타,승용,남,36세,상해없음,승용,남,38세,경상
2012022500100618,2012년 2월 25일 23시,토요일,경상북도 경주시 외동읍,경상사고,0,0,2,0,차대차 - 추돌 - 주정차중,안전운전불이행,건조,맑음,단일로 - 기타,승용,남,46세,상해없음,승용,남,30세,경상
2012022500100619,2012년 2월 25일 23시,토요일,경상북도 경산시 삼풍동,경상사고,0,0,1,0,차대사람 - 차도통행중,안전운전불이행,건조,맑음,교차로 - 교차로부근,승용,남,52세,상해없음,보행자,남,25세,경상
2012022600100015,2012년 2월 26일 00시,일요일,경상북도 포항시 북구 두호동,경상사고,0,0,1,0,차대차 - 측면직각충돌,안전운전불이행,건조,맑음,단일로 - 기타,승용,남,30세,상해없음,승용,남,56세,상해없음
2012022600100016,2012년 2월 26일 00시,일요일,경상북도 구미시 임수동,경상사고,0,0,5,0,차대차 - 측면직각충돌,안전운전불이행,건조,맑음,단일로 - 기타,승용,남,44세,경상,승용,남,39세,경상
2012022600100031,2012년 2월 26일 01시,일요일,경상북도 경주시 성건동,중상사고,0,1,0,1,차대차 - 기타,안전운전불이행,건조,맑음,교차로 - 교차로안,이륜,남,16세,부상신고,승용,남,53세,상해없음
2012022600100032,2012년 2월 26일 01시,일요일,경상북도 포항시 북구 죽도동,중상사고,0,1,0,0,차대차 - 기타,중앙선침범,건조,맑음,단일로 - 기타,기타불명,기타불명,기타불명,기타불명,승용,남,59세,중상
2012022600100033,2012년 2월 26일 01시,일요일,경상북도 포항시 북구 환호동,경상사고,0,0,1,0,차대사람 - 기타,안전운전불이행,건조,맑음,단일로 - 기타,승용,남,56세,상해없음,보행자,여,46세,경상
2012022600100034,2012년 2월 26일 01시,일요일,경상북도 안동시 용상동,부상신고사고,0,0,0,1,차대차 - 측면직각충돌,안전운전불이행,건조,맑음,미분류 - 미분류,화물,남,23세,부상신고,승용,여,16세,상해없음
2012022600100035,2012년 2월 26일 01시,일요일,경상북도 칠곡군 석적읍,부상신고사고,0,0,0,1,차대차 - 기타,안전운전불이행,건조,맑음,단일로 - 기타,승용,기타불명,기타불명,기타불명,승용,남,21세,부상신고
2012022600100084,2012년 2월 26일 05시,일요일,경상북도 의성군 안평면,중상사고,0,3,0,0,차대차 - 추돌 - 진행중,안전운전불이행,건조,맑음,단일로 - 기타,승합,남,42세,상해없음,승용,남,40세,중상
2012022600100091,2012년 2월 26일 06시,일요일,경상북도 청도군 금천면,중상사고,0,2,0,0,차대차 - 정면충돌,중앙선침범,건조,흐림,단일로 - 기타,승용,남,21세,중상,승용,남,56세,중상
2012022600100111,2012년 2월 26일 08시,일요일,경상북도 포항시 북구 죽도동,중상사고,0,1,0,0,차대사람 - 기타,신호위반,건조,맑음,교차로 - 교차로부근,승용,남,23세,상해없음,보행자,여,58세,중상
2012022600100117,2012년 2월 26일 09시,일요일,경상북도 구미시 원평동,중상사고,0,1,0,0,차대차 - 측면직각충돌,안전운전불이행,습기,흐림,단일로 - 기타,승용,남,51세,상해없음,승용,여,39세,중상
2012022600100126,2012년 2월 26일 10시,일요일,경상북도 봉화군 소천면,사망사고,2,0,1,0,차량단독 - 공작물충돌,안전운전불이행,습기,흐림,단일로 - 기타,승용,남,30세,사망,,,,
2012022600100143,2012년 2월 26일 11시,일요일,경상북도 울진군 울진읍,경상사고,0,0,1,0,차대차 - 측면직각충돌,신호위반,습기,맑음,교차로 - 교차로안,승용,남,53세,상해없음,승용,여,35세,경상
2012022600100158,2012년 2월 26일 12시,일요일,경상북도 경주시 외동읍,중상사고,0,1,0,0,차대사람 - 기타,안전운전불이행,건조,맑음,단일로 - 기타,승용,남,42세,상해없음,보행자,여,27세,중상
2012022600100159,2012년 2월 26일 12시,일요일,경상북도 안동시 송현동,중상사고,0,3,0,0,차대차 - 측면직각충돌,안전운전불이행,건조,맑음,교차로 - 교차로부근,승용,남,59세,상해없음,승용,남,52세,상해없음
2012022600100174,2012년 2월 26일 13시,일요일,경상북도 구미시 황상동,경상사고,0,0,1,0,차대차 - 측면직각충돌,안전운전불이행,건조,맑음,교차로 - 교차로부근,승용,남,52세,상해없음,승용,남,34세,상해없음
2012022600100192,2012년 2월 26일 14시,일요일,경상북도 성주군 수륜면,중상사고,0,2,0,0,차량단독 - 공작물충돌,기타,건조,맑음,교차로 - 교차로부근,승용,남,59세,중상,,,,
2012022600100211,2012년 2월 26일 15시,일요일,경상북도 경주시 북군동,중상사고,0,7,3,0,차대차 - 추돌 - 주정차중,안전운전불이행,건조,맑음,단일로 - 기타,승용,남,53세,상해없음,승용,남,38세,중상
2012022600100212,2012년 2월 26일 15시,일요일,경상북도 경주시 천군동,경상사고,0,0,2,0,차량단독 - 공작물충돌,안전운전불이행,건조,맑음,기타 - 기타,원동기,여,35세,경상,,,,
2012022600100213,2012년 2월 26일 15시,일요일,경상북도 안동시 남선면,경상사고,0,0,1,0,차대차 - 측면직각충돌,교차로운행방법위반,건조,맑음,교차로 - 교차로안,화물,남,64세,경상,승용,남,57세,상해없음
2012022600100214,2012년 2월 26일 15시,일요일,경상북도 영천시 신령면,사망사고,1,0,0,0,차대차 - 정면충돌,중앙선침범,건조,맑음,단일로 - 기타,이륜,남,17세,사망,승용,남,64세,상해없음
2012022600100233,2012년 2월 26일 16시,일요일,경상북도 포항시 북구 용흥동,경상사고,0,0,2,0,차대차 - 기타,안전거리미확보,건조,흐림,기타 - 기타,승용,남,42세,상해없음,화물,남,38세,상해없음
2012022600100280,2012년 2월 26일 18시,일요일,경상북도 경주시 황오동,중상사고,0,1,3,0,차대차 - 추돌 - 주정차중,안전운전불이행,건조,맑음,단일로 - 기타,승용,남,52세,상해없음,승용,여,49세,중상
2012022600100281,2012년 2월 26일 18시,일요일,경상북도 영양군 입암면,경상사고,0,0,1,0,차량단독 - 공작물충돌,안전운전불이행,건조,맑음,단일로 - 기타,승용,남,56세,경상,,,,
2012022600100282,2012년 2월 26일 18시,일요일,경상북도 칠곡군 동명면,경상사고,0,0,1,0,차대차 - 기타,안전운전불이행,건조,맑음,단일로 - 기타,승용,기타불명,기타불명,기타불명,승용,여,44세,경상
2012022600100309,2012년 2월 26일 19시,일요일,경상북도 경주시 동천동,중상사고,0,3,2,0,차대차 - 기타,안전운전불이행,건조,맑음,교차로 - 교차로부근,승용,남,46세,상해없음,승용,남,60세,중상
2012022600100310,2012년 2월 26일 19시,일요일,경상북도 안동시 정하동,중상사고,0,1,1,0,차대차 - 측면직각충돌,신호위반,건조,맑음,교차로 - 교차로안,승용,남,52세,상해없음,승용,남,57세,경상
2012022600100334,2012년 2월 26일 20시,일요일,경상북도 포항시 북구 동빈1가,경상사고,0,0,2,0,차대차 - 측면직각충돌,중앙선침범,건조,맑음,단일로 - 기타,화물,남,58세,상해없음,승용,남,43세,상해없음
2012022600100357,2012년 2월 26일 21시,일요일,경상북도 성주군 초전면,경상사고,0,0,1,0,차대사람 - 기타,안전운전불이행,건조,맑음,교차로 - 교차로안,화물,남,72세,상해없음,보행자,여,48세,경상
2012022600100358,2012년 2월 26일 21시,일요일,경상북도 구미시 원평동,경상사고,0,0,2,0,차대차 - 측면직각충돌,신호위반,건조,맑음,교차로 - 교차로안,승용,남,22세,상해없음,승용,남,23세,경상
2012022600100376,2012년 2월 26일 22시,일요일,경상북도 경주시 성건동,중상사고,0,1,1,0,차대차 - 기타,안전운전불이행,건조,맑음,기타 - 기타,승용,남,35세,상해없음,승용,남,28세,경상
2012022600100377,2012년 2월 26일 22시,일요일,경상북도 포항시 남구 연일읍,사망사고,1,0,0,0,차대사람 - 횡단중,안전운전불이행,건조,흐림,단일로 - 횡단보도상,승용,남,29세,상해없음,보행자,남,66세,사망
2012022600100392,2012년 2월 26일 23시,일요일,경상북도 안동시 풍산읍,경상사고,0,0,1,0,차대차 - 기타,안전거리미확보,건조,맑음,단일로 - 기타,승합,남,19세,상해없음,승용,남,25세,경상
2012022600100393,2012년 2월 26일 23시,일요일,경상북도 포항시 남구 이동,사망사고,1,2,0,0,차량단독 - 기타,안전운전불이행,건조,맑음,단일로 - 기타,승용,남,31세,중상,,,,
2012022700100009,2012년 2월 27일 00시,월요일,경상북도 구미시 송정동,부상신고사고,0,0,0,1,차대차 - 측면직각충돌,안전운전불이행,건조,맑음,단일로 - 기타,승용,남,28세,부상신고,승용,남,30세,기타불명
2012022700100035,2012년 2월 27일 02시,월요일,경상북도 경산시 진량읍,중상사고,0,1,2,0,차대차 - 추돌 - 진행중,안전운전불이행,건조,맑음,단일로 - 기타,승용,남,19세,상해없음,화물,남,41세,상해없음
2012022700100045,2012년 2월 27일 03시,월요일,경상북도 경주시 황성동,중상사고,0,1,0,0,차대차 - 기타,안전운전불이행,건조,맑음,단일로 - 기타,이륜,기타불명,기타불명,기타불명,승용,남,41세,중상
2012022700100068,2012년 2월 27일 06시,월요일,경상북도 구미시 옥계동,경상사고,0,0,1,0,차대차 - 정면충돌,중앙선침범,건조,맑음,단일로 - 기타,승용,여,61세,상해없음,화물,남,57세,경상
2012022700100124,2012년 2월 27일 09시,월요일,경상북도 경주시 용강동,경상사고,0,0,1,0,차대차 - 측면직각충돌,안전운전불이행,건조,맑음,단일로 - 기타,화물,남,54세,상해없음,승용,남,42세,상해없음
2012022700100125,2012년 2월 27일 09시,월요일,경상북도 영주시 휴천동,중상사고,0,1,0,0,차대차 - 측면직각충돌,교차로운행방법위반,건조,맑음,교차로 - 교차로안,화물,남,59세,상해없음,원동기,여,58세,중상
2012022700100126,2012년 2월 27일 09시,월요일,경상북도 구미시 원평동,경상사고,0,0,1,0,차대사람 - 기타,중앙선침범,건조,맑음,단일로 - 기타,기타불명,기타불명,기타불명,기타불명,보행자,남,23세,경상
2012022700100127,2012년 2월 27일 09시,월요일,경상북도 포항시 남구 대도동,경상사고,0,0,1,0,차대차 - 추돌 - 진행중,안전운전불이행,건조,맑음,교차로 - 교차로부근,승합,남,67세,상해없음,승용,여,62세,경상
2012022700100152,2012년 2월 27일 10시,월요일,경상북도 의성군 가음면,중상사고,0,1,0,0,차대차 - 측면직각충돌,안전운전불이행,건조,맑음,단일로 - 기타,화물,남,63세,상해없음,이륜,남,54세,중상
2012022700100153,2012년 2월 27일 10시,월요일,경상북도 영천시 매산동,부상신고사고,0,0,0,1,차량단독 - 공작물충돌,안전운전불이행,건조,맑음,단일로 - 기타,승용,남,29세,부상신고,,,,
2012022700100181,2012년 2월 27일 11시,월요일,경상북도 경주시 강동면,중상사고,0,1,0,0,차대차 - 측면직각충돌,중앙선침범,건조,맑음,단일로 - 기타,화물,남,37세,상해없음,원동기,남,65세,중상
2012022700100206,2012년 2월 27일 12시,월요일,경상북도 경주시 외동읍,경상사고,0,0,1,0,차대차 - 측면직각충돌,안전운전불이행,건조,맑음,단일로 - 기타,화물,남,49세,상해없음,승용,남,50세,상해없음
2012022700100207,2012년 2월 27일 12시,월요일,경상북도 의성군 안계면,중상사고,0,1,0,0,차대사람 - 횡단중,보행자보호의무위반,건조,맑음,단일로 - 횡단보도상,화물,남,63세,상해없음,보행자,남,86세,중상
2012022700100240,2012년 2월 27일 13시,월요일,경상북도 경주시 건천읍,중상사고,0,1,1,0,차대차 - 측면직각충돌,안전운전불이행,건조,맑음,교차로 - 교차로안,원동기,남,68세,중상,승합,남,58세,상해없음
2012022700100241,2012년 2월 27일 13시,월요일,경상북도 포항시 북구 죽장면,중상사고,0,2,0,0,차대차 - 기타,중앙선침범,건조,맑음,단일로 - 기타,화물,남,48세,상해없음,승용,남,62세,중상
2012022700100242,2012년 2월 27일 13시,월요일,경상북도 포항시 북구 두호동,중상사고,0,1,0,0,차대사람 - 횡단중,중앙선침범,건조,맑음,단일로 - 기타,승용,여,42세,상해없음,보행자,남,71세,중상
2012022700100243,2012년 2월 27일 13시,월요일,경상북도 구미시 임은동,경상사고,0,0,1,0,차대차 - 측면직각충돌,신호위반,건조,맑음,교차로 - 교차로안,화물,남,55세,상해없음,승용,여,49세,경상
2012022700100263,2012년 2월 27일 14시,월요일,경상북도 영천시 금호읍,중상사고,0,1,4,0,차대차 - 측면직각충돌,중앙선침범,건조,맑음,단일로 - 기타,화물,남,59세,상해없음,승합,남,45세,중상
2012022700100264,2012년 2월 27일 14시,월요일,경상북도 영양군 영양읍,중상사고,0,3,0,0,차대차 - 기타,교차로운행방법위반,건조,맑음,교차로 - 교차로안,승용,여,46세,중상,화물,남,40세,중상
2012022700100296,2012년 2월 27일 15시,월요일,경상북도 경주시 외동읍,중상사고,0,1,0,0,차대차 - 측면직각충돌,차로위반,건조,맑음,단일로 - 기타,원동기,남,75세,중상,승용,남,57세,상해없음
2012022700100297,2012년 2월 27일 15시,월요일,경상북도 경산시 옥산동,경상사고,0,0,1,0,차대차 - 기타,안전운전불이행,건조,맑음,단일로 - 기타,승합,남,47세,상해없음,원동기,남,79세,경상
2012022700100327,2012년 2월 27일 16시,월요일,경상북도 고령군 성산면,경상사고,0,0,1,0,차대차 - 추돌 - 진행중,안전운전불이행,건조,맑음,교차로 - 교차로부근,화물,남,46세,상해없음,이륜,남,78세,경상
2012022700100357,2012년 2월 27일 17시,월요일,경상북도 경주시 용강동,중상사고,0,1,0,0,차대차 - 추돌 - 주정차중,안전운전불이행,건조,맑음,단일로 - 기타,승용,남,32세,상해없음,승용,여,26세,중상
2012022700100358,2012년 2월 27일 17시,월요일,경상북도 경산시 옥산동,중상사고,0,1,0,0,차대차 - 측면직각충돌,안전운전불이행,건조,맑음,단일로 - 기타,특수,남,42세,상해없음,승용,남,74세,상해없음
2012022700100359,2012년 2월 27일 17시,월요일,경상북도 구미시 임수동,중상사고,0,1,4,0,차대차 - 측면직각충돌,안전운전불이행,건조,맑음,교차로 - 교차로안,승합,남,35세,경상,승용,남,28세,중상
2012022700100360,2012년 2월 27일 17시,월요일,경상북도 구미시 선산읍,중상사고,0,1,0,0,차대차 - 측면직각충돌,안전운전불이행,건조,맑음,기타 - 기타,승용,여,32세,중상,화물,남,45세,상해없음
2012022700100392,2012년 2월 27일 18시,월요일,경상북도 경산시 임당동,경상사고,0,0,2,0,차대차 - 기타,안전운전불이행,건조,맑음,교차로 - 교차로부근,승용,여,47세,상해없음,원동기,남,17세,경상
2012022700100424,2012년 2월 27일 19시,월요일,경상북도 상주시 만산동,경상사고,0,0,1,0,차대차 - 기타,중앙선침범,건조,맑음,단일로 - 기타,승용,여,31세,상해없음,화물,남,30세,경상
2012022700100425,2012년 2월 27일 19시,월요일,경상북도 경산시 사정동,중상사고,0,1,0,0,차대차 - 기타,안전운전불이행,건조,맑음,단일로 - 기타,승용,남,62세,상해없음,승용,남,24세,중상
2012022700100426,2012년 2월 27일 19시,월요일,경상북도 성주군 성주읍,경상사고,0,0,1,0,차대차 - 측면직각충돌,직진우회전진행방해,건조,맑음,교차로 - 교차로안,승합,여,26세,상해없음,자전거,남,58세,경상
2012022700100427,2012년 2월 27일 19시,월요일,경상북도 울진군 울진읍,경상사고,0,0,1,0,차대사람 - 길가장자리구역통행중,안전운전불이행,건조,맑음,교차로 - 교차로부근,승용,남,35세,상해없음,보행자,남,56세,경상
2012022700100428,2012년 2월 27일 19시,월요일,경상북도 구미시 선산읍,경상사고,0,0,1,0,차대차 - 측면직각충돌,안전운전불이행,건조,맑음,교차로 - 교차로안,승용,남,44세,경상,화물,남,50세,상해없음
2012022700100465,2012년 2월 27일 20시,월요일,경상북도 포항시 북구 흥해읍,중상사고,0,1,0,0,차대차 - 정면충돌,신호위반,건조,맑음,교차로 - 교차로안,승용,남,42세,상해없음,승용,남,40세,중상
2012022700100494,2012년 2월 27일 21시,월요일,경상북도 경주시 황성동,경상사고,0,0,1,1,차대차 - 기타,안전운전불이행,건조,맑음,교차로 - 교차로부근,화물,남,40세,상해없음,승용,남,51세,상해없음
2012022700100495,2012년 2월 27일 21시,월요일,경상북도 경주시 탑동,사망사고,1,0,0,0,차대사람 - 기타,안전운전불이행,건조,맑음,단일로 - 기타,승합,남,58세,상해없음,보행자,여,82세,사망
2012022700100496,2012년 2월 27일 21시,월요일,경상북도 경주시 탑동,경상사고,0,0,1,0,차대차 - 측면직각충돌,안전운전불이행,건조,맑음,교차로 - 교차로안,화물,남,42세,상해없음,화물,남,25세,경상
2012022700100497,2012년 2월 27일 21시,월요일,경상북도 문경시 모전동,경상사고,0,0,3,0,차대차 - 기타,안전거리미확보,건조,맑음,단일로 - 기타,승용,여,42세,상해없음,승용,남,51세,경상
2012022700100548,2012년 2월 27일 23시,월요일,경상북도 김천시 부곡동,경상사고,0,0,1,0,차대차 - 측면직각충돌,안전운전불이행,건조,맑음,교차로 - 교차로부근,승용,남,32세,상해없음,승용,남,48세,경상
2012022700100549,2012년 2월 27일 23시,월요일,경상북도 구미시 옥성면,중상사고,0,1,0,0,차대차 - 측면직각충돌,중앙선침범,건조,맑음,단일로 - 기타,승용,남,32세,중상,화물,남,64세,상해없음
2012022800100031,2012년 2월 28일 01시,화요일,경상북도 울진군 후포면,경상사고,0,0,1,0,차량단독 - 공작물충돌,안전운전불이행,건조,맑음,단일로 - 기타,승용,남,23세,경상,,,,
2012022800100045,2012년 2월 28일 02시,화요일,경상북도 칠곡군 석적읍,부상신고사고,0,0,0,1,차량단독 - 공작물충돌,안전운전불이행,건조,맑음,단일로 - 기타,화물,남,62세,부상신고,,,,
2012022800100056,2012년 2월 28일 03시,화요일,경상북도 상주시 화서면,사망사고,1,1,0,0,차대차 - 추돌 - 진행중,안전운전불이행,건조,맑음,단일로 - 기타,화물,남,56세,사망,화물,남,52세,중상
2012022800100078,2012년 2월 28일 06시,화요일,경상북도 안동시 풍산읍,중상사고,0,2,0,0,차대차 - 측면직각충돌,안전운전불이행,건조,맑음,교차로 - 교차로부근,승합,남,41세,상해없음,화물,남,59세,중상
2012022800100094,2012년 2월 28일 07시,화요일,경상북도 경주시 용강동,중상사고,0,1,3,0,차대차 - 측면직각충돌,안전운전불이행,건조,흐림,단일로 - 기타,승용,여,49세,상해없음,승합,남,67세,상해없음
2012022800100095,2012년 2월 28일 07시,화요일,경상북도 포항시 북구 장성동,경상사고,0,0,2,0,차대차 - 측면직각충돌,교차로운행방법위반,건조,맑음,교차로 - 교차로안,승용,남,58세,상해없음,화물,남,54세,경상
2012022800100096,2012년 2월 28일 07시,화요일,경상북도 포항시 남구 송도동,경상사고,0,0,1,0,차대차 - 추돌 - 진행중,교차로운행방법위반,건조,흐림,교차로 - 교차로안,승용,남,62세,상해없음,승용,남,29세,경상
2012022800100097,2012년 2월 28일 07시,화요일,경상북도 구미시 사곡동,경상사고,0,0,4,0,차대차 - 추돌 - 진행중,안전운전불이행,건조,맑음,단일로 - 기타,화물,남,38세,상해없음,승용,남,40세,경상
2012022800100114,2012년 2월 28일 08시,화요일,경상북도 포항시 북구 죽도동,중상사고,0,1,0,0,차대사람 - 기타,신호위반,건조,맑음,단일로 - 횡단보도상,승용,남,32세,상해없음,보행자,여,84세,중상
2012022800100115,2012년 2월 28일 08시,화요일,경상북도 안동시 광석동,중상사고,0,1,0,0,차대사람 - 횡단중,보행자보호의무위반,건조,맑음,교차로 - 교차로안,승용,남,53세,상해없음,보행자,여,68세,중상
2012022800100151,2012년 2월 28일 10시,화요일,경상북도 칠곡군 왜관읍,경상사고,0,0,1,0,차대차 - 측면직각충돌,안전운전불이행,건조,맑음,기타 - 기타,승용,남,33세,상해없음,승용,여,41세,상해없음
2012022800100152,2012년 2월 28일 10시,화요일,경상북도 문경시 문경읍,경상사고,0,0,1,0,차대차 - 기타,안전운전불이행,건조,흐림,단일로 - 기타,기타불명,기타불명,기타불명,기타불명,원동기,남,29세,경상