사고번호,사고일시,요일,시군구,사고내용,사망자수,중상자수,경상자수,부상신고자수,사고유형,법규위반,노면상태,기상상태,도로형태,가해운전자 차종,가해운전자 성별,가해운전자 연령,가해운전자 상해정도,피해운전자 차종,피해운전자 성별,피해운전자 연령,피해운전자 상해정도
2012022800100153,2012년 2월 28일 10시,화요일,경상북도 경산시 중방동,경상사고,0,0,1,0,차대사람 - 기타,보행자보호의무위반,건조,맑음,단일로 - 횡단보도상,원동기,남,23세,상해없음,보행자,여,78세,경상
2012022800100178,2012년 2월 28일 11시,화요일,경상북도 경주시 성동동,중상사고,0,2,0,0,차대차 - 측면직각충돌,안전운전불이행,건조,맑음,교차로 - 교차로안,승용,남,34세,상해없음,화물,남,40세,상해없음
2012022800100179,2012년 2월 28일 11시,화요일,경상북도 봉화군 명호면,경상사고,0,0,1,0,차량단독 - 전도전복,안전운전불이행,기타,흐림,단일로 - 기타,원동기,남,24세,경상,,,,
2012022800100197,2012년 2월 28일 12시,화요일,경상북도 경주시 성동동,중상사고,0,1,2,0,차대차 - 측면직각충돌,안전운전불이행,건조,맑음,단일로 - 기타,승용,여,55세,상해없음,승용,남,63세,경상
2012022800100198,2012년 2월 28일 12시,화요일,경상북도 포항시 북구 대흥동,경상사고,0,0,2,0,차대차 - 추돌 - 주정차중,안전거리미확보,건조,맑음,단일로 - 기타,승용,남,46세,상해없음,승용,남,58세,경상
2012022800100199,2012년 2월 28일 12시,화요일,경상북도 봉화군 석포면,중상사고,0,1,0,0,차대차 - 측면직각충돌,중앙선침범,습기,맑음,단일로 - 기타,화물,남,62세,상해없음,이륜,남,73세,중상
2012022800100236,2012년 2월 28일 14시,화요일,경상북도 경주시 외동읍,경상사고,0,0,1,0,차대사람 - 기타,안전운전불이행,건조,맑음,단일로 - 기타,승용,여,40세,상해없음,보행자,남,51세,경상
2012022800100253,2012년 2월 28일 15시,화요일,경상북도 고령군 성산면,경상사고,0,0,1,0,차대차 - 추돌 - 주정차중,중앙선침범,건조,맑음,교차로 - 교차로부근,승용,여,51세,상해없음,화물,남,27세,경상
2012022800100276,2012년 2월 28일 16시,화요일,경상북도 영덕군 영덕읍,중상사고,0,1,1,0,차대차 - 측면직각충돌,교차로운행방법위반,건조,맑음,교차로 - 교차로안,화물,남,58세,상해없음,승용,남,58세,경상
2012022800100277,2012년 2월 28일 16시,화요일,경상북도 고령군 고령읍,중상사고,0,1,2,0,차대차 - 기타,교차로운행방법위반,건조,맑음,교차로 - 교차로안,화물,남,39세,경상,화물,남,62세,중상
2012022800100278,2012년 2월 28일 16시,화요일,경상북도 구미시 시미동,경상사고,0,0,2,0,차대차 - 측면직각충돌,교차로운행방법위반,건조,맑음,교차로 - 교차로안,승용,남,38세,경상,승용,남,36세,경상
2012022800100300,2012년 2월 28일 17시,화요일,경상북도 안동시 옥동,중상사고,0,1,0,0,차대사람 - 기타,기타,건조,맑음,단일로 - 기타,승용,남,59세,상해없음,보행자,남,51세,중상
2012022800100301,2012년 2월 28일 17시,화요일,경상북도 상주시 모서면,중상사고,0,1,0,0,차대사람 - 횡단중,안전운전불이행,건조,맑음,단일로 - 기타,승용,여,30세,상해없음,보행자,남,72세,중상
2012022800100326,2012년 2월 28일 18시,화요일,경상북도 영주시 풍기읍,중상사고,0,4,0,0,차대차 - 측면직각충돌,교차로운행방법위반,건조,맑음,교차로 - 교차로안,화물,남,69세,중상,화물,남,52세,중상
2012022800100327,2012년 2월 28일 18시,화요일,경상북도 영천시 완산동,경상사고,0,0,2,0,차대차 - 측면직각충돌,교차로운행방법위반,건조,맑음,교차로 - 교차로안,화물,남,40세,경상,승용,남,36세,경상
2012022800100328,2012년 2월 28일 18시,화요일,경상북도 경산시 중방동,경상사고,0,0,2,0,차대차 - 기타,안전운전불이행,건조,맑음,단일로 - 기타,승용,남,43세,상해없음,승용,남,47세,경상
2012022800100329,2012년 2월 28일 18시,화요일,경상북도 군위군 효령면,사망사고,1,0,0,0,차대사람 - 횡단중,안전운전불이행,건조,맑음,교차로 - 교차로부근,승용,남,55세,상해없음,보행자,여,80세,사망
2012022800100330,2012년 2월 28일 18시,화요일,경상북도 구미시 비산동,경상사고,0,0,1,0,차대차 - 기타,신호위반,건조,맑음,교차로 - 교차로안,승용,여,51세,상해없음,이륜,남,16세,경상
2012022800100331,2012년 2월 28일 18시,화요일,경상북도 구미시 사곡동,중상사고,0,1,0,0,차대차 - 기타,안전운전불이행,건조,맑음,단일로 - 기타,승용,남,36세,상해없음,원동기,남,20세,중상
2012022800100332,2012년 2월 28일 18시,화요일,경상북도 구미시 선산읍,경상사고,0,0,1,0,차량단독 - 공작물충돌,안전운전불이행,건조,맑음,기타 - 기타,승용,남,70세,경상,,,,
2012022800100333,2012년 2월 28일 18시,화요일,경상북도 구미시 원평동,중상사고,0,1,1,0,차대차 - 측면직각충돌,직진우회전진행방해,건조,맑음,교차로 - 교차로안,이륜,남,27세,경상,승용,남,68세,중상
2012022800100362,2012년 2월 28일 19시,화요일,경상북도 예천군 예천읍,중상사고,0,1,1,0,차대차 - 정면충돌,신호위반,건조,맑음,교차로 - 교차로안,화물,남,32세,상해없음,승용,남,44세,경상
2012022800100395,2012년 2월 28일 20시,화요일,경상북도 포항시 북구 창포동,경상사고,0,0,1,0,차대차 - 기타,중앙선침범,건조,맑음,단일로 - 기타,이륜,남,17세,상해없음,승용,남,56세,상해없음
2012022800100396,2012년 2월 28일 20시,화요일,경상북도 포항시 북구 우현동,경상사고,0,0,1,0,차대차 - 기타,안전운전불이행,건조,맑음,교차로 - 교차로안,승용,여,53세,상해없음,자전거,남,16세,경상
2012022800100397,2012년 2월 28일 20시,화요일,경상북도 포항시 남구 대잠동,부상신고사고,0,0,0,1,차대차 - 추돌 - 진행중,안전운전불이행,건조,맑음,교차로 - 교차로안,승용,남,54세,상해없음,승용,남,38세,상해없음
2012022800100486,2012년 2월 28일 23시,화요일,경상북도 포항시 북구 장성동,중상사고,0,1,0,0,차대사람 - 기타,안전운전불이행,건조,흐림,단일로 - 기타,승용,남,47세,상해없음,보행자,남,25세,중상
2012022800100487,2012년 2월 28일 23시,화요일,경상북도 안동시 남문동,중상사고,0,1,0,0,차대사람 - 횡단중,안전운전불이행,건조,맑음,단일로 - 횡단보도상,승용,남,63세,상해없음,보행자,남,47세,중상
2012022900100019,2012년 2월 29일 00시,수요일,경상북도 안동시 태화동,경상사고,0,0,1,0,차대차 - 측면직각충돌,중앙선침범,건조,맑음,교차로 - 교차로안,이륜,남,16세,상해없음,승용,남,54세,경상
2012022900100020,2012년 2월 29일 00시,수요일,경상북도 영천시 신령면,경상사고,0,0,1,0,차대차 - 측면직각충돌,안전운전불이행,건조,맑음,교차로 - 교차로안,승용,남,53세,상해없음,승용,남,42세,경상
2012022900100040,2012년 2월 29일 01시,수요일,경상북도 구미시 진평동,경상사고,0,0,1,0,차대사람 - 기타,안전운전불이행,건조,맑음,단일로 - 기타,이륜,남,45세,상해없음,보행자,남,30세,경상
2012022900100041,2012년 2월 29일 01시,수요일,경상북도 구미시 황상동,중상사고,0,2,2,0,차대차 - 측면직각충돌,신호위반,건조,맑음,교차로 - 교차로안,승용,남,26세,중상,승용,남,31세,경상
2012022900100053,2012년 2월 29일 02시,수요일,경상북도 구미시 황상동,중상사고,0,2,0,0,차대차 - 정면충돌,중앙선침범,건조,맑음,단일로 - 기타,승용,남,33세,중상,승용,여,42세,중상
2012022900100073,2012년 2월 29일 04시,수요일,경상북도 칠곡군 석적읍,중상사고,0,1,0,0,차대사람 - 횡단중,안전운전불이행,건조,맑음,교차로 - 교차로안,승용,남,19세,상해없음,보행자,여,72세,중상
2012022900100085,2012년 2월 29일 05시,수요일,경상북도 포항시 남구 연일읍,경상사고,0,0,1,0,차대차 - 추돌 - 진행중,신호위반,습기,비,교차로 - 교차로안,화물,여,40세,상해없음,승용,남,60세,상해없음
2012022900100142,2012년 2월 29일 08시,수요일,경상북도 포항시 북구 창포동,경상사고,0,0,2,0,차대차 - 측면직각충돌,신호위반,습기,흐림,교차로 - 교차로안,승용,남,69세,상해없음,승용,여,37세,경상
2012022900100162,2012년 2월 29일 09시,수요일,경상북도 안동시 옥동,중상사고,0,1,1,0,차대차 - 추돌 - 진행중,안전거리미확보,건조,맑음,교차로 - 교차로안,승용,남,41세,상해없음,승용,여,44세,경상
2012022900100188,2012년 2월 29일 10시,수요일,경상북도 의성군 비안면,중상사고,0,1,0,0,차대차 - 추돌 - 진행중,안전운전불이행,건조,맑음,단일로 - 기타,승용,남,66세,상해없음,농기계,남,72세,중상
2012022900100211,2012년 2월 29일 11시,수요일,경상북도 경주시 동천동,경상사고,0,0,1,0,차대차 - 측면직각충돌,안전운전불이행,건조,맑음,교차로 - 교차로안,승용,남,50세,상해없음,화물,남,45세,경상
2012022900100212,2012년 2월 29일 11시,수요일,경상북도 포항시 북구 장성동,경상사고,0,0,3,0,차대차 - 기타,안전운전불이행,건조,맑음,교차로 - 교차로부근,승용,남,24세,경상,승용,남,69세,경상
2012022900100213,2012년 2월 29일 11시,수요일,경상북도 문경시 영순면,경상사고,0,0,1,0,차대차 - 기타,안전거리미확보,건조,맑음,단일로 - 기타,건설기계,남,53세,상해없음,승용,여,67세,경상
2012022900100242,2012년 2월 29일 12시,수요일,경상북도 포항시 남구 오천읍,중상사고,0,1,0,0,차대차 - 추돌 - 진행중,교차로운행방법위반,습기,비,교차로 - 교차로안,화물,남,34세,상해없음,승합,남,55세,상해없음
2012022900100243,2012년 2월 29일 12시,수요일,경상북도 포항시 남구 동해면,경상사고,0,0,3,0,차대차 - 추돌 - 진행중,안전운전불이행,건조,맑음,단일로 - 기타,승용,남,48세,상해없음,화물,남,48세,경상
2012022900100300,2012년 2월 29일 14시,수요일,경상북도 안동시 당북동,중상사고,0,2,0,0,차대차 - 측면직각충돌,안전운전불이행,건조,맑음,단일로 - 기타,승용,남,52세,상해없음,이륜,남,77세,중상
2012022900100301,2012년 2월 29일 14시,수요일,경상북도 영주시 영주동,중상사고,0,2,1,0,차대차 - 추돌 - 주정차중,안전운전불이행,건조,맑음,교차로 - 교차로부근,승용,여,49세,경상,화물,남,19세,중상
2012022900100302,2012년 2월 29일 14시,수요일,경상북도 포항시 남구 오천읍,경상사고,0,0,3,0,차대차 - 추돌 - 진행중,안전운전불이행,건조,맑음,교차로 - 교차로부근,화물,남,53세,상해없음,승용,남,23세,경상
2012022900100325,2012년 2월 29일 15시,수요일,경상북도 포항시 북구 우현동,중상사고,0,1,2,0,차대차 - 기타,신호위반,건조,맑음,교차로 - 교차로안,이륜,남,14세,상해없음,승용,여,35세,경상
2012022900100326,2012년 2월 29일 15시,수요일,경상북도 안동시 태화동,중상사고,0,1,1,0,차대차 - 추돌 - 진행중,안전거리미확보,건조,맑음,단일로 - 기타,화물,남,51세,상해없음,승용,여,58세,중상
2012022900100327,2012년 2월 29일 15시,수요일,경상북도 청도군 청도읍,경상사고,0,0,1,0,차대차 - 추돌 - 주정차중,안전운전불이행,건조,맑음,단일로 - 기타,승용,남,48세,상해없음,원동기,남,76세,경상
2012022900100357,2012년 2월 29일 16시,수요일,경상북도 의성군 다인면,중상사고,0,1,0,0,차대차 - 추돌 - 진행중,안전운전불이행,건조,맑음,단일로 - 기타,화물,남,46세,상해없음,이륜,남,74세,중상
2012022900100358,2012년 2월 29일 16시,수요일,경상북도 칠곡군 지천면,중상사고,0,1,1,0,차대차 - 추돌 - 진행중,중앙선침범,기타,맑음,단일로 - 기타,승용,남,46세,중상,승용,남,37세,경상
2012022900100359,2012년 2월 29일 16시,수요일,경상북도 영천시 북안면,경상사고,0,0,1,0,차대차 - 측면직각충돌,안전거리미확보,건조,맑음,단일로 - 기타,특수,남,41세,상해없음,승용,남,27세,경상
2012022900100360,2012년 2월 29일 16시,수요일,경상북도 영덕군 영덕읍,중상사고,0,1,1,0,차대차 - 측면직각충돌,교차로운행방법위반,건조,맑음,교차로 - 교차로안,승용,남,40세,경상,화물,남,73세,중상
2012022900100361,2012년 2월 29일 16시,수요일,경상북도 성주군 성주읍,경상사고,0,0,1,0,차대차 - 추돌 - 주정차중,안전운전불이행,건조,맑음,단일로 - 기타,승용,남,72세,상해없음,승용,남,45세,기타불명
2012022900100388,2012년 2월 29일 17시,수요일,경상북도 경주시 진현동,중상사고,0,1,0,0,차량단독 - 전도전복,안전운전불이행,건조,맑음,단일로 - 기타,이륜,남,19세,상해없음,,,,
2012022900100389,2012년 2월 29일 17시,수요일,경상북도 포항시 북구 상원동,경상사고,0,0,1,0,차대차 - 기타,안전거리미확보,건조,맑음,기타 - 기타,승합,남,39세,상해없음,승용,남,32세,경상
2012022900100423,2012년 2월 29일 18시,수요일,경상북도 영주시 적서동,중상사고,0,1,1,0,차대차 - 측면직각충돌,직진우회전진행방해,건조,맑음,교차로 - 교차로안,승용,남,53세,중상,승용,남,62세,경상
2012022900100424,2012년 2월 29일 18시,수요일,경상북도 포항시 남구 상도동,경상사고,0,0,1,0,차대사람 - 기타,안전운전불이행,건조,흐림,교차로 - 교차로안,승용,남,54세,상해없음,보행자,여,60세,경상
2012022900100460,2012년 2월 29일 19시,수요일,경상북도 경주시 성건동,경상사고,0,0,1,0,차대차 - 추돌 - 주정차중,안전운전불이행,건조,맑음,기타 - 기타,승용,남,59세,상해없음,승용,남,39세,경상
2012022900100461,2012년 2월 29일 19시,수요일,경상북도 포항시 북구 남빈동,경상사고,0,0,1,0,차대차 - 기타,안전운전불이행,건조,맑음,단일로 - 횡단보도부근,화물,남,55세,상해없음,승용,여,32세,경상
2012022900100462,2012년 2월 29일 19시,수요일,경상북도 영주시 하망동,중상사고,0,1,0,0,차대차 - 측면직각충돌,안전운전불이행,건조,맑음,교차로 - 교차로안,승용,여,34세,상해없음,원동기,여,59세,중상
2012022900100463,2012년 2월 29일 19시,수요일,경상북도 경산시 삼북동,중상사고,0,1,0,0,차대차 - 기타,안전운전불이행,건조,맑음,단일로 - 기타,승용,여,47세,상해없음,원동기,남,16세,중상
2012022900100464,2012년 2월 29일 19시,수요일,경상북도 포항시 남구 이동,중상사고,0,1,0,0,차대차 - 측면직각충돌,안전운전불이행,건조,흐림,교차로 - 교차로안,승용,여,48세,상해없음,원동기,남,39세,중상
2012022900100489,2012년 2월 29일 20시,수요일,경상북도 영천시 야사동,중상사고,0,1,0,0,차대사람 - 횡단중,보행자보호의무위반,건조,맑음,단일로 - 기타,승용,여,41세,상해없음,보행자,여,59세,중상
2012022900100490,2012년 2월 29일 20시,수요일,경상북도 구미시 공단동,경상사고,0,0,5,0,차대차 - 추돌 - 주정차중,안전운전불이행,건조,기타,교차로 - 교차로부근,승용,남,45세,상해없음,승용,여,34세,경상
2012022900100527,2012년 2월 29일 21시,수요일,경상북도 문경시 산양면,사망사고,1,0,0,0,차대사람 - 기타,안전운전불이행,건조,맑음,단일로 - 기타,승용,남,32세,상해없음,보행자,여,75세,사망
2012022900100528,2012년 2월 29일 21시,수요일,경상북도 청도군 금천면,중상사고,0,1,0,0,차대차 - 추돌 - 진행중,중앙선침범,건조,맑음,단일로 - 기타,승용,여,32세,상해없음,화물,남,55세,중상
2012022900100529,2012년 2월 29일 21시,수요일,경상북도 구미시 임수동,경상사고,0,0,1,0,차대차 - 추돌 - 주정차중,안전운전불이행,건조,맑음,교차로 - 교차로부근,승용,남,24세,상해없음,승용,남,31세,경상
2012022900100563,2012년 2월 29일 22시,수요일,경상북도 경주시 인왕동,중상사고,0,1,0,0,차대차 - 기타,안전운전불이행,건조,맑음,단일로 - 기타,승합,남,44세,상해없음,승용,남,55세,중상
2012022900100564,2012년 2월 29일 22시,수요일,경상북도 경산시 하양읍,중상사고,0,1,0,0,차대차 - 기타,교차로운행방법위반,건조,맑음,교차로 - 교차로안,승용,남,58세,상해없음,원동기,남,51세,중상
2012022900100599,2012년 2월 29일 23시,수요일,경상북도 안동시 송현동,중상사고,0,1,0,0,차대차 - 추돌 - 진행중,안전거리미확보,건조,맑음,기타 - 기타,승용,남,33세,상해없음,승용,남,66세,상해없음
2012022900100600,2012년 2월 29일 23시,수요일,경상북도 영주시 부석면,중상사고,0,2,0,0,차량단독 - 공작물충돌,안전운전불이행,건조,맑음,단일로 - 기타,승용,여,43세,중상,,,,
2012022900100601,2012년 2월 29일 23시,수요일,경상북도 칠곡군 왜관읍,중상사고,0,2,0,0,차대차 - 추돌 - 주정차중,안전운전불이행,건조,맑음,교차로 - 교차로부근,승용,남,32세,상해없음,승용,남,32세,중상
2012030100100019,2012년 3월 1일 00시,목요일,경상북도 구미시 부곡동,경상사고,0,0,1,0,차대차 - 측면직각충돌,안전운전불이행,건조,맑음,기타 - 기타,승용,남,41세,경상,승용,여,47세,기타불명
2012030100100020,2012년 3월 1일 00시,목요일,경상북도 구미시 옥계동,경상사고,0,0,1,0,차대차 - 측면직각충돌,안전운전불이행,건조,맑음,교차로 - 교차로부근,승용,남,46세,상해없음,이륜,남,16세,경상
2012030100100041,2012년 3월 1일 01시,목요일,경상북도 경주시 성건동,중상사고,0,1,0,0,차대사람 - 기타,안전운전불이행,건조,맑음,교차로 - 교차로부근,승용,남,31세,상해없음,보행자,남,31세,중상
2012030100100042,2012년 3월 1일 01시,목요일,경상북도 영천시 금노동,중상사고,0,1,1,0,차대차 - 기타,교차로운행방법위반,건조,맑음,교차로 - 교차로안,승용,여,48세,경상,승용,남,27세,중상
2012030100100043,2012년 3월 1일 01시,목요일,경상북도 구미시 송정동,경상사고,0,0,1,0,차대차 - 측면직각충돌,안전운전불이행,건조,맑음,교차로 - 교차로안,승용,남,64세,상해없음,승용,남,49세,경상
2012030100100060,2012년 3월 1일 02시,목요일,경상북도 구미시 인의동,경상사고,0,0,2,0,차대차 - 측면직각충돌,안전운전불이행,건조,맑음,단일로 - 기타,승용,남,29세,경상,승용,남,51세,경상
2012030100100148,2012년 3월 1일 08시,목요일,경상북도 안동시 태화동,중상사고,0,1,0,0,차대사람 - 횡단중,안전운전불이행,건조,맑음,교차로 - 교차로부근,승용,남,65세,상해없음,보행자,남,49세,중상
2012030100100149,2012년 3월 1일 08시,목요일,경상북도 상주시 무양동,중상사고,0,1,0,0,차대차 - 측면직각충돌,교차로운행방법위반,건조,맑음,교차로 - 교차로안,승용,여,62세,상해없음,승용,남,38세,중상
2012030100100150,2012년 3월 1일 08시,목요일,경상북도 성주군 월항면,경상사고,0,0,1,0,차대차 - 추돌 - 진행중,교차로운행방법위반,건조,맑음,교차로 - 교차로안,특수,남,44세,상해없음,승용,남,42세,경상
2012030100100164,2012년 3월 1일 09시,목요일,경상북도 상주시 무양동,중상사고,0,1,0,0,차대사람 - 횡단중,보행자보호의무위반,건조,맑음,단일로 - 횡단보도상,승용,남,51세,상해없음,보행자,남,6세,중상
2012030100100179,2012년 3월 1일 10시,목요일,경상북도 경주시 인왕동,중상사고,0,1,10,1,차대차 - 추돌 - 진행중,안전운전불이행,건조,맑음,단일로 - 기타,승용,남,35세,부상신고,승합,남,36세,경상
2012030100100203,2012년 3월 1일 11시,목요일,경상북도 구미시 장천면,중상사고,0,3,1,1,차대차 - 측면직각충돌,교차로운행방법위반,건조,맑음,교차로 - 교차로안,화물,남,36세,부상신고,승용,여,28세,중상
2012030100100204,2012년 3월 1일 11시,목요일,경상북도 포항시 남구 오천읍,경상사고,0,0,1,0,차대차 - 추돌 - 진행중,안전운전불이행,건조,맑음,교차로 - 교차로안,승용,남,66세,상해없음,승용,남,22세,경상
2012030100100243,2012년 3월 1일 13시,목요일,경상북도 상주시 함창읍,중상사고,0,1,0,0,차대차 - 추돌 - 진행중,안전운전불이행,건조,맑음,단일로 - 기타,승용,남,54세,상해없음,화물,남,47세,중상
2012030100100260,2012년 3월 1일 14시,목요일,경상북도 안동시 안흥동,중상사고,0,2,0,0,차대사람 - 횡단중,보행자보호의무위반,건조,맑음,단일로 - 횡단보도상,화물,남,62세,상해없음,보행자,여,56세,중상
2012030100100261,2012년 3월 1일 14시,목요일,경상북도 의성군 구천면,중상사고,0,1,0,0,차대차 - 기타,안전운전불이행,건조,맑음,단일로 - 기타,화물,남,45세,상해없음,자전거,여,71세,중상
2012030100100262,2012년 3월 1일 14시,목요일,경상북도 문경시 점촌동,경상사고,0,0,3,0,차대차 - 기타,직진우회전진행방해,건조,맑음,교차로 - 교차로안,승용,남,40세,상해없음,승용,남,31세,경상
2012030100100286,2012년 3월 1일 15시,목요일,경상북도 성주군 선남면,중상사고,0,1,2,0,차대차 - 기타,안전거리미확보,건조,맑음,단일로 - 기타,승용,남,54세,상해없음,승용,남,47세,경상
2012030100100287,2012년 3월 1일 15시,목요일,경상북도 울진군 후포면,경상사고,0,0,1,0,차대사람 - 기타,안전운전불이행,건조,맑음,단일로 - 기타,화물,남,70세,상해없음,보행자,남,43세,경상
2012030100100288,2012년 3월 1일 15시,목요일,경상북도 구미시 시미동,경상사고,0,0,1,0,차대차 - 측면직각충돌,신호위반,건조,맑음,교차로 - 교차로안,승용,남,38세,상해없음,승용,남,24세,경상
2012030100100289,2012년 3월 1일 15시,목요일,경상북도 포항시 남구 대도동,경상사고,0,0,1,0,차대사람 - 기타,안전운전불이행,건조,맑음,단일로 - 기타,화물,남,54세,상해없음,보행자,여,55세,경상
2012030100100309,2012년 3월 1일 16시,목요일,경상북도 경주시 성동동,경상사고,0,0,1,1,차대차 - 기타,안전운전불이행,건조,맑음,단일로 - 기타,이륜,남,18세,부상신고,승용,남,44세,상해없음
2012030100100310,2012년 3월 1일 16시,목요일,경상북도 구미시 임수동,경상사고,0,0,2,0,차대차 - 측면직각충돌,신호위반,건조,맑음,교차로 - 교차로안,승용,여,22세,경상,승용,여,33세,경상
2012030100100311,2012년 3월 1일 16시,목요일,경상북도 포항시 남구 대잠동,경상사고,0,0,1,0,차대차 - 추돌 - 진행중,안전운전불이행,건조,흐림,단일로 - 기타,원동기,여,55세,경상,승용,남,42세,상해없음
2012030100100327,2012년 3월 1일 17시,목요일,경상북도 상주시 이안면,중상사고,0,1,0,0,차대차 - 기타,교차로운행방법위반,건조,맑음,교차로 - 교차로안,승용,남,37세,상해없음,이륜,남,75세,중상
2012030100100328,2012년 3월 1일 17시,목요일,경상북도 예천군 지보면,중상사고,0,2,0,0,차량단독 - 도로외이탈 - 추락,안전운전불이행,건조,맑음,단일로 - 기타,화물,남,62세,중상,,,,
2012030100100329,2012년 3월 1일 17시,목요일,경상북도 구미시 원평동,중상사고,0,1,1,0,차대차 - 측면직각충돌,안전운전불이행,건조,맑음,기타 - 기타,원동기,남,17세,중상,승용,남,47세,경상
2012030100100330,2012년 3월 1일 17시,목요일,경상북도 구미시 임수동,중상사고,0,2,0,0,차대차 - 측면직각충돌,교차로운행방법위반,건조,맑음,교차로 - 교차로안,승용,남,30세,상해없음,승용,남,31세,중상
2012030100100355,2012년 3월 1일 18시,목요일,경상북도 경주시 동천동,중상사고,0,1,0,0,차대차 - 기타,안전운전불이행,건조,흐림,단일로 - 기타,승용,남,24세,기타불명,승용,남,23세,상해없음
2012030100100356,2012년 3월 1일 18시,목요일,경상북도 문경시 모전동,경상사고,0,0,1,0,차대차 - 기타,안전거리미확보,건조,맑음,교차로 - 교차로부근,승용,남,43세,상해없음,승용,남,67세,경상
2012030100100357,2012년 3월 1일 18시,목요일,경상북도 경산시 정평동,중상사고,0,1,0,0,차대차 - 기타,안전운전불이행,건조,맑음,교차로 - 교차로안,승용,여,44세,상해없음,원동기,남,19세,중상
2012030100100387,2012년 3월 1일 19시,목요일,경상북도 경주시 충효동,경상사고,0,0,1,1,차대차 - 기타,안전운전불이행,건조,맑음,교차로 - 교차로안,승용,여,29세,부상신고,승용,남,52세,경상
2012030100100405,2012년 3월 1일 20시,목요일,경상북도 경주시 용강동,중상사고,0,1,0,0,차대차 - 기타,안전운전불이행,건조,맑음,교차로 - 교차로부근,승용,남,58세,상해없음,승용,남,46세,중상
2012030100100406,2012년 3월 1일 20시,목요일,경상북도 영천시 금호읍,중상사고,0,1,0,0,차대사람 - 길가장자리구역통행중,안전운전불이행,건조,맑음,교차로 - 교차로부근,승용,남,42세,상해없음,보행자,남,60세,중상
2012030100100407,2012년 3월 1일 20시,목요일,경상북도 영천시 금호읍,경상사고,0,0,1,0,차대차 - 추돌 - 주정차중,안전운전불이행,건조,맑음,교차로 - 교차로부근,승용,남,42세,상해없음,승용,여,51세,경상
2012030100100408,2012년 3월 1일 20시,목요일,경상북도 경산시 중방동,경상사고,0,0,5,0,차대차 - 기타,안전운전불이행,건조,맑음,단일로 - 기타,승용,여,45세,상해없음,승용,남,21세,경상
2012030100100409,2012년 3월 1일 20시,목요일,경상북도 포항시 남구 이동,경상사고,0,0,6,0,차대차 - 측면직각충돌,교차로운행방법위반,건조,맑음,교차로 - 교차로안,승용,여,41세,경상,승용,남,45세,경상
2012030100100432,2012년 3월 1일 21시,목요일,경상북도 영천시 창구동,경상사고,0,0,2,0,차대사람 - 기타,안전운전불이행,건조,맑음,교차로 - 교차로부근,승용,남,39세,경상,보행자,남,31세,경상
2012030100100450,2012년 3월 1일 22시,목요일,경상북도 상주시 남성동,중상사고,0,2,1,0,차대차 - 측면직각충돌,교차로운행방법위반,건조,맑음,교차로 - 교차로안,승용,여,60세,상해없음,승용,남,39세,중상
2012030100100464,2012년 3월 1일 23시,목요일,경상북도 구미시 인의동,경상사고,0,0,2,0,차대차 - 측면직각충돌,안전운전불이행,건조,맑음,교차로 - 교차로부근,원동기,남,17세,경상,승용,여,36세,경상
2012030200100004,2012년 3월 2일 00시,금요일,경상북도 구미시 신평동,중상사고,0,3,0,0,차대차 - 측면직각충돌,중앙선침범,건조,맑음,교차로 - 교차로부근,승용,남,45세,상해없음,승용,남,60세,중상
2012030200100027,2012년 3월 2일 02시,금요일,경상북도 경주시 성건동,경상사고,0,0,1,0,차대사람 - 횡단중,보행자보호의무위반,습기,비,단일로 - 횡단보도상,승합,남,33세,상해없음,보행자,남,33세,경상
2012030200100028,2012년 3월 2일 02시,금요일,경상북도 경주시 동천동,중상사고,0,1,0,0,차대차 - 추돌 - 주정차중,안전운전불이행,습기,비,단일로 - 기타,승용,남,62세,상해없음,승용,여,45세,중상
2012030200100029,2012년 3월 2일 02시,금요일,경상북도 구미시 진평동,중상사고,0,1,0,0,차대차 - 측면직각충돌,중앙선침범,습기,비,단일로 - 기타,승용,남,23세,상해없음,원동기,남,29세,중상
2012030200100077,2012년 3월 2일 06시,금요일,경상북도 포항시 남구 해도동,경상사고,0,0,1,0,차대차 - 추돌 - 진행중,신호위반,습기,비,교차로 - 교차로부근,화물,남,51세,상해없음,화물,남,55세,경상
2012030200100097,2012년 3월 2일 07시,금요일,경상북도 포항시 북구 득량동,경상사고,0,0,1,0,차대차 - 측면직각충돌,교차로운행방법위반,건조,맑음,교차로 - 교차로부근,승용,여,42세,상해없음,화물,남,31세,경상
2012030200100098,2012년 3월 2일 07시,금요일,경상북도 안동시 송현동,경상사고,0,0,1,0,차대차 - 측면직각충돌,교차로운행방법위반,건조,흐림,교차로 - 교차로안,화물,남,49세,상해없음,승용,여,46세,경상
2012030200100099,2012년 3월 2일 07시,금요일,경상북도 구미시 원평동,경상사고,0,0,1,0,차대차 - 측면직각충돌,신호위반,건조,맑음,교차로 - 교차로안,승용,남,37세,상해없음,승용,남,56세,경상
2012030200100128,2012년 3월 2일 08시,금요일,경상북도 경주시 동방동,경상사고,0,0,1,0,차대차 - 측면직각충돌,안전운전불이행,습기,비,단일로 - 기타,승용,남,15세,상해없음,승용,남,62세,경상
2012030200100129,2012년 3월 2일 08시,금요일,경상북도 포항시 북구 청하면,중상사고,0,1,0,0,차대차 - 측면직각충돌,안전운전불이행,습기,비,교차로 - 교차로안,승용,여,24세,상해없음,승용,남,53세,상해없음
2012030200100131,2012년 3월 2일 08시,금요일,경상북도 안동시 송현동,경상사고,0,0,1,0,차대차 - 측면직각충돌,안전운전불이행,습기,흐림,단일로 - 기타,승용,남,45세,상해없음,승용,여,45세,경상