사고번호,사고일시,요일,시군구,사고내용,사망자수,중상자수,경상자수,부상신고자수,사고유형,법규위반,노면상태,기상상태,도로형태,가해운전자 차종,가해운전자 성별,가해운전자 연령,가해운전자 상해정도,피해운전자 차종,피해운전자 성별,피해운전자 연령,피해운전자 상해정도
2012030200100132,2012년 3월 2일 08시,금요일,경상북도 경산시 압량면,경상사고,0,0,1,0,차대차 - 기타,안전운전불이행,습기,비,단일로 - 기타,승용,남,39세,상해없음,승용,남,68세,경상
2012030200100133,2012년 3월 2일 08시,금요일,경상북도 경산시 진량읍,경상사고,0,0,2,0,차대차 - 기타,안전운전불이행,건조,맑음,교차로 - 교차로부근,승용,남,18세,상해없음,승용,남,49세,경상
2012030200100158,2012년 3월 2일 09시,금요일,경상북도 경주시 구황동,경상사고,0,0,1,0,차대차 - 측면직각충돌,안전운전불이행,습기,비,교차로 - 교차로안,승용,남,38세,상해없음,승용,여,32세,경상
2012030200100159,2012년 3월 2일 09시,금요일,경상북도 경주시 구황동,중상사고,0,2,0,0,차대차 - 측면직각충돌,중앙선침범,습기,비,단일로 - 기타,승용,남,19세,중상,화물,남,30세,중상
2012030200100160,2012년 3월 2일 09시,금요일,경상북도 문경시 모전동,중상사고,0,1,0,0,차대사람 - 기타,안전운전불이행,습기,비,단일로 - 기타,건설기계,남,45세,상해없음,보행자,남,83세,중상
2012030200100188,2012년 3월 2일 10시,금요일,경상북도 김천시 남산동,경상사고,0,0,1,0,차대차 - 측면직각충돌,신호위반,건조,맑음,교차로 - 교차로안,화물,남,72세,상해없음,승용,남,35세,경상
2012030200100189,2012년 3월 2일 10시,금요일,경상북도 구미시 공단동,경상사고,0,0,1,0,차대차 - 측면직각충돌,안전운전불이행,습기,비,단일로 - 기타,화물,남,30세,상해없음,원동기,남,40세,경상
2012030200100190,2012년 3월 2일 10시,금요일,경상북도 구미시 도량동,중상사고,0,1,1,0,차대차 - 측면직각충돌,안전운전불이행,습기,비,단일로 - 기타,승용,남,62세,상해없음,승용,남,32세,경상
2012030200100224,2012년 3월 2일 11시,금요일,경상북도 경주시 내남면,중상사고,0,1,0,0,차량단독 - 기타,안전운전불이행,건조,맑음,단일로 - 기타,승합,남,41세,상해없음,,,,
2012030200100225,2012년 3월 2일 11시,금요일,경상북도 포항시 북구 죽도동,중상사고,0,1,1,0,차대차 - 측면직각충돌,안전운전불이행,건조,맑음,단일로 - 기타,승용,남,60세,경상,승합,남,27세,중상
2012030200100226,2012년 3월 2일 11시,금요일,경상북도 구미시 원평동,중상사고,0,1,0,0,차대사람 - 횡단중,신호위반,건조,맑음,단일로 - 기타,승용,여,53세,상해없음,보행자,여,81세,중상
2012030200100253,2012년 3월 2일 12시,금요일,경상북도 영주시 단산면,경상사고,0,0,1,0,차량단독 - 공작물충돌,안전운전불이행,습기,비,단일로 - 기타,승용,남,23세,경상,,,,
2012030200100254,2012년 3월 2일 12시,금요일,경상북도 영덕군 남정면,중상사고,0,2,1,0,차대차 - 기타,안전운전불이행,건조,맑음,단일로 - 기타,승용,남,32세,상해없음,승용,남,67세,경상
2012030200100282,2012년 3월 2일 13시,금요일,경상북도 경주시 외동읍,경상사고,0,0,1,0,차대차 - 추돌 - 주정차중,안전운전불이행,습기,비,단일로 - 기타,승용,남,54세,상해없음,화물,남,31세,경상
2012030200100283,2012년 3월 2일 13시,금요일,경상북도 경주시 동천동,중상사고,0,1,0,0,차대차 - 측면직각충돌,안전운전불이행,습기,비,교차로 - 교차로안,원동기,남,50세,중상,화물,남,39세,상해없음
2012030200100284,2012년 3월 2일 13시,금요일,경상북도 포항시 북구 신흥동,경상사고,0,0,1,0,차대차 - 측면직각충돌,중앙선침범,습기,비,단일로 - 기타,승용,남,55세,상해없음,승용,남,58세,상해없음
2012030200100285,2012년 3월 2일 13시,금요일,경상북도 포항시 북구 죽도동,경상사고,0,0,1,0,차대차 - 측면직각충돌,안전운전불이행,건조,맑음,단일로 - 기타,승용,여,53세,상해없음,자전거,남,68세,경상
2012030200100286,2012년 3월 2일 13시,금요일,경상북도 영주시 휴천동,경상사고,0,0,1,0,차대차 - 측면직각충돌,교차로운행방법위반,습기,비,교차로 - 교차로안,승용,여,44세,상해없음,이륜,남,50세,경상
2012030200100287,2012년 3월 2일 13시,금요일,경상북도 경산시 옥곡동,경상사고,0,0,1,0,차대차 - 기타,교차로운행방법위반,습기,비,교차로 - 교차로안,화물,남,68세,상해없음,승용,남,49세,상해없음
2012030200100341,2012년 3월 2일 15시,금요일,경상북도 포항시 북구 환호동,경상사고,0,0,1,0,차대차 - 추돌 - 주정차중,안전거리미확보,건조,맑음,단일로 - 기타,승합,남,24세,상해없음,승용,남,54세,경상
2012030200100342,2012년 3월 2일 15시,금요일,경상북도 상주시 복룡동,중상사고,0,2,0,0,차대차 - 추돌 - 진행중,안전운전불이행,건조,맑음,교차로 - 교차로안,승용,남,78세,상해없음,승용,남,60세,중상
2012030200100343,2012년 3월 2일 15시,금요일,경상북도 문경시 흥덕동,중상사고,0,1,0,0,차대사람 - 기타,안전운전불이행,습기,비,교차로 - 교차로부근,승용,여,49세,상해없음,보행자,여,54세,중상
2012030200100344,2012년 3월 2일 15시,금요일,경상북도 경산시 하양읍,경상사고,0,0,3,0,차대차 - 기타,신호위반,건조,흐림,교차로 - 교차로안,승용,남,24세,상해없음,승용,남,36세,경상
2012030200100345,2012년 3월 2일 15시,금요일,경상북도 구미시 인의동,경상사고,0,0,6,0,차대차 - 측면직각충돌,안전운전불이행,건조,맑음,교차로 - 교차로안,승용,남,56세,경상,승용,남,30세,경상
2012030200100376,2012년 3월 2일 16시,금요일,경상북도 포항시 북구 흥해읍,중상사고,0,1,2,0,차대차 - 기타,신호위반,건조,맑음,교차로 - 교차로안,승용,여,48세,상해없음,승용,남,35세,경상
2012030200100399,2012년 3월 2일 17시,금요일,경상북도 포항시 북구 죽도동,경상사고,0,0,1,0,차대차 - 기타,안전거리미확보,건조,맑음,교차로 - 교차로부근,승합,남,63세,상해없음,승용,남,43세,경상
2012030200100400,2012년 3월 2일 17시,금요일,경상북도 경산시 압량면,경상사고,0,0,1,0,차대차 - 기타,신호위반,건조,맑음,단일로 - 횡단보도상,화물,남,52세,상해없음,자전거,남,18세,경상
2012030200100401,2012년 3월 2일 17시,금요일,경상북도 구미시 황상동,경상사고,0,0,1,0,차대차 - 측면직각충돌,안전운전불이행,건조,흐림,교차로 - 교차로부근,승용,여,29세,상해없음,승용,남,35세,경상
2012030200100436,2012년 3월 2일 18시,금요일,경상북도 영주시 풍기읍,중상사고,0,1,0,0,차대차 - 추돌 - 진행중,안전운전불이행,건조,흐림,단일로 - 기타,승용,남,38세,중상,승용,남,32세,상해없음
2012030200100437,2012년 3월 2일 18시,금요일,경상북도 영천시 도동,경상사고,0,0,3,0,차대차 - 추돌 - 진행중,안전운전불이행,습기,흐림,교차로 - 교차로부근,화물,남,51세,경상,승용,남,59세,경상
2012030200100438,2012년 3월 2일 18시,금요일,경상북도 포항시 남구 오천읍,경상사고,0,0,1,0,차대차 - 추돌 - 주정차중,안전운전불이행,건조,맑음,교차로 - 교차로부근,승용,남,47세,상해없음,승용,남,45세,상해없음
2012030200100486,2012년 3월 2일 19시,금요일,경상북도 경주시 구정동,경상사고,0,0,1,0,차대차 - 추돌 - 주정차중,안전운전불이행,습기,비,교차로 - 교차로부근,승용,남,51세,상해없음,승용,남,46세,상해없음
2012030200100487,2012년 3월 2일 19시,금요일,경상북도 포항시 북구 죽도동,경상사고,0,0,1,0,차대차 - 추돌 - 주정차중,안전거리미확보,습기,비,단일로 - 기타,승용,남,57세,상해없음,승용,여,29세,상해없음
2012030200100488,2012년 3월 2일 19시,금요일,경상북도 의성군 의성읍,부상신고사고,0,0,0,1,차대차 - 기타,안전운전불이행,건조,맑음,교차로 - 교차로안,자전거,남,24세,부상신고,승용,여,26세,상해없음
2012030200100489,2012년 3월 2일 19시,금요일,경상북도 경산시 사동,경상사고,0,0,2,0,차대차 - 기타,안전운전불이행,건조,맑음,교차로 - 교차로부근,화물,남,26세,상해없음,승용,여,31세,경상
2012030200100534,2012년 3월 2일 20시,금요일,경상북도 안동시 남문동,중상사고,0,1,2,0,차대차 - 측면직각충돌,직진우회전진행방해,건조,맑음,교차로 - 교차로안,화물,남,55세,경상,승용,남,63세,경상
2012030200100535,2012년 3월 2일 20시,금요일,경상북도 영주시 봉현면,경상사고,0,0,2,0,차대차 - 측면직각충돌,신호위반,건조,맑음,교차로 - 교차로안,화물,남,66세,상해없음,화물,남,57세,경상
2012030200100536,2012년 3월 2일 20시,금요일,경상북도 칠곡군 가산면,경상사고,0,0,1,0,차대차 - 추돌 - 진행중,안전운전불이행,습기,흐림,단일로 - 기타,화물,남,64세,상해없음,승용,여,41세,경상
2012030200100538,2012년 3월 2일 20시,금요일,경상북도 구미시 사곡동,경상사고,0,0,1,0,차대차 - 측면직각충돌,안전운전불이행,건조,흐림,교차로 - 교차로안,승용,남,25세,상해없음,승용,남,50세,경상
2012030200100578,2012년 3월 2일 21시,금요일,경상북도 안동시 명륜동,경상사고,0,0,1,0,차대차 - 측면직각충돌,중앙선침범,습기,비,교차로 - 교차로안,승용,남,43세,상해없음,이륜,남,21세,경상
2012030200100579,2012년 3월 2일 21시,금요일,경상북도 경산시 진량읍,중상사고,0,1,0,0,차대사람 - 기타,보행자보호의무위반,건조,맑음,교차로 - 교차로부근,승용,남,40세,상해없음,보행자,여,19세,중상
2012030200100580,2012년 3월 2일 21시,금요일,경상북도 경산시 진량읍,중상사고,0,1,0,0,차대사람 - 기타,보행자보호의무위반,습기,흐림,교차로 - 교차로부근,승용,남,26세,상해없음,보행자,여,40세,중상
2012030200100581,2012년 3월 2일 21시,금요일,경상북도 청도군 금천면,중상사고,0,1,0,0,차대사람 - 길가장자리구역통행중,안전운전불이행,건조,맑음,단일로 - 기타,화물,남,61세,상해없음,보행자,남,57세,중상
2012030200100614,2012년 3월 2일 22시,금요일,경상북도 구미시 임은동,경상사고,0,0,1,0,차대차 - 측면직각충돌,안전운전불이행,건조,흐림,단일로 - 기타,기타불명,기타불명,기타불명,기타불명,승용,남,44세,경상
2012030200100615,2012년 3월 2일 22시,금요일,경상북도 포항시 남구 오천읍,경상사고,0,0,1,0,차대사람 - 기타,안전운전불이행,건조,맑음,단일로 - 기타,승용,남,32세,상해없음,보행자,여,63세,경상
2012030200100655,2012년 3월 2일 23시,금요일,경상북도 경주시 황성동,중상사고,0,1,0,0,차대차 - 측면직각충돌,신호위반,건조,맑음,교차로 - 교차로안,화물,남,59세,상해없음,승용,남,33세,중상
2012030200100656,2012년 3월 2일 23시,금요일,경상북도 포항시 북구 죽도동,경상사고,0,0,1,0,차대차 - 기타,교차로운행방법위반,건조,맑음,교차로 - 교차로안,승용,남,41세,상해없음,승용,남,60세,경상
2012030200100657,2012년 3월 2일 23시,금요일,경상북도 구미시 고아읍,경상사고,0,0,2,0,차대차 - 추돌 - 주정차중,안전운전불이행,습기,흐림,교차로 - 교차로부근,승용,남,62세,상해없음,승용,남,58세,경상
2012030200100658,2012년 3월 2일 23시,금요일,경상북도 구미시 상모동,경상사고,0,0,1,0,차대차 - 측면직각충돌,신호위반,건조,맑음,단일로 - 기타,승용,남,32세,상해없음,원동기,남,28세,경상
2012030300100021,2012년 3월 3일 00시,토요일,경상북도 경주시 사정동,중상사고,0,2,0,0,차대사람 - 기타,안전운전불이행,건조,맑음,단일로 - 기타,승용,남,32세,상해없음,보행자,남,35세,중상
2012030300100022,2012년 3월 3일 00시,토요일,경상북도 영천시 금호읍,경상사고,0,0,1,1,차량단독 - 공작물충돌,안전운전불이행,습기,비,단일로 - 기타,승용,남,49세,부상신고,,,,
2012030300100023,2012년 3월 3일 00시,토요일,경상북도 예천군 개포면,중상사고,0,1,0,0,차대차 - 추돌 - 진행중,안전운전불이행,건조,맑음,단일로 - 기타,화물,남,39세,중상,화물,남,51세,상해없음
2012030300100050,2012년 3월 3일 01시,토요일,경상북도 포항시 북구 덕산동,사망사고,1,0,0,0,차량단독 - 공작물충돌,중앙선침범,습기,비,단일로 - 기타,승용,남,41세,사망,,,,
2012030300100051,2012년 3월 3일 01시,토요일,경상북도 구미시 송정동,중상사고,0,1,1,0,차대차 - 측면직각충돌,안전운전불이행,습기,비,단일로 - 기타,승용,남,32세,기타불명,승용,남,46세,상해없음
2012030300100052,2012년 3월 3일 01시,토요일,경상북도 포항시 남구 상도동,경상사고,0,0,1,0,차대차 - 추돌 - 주정차중,안전운전불이행,건조,맑음,단일로 - 기타,승용,남,33세,상해없음,승용,남,58세,경상
2012030300100069,2012년 3월 3일 02시,토요일,경상북도 구미시 원평동,경상사고,0,0,1,0,차대사람 - 기타,안전운전불이행,건조,맑음,단일로 - 기타,승용,남,34세,상해없음,보행자,남,25세,경상
2012030300100079,2012년 3월 3일 03시,토요일,경상북도 구미시 원평동,중상사고,0,1,0,0,차대사람 - 기타,안전운전불이행,건조,맑음,단일로 - 기타,승용,남,30세,상해없음,보행자,남,41세,중상
2012030300100091,2012년 3월 3일 04시,토요일,경상북도 구미시 원평동,중상사고,0,1,2,0,차대차 - 추돌 - 주정차중,안전운전불이행,건조,맑음,단일로 - 기타,승용,남,39세,상해없음,승용,남,53세,경상
2012030300100107,2012년 3월 3일 05시,토요일,경상북도 포항시 북구 죽도동,중상사고,0,1,0,0,차대차 - 추돌 - 주정차중,안전운전불이행,건조,맑음,교차로 - 교차로안,승용,남,25세,상해없음,승용,여,42세,중상
2012030300100120,2012년 3월 3일 06시,토요일,경상북도 구미시 임은동,경상사고,0,0,2,0,차대차 - 측면직각충돌,직진우회전진행방해,건조,맑음,교차로 - 교차로안,승용,남,54세,경상,승용,남,59세,경상
2012030300100137,2012년 3월 3일 07시,토요일,경상북도 경주시 내남면,중상사고,0,2,0,1,차대차 - 측면직각충돌,안전운전불이행,습기,비,기타 - 기타,화물,남,40세,부상신고,승용,남,26세,중상
2012030300100172,2012년 3월 3일 09시,토요일,경상북도 경주시 건천읍,경상사고,0,0,1,0,차대차 - 추돌 - 주정차중,안전운전불이행,건조,맑음,단일로 - 기타,승용,남,21세,상해없음,승용,남,50세,경상
2012030300100173,2012년 3월 3일 09시,토요일,경상북도 영주시 휴천동,중상사고,0,2,0,0,차대차 - 측면직각충돌,교차로운행방법위반,건조,맑음,교차로 - 교차로안,승합,남,41세,중상,승용,남,61세,중상
2012030300100174,2012년 3월 3일 09시,토요일,경상북도 포항시 남구 구룡포읍,경상사고,0,0,1,0,차대차 - 추돌 - 진행중,안전운전불이행,건조,맑음,교차로 - 교차로안,승용,남,53세,상해없음,승용,남,45세,경상
2012030300100197,2012년 3월 3일 10시,토요일,경상북도 안동시 송현동,중상사고,0,1,0,0,차대사람 - 횡단중,안전운전불이행,건조,흐림,교차로 - 교차로안,승용,남,41세,상해없음,보행자,미분류,14세,중상
2012030300100233,2012년 3월 3일 12시,토요일,경상북도 경주시 인왕동,경상사고,0,0,2,0,차대차 - 측면직각충돌,안전운전불이행,습기,비,단일로 - 기타,승용,남,46세,경상,승용,남,28세,경상
2012030300100234,2012년 3월 3일 12시,토요일,경상북도 영천시 도남동,경상사고,0,0,1,0,차대차 - 측면직각충돌,신호위반,건조,맑음,교차로 - 교차로안,승용,남,60세,상해없음,승용,남,29세,경상
2012030300100252,2012년 3월 3일 13시,토요일,경상북도 경주시 덕동,중상사고,0,2,0,0,차대차 - 측면직각충돌,중앙선침범,습기,비,단일로 - 기타,승용,남,54세,상해없음,화물,남,67세,중상
2012030300100275,2012년 3월 3일 14시,토요일,경상북도 안동시 대석동,경상사고,0,0,1,0,차대차 - 측면직각충돌,안전운전불이행,건조,맑음,단일로 - 기타,승용,남,52세,상해없음,승합,남,39세,경상
2012030300100276,2012년 3월 3일 14시,토요일,경상북도 상주시 함창읍,중상사고,0,4,0,0,차대차 - 측면직각충돌,교차로운행방법위반,건조,맑음,교차로 - 교차로안,화물,남,51세,상해없음,승용,남,69세,중상
2012030300100302,2012년 3월 3일 15시,토요일,경상북도 안동시 풍천면,사망사고,1,0,0,0,차량단독 - 기타,안전운전불이행,건조,맑음,단일로 - 기타,원동기,남,56세,사망,,,,
2012030300100332,2012년 3월 3일 16시,토요일,경상북도 칠곡군 동명면,경상사고,0,0,1,0,차대차 - 기타,기타,건조,흐림,단일로 - 기타,화물,남,29세,상해없음,승용,남,30세,경상
2012030300100354,2012년 3월 3일 17시,토요일,경상북도 영주시 창진동,경상사고,0,0,1,0,차량단독 - 기타,안전운전불이행,건조,맑음,단일로 - 기타,농기계,남,69세,경상,,,,
2012030300100355,2012년 3월 3일 17시,토요일,경상북도 포항시 남구 인덕동,중상사고,0,3,2,0,차대차 - 측면직각충돌,안전거리미확보,건조,흐림,단일로 - 기타,승용,여,48세,중상,승용,남,72세,경상
2012030300100419,2012년 3월 3일 19시,토요일,경상북도 구미시 봉곡동,경상사고,0,0,1,0,차대사람 - 횡단중,안전운전불이행,건조,맑음,단일로 - 기타,승용,여,20세,상해없음,보행자,남,3세,경상
2012030300100420,2012년 3월 3일 19시,토요일,경상북도 구미시 도량동,경상사고,0,0,1,0,차대사람 - 횡단중,안전운전불이행,건조,맑음,단일로 - 기타,승용,남,48세,상해없음,보행자,여,67세,경상
2012030300100447,2012년 3월 3일 20시,토요일,경상북도 안동시 옥야동,중상사고,0,1,0,0,차대차 - 추돌 - 진행중,안전운전불이행,건조,흐림,단일로 - 기타,승용,남,43세,상해없음,자전거,남,53세,중상
2012030300100448,2012년 3월 3일 20시,토요일,경상북도 칠곡군 석적읍,중상사고,0,1,0,0,차대차 - 추돌 - 주정차중,안전운전불이행,건조,맑음,단일로 - 기타,승용,여,25세,상해없음,이륜,남,29세,중상
2012030300100449,2012년 3월 3일 20시,토요일,경상북도 영천시 완산동,경상사고,0,0,1,0,차대차 - 추돌 - 주정차중,안전운전불이행,건조,맑음,교차로 - 교차로안,승용,여,57세,상해없음,승용,남,29세,경상
2012030300100450,2012년 3월 3일 20시,토요일,경상북도 구미시 인의동,중상사고,0,1,0,0,차대차 - 측면직각충돌,중앙선침범,건조,맑음,단일로 - 기타,승용,남,34세,상해없음,이륜,남,57세,중상
2012030300100473,2012년 3월 3일 21시,토요일,경상북도 경주시 구정동,경상사고,0,0,1,0,차대차 - 추돌 - 진행중,안전운전불이행,건조,맑음,단일로 - 기타,승용,남,53세,상해없음,승용,남,33세,경상
2012030300100474,2012년 3월 3일 21시,토요일,경상북도 포항시 북구 양덕동,중상사고,0,1,1,0,차대차 - 기타,안전운전불이행,건조,맑음,단일로 - 기타,승용,남,45세,경상,특수,남,49세,상해없음
2012030300100475,2012년 3월 3일 21시,토요일,경상북도 구미시 거의동,경상사고,0,0,3,0,차대차 - 측면직각충돌,신호위반,건조,흐림,교차로 - 교차로안,화물,남,27세,상해없음,승용,남,49세,경상
2012030300100498,2012년 3월 3일 22시,토요일,경상북도 포항시 북구 신흥동,경상사고,0,0,1,0,차대사람 - 횡단중,안전운전불이행,건조,맑음,단일로 - 기타,이륜,남,17세,상해없음,보행자,여,55세,경상
2012030300100499,2012년 3월 3일 22시,토요일,경상북도 칠곡군 가산면,중상사고,0,1,0,0,차대차 - 추돌 - 진행중,안전운전불이행,건조,맑음,단일로 - 기타,승용,남,18세,상해없음,이륜,남,37세,중상
2012030300100500,2012년 3월 3일 22시,토요일,경상북도 포항시 남구 동촌동,경상사고,0,0,1,0,차대차 - 추돌 - 주정차중,안전운전불이행,건조,흐림,교차로 - 교차로부근,승용,여,42세,상해없음,승용,여,33세,경상
2012030300100526,2012년 3월 3일 23시,토요일,경상북도 경산시 진량읍,중상사고,0,1,0,0,차대사람 - 기타,안전운전불이행,건조,맑음,단일로 - 기타,승용,남,34세,상해없음,보행자,남,52세,중상
2012030400100011,2012년 3월 4일 00시,일요일,경상북도 경주시 용강동,경상사고,0,0,1,0,차대차 - 추돌 - 진행중,중앙선침범,습기,흐림,교차로 - 교차로부근,승용,남,37세,상해없음,승용,남,24세,경상
2012030400100012,2012년 3월 4일 00시,일요일,경상북도 포항시 북구 동빈1가,중상사고,0,1,1,0,차대차 - 측면직각충돌,신호위반,습기,비,교차로 - 교차로안,승용,여,26세,경상,승용,여,32세,중상
2012030400100013,2012년 3월 4일 00시,일요일,경상북도 안동시 송천동,경상사고,0,0,1,0,차량단독 - 기타,안전운전불이행,건조,맑음,단일로 - 기타,승용,남,23세,상해없음,,,,
2012030400100014,2012년 3월 4일 00시,일요일,경상북도 구미시 봉곡동,중상사고,0,1,0,0,차대사람 - 횡단중,안전운전불이행,건조,맑음,단일로 - 기타,승용,남,51세,상해없음,보행자,남,32세,중상
2012030400100032,2012년 3월 4일 01시,일요일,경상북도 경주시 성동동,경상사고,0,0,1,0,차대차 - 측면직각충돌,안전운전불이행,건조,맑음,교차로 - 교차로부근,승용,남,58세,상해없음,승합,남,30세,경상
2012030400100063,2012년 3월 4일 03시,일요일,경상북도 포항시 북구 용흥동,경상사고,0,0,1,0,차대차 - 측면직각충돌,안전운전불이행,습기,비,단일로 - 기타,승용,남,33세,상해없음,화물,남,56세,경상
2012030400100103,2012년 3월 4일 07시,일요일,경상북도 고령군 쌍림면,사망사고,1,0,0,0,차량단독 - 공작물충돌,안전운전불이행,건조,맑음,단일로 - 기타,화물,남,72세,사망,,,,
2012030400100111,2012년 3월 4일 08시,일요일,경상북도 경주시 성건동,경상사고,0,0,2,0,차대차 - 측면직각충돌,신호위반,습기,비,교차로 - 교차로안,화물,남,63세,상해없음,승용,남,64세,경상
2012030400100112,2012년 3월 4일 08시,일요일,경상북도 포항시 북구 두호동,경상사고,0,0,5,2,차대차 - 정면충돌,중앙선침범,건조,맑음,단일로 - 기타,승용,남,28세,상해없음,승합,남,55세,경상
2012030400100113,2012년 3월 4일 08시,일요일,경상북도 구미시 옥계동,경상사고,0,0,1,0,차대차 - 기타,안전운전불이행,건조,맑음,단일로 - 기타,승용,남,27세,상해없음,승용,남,38세,경상
2012030400100119,2012년 3월 4일 09시,일요일,경상북도 울진군 서면,중상사고,0,1,3,0,차량단독 - 도로외이탈 - 추락,안전운전불이행,적설,흐림,단일로 - 기타,승용,남,42세,경상,,,,
2012030400100158,2012년 3월 4일 12시,일요일,경상북도 영주시 가흥동,중상사고,0,1,1,0,차대차 - 측면직각충돌,신호위반,건조,맑음,교차로 - 교차로안,승용,남,70세,상해없음,승용,여,34세,중상
2012030400100159,2012년 3월 4일 12시,일요일,경상북도 경산시 옥산동,중상사고,0,1,0,0,차대사람 - 기타,보행자보호의무위반,습기,비,단일로 - 기타,승용,남,55세,상해없음,보행자,남,9세,중상
2012030400100178,2012년 3월 4일 13시,일요일,경상북도 영천시 금노동,경상사고,0,0,2,0,차대차 - 측면직각충돌,신호위반,건조,맑음,교차로 - 교차로안,승용,남,22세,상해없음,승용,남,40세,경상
2012030400100200,2012년 3월 4일 14시,일요일,경상북도 청도군 화양읍,중상사고,0,1,0,0,차대차 - 측면직각충돌,중앙선침범,습기,비,단일로 - 기타,승용,남,62세,중상,승합,남,61세,상해없음
2012030400100201,2012년 3월 4일 14시,일요일,경상북도 구미시 임은동,경상사고,0,0,4,0,차대차 - 측면직각충돌,직진우회전진행방해,건조,맑음,교차로 - 교차로안,승용,남,41세,경상,이륜,남,45세,경상
2012030400100227,2012년 3월 4일 15시,일요일,경상북도 구미시 도량동,경상사고,0,0,2,0,차대차 - 추돌 - 주정차중,안전운전불이행,습기,비,단일로 - 기타,승용,남,53세,상해없음,승용,남,36세,경상
2012030400100228,2012년 3월 4일 15시,일요일,경상북도 포항시 남구 구룡포읍,중상사고,0,4,0,0,차대차 - 정면충돌,중앙선침범,습기,비,단일로 - 기타,승용,여,46세,중상,승용,남,50세,중상
2012030400100256,2012년 3월 4일 16시,일요일,경상북도 포항시 북구 득량동,경상사고,0,0,1,0,차대차 - 기타,교차로운행방법위반,건조,맑음,교차로 - 교차로안,승용,여,46세,상해없음,승용,남,42세,경상
2012030400100264,2012년 3월 4일 17시,일요일,경상북도 상주시 이안면,중상사고,0,2,0,0,차량단독 - 기타,안전운전불이행,습기,흐림,단일로 - 기타,화물,남,20세,상해없음,,,,
2012030400100265,2012년 3월 4일 17시,일요일,경상북도 영주시 영주동,경상사고,0,0,2,0,차대차 - 측면직각충돌,안전운전불이행,건조,흐림,교차로 - 교차로안,승용,여,45세,상해없음,승용,남,41세,경상
2012030400100266,2012년 3월 4일 17시,일요일,경상북도 예천군 감천면,중상사고,0,1,0,0,차량단독 - 공작물충돌,안전운전불이행,건조,흐림,교차로 - 교차로안,화물,남,22세,중상,,,,
2012030400100267,2012년 3월 4일 17시,일요일,경상북도 구미시 광평동,부상신고사고,0,0,0,2,차대차 - 측면직각충돌,중앙선침범,습기,비,단일로 - 기타,승용,남,52세,부상신고,승용,남,50세,상해없음
2012030400100268,2012년 3월 4일 17시,일요일,경상북도 구미시 인의동,중상사고,0,1,1,0,차대차 - 측면직각충돌,안전운전불이행,습기,비,교차로 - 교차로안,승용,여,21세,경상,이륜,남,53세,중상
2012030400100285,2012년 3월 4일 18시,일요일,경상북도 경주시 성건동,중상사고,0,2,0,0,차대차 - 측면직각충돌,안전운전불이행,건조,맑음,단일로 - 기타,승합,남,55세,상해없음,승용,남,44세,중상
2012030400100286,2012년 3월 4일 18시,일요일,경상북도 경주시 안강읍,경상사고,0,0,1,0,차대차 - 측면직각충돌,안전운전불이행,습기,비,기타 - 기타,승용,남,32세,상해없음,승용,남,47세,상해없음
2012030400100287,2012년 3월 4일 18시,일요일,경상북도 김천시 평화동,경상사고,0,0,1,0,차대차 - 측면직각충돌,교차로운행방법위반,습기,비,교차로 - 교차로안,승용,남,59세,상해없음,승용,여,41세,경상
2012030400100288,2012년 3월 4일 18시,일요일,경상북도 영주시 가흥동,경상사고,0,0,1,0,차대차 - 측면직각충돌,교차로운행방법위반,건조,맑음,교차로 - 교차로안,원동기,남,55세,경상,승용,여,52세,상해없음
2012030400100289,2012년 3월 4일 18시,일요일,경상북도 경산시 사동,경상사고,0,0,1,0,차대차 - 기타,안전운전불이행,습기,비,교차로 - 교차로안,화물,남,57세,상해없음,원동기,남,29세,경상
2012030400100290,2012년 3월 4일 18시,일요일,경상북도 구미시 송정동,중상사고,0,1,0,0,차대차 - 측면직각충돌,안전운전불이행,건조,맑음,단일로 - 기타,화물,남,51세,상해없음,승용,여,59세,상해없음
2012030400100291,2012년 3월 4일 18시,일요일,경상북도 구미시 선산읍,경상사고,0,0,1,0,차대사람 - 기타,안전운전불이행,습기,비,기타 - 기타,승용,여,49세,상해없음,보행자,남,29세,경상
2012030400100330,2012년 3월 4일 19시,일요일,경상북도 경주시 구황동,경상사고,0,0,4,0,차대차 - 추돌 - 진행중,안전운전불이행,습기,비,교차로 - 교차로부근,화물,남,56세,경상,승용,남,37세,경상
2012030400100331,2012년 3월 4일 19시,일요일,경상북도 경주시 성건동,중상사고,0,1,0,0,차대사람 - 기타,보행자보호의무위반,습기,비,단일로 - 횡단보도상,승용,남,21세,상해없음,보행자,여,59세,중상
2012030400100332,2012년 3월 4일 19시,일요일,경상북도 칠곡군 북삼읍,중상사고,0,2,1,0,차대차 - 추돌 - 진행중,안전운전불이행,습기,비,교차로 - 교차로부근,화물,남,47세,상해없음,승용,남,30세,중상
2012030400100368,2012년 3월 4일 20시,일요일,경상북도 포항시 북구 죽도동,중상사고,0,2,0,0,차대차 - 기타,안전운전불이행,습기,비,단일로 - 기타,승합,남,53세,상해없음,승용,남,30세,중상
2012030400100369,2012년 3월 4일 20시,일요일,경상북도 안동시 서후면,경상사고,0,0,2,0,차대차 - 측면직각충돌,안전운전불이행,건조,흐림,교차로 - 교차로안,승용,남,23세,상해없음,승용,남,55세,경상
2012030400100370,2012년 3월 4일 20시,일요일,경상북도 영천시 신령면,부상신고사고,0,0,0,1,차량단독 - 공작물충돌,안전운전불이행,습기,비,단일로 - 기타,승용,남,64세,부상신고,,,,