사고번호,사고일시,요일,시군구,사고내용,사망자수,중상자수,경상자수,부상신고자수,사고유형,법규위반,노면상태,기상상태,도로형태,가해운전자 차종,가해운전자 성별,가해운전자 연령,가해운전자 상해정도,피해운전자 차종,피해운전자 성별,피해운전자 연령,피해운전자 상해정도
2012031700100459,2012년 3월 17일 15시,토요일,경상북도 포항시 북구 죽도동,경상사고,0,0,1,0,차대사람 - 기타,안전운전불이행,건조,맑음,교차로 - 교차로부근,승용,여,48세,상해없음,보행자,여,84세,경상
2012031700100460,2012년 3월 17일 15시,토요일,경상북도 안동시 옥동,경상사고,0,0,5,0,차대차 - 추돌 - 진행중,안전운전불이행,건조,맑음,교차로 - 교차로안,승용,남,48세,상해없음,화물,남,43세,경상
2012031700100461,2012년 3월 17일 15시,토요일,경상북도 김천시 황금동,경상사고,0,0,3,0,차대차 - 측면직각충돌,교차로운행방법위반,건조,맑음,교차로 - 교차로안,승용,남,30세,경상,승용,남,57세,경상
2012031700100462,2012년 3월 17일 15시,토요일,경상북도 의성군 금성면,중상사고,0,1,0,0,차대차 - 측면직각충돌,안전운전불이행,건조,맑음,교차로 - 교차로부근,승용,여,29세,상해없음,이륜,남,62세,중상
2012031700100463,2012년 3월 17일 15시,토요일,경상북도 울진군 후포면,중상사고,0,1,0,0,차대차 - 기타,안전운전불이행,건조,맑음,단일로 - 기타,승용,남,60세,상해없음,원동기,남,73세,중상
2012031700100464,2012년 3월 17일 15시,토요일,경상북도 포항시 남구 대잠동,경상사고,0,0,2,0,차대차 - 측면직각충돌,신호위반,건조,맑음,교차로 - 교차로안,승용,남,29세,상해없음,이륜,남,28세,경상
2012031700100518,2012년 3월 17일 17시,토요일,경상북도 구미시 지산동,경상사고,0,0,1,0,차대차 - 추돌 - 진행중,안전운전불이행,건조,흐림,단일로 - 기타,화물,남,47세,상해없음,화물,남,56세,경상
2012031700100519,2012년 3월 17일 17시,토요일,경상북도 포항시 남구 대송면,경상사고,0,0,1,0,차대차 - 추돌 - 진행중,신호위반,건조,맑음,교차로 - 교차로안,화물,남,34세,상해없음,승용,남,62세,경상
2012031700100547,2012년 3월 17일 18시,토요일,경상북도 김천시 지좌동,경상사고,0,0,1,1,차대차 - 측면직각충돌,안전운전불이행,건조,맑음,단일로 - 교량,승용,여,30세,상해없음,승용,남,59세,부상신고
2012031700100591,2012년 3월 17일 19시,토요일,경상북도 안동시 태화동,중상사고,0,2,0,0,차대차 - 추돌 - 진행중,안전운전불이행,습기,비,교차로 - 교차로부근,승용,여,62세,상해없음,승용,여,27세,중상
2012031700100592,2012년 3월 17일 19시,토요일,경상북도 상주시 무양동,중상사고,0,1,0,0,차대차 - 측면직각충돌,교차로운행방법위반,건조,맑음,교차로 - 교차로안,승용,남,52세,상해없음,이륜,남,16세,중상
2012031700100632,2012년 3월 17일 20시,토요일,경상북도 경주시 사정동,중상사고,0,1,3,0,차대차 - 기타,안전운전불이행,건조,흐림,단일로 - 기타,화물,남,40세,상해없음,승용,남,31세,경상
2012031700100633,2012년 3월 17일 20시,토요일,경상북도 포항시 북구 죽도동,경상사고,0,0,1,0,차대사람 - 기타,안전운전불이행,건조,맑음,단일로 - 기타,승용,남,71세,상해없음,보행자,여,41세,경상
2012031700100634,2012년 3월 17일 20시,토요일,경상북도 울진군 죽변면,중상사고,0,1,1,0,차대차 - 추돌 - 주정차중,안전운전불이행,습기,안개,단일로 - 기타,승용,여,41세,상해없음,승용,남,54세,경상
2012031700100635,2012년 3월 17일 20시,토요일,경상북도 구미시 인의동,중상사고,0,1,0,0,차대차 - 측면직각충돌,안전운전불이행,건조,맑음,교차로 - 교차로부근,승용,남,29세,상해없음,이륜,남,19세,중상
2012031700100636,2012년 3월 17일 20시,토요일,경상북도 구미시 인의동,경상사고,0,0,1,0,차대사람 - 기타,안전운전불이행,건조,맑음,단일로 - 기타,승용,남,26세,상해없음,보행자,여,20세,경상
2012031700100674,2012년 3월 17일 21시,토요일,경상북도 김천시 대항면,중상사고,0,1,0,0,차대차 - 측면직각충돌,교차로운행방법위반,건조,흐림,교차로 - 교차로안,승용,남,49세,상해없음,승용,남,33세,중상
2012031700100675,2012년 3월 17일 21시,토요일,경상북도 영주시 휴천동,중상사고,0,1,0,0,차대사람 - 횡단중,보행자보호의무위반,건조,맑음,단일로 - 횡단보도상,승용,남,53세,상해없음,보행자,남,53세,중상
2012031700100676,2012년 3월 17일 21시,토요일,경상북도 경산시 중방동,경상사고,0,0,1,0,차대사람 - 기타,신호위반,건조,맑음,교차로 - 교차로안,원동기,남,23세,상해없음,보행자,여,45세,경상
2012031700100677,2012년 3월 17일 21시,토요일,경상북도 울진군 후포면,경상사고,0,0,2,0,차대차 - 정면충돌,기타,건조,맑음,단일로 - 기타,승용,남,45세,상해없음,승용,여,44세,경상
2012031700100736,2012년 3월 17일 23시,토요일,경상북도 포항시 북구 장성동,경상사고,0,0,1,0,차대사람 - 횡단중,안전운전불이행,건조,맑음,단일로 - 기타,승용,남,58세,상해없음,보행자,남,25세,경상
2012031700100737,2012년 3월 17일 23시,토요일,경상북도 포항시 북구 상원동,경상사고,0,0,1,0,차량단독 - 기타,안전운전불이행,건조,맑음,단일로 - 기타,승용,남,37세,상해없음,,,,
2012031800100016,2012년 3월 18일 00시,일요일,경상북도 구미시 지산동,중상사고,0,1,3,0,차대차 - 측면직각충돌,안전운전불이행,건조,맑음,교차로 - 교차로안,승용,남,26세,상해없음,승용,여,23세,중상
2012031800100017,2012년 3월 18일 00시,일요일,경상북도 구미시 원평동,중상사고,0,1,0,0,차대차 - 측면직각충돌,교차로운행방법위반,건조,맑음,교차로 - 교차로안,승용,남,26세,상해없음,이륜,남,20세,중상
2012031800100044,2012년 3월 18일 01시,일요일,경상북도 경산시 옥산동,경상사고,0,0,1,0,차대차 - 기타,중앙선침범,건조,맑음,단일로 - 기타,승용,남,37세,상해없음,승용,남,39세,경상
2012031800100045,2012년 3월 18일 01시,일요일,경상북도 구미시 공단동,경상사고,0,0,1,0,차대차 - 측면직각충돌,중앙선침범,건조,맑음,단일로 - 기타,승용,여,30세,상해없음,승용,남,42세,경상
2012031800100046,2012년 3월 18일 01시,일요일,경상북도 구미시 황상동,경상사고,0,0,1,0,차대사람 - 기타,안전운전불이행,건조,맑음,기타 - 기타,승용,남,19세,상해없음,보행자,남,22세,경상
2012031800100070,2012년 3월 18일 02시,일요일,경상북도 경주시 성건동,중상사고,0,1,3,0,차대차 - 기타,안전운전불이행,건조,맑음,교차로 - 교차로안,승용,남,24세,상해없음,승용,남,55세,상해없음
2012031800100132,2012년 3월 18일 06시,일요일,경상북도 봉화군 소천면,경상사고,0,0,1,0,차량단독 - 공작물충돌,안전운전불이행,습기,비,단일로 - 기타,승용,남,27세,경상,,,,
2012031800100133,2012년 3월 18일 06시,일요일,경상북도 청도군 청도읍,사망사고,1,0,0,0,차대차 - 추돌 - 진행중,안전운전불이행,건조,맑음,단일로 - 기타,승용,남,18세,상해없음,화물,남,41세,상해없음
2012031800100180,2012년 3월 18일 10시,일요일,경상북도 포항시 남구 구룡포읍,경상사고,0,0,1,0,차대차 - 추돌 - 진행중,안전운전불이행,건조,맑음,교차로 - 교차로안,승용,여,34세,상해없음,승용,남,61세,경상
2012031800100192,2012년 3월 18일 11시,일요일,경상북도 경산시 와촌면,경상사고,0,0,1,0,차대차 - 측면직각충돌,안전운전불이행,건조,흐림,기타 - 기타,승용,남,52세,상해없음,승용,남,40세,상해없음
2012031800100221,2012년 3월 18일 12시,일요일,경상북도 구미시 송정동,중상사고,0,1,0,0,차대차 - 측면직각충돌,안전거리미확보,건조,맑음,단일로 - 횡단보도부근,승용,남,42세,상해없음,승용,남,23세,중상
2012031800100237,2012년 3월 18일 13시,일요일,경상북도 포항시 북구 환호동,경상사고,0,0,1,0,차대사람 - 기타,보행자보호의무위반,건조,맑음,단일로 - 기타,승용,여,38세,상해없음,보행자,남,5세,경상
2012031800100238,2012년 3월 18일 13시,일요일,경상북도 영덕군 축산면,경상사고,0,0,1,0,차대차 - 기타,안전운전불이행,습기,비,단일로 - 기타,승용,남,43세,상해없음,승용,남,62세,상해없음
2012031800100259,2012년 3월 18일 14시,일요일,경상북도 안동시 당북동,중상사고,0,1,0,0,차대차 - 측면직각충돌,안전운전불이행,건조,맑음,단일로 - 기타,기타불명,기타불명,기타불명,기타불명,이륜,남,73세,중상
2012031800100260,2012년 3월 18일 14시,일요일,경상북도 안동시 임하면,중상사고,0,2,1,0,차대차 - 정면충돌,중앙선침범,건조,맑음,단일로 - 기타,승용,남,54세,경상,승용,남,31세,중상
2012031800100261,2012년 3월 18일 14시,일요일,경상북도 포항시 남구 연일읍,경상사고,0,0,4,0,차대차 - 측면직각충돌,교차로운행방법위반,건조,맑음,교차로 - 교차로안,승용,남,47세,경상,승용,남,30세,경상
2012031800100279,2012년 3월 18일 15시,일요일,경상북도 포항시 북구 대흥동,경상사고,0,0,1,0,차대차 - 측면직각충돌,불법유턴,건조,맑음,단일로 - 기타,승용,남,48세,상해없음,이륜,남,44세,경상
2012031800100280,2012년 3월 18일 15시,일요일,경상북도 성주군 수륜면,경상사고,0,0,5,0,차대차 - 정면충돌,중앙선침범,건조,맑음,단일로 - 기타,화물,남,50세,상해없음,화물,남,37세,경상
2012031800100304,2012년 3월 18일 16시,일요일,경상북도 경주시 도지동,경상사고,0,0,1,0,차대차 - 기타,안전운전불이행,건조,맑음,단일로 - 기타,승용,남,28세,상해없음,승용,남,35세,경상
2012031800100305,2012년 3월 18일 16시,일요일,경상북도 칠곡군 북삼읍,중상사고,0,1,0,0,차대차 - 추돌 - 진행중,안전운전불이행,건조,맑음,교차로 - 교차로부근,승용,남,34세,상해없음,이륜,남,19세,중상
2012031800100306,2012년 3월 18일 16시,일요일,경상북도 칠곡군 지천면,중상사고,0,1,1,0,차대차 - 추돌 - 진행중,안전운전불이행,건조,맑음,단일로 - 기타,승용,여,46세,상해없음,승용,여,42세,경상
2012031800100334,2012년 3월 18일 17시,일요일,경상북도 경주시 황성동,경상사고,0,0,2,0,차대차 - 측면직각충돌,안전운전불이행,건조,맑음,교차로 - 교차로안,승용,남,43세,상해없음,승용,남,60세,경상
2012031800100335,2012년 3월 18일 17시,일요일,경상북도 고령군 개진면,중상사고,0,4,0,0,차대차 - 정면충돌,안전운전불이행,건조,맑음,단일로 - 기타,승용,남,57세,중상,승용,여,36세,중상
2012031800100363,2012년 3월 18일 18시,일요일,경상북도 구미시 광평동,경상사고,0,0,2,0,차대차 - 측면직각충돌,안전운전불이행,건조,맑음,단일로 - 기타,승용,남,55세,상해없음,화물,남,46세,경상
2012031800100364,2012년 3월 18일 18시,일요일,경상북도 구미시 선산읍,중상사고,0,1,0,0,차대차 - 측면직각충돌,교차로운행방법위반,건조,맑음,교차로 - 교차로안,승용,남,30세,상해없음,이륜,남,30세,중상
2012031800100365,2012년 3월 18일 18시,일요일,경상북도 포항시 남구 대잠동,경상사고,0,0,1,0,차대차 - 추돌 - 진행중,안전운전불이행,건조,흐림,교차로 - 교차로안,승용,여,30세,상해없음,승용,남,62세,경상
2012031800100389,2012년 3월 18일 19시,일요일,경상북도 영천시 성내동,경상사고,0,0,2,0,차대차 - 추돌 - 진행중,안전운전불이행,건조,맑음,교차로 - 교차로부근,화물,남,62세,상해없음,승용,여,46세,경상
2012031800100411,2012년 3월 18일 20시,일요일,경상북도 포항시 북구 창포동,중상사고,0,2,0,0,차대사람 - 기타,신호위반,건조,맑음,단일로 - 횡단보도상,승용,남,18세,상해없음,보행자,남,58세,중상
2012031800100412,2012년 3월 18일 20시,일요일,경상북도 안동시 목성동,경상사고,0,0,1,0,차대차 - 정면충돌,안전운전불이행,건조,맑음,단일로 - 기타,기타불명,기타불명,기타불명,기타불명,이륜,남,17세,경상
2012031800100413,2012년 3월 18일 20시,일요일,경상북도 경산시 사동,경상사고,0,0,1,0,차대사람 - 기타,안전운전불이행,건조,맑음,단일로 - 기타,승용,남,46세,상해없음,보행자,남,31세,경상
2012031800100423,2012년 3월 18일 21시,일요일,경상북도 포항시 북구 대흥동,경상사고,0,0,2,0,차대차 - 측면직각충돌,안전거리미확보,건조,맑음,단일로 - 기타,승용,남,29세,상해없음,승용,남,53세,경상
2012031800100424,2012년 3월 18일 21시,일요일,경상북도 안동시 남선면,경상사고,0,0,1,0,차대차 - 정면충돌,교차로운행방법위반,건조,맑음,교차로 - 교차로안,화물,남,46세,상해없음,승용,남,55세,경상
2012031800100447,2012년 3월 18일 22시,일요일,경상북도 영주시 휴천동,중상사고,0,2,2,0,차대차 - 측면직각충돌,안전운전불이행,건조,맑음,교차로 - 교차로안,승용,남,47세,상해없음,승용,남,37세,경상
2012031900100019,2012년 3월 19일 01시,월요일,경상북도 구미시 황상동,중상사고,0,2,0,0,차량단독 - 기타,안전운전불이행,건조,맑음,단일로 - 기타,원동기,남,44세,중상,,,,
2012031900100045,2012년 3월 19일 05시,월요일,경상북도 포항시 남구 동촌동,경상사고,0,0,1,0,차대차 - 추돌 - 진행중,안전운전불이행,건조,맑음,교차로 - 교차로부근,승용,남,64세,상해없음,화물,남,43세,상해없음
2012031900100056,2012년 3월 19일 06시,월요일,경상북도 포항시 북구 흥해읍,경상사고,0,0,1,0,차대차 - 추돌 - 진행중,안전거리미확보,건조,맑음,단일로 - 기타,화물,남,56세,상해없음,승용,남,49세,경상
2012031900100074,2012년 3월 19일 07시,월요일,경상북도 울진군 울진읍,중상사고,0,1,0,0,차량단독 - 공작물충돌,안전운전불이행,결빙,맑음,단일로 - 기타,화물,남,59세,상해없음,,,,
2012031900100107,2012년 3월 19일 08시,월요일,경상북도 포항시 북구 학산동,중상사고,0,1,0,0,차대차 - 기타,안전운전불이행,건조,맑음,교차로 - 교차로안,승용,남,33세,상해없음,자전거,여,73세,중상
2012031900100108,2012년 3월 19일 08시,월요일,경상북도 상주시 외답동,중상사고,0,1,0,0,차대차 - 측면직각충돌,신호위반,건조,맑음,교차로 - 교차로안,승합,남,67세,상해없음,화물,남,44세,중상
2012031900100109,2012년 3월 19일 08시,월요일,경상북도 영천시 화북면,부상신고사고,0,0,0,1,차대차 - 추돌 - 진행중,안전운전불이행,건조,맑음,단일로 - 기타,승용,여,61세,상해없음,화물,남,53세,상해없음
2012031900100110,2012년 3월 19일 08시,월요일,경상북도 경산시 압량면,경상사고,0,0,1,0,차대사람 - 기타,안전운전불이행,건조,맑음,단일로 - 횡단보도상,기타불명,기타불명,기타불명,기타불명,보행자,남,10세,경상
2012031900100143,2012년 3월 19일 09시,월요일,경상북도 봉화군 봉화읍,중상사고,0,1,0,0,차대차 - 정면충돌,과속,건조,맑음,교차로 - 교차로안,특수,여,40세,상해없음,원동기,남,80세,중상
2012031900100176,2012년 3월 19일 10시,월요일,경상북도 경주시 황오동,중상사고,0,1,0,0,차대차 - 측면직각충돌,안전운전불이행,건조,맑음,교차로 - 교차로안,원동기,남,68세,중상,승합,남,36세,상해없음
2012031900100177,2012년 3월 19일 10시,월요일,경상북도 영천시 금노동,경상사고,0,0,1,0,차대차 - 추돌 - 진행중,안전거리미확보,건조,맑음,단일로 - 기타,승합,남,52세,상해없음,승용,남,43세,경상
2012031900100217,2012년 3월 19일 12시,월요일,경상북도 안동시 안기동,중상사고,0,1,0,0,차대차 - 측면직각충돌,안전운전불이행,건조,맑음,단일로 - 기타,승용,남,27세,상해없음,이륜,남,49세,중상
2012031900100218,2012년 3월 19일 12시,월요일,경상북도 상주시 이안면,사망사고,1,0,0,0,차량단독 - 공작물충돌,안전운전불이행,건조,맑음,단일로 - 기타,화물,남,65세,사망,,,,
2012031900100219,2012년 3월 19일 12시,월요일,경상북도 경산시 옥곡동,경상사고,0,0,1,0,차대차 - 기타,안전운전불이행,건조,맑음,단일로 - 기타,기타불명,기타불명,기타불명,기타불명,원동기,여,51세,경상
2012031900100220,2012년 3월 19일 12시,월요일,경상북도 경산시 계양동,경상사고,0,0,3,0,차대차 - 기타,안전운전불이행,건조,맑음,교차로 - 교차로부근,승용,여,43세,상해없음,승용,남,55세,경상
2012031900100251,2012년 3월 19일 13시,월요일,경상북도 포항시 남구 연일읍,경상사고,0,0,1,0,차대차 - 측면직각충돌,안전운전불이행,건조,맑음,교차로 - 교차로안,화물,남,32세,경상,화물,남,64세,상해없음
2012031900100304,2012년 3월 19일 15시,월요일,경상북도 경산시 백천동,경상사고,0,0,1,0,차대사람 - 기타,안전운전불이행,건조,맑음,단일로 - 기타,화물,남,55세,상해없음,보행자,여,21세,경상
2012031900100305,2012년 3월 19일 15시,월요일,경상북도 구미시 공단동,중상사고,0,1,2,0,차대차 - 추돌 - 진행중,안전거리미확보,건조,맑음,단일로 - 기타,승용,남,61세,상해없음,화물,남,47세,중상
2012031900100331,2012년 3월 19일 16시,월요일,경상북도 경주시 감포읍,중상사고,0,1,0,0,차대차 - 측면직각충돌,안전운전불이행,건조,흐림,단일로 - 기타,화물,여,47세,상해없음,이륜,남,68세,중상
2012031900100332,2012년 3월 19일 16시,월요일,경상북도 경주시 진현동,중상사고,0,4,1,0,차대차 - 측면직각충돌,중앙선침범,건조,맑음,단일로 - 기타,화물,남,54세,중상,화물,여,59세,중상
2012031900100333,2012년 3월 19일 16시,월요일,경상북도 상주시 신봉동,중상사고,0,1,0,0,차대사람 - 기타,안전운전불이행,건조,맑음,단일로 - 기타,승합,남,68세,상해없음,보행자,여,6세,중상
2012031900100334,2012년 3월 19일 16시,월요일,경상북도 칠곡군 가산면,중상사고,0,1,0,0,차대사람 - 차도통행중,안전운전불이행,건조,맑음,단일로 - 기타,화물,남,34세,상해없음,보행자,여,12세,중상
2012031900100335,2012년 3월 19일 16시,월요일,경상북도 봉화군 소천면,중상사고,0,1,0,0,차량단독 - 기타,안전운전불이행,건조,맑음,단일로 - 터널,원동기,남,60세,중상,,,,
2012031900100336,2012년 3월 19일 16시,월요일,경상북도 포항시 남구 괴동동,경상사고,0,0,1,0,차대사람 - 기타,안전운전불이행,건조,맑음,단일로 - 기타,기타불명,기타불명,기타불명,기타불명,보행자,남,55세,경상
2012031900100364,2012년 3월 19일 17시,월요일,경상북도 칠곡군 약목면,경상사고,0,0,1,1,차대차 - 추돌 - 진행중,안전운전불이행,건조,맑음,교차로 - 교차로안,승용,여,54세,부상신고,승용,남,40세,경상
2012031900100365,2012년 3월 19일 17시,월요일,경상북도 경산시 옥산동,중상사고,0,1,0,0,차대사람 - 횡단중,보행자보호의무위반,건조,맑음,교차로 - 교차로안,승용,남,32세,상해없음,보행자,여,7세,중상
2012031900100366,2012년 3월 19일 17시,월요일,경상북도 고령군 성산면,경상사고,0,0,1,0,차대사람 - 차도통행중,안전운전불이행,건조,맑음,교차로 - 교차로부근,화물,남,51세,상해없음,보행자,여,57세,경상
2012031900100367,2012년 3월 19일 17시,월요일,경상북도 포항시 남구 청림동,중상사고,0,1,0,0,차대차 - 측면직각충돌,안전운전불이행,건조,맑음,교차로 - 교차로부근,승용,남,59세,상해없음,자전거,남,40세,중상
2012031900100426,2012년 3월 19일 19시,월요일,경상북도 포항시 북구 죽도동,경상사고,0,0,1,0,차대차 - 기타,안전거리미확보,건조,맑음,단일로 - 기타,승용,남,56세,상해없음,승용,남,61세,상해없음
2012031900100427,2012년 3월 19일 19시,월요일,경상북도 상주시 가장동,경상사고,0,0,1,0,차량단독 - 기타,안전운전불이행,건조,맑음,단일로 - 기타,승합,남,41세,상해없음,,,,
2012031900100428,2012년 3월 19일 19시,월요일,경상북도 칠곡군 왜관읍,경상사고,0,0,2,0,차대차 - 기타,안전운전불이행,건조,맑음,교차로 - 교차로부근,승용,여,57세,상해없음,승용,여,22세,경상
2012031900100463,2012년 3월 19일 20시,월요일,경상북도 경주시 현곡면,경상사고,0,0,2,0,차대차 - 측면직각충돌,중앙선침범,건조,맑음,단일로 - 기타,승합,여,35세,경상,승용,남,69세,경상
2012031900100464,2012년 3월 19일 20시,월요일,경상북도 칠곡군 왜관읍,경상사고,0,0,1,0,차대차 - 추돌 - 진행중,안전운전불이행,건조,맑음,단일로 - 기타,승용,남,45세,상해없음,승용,남,26세,경상
2012031900100465,2012년 3월 19일 20시,월요일,경상북도 포항시 남구 대송면,중상사고,0,1,1,0,차대차 - 추돌 - 진행중,직진우회전진행방해,건조,흐림,교차로 - 교차로안,승용,남,24세,경상,화물,남,55세,중상
2012031900100490,2012년 3월 19일 21시,월요일,경상북도 영주시 영주동,경상사고,0,0,1,0,차대사람 - 차도통행중,안전운전불이행,건조,맑음,단일로 - 기타,승용,남,34세,상해없음,보행자,남,56세,경상
2012031900100491,2012년 3월 19일 21시,월요일,경상북도 구미시 산동면,경상사고,0,0,1,0,차량단독 - 공작물충돌,안전운전불이행,건조,맑음,단일로 - 기타,승용,남,33세,경상,,,,
2012031900100528,2012년 3월 19일 22시,월요일,경상북도 김천시 평화동,중상사고,0,1,0,0,차대차 - 측면직각충돌,안전거리미확보,건조,맑음,교차로 - 교차로안,승용,남,57세,상해없음,이륜,남,16세,중상
2012031900100529,2012년 3월 19일 22시,월요일,경상북도 상주시 헌신동,중상사고,0,1,0,0,차대차 - 정면충돌,중앙선침범,건조,맑음,단일로 - 기타,화물,남,43세,상해없음,화물,남,43세,중상
2012031900100556,2012년 3월 19일 23시,월요일,경상북도 포항시 남구 이동,중상사고,0,1,1,0,차대차 - 측면직각충돌,안전운전불이행,건조,맑음,교차로 - 교차로안,승용,남,36세,상해없음,승용,남,44세,중상
2012032000100013,2012년 3월 20일 00시,화요일,경상북도 포항시 남구 대도동,경상사고,0,0,1,0,차대사람 - 기타,안전운전불이행,건조,맑음,교차로 - 교차로부근,기타불명,기타불명,기타불명,기타불명,보행자,남,62세,경상
2012032000100032,2012년 3월 20일 01시,화요일,경상북도 경주시 양남면,사망사고,1,0,0,0,차량단독 - 전도전복,안전운전불이행,건조,맑음,단일로 - 기타,승용,남,29세,사망,,,,
2012032000100033,2012년 3월 20일 01시,화요일,경상북도 경주시 강동면,중상사고,0,1,0,0,차량단독 - 공작물충돌,안전운전불이행,건조,맑음,단일로 - 기타,승용,남,29세,중상,,,,
2012032000100049,2012년 3월 20일 02시,화요일,경상북도 포항시 북구 흥해읍,중상사고,0,1,0,0,차대사람 - 기타,안전운전불이행,건조,맑음,단일로 - 기타,화물,남,21세,기타불명,보행자,남,21세,중상
2012032000100050,2012년 3월 20일 02시,화요일,경상북도 경산시 옥곡동,경상사고,0,0,1,0,차대차 - 기타,신호위반,건조,흐림,미분류 - 미분류,승용,남,43세,상해없음,이륜,남,45세,경상
2012032000100063,2012년 3월 20일 03시,화요일,경상북도 포항시 남구 송도동,경상사고,0,0,3,0,차대차 - 측면직각충돌,교차로운행방법위반,건조,맑음,교차로 - 교차로안,승용,남,63세,경상,승용,남,18세,경상
2012032000100082,2012년 3월 20일 05시,화요일,경상북도 구미시 인의동,경상사고,0,0,1,0,차대차 - 측면직각충돌,교차로운행방법위반,건조,맑음,교차로 - 교차로안,승용,남,25세,상해없음,이륜,남,32세,경상
2012032000100097,2012년 3월 20일 06시,화요일,경상북도 포항시 북구 죽도동,경상사고,0,0,1,0,차대차 - 정면충돌,중앙선침범,건조,맑음,교차로 - 교차로부근,승용,여,42세,상해없음,승용,남,49세,경상
2012032000100098,2012년 3월 20일 06시,화요일,경상북도 포항시 남구 해도동,경상사고,0,0,1,0,차대차 - 측면직각충돌,안전운전불이행,건조,맑음,기타 - 기타,승용,기타불명,기타불명,기타불명,승용,미분류,기타불명,기타불명
2012032000100114,2012년 3월 20일 07시,화요일,경상북도 경주시 동천동,경상사고,0,0,1,1,차대차 - 기타,신호위반,건조,맑음,교차로 - 교차로안,이륜,남,17세,부상신고,승용,남,52세,상해없음
2012032000100115,2012년 3월 20일 07시,화요일,경상북도 영주시 봉현면,중상사고,0,2,0,0,차대차 - 측면직각충돌,신호위반,건조,맑음,교차로 - 교차로안,화물,남,62세,상해없음,화물,남,43세,중상
2012032000100116,2012년 3월 20일 07시,화요일,경상북도 영주시 상망동,경상사고,0,0,1,0,차대차 - 정면충돌,중앙선침범,건조,맑음,교차로 - 교차로부근,승용,여,44세,상해없음,화물,남,50세,경상
2012032000100148,2012년 3월 20일 08시,화요일,경상북도 경주시 현곡면,경상사고,0,0,1,0,차대차 - 측면직각충돌,안전운전불이행,건조,맑음,단일로 - 기타,승용,남,45세,상해없음,자전거,여,63세,경상
2012032000100149,2012년 3월 20일 08시,화요일,경상북도 경주시 용강동,중상사고,0,1,1,0,차대차 - 측면직각충돌,안전운전불이행,건조,맑음,단일로 - 기타,원동기,남,83세,중상,승용,여,50세,경상
2012032000100150,2012년 3월 20일 08시,화요일,경상북도 김천시 황금동,중상사고,0,1,0,0,차대사람 - 기타,안전운전불이행,건조,맑음,단일로 - 기타,화물,남,59세,상해없음,보행자,여,90세,중상
2012032000100210,2012년 3월 20일 10시,화요일,경상북도 영천시 망정동,중상사고,0,1,0,0,차대차 - 기타,안전운전불이행,건조,맑음,교차로 - 교차로안,승용,여,41세,상해없음,자전거,남,76세,중상
2012032000100211,2012년 3월 20일 10시,화요일,경상북도 문경시 흥덕동,중상사고,0,1,0,0,차대차 - 기타,안전운전불이행,건조,맑음,교차로 - 교차로안,이륜,남,64세,상해없음,자전거,남,80세,중상
2012032000100257,2012년 3월 20일 12시,화요일,경상북도 경주시 황성동,경상사고,0,0,1,0,차대차 - 측면직각충돌,중앙선침범,건조,맑음,단일로 - 기타,승용,남,45세,상해없음,승용,남,34세,경상
2012032000100258,2012년 3월 20일 12시,화요일,경상북도 영천시 청통면,경상사고,0,0,3,0,차대차 - 측면직각충돌,안전운전불이행,건조,맑음,단일로 - 기타,화물,남,46세,경상,화물,남,52세,경상
2012032000100259,2012년 3월 20일 12시,화요일,경상북도 문경시 산북면,경상사고,0,0,2,0,차대차 - 기타,안전운전불이행,건조,맑음,단일로 - 기타,화물,남,70세,상해없음,화물,남,52세,경상
2012032000100260,2012년 3월 20일 12시,화요일,경상북도 경산시 조영동,중상사고,0,1,0,0,차대차 - 기타,중앙선침범,건조,맑음,교차로 - 교차로부근,승용,여,43세,상해없음,원동기,남,35세,중상
2012032000100313,2012년 3월 20일 14시,화요일,경상북도 문경시 모전동,경상사고,0,0,1,0,차대사람 - 기타,안전운전불이행,건조,맑음,교차로 - 교차로부근,이륜,남,77세,상해없음,보행자,여,83세,경상
2012032000100314,2012년 3월 20일 14시,화요일,경상북도 고령군 쌍림면,중상사고,0,2,0,0,차량단독 - 공작물충돌,안전운전불이행,건조,맑음,단일로 - 기타,화물,남,55세,중상,,,,
2012032000100332,2012년 3월 20일 15시,화요일,경상북도 영주시 영주동,중상사고,0,1,0,0,차대사람 - 기타,안전운전불이행,건조,맑음,단일로 - 기타,승용,남,30세,상해없음,보행자,남,77세,중상
2012032000100333,2012년 3월 20일 15시,화요일,경상북도 칠곡군 동명면,부상신고사고,0,0,0,2,차량단독 - 공작물충돌,안전운전불이행,건조,맑음,단일로 - 기타,승용,남,62세,부상신고,,,,
2012032000100334,2012년 3월 20일 15시,화요일,경상북도 포항시 남구 해도동,중상사고,0,1,0,0,차대차 - 측면직각충돌,중앙선침범,건조,맑음,교차로 - 교차로부근,화물,남,67세,상해없음,원동기,여,30세,중상
2012032000100335,2012년 3월 20일 15시,화요일,경상북도 포항시 남구 오천읍,중상사고,0,1,1,0,차량단독 - 공작물충돌,안전운전불이행,건조,맑음,단일로 - 기타,승용,남,34세,경상,,,,
2012032000100370,2012년 3월 20일 16시,화요일,경상북도 경산시 압량면,경상사고,0,0,2,0,차대차 - 기타,안전운전불이행,건조,맑음,단일로 - 기타,승용,남,57세,상해없음,승용,여,35세,경상
2012032000100393,2012년 3월 20일 17시,화요일,경상북도 안동시 정상동,경상사고,0,0,1,0,차대차 - 측면직각충돌,중앙선침범,건조,맑음,교차로 - 교차로부근,승용,남,25세,상해없음,승용,남,26세,경상