사고번호,사고일시,요일,시군구,사고내용,사망자수,중상자수,경상자수,부상신고자수,사고유형,법규위반,노면상태,기상상태,도로형태,가해운전자 차종,가해운전자 성별,가해운전자 연령,가해운전자 상해정도,피해운전자 차종,피해운전자 성별,피해운전자 연령,피해운전자 상해정도
2012032900100497,2012년 3월 29일 20시,목요일,경상북도 경산시 하양읍,경상사고,0,0,1,0,차대차 - 기타,안전운전불이행,건조,맑음,교차로 - 교차로부근,원동기,남,43세,경상,승용,남,47세,상해없음
2012032900100498,2012년 3월 29일 20시,목요일,경상북도 예천군 예천읍,경상사고,0,0,1,0,차량단독 - 전도전복,안전운전불이행,습기,비,단일로 - 기타,승용,남,47세,경상,,,,
2012032900100499,2012년 3월 29일 20시,목요일,경상북도 구미시 구평동,경상사고,0,0,1,0,차대차 - 측면직각충돌,안전운전불이행,건조,흐림,단일로 - 기타,승용,남,28세,상해없음,이륜,남,28세,경상
2012032900100500,2012년 3월 29일 20시,목요일,경상북도 성주군 용암면,경상사고,0,0,2,0,차대차 - 측면직각충돌,안전거리미확보,건조,맑음,단일로 - 기타,화물,남,58세,상해없음,승용,남,30세,경상
2012032900100501,2012년 3월 29일 20시,목요일,경상북도 청도군 청도읍,중상사고,0,1,0,0,차량단독 - 공작물충돌,차로위반,건조,맑음,단일로 - 기타,승용,여,29세,상해없음,,,,
2012032900100548,2012년 3월 29일 21시,목요일,경상북도 경주시 성건동,중상사고,0,1,1,0,차대차 - 측면직각충돌,안전운전불이행,건조,맑음,단일로 - 기타,기타불명,기타불명,기타불명,기타불명,승용,남,40세,중상
2012032900100549,2012년 3월 29일 21시,목요일,경상북도 구미시 공단동,중상사고,0,1,2,0,차대차 - 측면직각충돌,직진우회전진행방해,건조,맑음,교차로 - 교차로안,승용,남,49세,상해없음,승용,남,26세,중상
2012032900100550,2012년 3월 29일 21시,목요일,경상북도 포항시 남구 대송면,중상사고,0,1,0,0,차대차 - 기타,신호위반,건조,흐림,교차로 - 교차로안,승용,남,55세,상해없음,자전거,남,54세,중상
2012032900100634,2012년 3월 29일 23시,목요일,경상북도 김천시 평화동,경상사고,0,0,1,0,차대사람 - 기타,안전운전불이행,건조,흐림,단일로 - 기타,승용,남,28세,상해없음,보행자,남,27세,경상
2012033000100037,2012년 3월 30일 01시,금요일,경상북도 울진군 북면,중상사고,0,1,0,0,차량단독 - 공작물충돌,안전운전불이행,건조,맑음,단일로 - 기타,승용,남,52세,중상,,,,
2012033000100057,2012년 3월 30일 02시,금요일,경상북도 경주시 천북면,중상사고,0,4,0,0,차대차 - 측면직각충돌,안전운전불이행,건조,맑음,교차로 - 교차로안,특수,남,68세,상해없음,승용,남,28세,중상
2012033000100058,2012년 3월 30일 02시,금요일,경상북도 포항시 남구 대잠동,경상사고,0,0,1,0,차량단독 - 기타,안전운전불이행,건조,맑음,미분류 - 미분류,승용,남,27세,경상,,,,
2012033000100069,2012년 3월 30일 03시,금요일,경상북도 경주시 외동읍,중상사고,0,2,0,0,차량단독 - 공작물충돌,안전운전불이행,건조,맑음,단일로 - 기타,승용,여,18세,중상,,,,
2012033000100070,2012년 3월 30일 03시,금요일,경상북도 포항시 남구 오천읍,경상사고,0,0,2,0,차대차 - 측면직각충돌,안전운전불이행,건조,맑음,교차로 - 교차로부근,승용,남,40세,상해없음,승용,남,45세,경상
2012033000100127,2012년 3월 30일 06시,금요일,경상북도 경산시 임당동,경상사고,0,0,1,0,차대차 - 기타,안전운전불이행,건조,맑음,교차로 - 교차로안,기타불명,기타불명,기타불명,기타불명,승용,남,57세,경상
2012033000100144,2012년 3월 30일 07시,금요일,경상북도 경주시 외동읍,중상사고,0,1,1,0,차대차 - 측면직각충돌,안전운전불이행,건조,흐림,단일로 - 기타,화물,남,41세,경상,승용,남,30세,중상
2012033000100145,2012년 3월 30일 07시,금요일,경상북도 구미시 광평동,중상사고,0,1,0,0,차대사람 - 기타,보행자보호의무위반,습기,비,교차로 - 교차로부근,승용,남,52세,상해없음,보행자,여,17세,중상
2012033000100146,2012년 3월 30일 07시,금요일,경상북도 포항시 남구 해도동,중상사고,0,1,0,0,차대사람 - 기타,안전운전불이행,건조,맑음,단일로 - 기타,승용,여,29세,상해없음,보행자,여,58세,중상
2012033000100177,2012년 3월 30일 08시,금요일,경상북도 예천군 감천면,중상사고,0,1,0,0,차량단독 - 전도전복,안전운전불이행,습기,비,단일로 - 기타,특수,남,56세,중상,,,,
2012033000100199,2012년 3월 30일 09시,금요일,경상북도 봉화군 봉성면,경상사고,0,0,1,0,차량단독 - 공작물충돌,안전운전불이행,습기,비,단일로 - 기타,승용,여,38세,경상,,,,
2012033000100200,2012년 3월 30일 09시,금요일,경상북도 포항시 남구 오천읍,경상사고,0,0,2,0,차대차 - 측면직각충돌,교차로운행방법위반,습기,흐림,교차로 - 교차로안,승용,남,24세,경상,승용,남,54세,경상
2012033000100221,2012년 3월 30일 10시,금요일,경상북도 구미시 임수동,중상사고,0,1,0,0,차대차 - 추돌 - 진행중,차로위반,습기,비,교차로 - 교차로부근,승용,여,43세,상해없음,승용,남,27세,상해없음
2012033000100240,2012년 3월 30일 11시,금요일,경상북도 경산시 계양동,경상사고,0,0,3,0,차대차 - 기타,교차로운행방법위반,습기,비,교차로 - 교차로안,승용,여,63세,상해없음,승용,여,26세,경상
2012033000100241,2012년 3월 30일 11시,금요일,경상북도 포항시 남구 청림동,경상사고,0,0,1,0,차대차 - 추돌 - 주정차중,안전운전불이행,건조,흐림,교차로 - 교차로부근,승용,남,39세,상해없음,승용,남,58세,상해없음
2012033000100267,2012년 3월 30일 12시,금요일,경상북도 경주시 노서동,중상사고,0,1,0,0,차대차 - 측면직각충돌,안전운전불이행,건조,맑음,교차로 - 교차로안,승용,여,49세,상해없음,승용,남,71세,중상
2012033000100268,2012년 3월 30일 12시,금요일,경상북도 영주시 풍기읍,중상사고,0,1,0,0,차대차 - 측면직각충돌,안전운전불이행,건조,맑음,단일로 - 기타,이륜,여,47세,중상,승용,남,36세,상해없음
2012033000100291,2012년 3월 30일 13시,금요일,경상북도 경주시 황성동,경상사고,0,0,1,0,차대차 - 측면직각충돌,안전운전불이행,습기,비,단일로 - 기타,화물,남,29세,상해없음,승용,여,29세,경상
2012033000100292,2012년 3월 30일 13시,금요일,경상북도 영천시 청통면,경상사고,0,0,2,0,차대차 - 측면직각충돌,중앙선침범,습기,맑음,교차로 - 교차로부근,승용,남,72세,상해없음,승용,남,49세,경상
2012033000100324,2012년 3월 30일 14시,금요일,경상북도 포항시 남구 송내동,경상사고,0,0,1,2,차대차 - 측면직각충돌,안전운전불이행,습기,비,단일로 - 기타,승용,남,65세,상해없음,화물,남,58세,부상신고
2012033000100352,2012년 3월 30일 15시,금요일,경상북도 경주시 건천읍,경상사고,0,0,1,0,차대차 - 측면직각충돌,안전운전불이행,습기,비,단일로 - 기타,승용,여,42세,상해없음,원동기,남,20세,경상
2012033000100353,2012년 3월 30일 15시,금요일,경상북도 영천시 청통면,경상사고,0,0,1,0,차대차 - 측면직각충돌,중앙선침범,습기,비,단일로 - 기타,화물,남,49세,상해없음,화물,남,29세,경상
2012033000100354,2012년 3월 30일 15시,금요일,경상북도 구미시 지산동,경상사고,0,0,1,0,차대차 - 측면직각충돌,안전운전불이행,건조,맑음,단일로 - 기타,승용,여,38세,상해없음,승용,여,46세,경상
2012033000100355,2012년 3월 30일 15시,금요일,경상북도 포항시 남구 오천읍,경상사고,0,0,1,0,차대차 - 측면직각충돌,안전운전불이행,습기,비,교차로 - 교차로부근,승용,남,41세,상해없음,이륜,남,22세,경상
2012033000100385,2012년 3월 30일 16시,금요일,경상북도 경산시 하양읍,경상사고,0,0,1,0,차대차 - 기타,신호위반,습기,비,교차로 - 교차로안,승용,여,44세,상해없음,승용,남,38세,경상
2012033000100386,2012년 3월 30일 16시,금요일,경상북도 포항시 남구 해도동,경상사고,0,0,1,0,차대사람 - 기타,보행자보호의무위반,습기,비,교차로 - 교차로부근,화물,남,46세,상해없음,보행자,여,35세,경상
2012033000100414,2012년 3월 30일 17시,금요일,경상북도 경주시 용강동,중상사고,0,2,4,0,차대차 - 추돌 - 진행중,안전운전불이행,습기,비,교차로 - 교차로부근,화물,남,58세,상해없음,승용,남,49세,경상
2012033000100415,2012년 3월 30일 17시,금요일,경상북도 경산시 정평동,중상사고,0,1,0,0,차대사람 - 기타,안전운전불이행,습기,비,단일로 - 기타,승용,남,37세,기타불명,보행자,남,69세,중상
2012033000100416,2012년 3월 30일 17시,금요일,경상북도 포항시 남구 대송면,경상사고,0,0,1,0,차대차 - 측면직각충돌,중앙선침범,습기,비,단일로 - 기타,이륜,남,68세,경상,승용,남,28세,상해없음
2012033000100452,2012년 3월 30일 18시,금요일,경상북도 포항시 북구 흥해읍,경상사고,0,0,1,0,차량단독 - 공작물충돌,안전운전불이행,습기,비,단일로 - 기타,승용,남,47세,상해없음,,,,
2012033000100453,2012년 3월 30일 18시,금요일,경상북도 성주군 성주읍,경상사고,0,0,2,0,차대차 - 측면직각충돌,교차로운행방법위반,습기,비,교차로 - 교차로안,화물,남,55세,상해없음,승용,남,60세,경상
2012033000100454,2012년 3월 30일 18시,금요일,경상북도 구미시 봉곡동,경상사고,0,0,1,0,차대차 - 추돌 - 주정차중,안전운전불이행,건조,맑음,기타 - 기타,승용,남,52세,기타불명,승용,남,56세,경상
2012033000100506,2012년 3월 30일 19시,금요일,경상북도 포항시 북구 대신동,경상사고,0,0,1,0,차대차 - 측면직각충돌,교차로운행방법위반,습기,비,교차로 - 교차로안,승용,여,52세,상해없음,승용,남,30세,경상
2012033000100507,2012년 3월 30일 19시,금요일,경상북도 칠곡군 동명면,경상사고,0,0,2,0,차대차 - 기타,중앙선침범,습기,비,단일로 - 기타,승용,여,60세,상해없음,승합,남,63세,경상
2012033000100508,2012년 3월 30일 19시,금요일,경상북도 청송군 진보면,중상사고,0,1,0,0,차대사람 - 횡단중,안전운전불이행,습기,비,단일로 - 기타,승합,남,41세,상해없음,보행자,남,49세,중상
2012033000100509,2012년 3월 30일 19시,금요일,경상북도 구미시 형곡동,경상사고,0,0,1,0,차대차 - 추돌 - 주정차중,안전운전불이행,건조,맑음,교차로 - 교차로안,승용,남,47세,상해없음,승용,남,34세,경상
2012033000100510,2012년 3월 30일 19시,금요일,경상북도 구미시 공단동,경상사고,0,0,1,1,차대차 - 기타,중앙선침범,습기,흐림,교차로 - 교차로부근,화물,남,51세,상해없음,승용,남,62세,상해없음
2012033000100556,2012년 3월 30일 20시,금요일,경상북도 칠곡군 가산면,중상사고,0,1,0,0,차대차 - 기타,안전운전불이행,습기,비,단일로 - 기타,승용,남,31세,상해없음,승용,남,47세,중상
2012033000100557,2012년 3월 30일 20시,금요일,경상북도 영천시 야사동,경상사고,0,0,3,0,차대차 - 측면직각충돌,교차로운행방법위반,습기,비,교차로 - 교차로안,화물,남,39세,상해없음,승용,남,40세,경상
2012033000100614,2012년 3월 30일 21시,금요일,경상북도 경주시 안강읍,중상사고,0,1,1,0,차대차 - 추돌 - 주정차중,안전운전불이행,습기,비,교차로 - 교차로부근,승용,남,51세,상해없음,특수,남,57세,상해없음
2012033000100615,2012년 3월 30일 21시,금요일,경상북도 포항시 북구 장성동,경상사고,0,0,1,0,차대차 - 기타,안전운전불이행,건조,맑음,교차로 - 교차로안,기타불명,기타불명,기타불명,기타불명,승용,남,31세,상해없음
2012033000100616,2012년 3월 30일 21시,금요일,경상북도 포항시 북구 양덕동,중상사고,0,1,0,0,차대사람 - 기타,보행자보호의무위반,건조,맑음,교차로 - 교차로안,승용,여,57세,상해없음,보행자,여,49세,중상
2012033000100617,2012년 3월 30일 21시,금요일,경상북도 경산시 진량읍,경상사고,0,0,1,0,차대차 - 기타,차로위반,습기,비,단일로 - 기타,화물,남,59세,상해없음,화물,남,39세,경상
2012033000100618,2012년 3월 30일 21시,금요일,경상북도 포항시 남구 동해면,경상사고,0,0,1,0,차대사람 - 기타,안전운전불이행,건조,맑음,단일로 - 기타,승용,남,62세,상해없음,보행자,남,46세,경상
2012033000100619,2012년 3월 30일 21시,금요일,경상북도 포항시 남구 대잠동,중상사고,0,2,0,0,차대차 - 측면직각충돌,안전운전불이행,습기,비,교차로 - 교차로부근,승용,여,50세,상해없음,승용,여,23세,중상
2012033000100659,2012년 3월 30일 22시,금요일,경상북도 경주시 황성동,중상사고,0,1,2,0,차대차 - 추돌 - 주정차중,안전운전불이행,습기,비,교차로 - 교차로부근,승용,남,35세,상해없음,승용,남,40세,중상
2012033000100660,2012년 3월 30일 22시,금요일,경상북도 경주시 성동동,중상사고,0,1,0,0,차대차 - 추돌 - 진행중,안전운전불이행,건조,맑음,단일로 - 기타,승용,여,55세,상해없음,자전거,남,60세,중상
2012033000100661,2012년 3월 30일 22시,금요일,경상북도 문경시 점촌동,경상사고,0,0,1,0,차대사람 - 기타,안전운전불이행,건조,맑음,교차로 - 교차로안,승용,남,47세,상해없음,보행자,여,45세,경상
2012033000100702,2012년 3월 30일 23시,금요일,경상북도 구미시 원평동,경상사고,0,0,2,0,차대차 - 추돌 - 진행중,안전운전불이행,건조,맑음,단일로 - 기타,승용,남,39세,상해없음,승용,남,23세,경상
2012033000100703,2012년 3월 30일 23시,금요일,경상북도 구미시 옥계동,중상사고,0,1,1,0,차대차 - 측면직각충돌,중앙선침범,건조,흐림,단일로 - 기타,승용,남,37세,상해없음,승용,남,60세,중상
2012033000100704,2012년 3월 30일 23시,금요일,경상북도 포항시 남구 대잠동,경상사고,0,0,2,0,차대차 - 측면직각충돌,안전운전불이행,건조,맑음,교차로 - 교차로안,승용,남,40세,상해없음,승용,남,49세,경상
2012033100100023,2012년 3월 31일 00시,토요일,경상북도 경주시 건천읍,경상사고,0,0,1,0,차량단독 - 공작물충돌,안전운전불이행,습기,흐림,단일로 - 기타,승용,남,52세,상해없음,,,,
2012033100100024,2012년 3월 31일 00시,토요일,경상북도 경주시 동천동,중상사고,0,1,0,0,차대사람 - 기타,안전운전불이행,건조,맑음,단일로 - 기타,승합,남,42세,상해없음,보행자,남,31세,중상
2012033100100025,2012년 3월 31일 00시,토요일,경상북도 포항시 남구 오천읍,경상사고,0,0,1,0,차대차 - 측면직각충돌,중앙선침범,습기,비,교차로 - 교차로부근,승용,남,62세,상해없음,이륜,남,28세,경상
2012033100100055,2012년 3월 31일 01시,토요일,경상북도 김천시 봉산면,경상사고,0,0,1,0,차대차 - 측면직각충돌,안전운전불이행,건조,맑음,단일로 - 기타,승용,남,45세,상해없음,승용,여,42세,상해없음
2012033100100092,2012년 3월 31일 03시,토요일,경상북도 구미시 인의동,중상사고,0,1,0,0,차대사람 - 횡단중,신호위반,건조,맑음,단일로 - 횡단보도상,승용,남,30세,상해없음,보행자,여,28세,중상
2012033100100093,2012년 3월 31일 03시,토요일,경상북도 구미시 도개면,부상신고사고,0,0,0,1,차대차 - 추돌 - 진행중,안전운전불이행,건조,맑음,단일로 - 기타,화물,남,37세,부상신고,화물,남,44세,기타불명
2012033100100128,2012년 3월 31일 05시,토요일,경상북도 포항시 북구 동빈2가,경상사고,0,0,1,0,차대차 - 기타,중앙선침범,건조,맑음,교차로 - 교차로안,승용,남,28세,상해없음,승용,남,61세,경상
2012033100100150,2012년 3월 31일 07시,토요일,경상북도 안동시 태화동,경상사고,0,0,2,0,차대차 - 측면직각충돌,안전운전불이행,건조,맑음,단일로 - 기타,승용,남,54세,경상,화물,남,64세,경상
2012033100100151,2012년 3월 31일 07시,토요일,경상북도 문경시 모전동,경상사고,0,0,1,0,차대차 - 기타,직진우회전진행방해,건조,맑음,교차로 - 교차로안,화물,남,37세,상해없음,원동기,남,67세,경상
2012033100100169,2012년 3월 31일 08시,토요일,경상북도 경산시 하양읍,경상사고,0,0,1,0,차대차 - 기타,신호위반,건조,맑음,교차로 - 교차로안,승용,남,30세,상해없음,이륜,남,57세,경상
2012033100100190,2012년 3월 31일 09시,토요일,경상북도 경주시 안강읍,경상사고,0,0,1,0,차대차 - 측면직각충돌,안전운전불이행,건조,맑음,단일로 - 기타,이륜,남,32세,경상,승합,남,28세,상해없음
2012033100100191,2012년 3월 31일 09시,토요일,경상북도 영천시 고경면,중상사고,0,1,0,0,차대차 - 추돌 - 진행중,안전거리미확보,건조,맑음,교차로 - 교차로안,승용,남,40세,상해없음,승용,남,39세,중상
2012033100100192,2012년 3월 31일 09시,토요일,경상북도 포항시 남구 대송면,경상사고,0,0,1,0,차대차 - 측면직각충돌,안전운전불이행,건조,맑음,단일로 - 기타,이륜,남,63세,경상,화물,남,59세,상해없음
2012033100100212,2012년 3월 31일 10시,토요일,경상북도 예천군 예천읍,중상사고,0,1,0,0,차대사람 - 횡단중,안전운전불이행,건조,맑음,단일로 - 기타,승용,여,53세,상해없음,보행자,남,69세,중상
2012033100100213,2012년 3월 31일 10시,토요일,경상북도 포항시 남구 대잠동,중상사고,0,1,1,0,차대차 - 추돌 - 진행중,안전운전불이행,건조,맑음,교차로 - 교차로안,승용,남,54세,상해없음,승용,남,63세,경상
2012033100100236,2012년 3월 31일 11시,토요일,경상북도 경주시 안강읍,경상사고,0,0,3,0,차대차 - 기타,안전운전불이행,건조,맑음,단일로 - 기타,승용,남,64세,상해없음,승용,남,44세,경상
2012033100100237,2012년 3월 31일 11시,토요일,경상북도 경주시 석장동,경상사고,0,0,1,0,차대차 - 기타,안전운전불이행,건조,맑음,단일로 - 기타,승용,여,56세,상해없음,승용,남,42세,경상
2012033100100238,2012년 3월 31일 11시,토요일,경상북도 예천군 풍양면,중상사고,0,1,0,0,차량단독 - 전도전복,안전운전불이행,건조,맑음,단일로 - 기타,이륜,남,80세,중상,,,,
2012033100100265,2012년 3월 31일 12시,토요일,경상북도 경주시 용강동,중상사고,0,1,0,0,차대차 - 기타,안전운전불이행,건조,맑음,교차로 - 교차로안,승용,남,38세,상해없음,자전거,남,51세,중상
2012033100100297,2012년 3월 31일 13시,토요일,경상북도 경주시 성건동,중상사고,0,1,0,0,차대차 - 측면직각충돌,안전운전불이행,건조,맑음,단일로 - 기타,화물,남,48세,상해없음,승용,여,60세,중상
2012033100100298,2012년 3월 31일 13시,토요일,경상북도 포항시 북구 상원동,경상사고,0,0,1,0,차대차 - 기타,신호위반,건조,맑음,교차로 - 교차로안,이륜,남,38세,상해없음,이륜,남,20세,경상
2012033100100299,2012년 3월 31일 13시,토요일,경상북도 포항시 남구 효자동,경상사고,0,0,1,0,차대차 - 측면직각충돌,중앙선침범,건조,맑음,단일로 - 기타,승용,남,57세,상해없음,승용,여,46세,경상
2012033100100330,2012년 3월 31일 14시,토요일,경상북도 경주시 구황동,경상사고,0,0,2,0,차대차 - 측면직각충돌,안전운전불이행,건조,맑음,교차로 - 교차로안,승용,여,31세,상해없음,승용,남,57세,경상
2012033100100331,2012년 3월 31일 14시,토요일,경상북도 경주시 건천읍,중상사고,0,1,0,0,차대차 - 측면직각충돌,안전운전불이행,건조,맑음,교차로 - 교차로부근,승합,여,42세,상해없음,농기계,남,71세,중상
2012033100100332,2012년 3월 31일 14시,토요일,경상북도 경산시 진량읍,중상사고,0,2,1,0,차대차 - 측면직각충돌,안전운전불이행,건조,맑음,단일로 - 기타,승용,여,57세,상해없음,승용,남,41세,중상
2012033100100366,2012년 3월 31일 15시,토요일,경상북도 경주시 성건동,중상사고,0,1,0,0,차대차 - 기타,안전운전불이행,건조,맑음,단일로 - 기타,승용,남,62세,상해없음,승합,남,42세,중상
2012033100100367,2012년 3월 31일 15시,토요일,경상북도 포항시 북구 죽도동,중상사고,0,1,0,0,차대차 - 측면직각충돌,신호위반,건조,맑음,교차로 - 교차로안,승용,남,56세,상해없음,승용,남,46세,중상
2012033100100401,2012년 3월 31일 16시,토요일,경상북도 포항시 북구 용흥동,중상사고,0,1,0,0,차대사람 - 기타,신호위반,건조,맑음,단일로 - 횡단보도상,승용,남,59세,상해없음,보행자,남,61세,중상
2012033100100402,2012년 3월 31일 16시,토요일,경상북도 칠곡군 왜관읍,경상사고,0,0,1,0,차대사람 - 횡단중,보행자보호의무위반,건조,맑음,단일로 - 횡단보도상,승용,여,40세,상해없음,보행자,남,9세,경상
2012033100100403,2012년 3월 31일 16시,토요일,경상북도 영천시 작산동,경상사고,0,0,1,0,차대차 - 기타,기타,건조,맑음,단일로 - 기타,화물,남,57세,상해없음,승용,남,48세,경상
2012033100100443,2012년 3월 31일 17시,토요일,경상북도 경주시 동천동,경상사고,0,0,2,0,차대차 - 기타,중앙선침범,건조,맑음,교차로 - 교차로부근,승용,남,54세,상해없음,승용,남,23세,경상
2012033100100444,2012년 3월 31일 17시,토요일,경상북도 경주시 외동읍,중상사고,0,2,1,0,차대차 - 기타,중앙선침범,건조,맑음,단일로 - 기타,승용,남,74세,경상,화물,남,46세,중상
2012033100100445,2012년 3월 31일 17시,토요일,경상북도 김천시 부곡동,중상사고,0,1,0,0,차대사람 - 기타,안전운전불이행,건조,맑음,단일로 - 기타,화물,남,42세,상해없음,보행자,여,81세,중상
2012033100100446,2012년 3월 31일 17시,토요일,경상북도 경산시 진량읍,경상사고,0,0,1,0,차대차 - 기타,교차로운행방법위반,건조,맑음,교차로 - 교차로안,화물,남,45세,상해없음,승용,남,62세,경상
2012033100100500,2012년 3월 31일 19시,토요일,경상북도 포항시 남구 대잠동,경상사고,0,0,2,0,차대차 - 측면직각충돌,안전운전불이행,건조,맑음,교차로 - 교차로안,승용,여,56세,경상,승용,남,28세,경상
2012033100100544,2012년 3월 31일 20시,토요일,경상북도 김천시 부곡동,중상사고,0,2,0,0,차대차 - 측면직각충돌,안전운전불이행,건조,맑음,단일로 - 기타,화물,남,45세,상해없음,승용,여,56세,중상
2012033100100545,2012년 3월 31일 20시,토요일,경상북도 영주시 가흥동,경상사고,0,0,4,0,차대차 - 측면직각충돌,안전운전불이행,건조,맑음,단일로 - 기타,승용,여,46세,경상,승용,남,59세,경상
2012033100100588,2012년 3월 31일 21시,토요일,경상북도 영천시 언하동,중상사고,0,1,3,0,차대차 - 추돌 - 진행중,안전운전불이행,건조,맑음,단일로 - 기타,승합,남,61세,경상,승용,남,27세,경상
2012033100100589,2012년 3월 31일 21시,토요일,경상북도 구미시 산동면,중상사고,0,1,1,0,차대차 - 측면직각충돌,안전운전불이행,건조,맑음,교차로 - 교차로안,승용,남,37세,경상,승용,남,32세,중상
2012033100100620,2012년 3월 31일 22시,토요일,경상북도 경주시 구황동,경상사고,0,0,3,0,차대차 - 기타,신호위반,건조,맑음,교차로 - 교차로안,승용,남,24세,상해없음,승용,남,58세,경상
2012033100100649,2012년 3월 31일 23시,토요일,경상북도 경산시 진량읍,중상사고,0,2,0,0,차대차 - 기타,안전운전불이행,건조,맑음,교차로 - 교차로부근,승용,남,28세,상해없음,승용,남,47세,중상
2012040100100022,2012년 4월 1일 00시,일요일,경상북도 안동시 옥동,중상사고,0,1,0,0,차대사람 - 기타,안전운전불이행,건조,맑음,단일로 - 기타,승용,남,26세,상해없음,보행자,남,34세,중상
2012040100100023,2012년 4월 1일 00시,일요일,경상북도 포항시 남구 동촌동,경상사고,0,0,1,0,차대차 - 추돌 - 진행중,안전운전불이행,건조,맑음,교차로 - 교차로부근,승용,남,49세,상해없음,승용,남,54세,경상
2012040100100053,2012년 4월 1일 01시,일요일,경상북도 김천시 농소면,경상사고,0,0,1,0,차량단독 - 기타,안전운전불이행,건조,맑음,단일로 - 기타,승용,여,44세,상해없음,,,,
2012040100100054,2012년 4월 1일 01시,일요일,경상북도 포항시 남구 동촌동,경상사고,0,0,1,0,차대차 - 측면직각충돌,신호위반,건조,맑음,교차로 - 교차로안,승용,남,23세,상해없음,승용,남,63세,경상
2012040100100097,2012년 4월 1일 03시,일요일,경상북도 포항시 북구 대흥동,경상사고,0,0,1,0,차대차 - 측면직각충돌,중앙선침범,건조,맑음,단일로 - 기타,승용,남,26세,상해없음,화물,남,57세,경상
2012040100100098,2012년 4월 1일 03시,일요일,경상북도 영주시 풍기읍,경상사고,0,0,1,0,차대차 - 측면직각충돌,안전운전불이행,건조,맑음,단일로 - 기타,승용,남,35세,상해없음,화물,남,46세,경상
2012040100100121,2012년 4월 1일 05시,일요일,경상북도 포항시 북구 죽도동,경상사고,0,0,2,0,차대차 - 기타,안전운전불이행,건조,맑음,단일로 - 기타,승용,남,27세,상해없음,승용,남,26세,경상
2012040100100160,2012년 4월 1일 08시,일요일,경상북도 영주시 풍기읍,중상사고,0,1,0,0,차대차 - 정면충돌,안전운전불이행,건조,맑음,단일로 - 기타,건설기계,남,45세,상해없음,승용,남,48세,중상
2012040100100161,2012년 4월 1일 08시,일요일,경상북도 칠곡군 북삼읍,경상사고,0,0,1,0,차대차 - 기타,안전운전불이행,건조,맑음,교차로 - 교차로부근,화물,남,54세,상해없음,승용,남,33세,경상
2012040100100177,2012년 4월 1일 09시,일요일,경상북도 경주시 천북면,중상사고,0,1,0,0,차대차 - 추돌 - 진행중,안전운전불이행,건조,맑음,교차로 - 교차로부근,승합,남,60세,상해없음,승용,남,29세,중상
2012040100100178,2012년 4월 1일 09시,일요일,경상북도 포항시 남구 인덕동,경상사고,0,0,1,0,차량단독 - 기타,안전운전불이행,건조,맑음,교차로 - 교차로부근,승용,남,53세,상해없음,,,,
2012040100100196,2012년 4월 1일 10시,일요일,경상북도 경주시 동천동,중상사고,0,1,0,0,차대사람 - 기타,안전운전불이행,건조,맑음,단일로 - 기타,승합,남,43세,상해없음,보행자,여,29세,중상
2012040100100197,2012년 4월 1일 10시,일요일,경상북도 영천시 임고면,중상사고,0,1,0,0,차대차 - 추돌 - 주정차중,안전운전불이행,건조,맑음,단일로 - 기타,화물,남,51세,중상,화물,남,53세,기타불명
2012040100100198,2012년 4월 1일 10시,일요일,경상북도 포항시 남구 대도동,경상사고,0,0,1,0,차대차 - 추돌 - 진행중,안전운전불이행,건조,맑음,단일로 - 기타,승용,남,61세,상해없음,원동기,남,74세,경상
2012040100100219,2012년 4월 1일 11시,일요일,경상북도 상주시 무양동,중상사고,0,1,0,0,차대사람 - 길가장자리구역통행중,안전운전불이행,건조,맑음,단일로 - 기타,승용,남,51세,상해없음,보행자,남,45세,중상
2012040100100239,2012년 4월 1일 12시,일요일,경상북도 의성군 안계면,중상사고,0,1,1,0,차대차 - 측면직각충돌,중앙선침범,건조,맑음,단일로 - 기타,화물,남,74세,중상,화물,남,45세,경상
2012040100100240,2012년 4월 1일 12시,일요일,경상북도 청송군 진보면,경상사고,0,0,1,0,차대차 - 기타,안전운전불이행,건조,맑음,단일로 - 기타,승용,여,56세,상해없음,자전거,남,15세,경상
2012040100100264,2012년 4월 1일 13시,일요일,경상북도 경주시 충효동,경상사고,0,0,1,0,차대차 - 기타,안전운전불이행,건조,맑음,단일로 - 기타,화물,남,70세,상해없음,원동기,남,48세,경상
2012040100100265,2012년 4월 1일 13시,일요일,경상북도 칠곡군 약목면,경상사고,0,0,1,0,차대차 - 추돌 - 진행중,신호위반,건조,맑음,교차로 - 교차로부근,화물,남,31세,상해없음,이륜,남,45세,경상
2012040100100291,2012년 4월 1일 14시,일요일,경상북도 포항시 북구 남빈동,경상사고,0,0,4,0,차대차 - 기타,안전거리미확보,건조,맑음,단일로 - 기타,승용,여,35세,상해없음,승합,남,51세,상해없음
2012040100100292,2012년 4월 1일 14시,일요일,경상북도 포항시 남구 대도동,경상사고,0,0,1,0,차대차 - 기타,안전운전불이행,건조,맑음,단일로 - 기타,원동기,여,23세,경상,승용,여,53세,상해없음
2012040100100323,2012년 4월 1일 15시,일요일,경상북도 영천시 신령면,중상사고,0,1,0,0,차대차 - 추돌 - 주정차중,안전운전불이행,건조,맑음,교차로 - 교차로안,승용,남,38세,중상,승용,여,43세,기타불명