사고번호,사고일시,요일,시군구,사고내용,사망자수,중상자수,경상자수,부상신고자수,사고유형,법규위반,노면상태,기상상태,도로형태,가해운전자 차종,가해운전자 성별,가해운전자 연령,가해운전자 상해정도,피해운전자 차종,피해운전자 성별,피해운전자 연령,피해운전자 상해정도
2012040100100324,2012년 4월 1일 15시,일요일,경상북도 구미시 옥성면,중상사고,0,1,1,0,차대차 - 추돌 - 진행중,안전운전불이행,건조,맑음,단일로 - 기타,화물,남,69세,상해없음,농기계,남,33세,경상
2012040100100325,2012년 4월 1일 15시,일요일,경상북도 구미시 도량동,경상사고,0,0,1,0,차대차 - 측면직각충돌,안전운전불이행,건조,맑음,교차로 - 교차로부근,이륜,남,39세,경상,승용,남,36세,상해없음
2012040100100347,2012년 4월 1일 16시,일요일,경상북도 김천시 모암동,중상사고,0,1,0,0,차대차 - 측면직각충돌,직진우회전진행방해,건조,맑음,단일로 - 기타,승용,남,22세,상해없음,자전거,여,56세,중상
2012040100100348,2012년 4월 1일 16시,일요일,경상북도 의성군 다인면,중상사고,0,1,0,0,차대차 - 추돌 - 진행중,안전운전불이행,건조,맑음,단일로 - 기타,승용,남,51세,상해없음,화물,남,60세,중상
2012040100100402,2012년 4월 1일 18시,일요일,경상북도 경주시 황성동,경상사고,0,0,1,0,차대차 - 측면직각충돌,안전운전불이행,건조,맑음,교차로 - 교차로안,원동기,남,27세,경상,승용,남,46세,상해없음
2012040100100439,2012년 4월 1일 19시,일요일,경상북도 경주시 강동면,경상사고,0,0,2,0,차대차 - 추돌 - 진행중,안전운전불이행,건조,맑음,교차로 - 교차로부근,승용,여,27세,상해없음,승용,남,51세,경상
2012040100100440,2012년 4월 1일 19시,일요일,경상북도 포항시 북구 용흥동,경상사고,0,0,2,0,차대차 - 측면직각충돌,안전운전불이행,건조,맑음,교차로 - 교차로안,승용,남,21세,경상,승용,남,31세,경상
2012040100100441,2012년 4월 1일 19시,일요일,경상북도 구미시 상모동,경상사고,0,0,1,0,차대차 - 측면직각충돌,교차로운행방법위반,건조,맑음,교차로 - 교차로안,원동기,남,29세,경상,승합,남,40세,상해없음
2012040100100486,2012년 4월 1일 20시,일요일,경상북도 경주시 진현동,중상사고,0,1,0,0,차량단독 - 공작물충돌,안전운전불이행,건조,맑음,기타 - 기타,이륜,여,30세,중상,,,,
2012040200100008,2012년 4월 2일 00시,월요일,경상북도 경주시 동방동,경상사고,0,0,1,0,차대차 - 측면직각충돌,안전운전불이행,건조,맑음,단일로 - 기타,승용,남,24세,상해없음,화물,남,39세,경상
2012040200100070,2012년 4월 2일 07시,월요일,경상북도 상주시 오대동,중상사고,0,1,1,0,차대차 - 측면직각충돌,교차로운행방법위반,건조,맑음,교차로 - 교차로안,승용,남,52세,상해없음,원동기,여,59세,중상
2012040200100111,2012년 4월 2일 08시,월요일,경상북도 구미시 구평동,중상사고,0,1,0,0,차대사람 - 기타,기타,건조,맑음,단일로 - 기타,승합,남,42세,상해없음,보행자,여,60세,중상
2012040200100112,2012년 4월 2일 08시,월요일,경상북도 구미시 상모동,경상사고,0,0,1,0,차대차 - 측면직각충돌,안전운전불이행,건조,맑음,단일로 - 기타,승용,여,38세,상해없음,승용,남,46세,경상
2012040200100139,2012년 4월 2일 09시,월요일,경상북도 경주시 건천읍,중상사고,0,1,0,0,차대차 - 추돌 - 진행중,안전운전불이행,건조,맑음,단일로 - 기타,화물,남,59세,상해없음,농기계,남,62세,중상
2012040200100140,2012년 4월 2일 09시,월요일,경상북도 안동시 태화동,중상사고,0,2,0,0,차대차 - 측면직각충돌,교차로운행방법위반,건조,맑음,교차로 - 교차로안,승용,남,26세,중상,특수,남,35세,상해없음
2012040200100141,2012년 4월 2일 09시,월요일,경상북도 성주군 성주읍,중상사고,0,1,0,0,차대사람 - 기타,안전운전불이행,건조,맑음,교차로 - 교차로부근,기타불명,기타불명,기타불명,기타불명,보행자,여,77세,중상
2012040200100166,2012년 4월 2일 10시,월요일,경상북도 경주시 노서동,중상사고,0,1,0,0,차대차 - 기타,안전운전불이행,건조,맑음,단일로 - 기타,승용,여,30세,상해없음,승용,남,27세,상해없음
2012040200100167,2012년 4월 2일 10시,월요일,경상북도 성주군 성주읍,경상사고,0,0,1,0,차대차 - 기타,안전운전불이행,건조,맑음,교차로 - 교차로부근,원동기,여,68세,경상,승용,여,44세,상해없음
2012040200100189,2012년 4월 2일 11시,월요일,경상북도 예천군 풍양면,중상사고,0,1,0,0,차대차 - 정면충돌,안전운전불이행,건조,맑음,교차로 - 교차로안,승용,남,57세,상해없음,이륜,남,73세,중상
2012040200100190,2012년 4월 2일 11시,월요일,경상북도 청도군 이서면,중상사고,0,1,1,0,차대차 - 측면직각충돌,안전운전불이행,건조,맑음,단일로 - 기타,승용,남,53세,중상,화물,남,56세,경상
2012040200100210,2012년 4월 2일 12시,월요일,경상북도 포항시 북구 우현동,사망사고,2,4,0,0,차량단독 - 전도전복,안전운전불이행,건조,맑음,단일로 - 기타,승용,남,18세,사망,,,,
2012040200100211,2012년 4월 2일 12시,월요일,경상북도 칠곡군 약목면,경상사고,0,0,3,1,차대차 - 추돌 - 진행중,안전거리미확보,건조,맑음,단일로 - 기타,승용,남,78세,부상신고,승용,여,49세,상해없음
2012040200100212,2012년 4월 2일 12시,월요일,경상북도 영덕군 강구면,중상사고,0,1,0,0,차대사람 - 횡단중,안전운전불이행,건조,맑음,단일로 - 기타,건설기계,남,51세,상해없음,보행자,여,74세,중상
2012040200100213,2012년 4월 2일 12시,월요일,경상북도 고령군 고령읍,중상사고,0,1,0,0,차대사람 - 횡단중,안전운전불이행,건조,맑음,단일로 - 기타,승합,남,37세,상해없음,보행자,여,53세,중상
2012040200100214,2012년 4월 2일 12시,월요일,경상북도 구미시 고아읍,중상사고,0,1,3,0,차대차 - 측면직각충돌,신호위반,건조,맑음,교차로 - 교차로안,승용,여,53세,상해없음,화물,여,44세,경상
2012040200100246,2012년 4월 2일 13시,월요일,경상북도 경주시 성건동,경상사고,0,0,2,0,차대차 - 추돌 - 주정차중,안전운전불이행,건조,맑음,교차로 - 교차로부근,승용,여,63세,상해없음,승용,남,51세,경상
2012040200100247,2012년 4월 2일 13시,월요일,경상북도 영주시 휴천동,중상사고,0,1,0,0,차대사람 - 횡단중,보행자보호의무위반,건조,맑음,교차로 - 교차로부근,화물,남,62세,상해없음,보행자,남,83세,중상
2012040200100248,2012년 4월 2일 13시,월요일,경상북도 경산시 정평동,중상사고,0,1,0,0,차대사람 - 기타,안전운전불이행,건조,맑음,교차로 - 교차로안,승용,남,63세,상해없음,보행자,남,8세,중상
2012040200100271,2012년 4월 2일 14시,월요일,경상북도 상주시 남성동,경상사고,0,0,1,0,차대사람 - 횡단중,신호위반,건조,맑음,단일로 - 횡단보도부근,원동기,남,67세,상해없음,보행자,남,7세,경상
2012040200100272,2012년 4월 2일 14시,월요일,경상북도 청도군 화양읍,중상사고,0,1,0,0,차대차 - 측면직각충돌,신호위반,건조,맑음,교차로 - 교차로안,승용,여,41세,상해없음,이륜,여,63세,중상
2012040200100297,2012년 4월 2일 15시,월요일,경상북도 경주시 노서동,중상사고,0,1,0,0,차대차 - 측면직각충돌,신호위반,건조,맑음,교차로 - 교차로안,승용,남,86세,상해없음,화물,남,55세,상해없음
2012040200100298,2012년 4월 2일 15시,월요일,경상북도 안동시 북후면,중상사고,0,1,0,0,차대차 - 정면충돌,안전운전불이행,건조,맑음,단일로 - 기타,건설기계,여,47세,상해없음,화물,남,49세,중상
2012040200100299,2012년 4월 2일 15시,월요일,경상북도 영주시 봉현면,중상사고,0,1,0,0,차량단독 - 도로외이탈 - 추락,안전운전불이행,건조,맑음,단일로 - 기타,화물,남,29세,중상,,,,
2012040200100300,2012년 4월 2일 15시,월요일,경상북도 청도군 청도읍,중상사고,0,1,0,0,차대차 - 추돌 - 진행중,안전운전불이행,건조,맑음,단일로 - 기타,승용,여,52세,상해없음,이륜,여,59세,중상
2012040200100301,2012년 4월 2일 15시,월요일,경상북도 성주군 선남면,경상사고,0,0,1,0,차대차 - 추돌 - 진행중,안전거리미확보,건조,맑음,교차로 - 교차로부근,승용,남,34세,상해없음,승용,남,73세,경상
2012040200100334,2012년 4월 2일 16시,월요일,경상북도 안동시 송현동,경상사고,0,0,1,0,차대사람 - 횡단중,안전운전불이행,건조,흐림,단일로 - 기타,승용,남,48세,상해없음,보행자,남,13세,경상
2012040200100335,2012년 4월 2일 16시,월요일,경상북도 경산시 정평동,경상사고,0,0,1,0,차대차 - 기타,안전운전불이행,건조,맑음,단일로 - 기타,승용,여,45세,기타불명,승용,여,37세,경상
2012040200100371,2012년 4월 2일 17시,월요일,경상북도 경주시 성건동,경상사고,0,0,1,0,차대차 - 기타,안전운전불이행,건조,맑음,단일로 - 기타,승용,남,58세,상해없음,승합,남,52세,경상
2012040200100372,2012년 4월 2일 17시,월요일,경상북도 상주시 이안면,중상사고,0,1,0,0,차대차 - 측면직각충돌,교차로운행방법위반,건조,맑음,교차로 - 교차로안,승용,남,43세,중상,화물,남,49세,상해없음
2012040200100373,2012년 4월 2일 17시,월요일,경상북도 상주시 낙양동,중상사고,0,1,0,0,차대차 - 기타,신호위반,건조,맑음,단일로 - 횡단보도상,승용,남,49세,상해없음,자전거,여,68세,중상
2012040200100374,2012년 4월 2일 17시,월요일,경상북도 의성군 의성읍,중상사고,0,1,0,0,차량단독 - 전도전복,안전운전불이행,건조,맑음,단일로 - 기타,이륜,남,52세,중상,,,,
2012040200100375,2012년 4월 2일 17시,월요일,경상북도 문경시 가은읍,경상사고,0,0,1,0,차대차 - 기타,중앙선침범,습기,비,단일로 - 기타,화물,남,69세,상해없음,승용,여,48세,경상
2012040200100413,2012년 4월 2일 18시,월요일,경상북도 김천시 지좌동,경상사고,0,0,2,0,차대차 - 측면직각충돌,중앙선침범,건조,맑음,단일로 - 기타,화물,남,58세,상해없음,화물,여,51세,경상
2012040200100414,2012년 4월 2일 18시,월요일,경상북도 김천시 감문면,경상사고,0,0,1,0,차대차 - 측면직각충돌,교차로운행방법위반,건조,맑음,교차로 - 교차로안,화물,남,49세,상해없음,승용,남,55세,경상
2012040200100415,2012년 4월 2일 18시,월요일,경상북도 영덕군 강구면,경상사고,0,0,1,0,차대사람 - 횡단중,안전운전불이행,건조,맑음,교차로 - 교차로부근,승용,남,33세,상해없음,보행자,여,12세,경상
2012040200100416,2012년 4월 2일 18시,월요일,경상북도 예천군 예천읍,중상사고,0,1,0,0,차대사람 - 횡단중,안전운전불이행,건조,맑음,단일로 - 기타,승용,여,62세,상해없음,보행자,여,87세,중상
2012040200100417,2012년 4월 2일 18시,월요일,경상북도 성주군 초전면,중상사고,0,1,0,0,차대차 - 기타,안전운전불이행,건조,맑음,단일로 - 기타,화물,남,55세,상해없음,자전거,여,74세,중상
2012040200100466,2012년 4월 2일 19시,월요일,경상북도 포항시 북구 남빈동,중상사고,0,1,0,0,차대사람 - 기타,안전운전불이행,건조,맑음,교차로 - 교차로안,승용,남,23세,상해없음,보행자,여,64세,중상
2012040200100467,2012년 4월 2일 19시,월요일,경상북도 안동시 태화동,중상사고,0,1,0,0,차대차 - 측면직각충돌,안전운전불이행,건조,맑음,교차로 - 교차로안,승용,여,60세,상해없음,승용,여,54세,중상
2012040200100468,2012년 4월 2일 19시,월요일,경상북도 구미시 송정동,부상신고사고,0,0,0,1,차대차 - 측면직각충돌,안전운전불이행,건조,맑음,교차로 - 교차로안,승용,여,42세,상해없음,승합,남,40세,상해없음
2012040200100469,2012년 4월 2일 19시,월요일,경상북도 김천시 아포읍,부상신고사고,0,0,0,3,차대차 - 추돌 - 주정차중,안전운전불이행,건조,맑음,단일로 - 기타,승용,남,46세,상해없음,승용,남,18세,부상신고
2012040200100573,2012년 4월 2일 21시,월요일,경상북도 경주시 석장동,중상사고,0,1,0,0,차대차 - 측면직각충돌,안전운전불이행,건조,맑음,교차로 - 교차로안,승용,남,34세,상해없음,자전거,남,37세,중상
2012040200100574,2012년 4월 2일 21시,월요일,경상북도 구미시 고아읍,중상사고,0,1,0,0,차대사람 - 길가장자리구역통행중,안전운전불이행,건조,맑음,단일로 - 기타,승용,여,45세,상해없음,보행자,남,44세,중상
2012040200100637,2012년 4월 2일 22시,월요일,경상북도 안동시 용상동,경상사고,0,0,1,0,차대차 - 기타,안전거리미확보,습기,비,단일로 - 기타,승용,여,46세,상해없음,승용,여,61세,경상
2012040200100638,2012년 4월 2일 22시,월요일,경상북도 경산시 삼풍동,중상사고,0,1,0,0,차대사람 - 기타,보행자보호의무위반,건조,맑음,기타 - 기타,원동기,남,16세,상해없음,보행자,여,21세,중상
2012040300100024,2012년 4월 3일 00시,화요일,경상북도 포항시 북구 두호동,중상사고,0,1,0,0,차대사람 - 기타,안전운전불이행,습기,비,교차로 - 교차로부근,승용,남,51세,상해없음,보행자,남,47세,중상
2012040300100025,2012년 4월 3일 00시,화요일,경상북도 상주시 낙동면,경상사고,0,0,2,0,차대차 - 추돌 - 진행중,차로위반,습기,비,단일로 - 기타,승합,남,34세,상해없음,승용,남,28세,경상
2012040300100052,2012년 4월 3일 01시,화요일,경상북도 포항시 북구 죽도동,중상사고,0,1,0,0,차대사람 - 횡단중,보행자보호의무위반,습기,비,교차로 - 교차로안,승용,남,44세,상해없음,보행자,남,30세,중상
2012040300100053,2012년 4월 3일 01시,화요일,경상북도 포항시 남구 해도동,중상사고,0,1,0,0,차대사람 - 기타,안전운전불이행,습기,비,단일로 - 기타,승합,남,34세,상해없음,보행자,남,50세,중상
2012040300100054,2012년 4월 3일 01시,화요일,경상북도 포항시 남구 구룡포읍,중상사고,0,1,0,0,차대사람 - 기타,안전운전불이행,건조,맑음,단일로 - 기타,기타불명,기타불명,기타불명,기타불명,보행자,남,39세,중상
2012040300100078,2012년 4월 3일 02시,화요일,경상북도 경산시 백천동,경상사고,0,0,1,0,차대차 - 기타,신호위반,습기,비,교차로 - 교차로안,승용,남,67세,상해없음,승용,여,56세,경상
2012040300100096,2012년 4월 3일 03시,화요일,경상북도 상주시 화서면,사망사고,1,0,0,0,차대차 - 추돌 - 진행중,안전운전불이행,습기,비,단일로 - 기타,화물,남,45세,상해없음,화물,남,43세,사망
2012040300100107,2012년 4월 3일 04시,화요일,경상북도 구미시 진평동,경상사고,0,0,1,0,차대차 - 추돌 - 진행중,안전운전불이행,습기,비,단일로 - 기타,승용,남,33세,상해없음,승용,남,41세,경상
2012040300100168,2012년 4월 3일 07시,화요일,경상북도 경주시 시래동,경상사고,0,0,1,0,차대차 - 측면직각충돌,안전운전불이행,건조,맑음,교차로 - 교차로부근,승용,남,25세,경상,화물,남,36세,상해없음
2012040300100169,2012년 4월 3일 07시,화요일,경상북도 포항시 남구 대송면,경상사고,0,0,1,0,차대사람 - 기타,안전운전불이행,건조,맑음,교차로 - 교차로부근,기타불명,기타불명,기타불명,기타불명,보행자,남,16세,경상
2012040300100218,2012년 4월 3일 08시,화요일,경상북도 김천시 지좌동,경상사고,0,0,1,0,차대사람 - 기타,안전운전불이행,습기,비,교차로 - 교차로부근,화물,남,59세,상해없음,보행자,남,13세,경상
2012040300100219,2012년 4월 3일 08시,화요일,경상북도 봉화군 석포면,경상사고,0,0,1,0,차량단독 - 공작물충돌,안전운전불이행,결빙,비,단일로 - 기타,승용,남,62세,상해없음,,,,
2012040300100220,2012년 4월 3일 08시,화요일,경상북도 고령군 쌍림면,사망사고,1,0,0,0,차량단독 - 기타,안전운전불이행,습기,비,단일로 - 기타,화물,남,46세,사망,,,,
2012040300100279,2012년 4월 3일 10시,화요일,경상북도 포항시 북구 죽도동,경상사고,0,0,1,0,차대사람 - 기타,안전운전불이행,습기,비,단일로 - 기타,승용,여,45세,상해없음,보행자,남,60세,경상
2012040300100326,2012년 4월 3일 12시,화요일,경상북도 상주시 서성동,중상사고,0,1,1,0,차대차 - 측면직각충돌,교차로운행방법위반,습기,비,교차로 - 교차로안,승용,남,25세,상해없음,승용,여,57세,중상
2012040300100349,2012년 4월 3일 13시,화요일,경상북도 군위군 소보면,경상사고,0,0,1,0,차대차 - 정면충돌,안전운전불이행,건조,맑음,교차로 - 교차로안,화물,남,62세,상해없음,화물,남,36세,경상
2012040300100350,2012년 4월 3일 13시,화요일,경상북도 구미시 해평면,경상사고,0,0,2,0,차대차 - 측면직각충돌,중앙선침범,습기,비,단일로 - 기타,화물,남,44세,상해없음,승용,남,49세,경상
2012040300100351,2012년 4월 3일 13시,화요일,경상북도 포항시 남구 상도동,경상사고,0,0,1,0,차대차 - 추돌 - 진행중,안전운전불이행,건조,맑음,단일로 - 기타,승용,남,57세,상해없음,승용,남,32세,경상
2012040300100367,2012년 4월 3일 14시,화요일,경상북도 경주시 서악동,중상사고,0,1,0,0,차대차 - 측면직각충돌,안전운전불이행,건조,맑음,단일로 - 기타,화물,남,38세,상해없음,승용,여,42세,중상
2012040300100368,2012년 4월 3일 14시,화요일,경상북도 경주시 황성동,중상사고,0,1,0,0,차대사람 - 기타,안전운전불이행,건조,맑음,단일로 - 기타,승용,여,49세,상해없음,보행자,남,32세,중상
2012040300100369,2012년 4월 3일 14시,화요일,경상북도 영주시 가흥동,중상사고,0,1,0,0,차대차 - 측면직각충돌,안전운전불이행,건조,맑음,교차로 - 교차로안,화물,남,39세,상해없음,자전거,여,64세,중상
2012040300100392,2012년 4월 3일 15시,화요일,경상북도 경주시 시래동,중상사고,0,1,0,0,차대차 - 측면직각충돌,신호위반,건조,맑음,교차로 - 교차로안,승용,여,54세,상해없음,승용,남,32세,중상
2012040300100393,2012년 4월 3일 15시,화요일,경상북도 포항시 북구 흥해읍,사망사고,1,0,0,0,차대사람 - 기타,안전운전불이행,건조,맑음,단일로 - 기타,승합,남,70세,상해없음,보행자,여,73세,사망
2012040300100394,2012년 4월 3일 15시,화요일,경상북도 김천시 개령면,중상사고,0,1,2,0,차대차 - 측면직각충돌,중앙선침범,건조,흐림,단일로 - 기타,화물,남,35세,상해없음,승합,남,69세,중상
2012040300100395,2012년 4월 3일 15시,화요일,경상북도 칠곡군 약목면,중상사고,0,1,0,0,차대사람 - 횡단중,안전운전불이행,건조,맑음,단일로 - 횡단보도부근,승용,여,52세,상해없음,보행자,남,65세,중상
2012040300100396,2012년 4월 3일 15시,화요일,경상북도 포항시 남구 연일읍,경상사고,0,0,2,0,차대차 - 추돌 - 진행중,안전운전불이행,건조,흐림,단일로 - 교량,화물,남,51세,상해없음,승용,여,47세,경상
2012040300100423,2012년 4월 3일 16시,화요일,경상북도 의성군 가음면,경상사고,0,0,1,0,차대사람 - 횡단중,안전운전불이행,건조,맑음,단일로 - 기타,승용,여,48세,상해없음,보행자,남,5세,경상
2012040300100424,2012년 4월 3일 16시,화요일,경상북도 청송군 청송읍,중상사고,0,1,0,0,차대차 - 기타,중앙선침범,건조,맑음,교차로 - 교차로안,화물,남,52세,상해없음,승용,남,39세,중상
2012040300100451,2012년 4월 3일 17시,화요일,경상북도 문경시 모전동,중상사고,0,1,0,0,차대차 - 기타,기타,건조,흐림,교차로 - 교차로안,원동기,남,71세,중상,승용,여,33세,상해없음
2012040300100486,2012년 4월 3일 18시,화요일,경상북도 영주시 하망동,경상사고,0,0,1,0,차대사람 - 길가장자리구역통행중,안전운전불이행,건조,맑음,교차로 - 교차로안,승용,남,46세,상해없음,보행자,남,56세,경상
2012040300100487,2012년 4월 3일 18시,화요일,경상북도 포항시 남구 송도동,경상사고,0,0,1,0,차대차 - 추돌 - 진행중,중앙선침범,건조,맑음,단일로 - 기타,승용,여,31세,상해없음,승용,남,51세,경상
2012040300100516,2012년 4월 3일 19시,화요일,경상북도 포항시 남구 이동,경상사고,0,0,1,0,차대사람 - 기타,안전운전불이행,건조,흐림,단일로 - 기타,원동기,남,18세,상해없음,보행자,여,49세,경상
2012040300100534,2012년 4월 3일 20시,화요일,경상북도 경산시 대동,중상사고,0,1,0,0,차대차 - 기타,안전운전불이행,건조,맑음,단일로 - 기타,승용,여,36세,상해없음,승용,여,27세,중상
2012040300100535,2012년 4월 3일 20시,화요일,경상북도 포항시 남구 대송면,경상사고,0,0,2,0,차대차 - 측면직각충돌,중앙선침범,건조,맑음,교차로 - 교차로안,승용,남,39세,경상,화물,남,38세,경상
2012040300100567,2012년 4월 3일 21시,화요일,경상북도 경산시 중방동,중상사고,0,1,0,0,차대차 - 기타,교차로운행방법위반,건조,맑음,교차로 - 교차로안,승용,여,43세,상해없음,원동기,여,42세,중상
2012040300100568,2012년 4월 3일 21시,화요일,경상북도 구미시 신평동,중상사고,0,1,1,0,차대사람 - 기타,신호위반,건조,맑음,교차로 - 교차로부근,승용,여,47세,상해없음,보행자,남,18세,경상
2012040300100606,2012년 4월 3일 22시,화요일,경상북도 경주시 성건동,중상사고,0,1,0,0,차대차 - 측면직각충돌,안전운전불이행,건조,맑음,단일로 - 기타,승용,남,65세,상해없음,원동기,남,17세,중상
2012040300100607,2012년 4월 3일 22시,화요일,경상북도 경주시 외동읍,경상사고,0,0,2,1,차대차 - 측면직각충돌,안전운전불이행,건조,맑음,교차로 - 교차로안,승용,남,26세,상해없음,승용,남,57세,경상
2012040300100608,2012년 4월 3일 22시,화요일,경상북도 경산시 옥곡동,경상사고,0,0,1,0,차대사람 - 보도통행중,기타,건조,맑음,단일로 - 기타,이륜,남,34세,상해없음,보행자,남,33세,경상
2012040300100609,2012년 4월 3일 22시,화요일,경상북도 구미시 진평동,경상사고,0,0,2,0,차대사람 - 보도통행중,안전운전불이행,건조,맑음,교차로 - 교차로안,승용,남,52세,상해없음,보행자,여,29세,경상
2012040300100610,2012년 4월 3일 22시,화요일,경상북도 포항시 남구 송내동,중상사고,0,1,1,0,차대차 - 추돌 - 진행중,신호위반,건조,맑음,교차로 - 교차로안,승용,남,53세,중상,승용,남,56세,경상
2012040400100016,2012년 4월 4일 00시,수요일,경상북도 경주시 성건동,경상사고,0,0,1,0,차대차 - 추돌 - 진행중,안전운전불이행,건조,맑음,단일로 - 기타,승용,남,27세,상해없음,승용,남,43세,경상
2012040400100017,2012년 4월 4일 00시,수요일,경상북도 경주시 강동면,중상사고,0,1,1,0,차대차 - 측면직각충돌,안전운전불이행,건조,맑음,기타 - 기타,원동기,남,44세,중상,자전거,남,36세,경상
2012040400100018,2012년 4월 4일 00시,수요일,경상북도 포항시 북구 죽도동,경상사고,0,0,1,0,차대차 - 추돌 - 주정차중,안전거리미확보,건조,맑음,교차로 - 교차로부근,승용,남,32세,상해없음,승용,남,51세,경상
2012040400100043,2012년 4월 4일 03시,수요일,경상북도 구미시 비산동,경상사고,0,0,1,0,차대차 - 측면직각충돌,안전운전불이행,건조,맑음,기타 - 기타,승용,기타불명,기타불명,기타불명,화물,남,34세,경상
2012040400100072,2012년 4월 4일 06시,수요일,경상북도 경주시 외동읍,사망사고,1,1,0,0,차대차 - 측면직각충돌,안전운전불이행,건조,맑음,교차로 - 교차로부근,화물,남,48세,사망,화물,남,57세,중상
2012040400100073,2012년 4월 4일 06시,수요일,경상북도 포항시 북구 용흥동,중상사고,0,2,0,0,차대차 - 기타,안전거리미확보,건조,맑음,교차로 - 교차로부근,승용,남,58세,상해없음,승용,남,64세,중상
2012040400100074,2012년 4월 4일 06시,수요일,경상북도 영주시 휴천동,중상사고,0,1,0,0,차대차 - 추돌 - 주정차중,안전운전불이행,건조,맑음,교차로 - 교차로안,이륜,남,62세,중상,화물,남,55세,상해없음
2012040400100090,2012년 4월 4일 07시,수요일,경상북도 김천시 아포읍,중상사고,0,1,0,0,차량단독 - 기타,안전운전불이행,건조,맑음,단일로 - 기타,승합,남,54세,상해없음,,,,
2012040400100091,2012년 4월 4일 07시,수요일,경상북도 김천시 개령면,경상사고,0,0,1,0,차대차 - 측면직각충돌,교차로운행방법위반,건조,맑음,교차로 - 교차로안,건설기계,남,58세,상해없음,승용,남,40세,경상
2012040400100157,2012년 4월 4일 09시,수요일,경상북도 김천시 덕곡동,부상신고사고,0,0,0,1,차대차 - 측면직각충돌,안전운전불이행,건조,맑음,단일로 - 기타,원동기,남,76세,부상신고,승용,남,39세,상해없음
2012040400100158,2012년 4월 4일 09시,수요일,경상북도 청도군 매전면,경상사고,0,0,1,0,차대차 - 측면직각충돌,안전운전불이행,건조,맑음,교차로 - 교차로안,원동기,남,78세,경상,승합,남,51세,상해없음
2012040400100174,2012년 4월 4일 10시,수요일,경상북도 영천시 조교동,중상사고,0,1,0,0,차량단독 - 기타,안전운전불이행,건조,맑음,교차로 - 교차로안,승합,남,63세,상해없음,,,,
2012040400100209,2012년 4월 4일 12시,수요일,경상북도 고령군 쌍림면,경상사고,0,0,6,0,차대차 - 추돌 - 주정차중,안전운전불이행,건조,맑음,단일로 - 기타,승합,남,55세,상해없음,승용,남,45세,경상
2012040400100229,2012년 4월 4일 13시,수요일,경상북도 경산시 옥곡동,중상사고,0,1,0,0,차대사람 - 기타,안전운전불이행,건조,맑음,단일로 - 기타,승용,여,33세,상해없음,보행자,남,10세,중상
2012040400100253,2012년 4월 4일 14시,수요일,경상북도 울진군 평해읍,중상사고,0,1,0,0,차대차 - 기타,안전운전불이행,건조,맑음,단일로 - 기타,자전거,여,67세,중상,승용,여,32세,상해없음
2012040400100254,2012년 4월 4일 14시,수요일,경상북도 구미시 임수동,경상사고,0,0,2,0,차대차 - 측면직각충돌,안전운전불이행,건조,맑음,단일로 - 기타,승용,남,30세,상해없음,승용,여,50세,경상
2012040400100285,2012년 4월 4일 15시,수요일,경상북도 영천시 조교동,경상사고,0,0,2,0,차대차 - 측면직각충돌,안전운전불이행,건조,맑음,교차로 - 교차로부근,승용,여,44세,상해없음,승용,남,31세,경상
2012040400100320,2012년 4월 4일 16시,수요일,경상북도 경주시 성건동,사망사고,1,2,0,0,차대차 - 측면직각충돌,신호위반,건조,맑음,교차로 - 교차로안,원동기,여,56세,사망,화물,남,24세,중상
2012040400100321,2012년 4월 4일 16시,수요일,경상북도 안동시 남문동,경상사고,0,0,2,0,차대차 - 측면직각충돌,안전운전불이행,건조,맑음,단일로 - 기타,승용,여,55세,상해없음,승용,남,56세,경상
2012040400100322,2012년 4월 4일 16시,수요일,경상북도 영주시 가흥동,중상사고,0,1,0,0,차량단독 - 공작물충돌,안전운전불이행,건조,맑음,단일로 - 기타,화물,남,58세,중상,,,,
2012040400100323,2012년 4월 4일 16시,수요일,경상북도 구미시 도량동,중상사고,0,1,0,0,차대사람 - 횡단중,신호위반,건조,맑음,단일로 - 기타,승합,여,33세,상해없음,보행자,여,25세,중상
2012040400100355,2012년 4월 4일 17시,수요일,경상북도 영주시 부석면,경상사고,0,0,3,0,차대차 - 정면충돌,중앙선침범,건조,맑음,기타 - 기타,승용,남,28세,경상,승용,여,44세,경상
2012040400100356,2012년 4월 4일 17시,수요일,경상북도 영천시 야사동,부상신고사고,0,0,0,1,차대사람 - 기타,안전운전불이행,건조,맑음,교차로 - 교차로부근,승용,기타불명,기타불명,기타불명,보행자,남,15세,부상신고
2012040400100389,2012년 4월 4일 18시,수요일,경상북도 청도군 운문면,중상사고,0,2,1,0,차량단독 - 공작물충돌,안전운전불이행,건조,맑음,교차로 - 교차로안,승용,남,58세,상해없음,,,,
2012040400100390,2012년 4월 4일 18시,수요일,경상북도 포항시 남구 연일읍,중상사고,0,1,0,0,차대차 - 추돌 - 주정차중,안전운전불이행,건조,맑음,단일로 - 기타,승용,남,53세,상해없음,원동기,남,37세,중상
2012040400100457,2012년 4월 4일 20시,수요일,경상북도 안동시 광석동,중상사고,0,1,0,0,차대사람 - 횡단중,보행자보호의무위반,건조,맑음,교차로 - 교차로부근,이륜,남,16세,상해없음,보행자,여,46세,중상
2012040400100458,2012년 4월 4일 20시,수요일,경상북도 영주시 가흥동,중상사고,0,1,0,0,차대차 - 기타,직진우회전진행방해,건조,맑음,교차로 - 교차로안,이륜,남,22세,상해없음,자전거,남,75세,중상
2012040400100459,2012년 4월 4일 20시,수요일,경상북도 칠곡군 왜관읍,경상사고,0,0,1,0,차대차 - 기타,안전운전불이행,건조,맑음,단일로 - 교량,승합,남,52세,상해없음,승용,남,26세,경상