사고번호,사고일시,요일,시군구,사고내용,사망자수,중상자수,경상자수,부상신고자수,사고유형,법규위반,노면상태,기상상태,도로형태,가해운전자 차종,가해운전자 성별,가해운전자 연령,가해운전자 상해정도,피해운전자 차종,피해운전자 성별,피해운전자 연령,피해운전자 상해정도
2012041000100545,2012년 4월 10일 20시,화요일,경상북도 안동시 옥동,경상사고,0,0,1,0,차대사람 - 횡단중,보행자보호의무위반,습기,비,교차로 - 교차로안,화물,남,30세,상해없음,보행자,여,48세,경상
2012041000100546,2012년 4월 10일 20시,화요일,경상북도 칠곡군 왜관읍,경상사고,0,0,1,0,차대차 - 기타,안전운전불이행,건조,맑음,단일로 - 기타,승용,여,46세,상해없음,이륜,남,44세,경상
2012041000100656,2012년 4월 10일 22시,화요일,경상북도 칠곡군 약목면,부상신고사고,0,0,0,1,차대차 - 기타,안전운전불이행,습기,비,교차로 - 교차로부근,승용,남,39세,부상신고,승용,남,27세,기타불명
2012041000100657,2012년 4월 10일 22시,화요일,경상북도 경산시 하양읍,중상사고,0,1,2,0,차대차 - 기타,안전운전불이행,건조,맑음,기타 - 기타,승용,남,66세,상해없음,승용,여,37세,경상
2012041000100658,2012년 4월 10일 22시,화요일,경상북도 구미시 공단동,경상사고,0,0,1,0,차대차 - 추돌 - 진행중,안전운전불이행,건조,맑음,교차로 - 교차로부근,승용,여,31세,상해없음,승용,여,50세,경상
2012041000100659,2012년 4월 10일 22시,화요일,경상북도 구미시 상모동,경상사고,0,0,1,0,차대사람 - 횡단중,안전운전불이행,습기,비,단일로 - 횡단보도부근,승용,남,45세,상해없음,보행자,남,16세,경상
2012041000100736,2012년 4월 10일 23시,화요일,경상북도 경주시 동천동,사망사고,1,0,0,0,차대사람 - 기타,안전운전불이행,건조,맑음,단일로 - 횡단보도상,승용,남,49세,상해없음,보행자,남,58세,사망
2012041000100737,2012년 4월 10일 23시,화요일,경상북도 경산시 중방동,경상사고,0,0,1,0,차대차 - 기타,안전운전불이행,습기,비,단일로 - 기타,승용,남,58세,상해없음,승용,남,46세,경상
2012041000100738,2012년 4월 10일 23시,화요일,경상북도 포항시 남구 오천읍,경상사고,0,0,1,0,차대차 - 측면직각충돌,안전운전불이행,건조,맑음,단일로 - 기타,승용,남,31세,상해없음,특수,남,48세,경상
2012041100100037,2012년 4월 11일 00시,수요일,경상북도 포항시 북구 동빈1가,중상사고,0,4,0,0,차대차 - 기타,중앙선침범,건조,맑음,교차로 - 교차로안,승용,남,28세,상해없음,승용,남,26세,중상
2012041100100038,2012년 4월 11일 00시,수요일,경상북도 구미시 옥성면,사망사고,1,2,0,0,차량단독 - 전도전복,안전운전불이행,습기,비,단일로 - 기타,승용,남,33세,사망,,,,
2012041100100069,2012년 4월 11일 01시,수요일,경상북도 경주시 용강동,경상사고,0,0,2,0,차대차 - 측면직각충돌,신호위반,건조,맑음,교차로 - 교차로안,승용,남,63세,상해없음,승용,남,25세,경상
2012041100100070,2012년 4월 11일 01시,수요일,경상북도 포항시 북구 죽도동,중상사고,0,1,0,0,차대차 - 기타,안전운전불이행,건조,맑음,단일로 - 기타,승용,남,27세,상해없음,승용,남,26세,중상
2012041100100106,2012년 4월 11일 02시,수요일,경상북도 경주시 양북면,사망사고,1,0,1,0,차량단독 - 전도전복,안전운전불이행,습기,비,단일로 - 기타,이륜,남,71세,사망,,,,
2012041100100107,2012년 4월 11일 02시,수요일,경상북도 포항시 북구 장성동,중상사고,0,1,0,0,차대차 - 측면직각충돌,신호위반,건조,맑음,교차로 - 교차로안,승용,남,38세,상해없음,이륜,남,24세,중상
2012041100100147,2012년 4월 11일 04시,수요일,경상북도 경산시 하양읍,경상사고,0,0,3,0,차대차 - 기타,안전운전불이행,습기,흐림,교차로 - 교차로부근,승용,남,22세,상해없음,승용,남,31세,경상
2012041100100168,2012년 4월 11일 05시,수요일,경상북도 경주시 현곡면,부상신고사고,0,0,0,2,차대차 - 추돌 - 진행중,안전운전불이행,건조,맑음,단일로 - 기타,화물,남,43세,부상신고,화물,남,49세,부상신고
2012041100100169,2012년 4월 11일 05시,수요일,경상북도 칠곡군 석적읍,부상신고사고,0,0,0,1,차대차 - 기타,안전운전불이행,습기,비,단일로 - 기타,승용,남,24세,부상신고,승용,남,47세,기타불명
2012041100100192,2012년 4월 11일 06시,수요일,경상북도 경주시 사정동,중상사고,0,1,0,0,차대차 - 기타,중앙선침범,건조,흐림,단일로 - 기타,기타불명,기타불명,기타불명,기타불명,승용,여,68세,중상
2012041100100193,2012년 4월 11일 06시,수요일,경상북도 영주시 안정면,경상사고,0,0,1,0,차대차 - 측면직각충돌,신호위반,건조,흐림,교차로 - 교차로안,승용,남,44세,상해없음,승용,남,53세,경상
2012041100100199,2012년 4월 11일 07시,수요일,경상북도 문경시 영순면,중상사고,0,1,0,0,차대차 - 기타,안전운전불이행,습기,비,기타 - 기타,화물,남,50세,상해없음,원동기,남,72세,중상
2012041100100219,2012년 4월 11일 08시,수요일,경상북도 영주시 가흥동,경상사고,0,0,1,0,차대차 - 측면직각충돌,교차로운행방법위반,건조,맑음,교차로 - 교차로안,승용,남,64세,상해없음,승용,여,50세,경상
2012041100100247,2012년 4월 11일 09시,수요일,경상북도 안동시 풍산읍,중상사고,0,1,2,1,차대차 - 추돌 - 진행중,안전거리미확보,습기,비,단일로 - 기타,승용,남,51세,상해없음,승용,여,57세,경상
2012041100100271,2012년 4월 11일 10시,수요일,경상북도 안동시 송천동,중상사고,0,1,1,0,차대차 - 추돌 - 진행중,안전거리미확보,건조,맑음,교차로 - 교차로부근,화물,남,59세,상해없음,화물,남,34세,상해없음
2012041100100272,2012년 4월 11일 10시,수요일,경상북도 구미시 인의동,경상사고,0,0,2,0,차대차 - 측면직각충돌,신호위반,습기,비,교차로 - 교차로부근,화물,남,62세,상해없음,화물,남,32세,경상
2012041100100297,2012년 4월 11일 11시,수요일,경상북도 경주시 강동면,사망사고,1,1,0,0,차대차 - 기타,안전운전불이행,건조,맑음,교차로 - 교차로안,승합,남,52세,상해없음,이륜,남,68세,사망
2012041100100298,2012년 4월 11일 11시,수요일,경상북도 안동시 태화동,부상신고사고,0,0,0,1,차대차 - 측면직각충돌,안전운전불이행,건조,맑음,교차로 - 교차로안,화물,남,28세,상해없음,승용,남,48세,상해없음
2012041100100299,2012년 4월 11일 11시,수요일,경상북도 영천시 금노동,경상사고,0,0,2,0,차대차 - 기타,안전운전불이행,건조,맑음,단일로 - 기타,화물,남,28세,경상,승용,남,55세,경상
2012041100100327,2012년 4월 11일 12시,수요일,경상북도 예천군 예천읍,중상사고,0,1,0,0,차대사람 - 횡단중,보행자보호의무위반,건조,맑음,단일로 - 기타,승용,남,43세,상해없음,보행자,여,62세,중상
2012041100100328,2012년 4월 11일 12시,수요일,경상북도 청도군 이서면,경상사고,0,0,2,0,차대차 - 측면직각충돌,신호위반,건조,맑음,교차로 - 교차로안,승용,남,55세,상해없음,승용,남,36세,경상
2012041100100360,2012년 4월 11일 13시,수요일,경상북도 경산시 하양읍,중상사고,0,3,1,0,차대차 - 기타,중앙선침범,건조,맑음,단일로 - 기타,승용,남,27세,상해없음,승용,여,53세,중상
2012041100100392,2012년 4월 11일 14시,수요일,경상북도 포항시 남구 오천읍,경상사고,0,0,2,0,차대차 - 추돌 - 진행중,교차로운행방법위반,건조,맑음,교차로 - 교차로안,승용,남,54세,상해없음,화물,남,61세,상해없음
2012041100100393,2012년 4월 11일 14시,수요일,경상북도 포항시 남구 오천읍,경상사고,0,0,1,0,차대차 - 추돌 - 주정차중,안전운전불이행,건조,맑음,교차로 - 교차로부근,승용,남,47세,기타불명,승용,남,30세,경상
2012041100100432,2012년 4월 11일 15시,수요일,경상북도 경주시 서면,경상사고,0,0,1,0,차대사람 - 기타,안전운전불이행,건조,맑음,교차로 - 교차로안,화물,남,50세,상해없음,보행자,여,77세,경상
2012041100100433,2012년 4월 11일 15시,수요일,경상북도 구미시 남통동,경상사고,0,0,1,0,차대차 - 측면직각충돌,교차로운행방법위반,건조,맑음,교차로 - 교차로안,이륜,남,76세,경상,승용,남,31세,상해없음
2012041100100455,2012년 4월 11일 16시,수요일,경상북도 경주시 신평동,경상사고,0,0,1,0,차대사람 - 횡단중,신호위반,건조,맑음,교차로 - 교차로부근,승용,남,29세,상해없음,보행자,남,90세 이상,경상
2012041100100456,2012년 4월 11일 16시,수요일,경상북도 청도군 매전면,경상사고,0,0,2,0,차대차 - 정면충돌,중앙선침범,건조,맑음,단일로 - 기타,화물,남,49세,상해없음,화물,남,52세,경상
2012041100100486,2012년 4월 11일 17시,수요일,경상북도 안동시 당북동,경상사고,0,0,1,0,차대차 - 기타,중앙선침범,건조,맑음,단일로 - 교량,자전거,남,86세,경상,승용,여,25세,상해없음
2012041100100487,2012년 4월 11일 17시,수요일,경상북도 구미시 선산읍,경상사고,0,0,1,0,차대차 - 측면직각충돌,안전운전불이행,건조,맑음,교차로 - 교차로안,승용,남,76세,상해없음,승용,남,28세,경상
2012041100100488,2012년 4월 11일 17시,수요일,경상북도 구미시 남통동,경상사고,0,0,2,0,차대차 - 측면직각충돌,안전운전불이행,건조,맑음,단일로 - 기타,승용,남,51세,상해없음,승용,남,24세,경상
2012041100100522,2012년 4월 11일 18시,수요일,경상북도 경주시 노동동,경상사고,0,0,2,0,차대차 - 추돌 - 주정차중,안전운전불이행,건조,흐림,단일로 - 기타,승합,남,49세,상해없음,승용,남,62세,경상
2012041100100523,2012년 4월 11일 18시,수요일,경상북도 포항시 남구 구룡포읍,경상사고,0,0,2,0,차대차 - 추돌 - 진행중,교차로운행방법위반,건조,맑음,교차로 - 교차로안,승용,남,49세,상해없음,원동기,여,17세,경상
2012041100100555,2012년 4월 11일 19시,수요일,경상북도 구미시 형곡동,부상신고사고,0,0,0,1,차대차 - 측면직각충돌,안전운전불이행,건조,맑음,단일로 - 기타,이륜,남,17세,부상신고,승용,남,48세,상해없음
2012041100100556,2012년 4월 11일 19시,수요일,경상북도 구미시 사곡동,경상사고,0,0,1,0,차대차 - 측면직각충돌,안전운전불이행,건조,맑음,기타 - 기타,승용,남,55세,상해없음,승용,남,37세,경상
2012041100100557,2012년 4월 11일 19시,수요일,경상북도 포항시 남구 오천읍,경상사고,0,0,2,0,차대차 - 추돌 - 주정차중,안전운전불이행,건조,맑음,교차로 - 교차로부근,승용,여,53세,상해없음,승용,여,38세,경상
2012041100100558,2012년 4월 11일 19시,수요일,경상북도 구미시 임은동,경상사고,0,0,1,0,차대차 - 추돌 - 진행중,안전운전불이행,건조,맑음,단일로 - 기타,화물,남,32세,상해없음,화물,남,44세,경상
2012041100100592,2012년 4월 11일 20시,수요일,경상북도 안동시 수상동,중상사고,0,1,1,0,차대차 - 측면직각충돌,신호위반,건조,맑음,교차로 - 교차로안,화물,남,63세,중상,승용,여,31세,경상
2012041100100593,2012년 4월 11일 20시,수요일,경상북도 포항시 남구 대잠동,경상사고,0,0,1,0,차대사람 - 기타,안전운전불이행,건조,맑음,교차로 - 교차로부근,승용,남,53세,상해없음,보행자,여,13세,경상
2012041100100622,2012년 4월 11일 21시,수요일,경상북도 경주시 동천동,경상사고,0,0,2,0,차대차 - 추돌 - 주정차중,안전운전불이행,건조,맑음,단일로 - 기타,승용,남,54세,상해없음,승용,여,49세,경상
2012041100100623,2012년 4월 11일 21시,수요일,경상북도 경주시 신평동,경상사고,0,0,4,0,차대차 - 추돌 - 주정차중,안전운전불이행,건조,맑음,단일로 - 기타,화물,남,51세,상해없음,승용,여,54세,경상
2012041100100624,2012년 4월 11일 21시,수요일,경상북도 경산시 하양읍,경상사고,0,0,1,0,차대차 - 기타,중앙선침범,건조,맑음,단일로 - 기타,승용,남,46세,상해없음,승용,남,31세,경상
2012041100100625,2012년 4월 11일 21시,수요일,경상북도 포항시 남구 연일읍,경상사고,0,0,1,0,차대차 - 기타,안전거리미확보,건조,맑음,단일로 - 교량,화물,남,56세,상해없음,화물,남,59세,경상
2012041100100663,2012년 4월 11일 23시,수요일,경상북도 경산시 정평동,경상사고,0,0,1,0,차대사람 - 기타,안전운전불이행,건조,맑음,단일로 - 기타,승용,남,30세,상해없음,보행자,남,51세,경상
2012041200100008,2012년 4월 12일 00시,목요일,경상북도 포항시 북구 학산동,중상사고,0,1,2,0,차대차 - 기타,안전운전불이행,건조,맑음,단일로 - 기타,승용,남,32세,상해없음,승용,남,43세,중상
2012041200100019,2012년 4월 12일 01시,목요일,경상북도 포항시 남구 대잠동,경상사고,0,0,1,0,차대차 - 추돌 - 진행중,안전운전불이행,건조,맑음,단일로 - 기타,승용,여,52세,상해없음,승용,남,58세,경상
2012041200100043,2012년 4월 12일 04시,목요일,경상북도 칠곡군 왜관읍,경상사고,0,0,1,0,차대차 - 측면직각충돌,안전운전불이행,건조,맑음,단일로 - 기타,승용,남,28세,상해없음,승용,남,32세,경상
2012041200100088,2012년 4월 12일 07시,목요일,경상북도 경주시 안강읍,중상사고,0,1,0,0,차량단독 - 기타,안전운전불이행,건조,맑음,단일로 - 기타,승용,남,63세,중상,,,,
2012041200100089,2012년 4월 12일 07시,목요일,경상북도 영천시 망정동,중상사고,0,1,0,0,차대차 - 추돌 - 진행중,안전운전불이행,건조,맑음,교차로 - 교차로부근,승용,남,50세,상해없음,승합,남,54세,상해없음
2012041200100129,2012년 4월 12일 08시,목요일,경상북도 경주시 안강읍,경상사고,0,0,1,0,차대사람 - 기타,안전운전불이행,건조,맑음,단일로 - 기타,승용,남,41세,상해없음,보행자,여,12세,경상
2012041200100130,2012년 4월 12일 08시,목요일,경상북도 경산시 중방동,경상사고,0,0,1,0,차대사람 - 기타,보행자보호의무위반,건조,맑음,단일로 - 횡단보도상,기타불명,기타불명,기타불명,기타불명,보행자,여,11세,경상
2012041200100131,2012년 4월 12일 08시,목요일,경상북도 구미시 지산동,경상사고,0,0,1,0,차대차 - 추돌 - 진행중,안전거리미확보,건조,맑음,단일로 - 기타,승합,남,40세,상해없음,승용,남,44세,경상
2012041200100159,2012년 4월 12일 09시,목요일,경상북도 안동시 풍산읍,중상사고,0,1,0,0,차대차 - 측면직각충돌,안전운전불이행,건조,맑음,교차로 - 교차로안,화물,남,58세,상해없음,이륜,여,55세,중상
2012041200100194,2012년 4월 12일 10시,목요일,경상북도 영천시 화룡동,경상사고,0,0,1,0,차대차 - 추돌 - 진행중,안전거리미확보,건조,맑음,단일로 - 기타,화물,남,25세,상해없음,승용,남,57세,경상
2012041200100195,2012년 4월 12일 10시,목요일,경상북도 영천시 금노동,중상사고,0,1,0,0,차대차 - 추돌 - 진행중,안전거리미확보,건조,맑음,단일로 - 기타,화물,남,27세,상해없음,승용,남,50세,중상
2012041200100230,2012년 4월 12일 11시,목요일,경상북도 의성군 의성읍,경상사고,0,0,1,0,차대차 - 측면직각충돌,안전운전불이행,건조,맑음,교차로 - 교차로안,승용,남,59세,상해없음,자전거,남,56세,경상
2012041200100256,2012년 4월 12일 12시,목요일,경상북도 경주시 신평동,중상사고,0,1,0,0,차대차 - 측면직각충돌,안전운전불이행,건조,맑음,단일로 - 기타,승용,남,60세,상해없음,승합,남,45세,상해없음
2012041200100257,2012년 4월 12일 12시,목요일,경상북도 경주시 사정동,중상사고,0,1,0,0,차대차 - 측면직각충돌,신호위반,건조,맑음,교차로 - 교차로안,이륜,남,82세,중상,화물,남,40세,상해없음
2012041200100258,2012년 4월 12일 12시,목요일,경상북도 안동시 금곡동,중상사고,0,1,0,0,차대사람 - 기타,안전운전불이행,건조,맑음,단일로 - 기타,승용,남,52세,상해없음,보행자,여,61세,중상
2012041200100259,2012년 4월 12일 12시,목요일,경상북도 김천시 양천동,경상사고,0,0,1,0,차대차 - 측면직각충돌,안전운전불이행,건조,맑음,단일로 - 기타,승용,여,49세,상해없음,건설기계,남,54세,경상
2012041200100260,2012년 4월 12일 12시,목요일,경상북도 문경시 산북면,중상사고,0,1,0,0,차대차 - 기타,안전운전불이행,건조,맑음,단일로 - 기타,농기계,남,57세,상해없음,농기계,남,53세,중상
2012041200100261,2012년 4월 12일 12시,목요일,경상북도 문경시 점촌동,중상사고,0,1,0,0,차대차 - 기타,기타,건조,맑음,교차로 - 교차로부근,승합,남,42세,상해없음,원동기,남,36세,중상
2012041200100300,2012년 4월 12일 13시,목요일,경상북도 안동시 옥야동,경상사고,0,0,1,0,차대차 - 측면직각충돌,직진우회전진행방해,건조,맑음,교차로 - 교차로부근,이륜,남,17세,경상,화물,남,55세,상해없음
2012041200100301,2012년 4월 12일 13시,목요일,경상북도 칠곡군 석적읍,경상사고,0,0,3,0,차대차 - 추돌 - 진행중,안전운전불이행,건조,맑음,단일로 - 기타,승용,남,26세,상해없음,승용,여,33세,경상
2012041200100302,2012년 4월 12일 13시,목요일,경상북도 영천시 화북면,경상사고,0,0,2,0,차량단독 - 공작물충돌,안전운전불이행,건조,맑음,단일로 - 기타,승용,여,41세,경상,,,,
2012041200100303,2012년 4월 12일 13시,목요일,경상북도 구미시 구평동,경상사고,0,0,1,0,차대차 - 측면직각충돌,신호위반,건조,맑음,단일로 - 기타,승용,여,27세,상해없음,승용,남,34세,경상
2012041200100327,2012년 4월 12일 14시,목요일,경상북도 청송군 현서면,사망사고,1,1,0,0,차대차 - 추돌 - 진행중,안전거리미확보,건조,맑음,단일로 - 기타,화물,남,56세,상해없음,농기계,남,78세,사망
2012041200100328,2012년 4월 12일 14시,목요일,경상북도 구미시 임수동,경상사고,0,0,1,0,차대차 - 측면직각충돌,안전운전불이행,건조,맑음,단일로 - 교량,화물,남,41세,상해없음,승용,여,58세,경상
2012041200100359,2012년 4월 12일 15시,목요일,경상북도 안동시 광석동,경상사고,0,0,1,0,차대사람 - 횡단중,안전운전불이행,건조,맑음,단일로 - 횡단보도부근,승용,남,45세,상해없음,보행자,남,38세,경상
2012041200100360,2012년 4월 12일 15시,목요일,경상북도 구미시 구평동,경상사고,0,0,2,0,차대차 - 추돌 - 주정차중,안전운전불이행,건조,맑음,기타 - 기타,승용,여,43세,상해없음,승용,남,39세,경상
2012041200100361,2012년 4월 12일 15시,목요일,경상북도 포항시 남구 상도동,중상사고,0,1,0,0,차대차 - 추돌 - 진행중,중앙선침범,건조,맑음,단일로 - 기타,승합,남,52세,상해없음,원동기,남,25세,중상
2012041200100389,2012년 4월 12일 16시,목요일,경상북도 경주시 안강읍,경상사고,0,0,3,0,차대차 - 측면직각충돌,안전운전불이행,건조,맑음,교차로 - 교차로안,승용,여,35세,경상,화물,남,65세,경상
2012041200100390,2012년 4월 12일 16시,목요일,경상북도 경주시 보문동,중상사고,0,1,1,0,차대차 - 추돌 - 진행중,안전운전불이행,건조,맑음,기타 - 기타,승용,남,26세,상해없음,승용,여,41세,경상
2012041200100391,2012년 4월 12일 16시,목요일,경상북도 포항시 북구 죽도동,중상사고,0,1,0,0,차대사람 - 차도통행중,안전운전불이행,건조,맑음,단일로 - 기타,화물,남,38세,상해없음,보행자,여,68세,중상
2012041200100419,2012년 4월 12일 17시,목요일,경상북도 경주시 감포읍,경상사고,0,0,3,0,차대차 - 측면직각충돌,안전운전불이행,건조,맑음,교차로 - 교차로안,승용,남,73세,상해없음,승용,여,52세,경상
2012041200100420,2012년 4월 12일 17시,목요일,경상북도 상주시 중덕동,중상사고,0,1,0,0,차대차 - 측면직각충돌,교차로운행방법위반,건조,맑음,교차로 - 교차로안,화물,남,60세,상해없음,이륜,여,67세,중상
2012041200100421,2012년 4월 12일 17시,목요일,경상북도 성주군 가천면,경상사고,0,0,1,0,차량단독 - 기타,기타,건조,맑음,교차로 - 교차로부근,승합,남,28세,상해없음,,,,
2012041200100459,2012년 4월 12일 18시,목요일,경상북도 영덕군 남정면,중상사고,0,1,0,0,차대차 - 기타,안전운전불이행,건조,맑음,교차로 - 교차로부근,화물,남,27세,상해없음,이륜,남,67세,중상
2012041200100508,2012년 4월 12일 19시,목요일,경상북도 포항시 북구 우현동,중상사고,0,1,0,0,차대차 - 기타,안전운전불이행,건조,맑음,교차로 - 교차로부근,승용,남,28세,상해없음,이륜,남,24세,중상
2012041200100509,2012년 4월 12일 19시,목요일,경상북도 경산시 사정동,경상사고,0,0,1,0,차대차 - 기타,교차로운행방법위반,건조,맑음,교차로 - 교차로안,승용,여,49세,상해없음,원동기,남,18세,경상
2012041200100538,2012년 4월 12일 20시,목요일,경상북도 경주시 효현동,중상사고,0,1,0,0,차량단독 - 전도전복,안전운전불이행,건조,맑음,기타 - 기타,승용,남,55세,중상,,,,
2012041200100539,2012년 4월 12일 20시,목요일,경상북도 칠곡군 약목면,경상사고,0,0,1,0,차대차 - 추돌 - 진행중,신호위반,건조,맑음,교차로 - 교차로안,승용,남,34세,상해없음,승용,남,32세,경상
2012041200100540,2012년 4월 12일 20시,목요일,경상북도 청송군 청송읍,중상사고,0,1,0,0,차대차 - 측면직각충돌,교차로운행방법위반,건조,맑음,교차로 - 교차로안,승용,남,62세,상해없음,승용,여,57세,상해없음
2012041200100571,2012년 4월 12일 21시,목요일,경상북도 구미시 진평동,경상사고,0,0,1,0,차대사람 - 횡단중,안전운전불이행,건조,맑음,기타 - 기타,승용,여,26세,상해없음,보행자,여,19세,경상
2012041200100572,2012년 4월 12일 21시,목요일,경상북도 구미시 송정동,중상사고,0,2,1,0,차대차 - 측면직각충돌,직진우회전진행방해,건조,맑음,교차로 - 교차로안,승용,남,44세,중상,승용,남,51세,중상
2012041200100602,2012년 4월 12일 22시,목요일,경상북도 구미시 해평면,중상사고,0,1,0,0,차대차 - 기타,안전운전불이행,건조,맑음,단일로 - 기타,기타불명,기타불명,기타불명,기타불명,승용,여,26세,기타불명
2012041200100603,2012년 4월 12일 22시,목요일,경상북도 포항시 남구 오천읍,경상사고,0,0,1,0,차대차 - 측면직각충돌,안전운전불이행,건조,맑음,단일로 - 기타,승용,남,27세,상해없음,승용,여,39세,경상
2012041300100030,2012년 4월 13일 01시,금요일,경상북도 칠곡군 왜관읍,경상사고,0,0,1,1,차대차 - 추돌 - 진행중,교차로운행방법위반,건조,맑음,교차로 - 교차로안,승용,남,44세,부상신고,승용,남,39세,경상
2012041300100031,2012년 4월 13일 01시,금요일,경상북도 영양군 영양읍,경상사고,0,0,1,0,차대차 - 기타,안전운전불이행,건조,맑음,단일로 - 기타,승용,남,36세,경상,승용,남,33세,상해없음
2012041300100043,2012년 4월 13일 02시,금요일,경상북도 칠곡군 기산면,사망사고,1,2,0,1,차량단독 - 전도전복,안전운전불이행,건조,맑음,단일로 - 기타,승용,남,23세,부상신고,,,,
2012041300100055,2012년 4월 13일 03시,금요일,경상북도 포항시 남구 오천읍,중상사고,0,2,2,0,차대차 - 추돌 - 주정차중,안전운전불이행,건조,맑음,기타 - 기타,승용,남,26세,중상,화물,남,34세,기타불명
2012041300100062,2012년 4월 13일 04시,금요일,경상북도 구미시 임수동,중상사고,0,1,0,0,차대차 - 추돌 - 진행중,안전운전불이행,건조,맑음,단일로 - 기타,승용,남,32세,상해없음,승용,남,28세,중상
2012041300100081,2012년 4월 13일 05시,금요일,경상북도 구미시 임수동,중상사고,0,1,0,0,차대차 - 측면직각충돌,안전운전불이행,건조,맑음,교차로 - 교차로안,승용,남,22세,상해없음,승용,남,34세,중상
2012041300100113,2012년 4월 13일 07시,금요일,경상북도 구미시 형곡동,경상사고,0,0,3,0,차대차 - 측면직각충돌,안전운전불이행,건조,맑음,단일로 - 기타,승용,남,24세,상해없음,승용,남,28세,경상
2012041300100142,2012년 4월 13일 08시,금요일,경상북도 김천시 어모면,중상사고,0,1,0,0,차대차 - 측면직각충돌,직진우회전진행방해,건조,맑음,교차로 - 교차로안,승용,여,54세,중상,화물,남,44세,상해없음
2012041300100143,2012년 4월 13일 08시,금요일,경상북도 경산시 진량읍,중상사고,0,1,0,0,차대차 - 기타,안전운전불이행,건조,맑음,단일로 - 기타,승용,여,33세,상해없음,승용,남,52세,중상
2012041300100144,2012년 4월 13일 08시,금요일,경상북도 구미시 공단동,중상사고,0,1,2,0,차대차 - 측면직각충돌,안전운전불이행,건조,맑음,단일로 - 기타,승용,남,36세,경상,승용,여,26세,경상
2012041300100145,2012년 4월 13일 08시,금요일,경상북도 구미시 봉곡동,경상사고,0,0,1,0,차대사람 - 기타,안전운전불이행,건조,맑음,단일로 - 기타,승용,남,42세,상해없음,보행자,남,11세,경상
2012041300100172,2012년 4월 13일 09시,금요일,경상북도 칠곡군 동명면,중상사고,0,1,0,1,차대차 - 측면직각충돌,신호위반,건조,맑음,교차로 - 교차로안,승용,남,54세,부상신고,화물,남,63세,중상
2012041300100173,2012년 4월 13일 09시,금요일,경상북도 포항시 남구 호동,경상사고,0,0,2,0,차대차 - 측면직각충돌,교차로운행방법위반,건조,맑음,교차로 - 교차로안,화물,남,61세,상해없음,승용,남,47세,경상
2012041300100192,2012년 4월 13일 10시,금요일,경상북도 경주시 성동동,경상사고,0,0,1,0,차대사람 - 기타,안전운전불이행,건조,맑음,기타 - 기타,승합,남,54세,상해없음,보행자,여,50세,경상
2012041300100193,2012년 4월 13일 10시,금요일,경상북도 안동시 풍산읍,경상사고,0,0,2,0,차대차 - 추돌 - 진행중,안전거리미확보,건조,맑음,단일로 - 기타,승용,여,44세,경상,화물,남,61세,상해없음
2012041300100237,2012년 4월 13일 12시,금요일,경상북도 경주시 석장동,경상사고,0,0,1,0,차대차 - 추돌 - 주정차중,안전운전불이행,건조,맑음,교차로 - 교차로부근,승용,남,33세,상해없음,승용,여,37세,경상
2012041300100268,2012년 4월 13일 13시,금요일,경상북도 경산시 정평동,경상사고,0,0,1,0,차대차 - 기타,안전운전불이행,습기,비,교차로 - 교차로안,승합,남,56세,상해없음,원동기,남,33세,경상
2012041300100293,2012년 4월 13일 14시,금요일,경상북도 포항시 남구 구룡포읍,중상사고,0,1,0,0,차대차 - 측면직각충돌,중앙선침범,건조,맑음,단일로 - 기타,화물,남,48세,상해없음,원동기,남,85세,중상
2012041300100294,2012년 4월 13일 14시,금요일,경상북도 포항시 남구 해도동,중상사고,0,1,0,0,차대차 - 측면직각충돌,중앙선침범,건조,맑음,단일로 - 기타,승용,남,58세,상해없음,이륜,남,29세,중상
2012041300100295,2012년 4월 13일 14시,금요일,경상북도 영천시 대창면,중상사고,0,2,0,0,차대차 - 추돌 - 진행중,안전운전불이행,건조,맑음,단일로 - 기타,화물,남,58세,중상,화물,남,38세,중상
2012041300100320,2012년 4월 13일 15시,금요일,경상북도 포항시 북구 용흥동,경상사고,0,0,2,0,차대차 - 기타,신호위반,건조,맑음,교차로 - 교차로안,승합,남,51세,상해없음,승용,여,36세,경상
2012041300100321,2012년 4월 13일 15시,금요일,경상북도 포항시 북구 대흥동,중상사고,0,1,0,0,차대사람 - 기타,안전운전불이행,건조,맑음,단일로 - 기타,기타불명,기타불명,기타불명,기타불명,보행자,남,47세,중상
2012041300100322,2012년 4월 13일 15시,금요일,경상북도 성주군 월항면,경상사고,0,0,1,0,차대차 - 측면직각충돌,직진우회전진행방해,습기,흐림,교차로 - 교차로안,화물,남,51세,경상,건설기계,남,51세,상해없음
2012041300100323,2012년 4월 13일 15시,금요일,경상북도 구미시 지산동,경상사고,0,0,2,0,차대차 - 측면직각충돌,안전운전불이행,습기,비,교차로 - 교차로안,화물,남,72세,상해없음,화물,남,56세,경상
2012041300100350,2012년 4월 13일 16시,금요일,경상북도 경주시 안강읍,경상사고,0,0,1,0,차대차 - 측면직각충돌,안전운전불이행,건조,맑음,단일로 - 기타,화물,남,72세,상해없음,승용,남,58세,상해없음
2012041300100351,2012년 4월 13일 16시,금요일,경상북도 김천시 교동,중상사고,0,1,0,0,차대사람 - 기타,신호위반,건조,흐림,교차로 - 교차로안,이륜,남,19세,상해없음,보행자,여,63세,중상
2012041300100353,2012년 4월 13일 16시,금요일,경상북도 칠곡군 석적읍,부상신고사고,0,0,0,1,차대차 - 추돌 - 진행중,안전운전불이행,습기,비,교차로 - 교차로안,이륜,남,29세,부상신고,승용,여,26세,상해없음