사고번호,사고일시,요일,시군구,사고내용,사망자수,중상자수,경상자수,부상신고자수,사고유형,법규위반,노면상태,기상상태,도로형태,가해운전자 차종,가해운전자 성별,가해운전자 연령,가해운전자 상해정도,피해운전자 차종,피해운전자 성별,피해운전자 연령,피해운전자 상해정도
2012041300100354,2012년 4월 13일 16시,금요일,경상북도 경산시 진량읍,경상사고,0,0,3,0,차대차 - 기타,안전운전불이행,습기,맑음,기타 - 기타,승용,남,40세,상해없음,승용,여,34세,경상
2012041300100355,2012년 4월 13일 16시,금요일,경상북도 예천군 예천읍,중상사고,0,1,0,0,차대차 - 기타,안전운전불이행,습기,맑음,교차로 - 교차로부근,승용,남,19세,상해없음,자전거,남,75세,중상
2012041300100378,2012년 4월 13일 17시,금요일,경상북도 영주시 영주동,중상사고,0,1,0,0,차대차 - 측면직각충돌,안전운전불이행,건조,맑음,교차로 - 교차로안,화물,남,43세,상해없음,원동기,남,53세,중상
2012041300100379,2012년 4월 13일 17시,금요일,경상북도 성주군 성주읍,경상사고,0,0,1,0,차대차 - 기타,안전운전불이행,습기,비,단일로 - 기타,승용,여,40세,상해없음,자전거,남,64세,경상
2012041300100414,2012년 4월 13일 18시,금요일,경상북도 안동시 녹전면,중상사고,0,2,0,0,차대차 - 기타,안전운전불이행,건조,맑음,단일로 - 기타,건설기계,남,42세,상해없음,화물,남,56세,중상
2012041300100415,2012년 4월 13일 18시,금요일,경상북도 칠곡군 왜관읍,부상신고사고,0,0,0,1,차대차 - 기타,안전운전불이행,습기,비,교차로 - 교차로안,이륜,남,51세,부상신고,승용,남,32세,상해없음
2012041300100416,2012년 4월 13일 18시,금요일,경상북도 군위군 효령면,중상사고,0,1,0,0,차대차 - 추돌 - 주정차중,안전운전불이행,습기,비,교차로 - 교차로부근,화물,남,62세,중상,승용,남,53세,상해없음
2012041300100417,2012년 4월 13일 18시,금요일,경상북도 구미시 도량동,중상사고,0,1,0,0,차대차 - 추돌 - 진행중,안전운전불이행,습기,비,단일로 - 기타,승용,남,55세,기타불명,승용,여,47세,중상
2012041300100452,2012년 4월 13일 19시,금요일,경상북도 경주시 신평동,사망사고,1,0,0,0,차대사람 - 횡단중,보행자보호의무위반,습기,비,단일로 - 횡단보도상,승용,남,50세,상해없음,보행자,여,28세,사망
2012041300100453,2012년 4월 13일 19시,금요일,경상북도 구미시 공단동,경상사고,0,0,1,0,차대차 - 추돌 - 주정차중,안전거리미확보,습기,비,교차로 - 교차로부근,승용,남,24세,상해없음,승용,남,38세,경상
2012041300100454,2012년 4월 13일 19시,금요일,경상북도 구미시 지산동,경상사고,0,0,1,0,차대차 - 측면직각충돌,안전거리미확보,습기,비,교차로 - 교차로부근,화물,남,50세,상해없음,승용,남,41세,경상
2012041300100491,2012년 4월 13일 20시,금요일,경상북도 포항시 북구 두호동,경상사고,0,0,1,0,차대차 - 기타,중앙선침범,습기,비,단일로 - 기타,승용,남,38세,상해없음,화물,남,36세,경상
2012041300100492,2012년 4월 13일 20시,금요일,경상북도 영천시 화북면,경상사고,0,0,1,0,차량단독 - 공작물충돌,안전운전불이행,건조,맑음,단일로 - 기타,화물,남,55세,경상,,,,
2012041300100493,2012년 4월 13일 20시,금요일,경상북도 경산시 용성면,중상사고,0,1,0,0,차대사람 - 기타,안전운전불이행,건조,맑음,단일로 - 기타,화물,남,58세,상해없음,보행자,여,68세,중상
2012041300100494,2012년 4월 13일 20시,금요일,경상북도 구미시 옥계동,경상사고,0,0,1,0,차대사람 - 기타,안전운전불이행,건조,맑음,단일로 - 기타,이륜,남,16세,상해없음,보행자,남,30세,경상
2012041300100495,2012년 4월 13일 20시,금요일,경상북도 포항시 남구 이동,경상사고,0,0,1,0,차대사람 - 기타,안전운전불이행,건조,맑음,단일로 - 기타,기타불명,기타불명,기타불명,기타불명,보행자,남,42세,경상
2012041300100531,2012년 4월 13일 21시,금요일,경상북도 경주시 외동읍,경상사고,0,0,3,0,차대차 - 추돌 - 진행중,안전운전불이행,건조,맑음,교차로 - 교차로부근,승용,남,37세,상해없음,승용,남,36세,경상
2012041300100532,2012년 4월 13일 21시,금요일,경상북도 상주시 낙동면,사망사고,2,3,6,0,차대차 - 추돌 - 주정차중,안전운전불이행,습기,비,단일로 - 기타,특수,남,58세,상해없음,승용,남,36세,사망
2012041300100565,2012년 4월 13일 22시,금요일,경상북도 구미시 진평동,경상사고,0,0,1,0,차대차 - 측면직각충돌,안전운전불이행,습기,비,단일로 - 기타,승용,남,28세,상해없음,이륜,남,33세,경상
2012041300100605,2012년 4월 13일 23시,금요일,경상북도 포항시 남구 대도동,중상사고,0,1,0,0,차대사람 - 기타,보행자보호의무위반,건조,맑음,교차로 - 교차로안,승합,남,59세,상해없음,보행자,여,37세,중상
2012041400100075,2012년 4월 14일 03시,토요일,경상북도 경산시 조영동,중상사고,0,1,0,0,차대사람 - 기타,안전운전불이행,건조,맑음,단일로 - 기타,승용,남,25세,기타불명,보행자,남,21세,중상
2012041400100076,2012년 4월 14일 03시,토요일,경상북도 구미시 공단동,중상사고,0,2,1,0,차대차 - 추돌 - 주정차중,안전운전불이행,건조,맑음,교차로 - 교차로부근,승용,여,35세,중상,승용,남,45세,경상
2012041400100109,2012년 4월 14일 05시,토요일,경상북도 영주시 가흥동,경상사고,0,0,2,0,차대차 - 측면직각충돌,교차로운행방법위반,건조,흐림,교차로 - 교차로안,화물,남,57세,경상,승용,남,38세,경상
2012041400100122,2012년 4월 14일 06시,토요일,경상북도 성주군 수륜면,중상사고,0,1,0,0,차량단독 - 공작물충돌,안전운전불이행,건조,흐림,단일로 - 기타,화물,남,33세,중상,,,,
2012041400100159,2012년 4월 14일 08시,토요일,경상북도 울진군 울진읍,중상사고,0,1,0,0,차대차 - 추돌 - 진행중,안전운전불이행,건조,맑음,교차로 - 교차로안,이륜,남,49세,중상,화물,남,38세,상해없음
2012041400100179,2012년 4월 14일 09시,토요일,경상북도 경주시 사정동,중상사고,0,1,0,0,차대차 - 기타,안전운전불이행,건조,맑음,단일로 - 기타,승합,남,41세,상해없음,자전거,여,63세,중상
2012041400100180,2012년 4월 14일 09시,토요일,경상북도 문경시 모전동,경상사고,0,0,1,0,차대차 - 기타,안전운전불이행,건조,맑음,단일로 - 기타,원동기,남,77세,경상,승용,남,42세,상해없음
2012041400100203,2012년 4월 14일 10시,토요일,경상북도 경주시 양남면,중상사고,0,1,0,0,차대차 - 추돌 - 진행중,안전운전불이행,건조,맑음,단일로 - 기타,화물,남,59세,상해없음,승용,남,30세,상해없음
2012041400100204,2012년 4월 14일 10시,토요일,경상북도 구미시 도량동,경상사고,0,0,1,0,차대사람 - 횡단중,기타,건조,맑음,단일로 - 횡단보도상,기타불명,기타불명,기타불명,기타불명,보행자,여,13세,경상
2012041400100236,2012년 4월 14일 11시,토요일,경상북도 포항시 북구 장성동,경상사고,0,0,3,0,차대차 - 기타,안전거리미확보,건조,맑음,교차로 - 교차로안,승합,남,32세,상해없음,승용,남,30세,경상
2012041400100237,2012년 4월 14일 11시,토요일,경상북도 김천시 황금동,중상사고,0,1,0,0,차대사람 - 기타,안전운전불이행,건조,맑음,단일로 - 기타,승용,남,57세,상해없음,보행자,여,57세,중상
2012041400100238,2012년 4월 14일 11시,토요일,경상북도 구미시 인의동,중상사고,0,1,0,0,차대차 - 측면직각충돌,안전운전불이행,건조,맑음,교차로 - 교차로안,승용,남,23세,상해없음,승용,남,38세,중상
2012041400100239,2012년 4월 14일 11시,토요일,경상북도 경주시 성건동,경상사고,0,0,4,0,차대차 - 추돌 - 주정차중,안전운전불이행,건조,맑음,단일로 - 기타,승용,남,48세,상해없음,승용,여,41세,경상
2012041400100275,2012년 4월 14일 12시,토요일,경상북도 경주시 성건동,중상사고,0,1,0,0,차대사람 - 횡단중,안전운전불이행,건조,맑음,단일로 - 기타,승용,남,28세,상해없음,보행자,여,77세,중상
2012041400100276,2012년 4월 14일 12시,토요일,경상북도 구미시 봉곡동,중상사고,0,2,2,0,차대차 - 측면직각충돌,안전운전불이행,건조,맑음,단일로 - 기타,승용,여,42세,상해없음,승용,남,49세,중상
2012041400100277,2012년 4월 14일 12시,토요일,경상북도 포항시 남구 지곡동,경상사고,0,0,1,0,차대차 - 기타,교차로운행방법위반,건조,맑음,교차로 - 교차로안,승용,남,33세,상해없음,자전거,여,53세,경상
2012041400100334,2012년 4월 14일 13시,토요일,경상북도 경주시 조양동,중상사고,0,1,0,0,차대차 - 추돌 - 주정차중,안전운전불이행,건조,맑음,단일로 - 기타,화물,남,59세,상해없음,승용,남,25세,중상
2012041400100335,2012년 4월 14일 13시,토요일,경상북도 경주시 배반동,경상사고,0,0,1,0,차대차 - 추돌 - 주정차중,안전운전불이행,건조,맑음,단일로 - 기타,승용,남,32세,상해없음,화물,남,48세,경상
2012041400100336,2012년 4월 14일 13시,토요일,경상북도 영주시 하망동,경상사고,0,0,2,0,차대차 - 추돌 - 진행중,안전운전불이행,건조,맑음,단일로 - 기타,승용,남,81세,상해없음,승용,남,28세,경상
2012041400100337,2012년 4월 14일 13시,토요일,경상북도 문경시 산양면,중상사고,0,1,0,0,차량단독 - 공작물충돌,안전운전불이행,건조,맑음,단일로 - 기타,승용,남,34세,상해없음,,,,
2012041400100338,2012년 4월 14일 13시,토요일,경상북도 영덕군 남정면,경상사고,0,0,1,0,차량단독 - 전도전복,안전운전불이행,건조,맑음,교차로 - 교차로부근,승용,여,21세,경상,,,,
2012041400100339,2012년 4월 14일 13시,토요일,경상북도 청도군 청도읍,경상사고,0,0,1,0,차대차 - 추돌 - 진행중,안전운전불이행,건조,맑음,교차로 - 교차로부근,화물,여,49세,상해없음,원동기,남,81세,경상
2012041400100375,2012년 4월 14일 14시,토요일,경상북도 경주시 안강읍,중상사고,0,1,0,0,차대차 - 측면직각충돌,안전운전불이행,건조,맑음,교차로 - 교차로안,승용,여,42세,상해없음,원동기,남,18세,중상
2012041400100376,2012년 4월 14일 14시,토요일,경상북도 경주시 배반동,중상사고,0,2,3,1,차대차 - 추돌 - 주정차중,안전운전불이행,건조,맑음,단일로 - 기타,승합,남,60세,상해없음,승용,남,53세,상해없음
2012041400100377,2012년 4월 14일 14시,토요일,경상북도 포항시 북구 죽도동,경상사고,0,0,1,0,차대차 - 기타,안전거리미확보,건조,맑음,교차로 - 교차로부근,승용,여,40세,상해없음,승용,남,46세,상해없음
2012041400100378,2012년 4월 14일 14시,토요일,경상북도 울진군 울진읍,중상사고,0,1,0,0,차대사람 - 차도통행중,안전운전불이행,건조,맑음,교차로 - 교차로안,승용,남,41세,상해없음,보행자,여,11세,중상
2012041400100379,2012년 4월 14일 14시,토요일,경상북도 고령군 고령읍,경상사고,0,0,2,1,차대차 - 추돌 - 진행중,안전운전불이행,건조,맑음,교차로 - 교차로안,승용,남,43세,상해없음,승용,여,59세,부상신고
2012041400100380,2012년 4월 14일 14시,토요일,경상북도 구미시 남통동,중상사고,0,1,0,0,차대사람 - 기타,기타,건조,맑음,단일로 - 횡단보도상,기타불명,기타불명,기타불명,기타불명,보행자,여,16세,중상
2012041400100381,2012년 4월 14일 14시,토요일,경상북도 포항시 남구 상도동,중상사고,0,1,1,0,차대차 - 측면직각충돌,안전운전불이행,건조,맑음,교차로 - 교차로안,승용,여,39세,상해없음,승용,남,47세,경상
2012041400100382,2012년 4월 14일 14시,토요일,경상북도 포항시 남구 해도동,중상사고,0,1,0,0,차대차 - 추돌 - 진행중,안전운전불이행,건조,맑음,교차로 - 교차로부근,승용,남,21세,상해없음,승용,여,58세,중상
2012041400100383,2012년 4월 14일 14시,토요일,경상북도 경주시 율동,중상사고,0,2,4,0,차대차 - 추돌 - 주정차중,안전운전불이행,건조,맑음,단일로 - 기타,승용,남,40세,상해없음,승용,남,29세,중상
2012041400100414,2012년 4월 14일 15시,토요일,경상북도 경주시 서부동,중상사고,0,1,0,0,차대차 - 측면직각충돌,안전운전불이행,건조,맑음,교차로 - 교차로안,승용,남,48세,상해없음,이륜,남,18세,중상
2012041400100454,2012년 4월 14일 16시,토요일,경상북도 경주시 구황동,경상사고,0,0,2,0,차대차 - 추돌 - 진행중,안전운전불이행,건조,맑음,단일로 - 기타,승용,여,21세,상해없음,승용,여,29세,경상
2012041400100455,2012년 4월 14일 16시,토요일,경상북도 포항시 북구 환호동,경상사고,0,0,4,0,차대차 - 기타,차로위반,건조,맑음,단일로 - 기타,화물,남,22세,상해없음,승용,남,20세,경상
2012041400100457,2012년 4월 14일 16시,토요일,경상북도 문경시 호계면,중상사고,0,2,0,1,차대차 - 기타,중앙선침범,건조,맑음,단일로 - 기타,이륜,남,71세,부상신고,승합,남,52세,중상
2012041400100458,2012년 4월 14일 16시,토요일,경상북도 고령군 고령읍,중상사고,0,1,0,0,차량단독 - 전도전복,안전운전불이행,건조,맑음,단일로 - 교량,원동기,남,90세 이상,중상,,,90세 이상,
2012041400100495,2012년 4월 14일 17시,토요일,경상북도 경주시 외동읍,중상사고,0,1,0,0,차대사람 - 횡단중,안전운전불이행,건조,맑음,단일로 - 기타,화물,여,53세,상해없음,보행자,남,32세,중상
2012041400100496,2012년 4월 14일 17시,토요일,경상북도 구미시 인의동,경상사고,0,0,1,0,차대사람 - 기타,안전운전불이행,건조,맑음,단일로 - 기타,기타불명,기타불명,기타불명,기타불명,보행자,남,10세,경상
2012041400100532,2012년 4월 14일 18시,토요일,경상북도 경주시 안강읍,경상사고,0,0,2,0,차대사람 - 기타,안전운전불이행,건조,맑음,단일로 - 기타,승용,남,41세,상해없음,보행자,여,40세,경상
2012041400100533,2012년 4월 14일 18시,토요일,경상북도 상주시 냉림동,중상사고,0,1,0,0,차대사람 - 차도통행중,교차로운행방법위반,건조,맑음,교차로 - 교차로안,화물,남,41세,상해없음,보행자,여,49세,중상
2012041400100534,2012년 4월 14일 18시,토요일,경상북도 문경시 모전동,경상사고,0,0,1,0,차대차 - 측면직각충돌,기타,건조,맑음,교차로 - 교차로안,화물,남,41세,상해없음,이륜,남,52세,경상
2012041400100535,2012년 4월 14일 18시,토요일,경상북도 구미시 형곡동,중상사고,0,1,0,0,차대차 - 측면직각충돌,안전운전불이행,건조,맑음,단일로 - 기타,승용,남,39세,상해없음,승용,남,53세,상해없음
2012041400100536,2012년 4월 14일 18시,토요일,경상북도 구미시 임은동,중상사고,0,1,0,0,차대차 - 측면직각충돌,안전운전불이행,건조,맑음,교차로 - 교차로부근,승용,기타불명,기타불명,기타불명,자전거,남,24세,중상
2012041400100586,2012년 4월 14일 19시,토요일,경상북도 경주시 동천동,중상사고,0,1,0,0,차대차 - 기타,교차로운행방법위반,건조,맑음,교차로 - 교차로안,승합,남,52세,상해없음,이륜,남,17세,중상
2012041400100587,2012년 4월 14일 19시,토요일,경상북도 울진군 후포면,경상사고,0,0,2,0,차대차 - 측면직각충돌,안전운전불이행,건조,맑음,교차로 - 교차로안,승용,여,59세,경상,승용,남,51세,경상
2012041400100628,2012년 4월 14일 20시,토요일,경상북도 구미시 옥계동,중상사고,0,2,0,0,차대차 - 측면직각충돌,안전운전불이행,건조,맑음,단일로 - 기타,화물,남,61세,상해없음,승용,남,27세,중상
2012041400100629,2012년 4월 14일 20시,토요일,경상북도 포항시 남구 청림동,중상사고,0,1,0,0,차대차 - 기타,안전운전불이행,건조,맑음,단일로 - 기타,원동기,남,46세,중상,승용,남,41세,상해없음
2012041400100661,2012년 4월 14일 21시,토요일,경상북도 경주시 황남동,경상사고,0,0,2,0,차대차 - 측면직각충돌,중앙선침범,건조,맑음,단일로 - 기타,승용,남,29세,상해없음,승용,남,34세,경상
2012041400100662,2012년 4월 14일 21시,토요일,경상북도 경주시 황성동,경상사고,0,0,1,0,차대차 - 기타,안전운전불이행,건조,맑음,기타 - 기타,승용,남,24세,상해없음,원동기,남,24세,경상
2012041400100663,2012년 4월 14일 21시,토요일,경상북도 안동시 풍산읍,중상사고,0,1,0,0,차대차 - 추돌 - 주정차중,안전운전불이행,건조,맑음,단일로 - 기타,화물,남,41세,상해없음,화물,남,61세,기타불명
2012041400100683,2012년 4월 14일 22시,토요일,경상북도 구미시 형곡동,경상사고,0,0,1,0,차대사람 - 기타,안전운전불이행,기타,맑음,기타 - 기타,승용,여,44세,상해없음,보행자,남,30세,경상
2012041400100710,2012년 4월 14일 23시,토요일,경상북도 포항시 남구 해도동,경상사고,0,0,1,0,차대차 - 기타,안전운전불이행,건조,맑음,교차로 - 교차로안,화물,남,65세,상해없음,승용,여,28세,경상
2012041500100019,2012년 4월 15일 00시,일요일,경상북도 울진군 울진읍,경상사고,0,0,1,0,차대차 - 추돌 - 주정차중,안전운전불이행,건조,맑음,단일로 - 기타,승합,남,53세,경상,화물,남,54세,기타불명
2012041500100020,2012년 4월 15일 00시,일요일,경상북도 구미시 사곡동,경상사고,0,0,3,0,차대차 - 측면직각충돌,안전운전불이행,건조,맑음,교차로 - 교차로부근,승용,남,21세,상해없음,승용,여,26세,경상
2012041500100048,2012년 4월 15일 01시,일요일,경상북도 포항시 남구 효자동,중상사고,0,1,0,0,차량단독 - 공작물충돌,안전운전불이행,건조,맑음,교차로 - 교차로안,승용,남,36세,중상,,,,
2012041500100049,2012년 4월 15일 01시,일요일,경상북도 포항시 남구 효자동,경상사고,0,0,1,0,차대사람 - 기타,안전운전불이행,건조,맑음,단일로 - 기타,승용,남,45세,상해없음,보행자,남,36세,경상
2012041500100072,2012년 4월 15일 02시,일요일,경상북도 포항시 북구 상원동,경상사고,0,0,1,0,차대차 - 기타,안전운전불이행,건조,맑음,교차로 - 교차로부근,승용,남,24세,상해없음,승용,남,48세,경상
2012041500100073,2012년 4월 15일 02시,일요일,경상북도 포항시 북구 상원동,경상사고,0,0,2,0,차대차 - 기타,안전거리미확보,건조,맑음,교차로 - 교차로부근,승용,남,59세,상해없음,승용,남,26세,경상
2012041500100074,2012년 4월 15일 02시,일요일,경상북도 상주시 만산동,경상사고,0,0,1,0,차대사람 - 기타,안전운전불이행,건조,맑음,단일로 - 기타,승용,남,27세,상해없음,보행자,남,21세,경상
2012041500100120,2012년 4월 15일 05시,일요일,경상북도 포항시 북구 죽도동,경상사고,0,0,1,0,차대차 - 추돌 - 주정차중,안전거리미확보,건조,맑음,단일로 - 기타,승용,남,27세,상해없음,승용,남,24세,경상
2012041500100132,2012년 4월 15일 06시,일요일,경상북도 포항시 남구 동해면,경상사고,0,0,5,0,차량단독 - 공작물충돌,안전운전불이행,건조,맑음,단일로 - 기타,승용,여,19세,경상,,,,
2012041500100142,2012년 4월 15일 07시,일요일,경상북도 경주시 양북면,경상사고,0,0,3,0,차량단독 - 전도전복,안전운전불이행,건조,맑음,단일로 - 기타,승용,남,26세,경상,,,,
2012041500100153,2012년 4월 15일 08시,일요일,경상북도 청도군 화양읍,경상사고,0,0,2,0,차대차 - 정면충돌,중앙선침범,건조,맑음,단일로 - 기타,화물,남,66세,경상,화물,남,51세,경상
2012041500100175,2012년 4월 15일 09시,일요일,경상북도 포항시 북구 장성동,경상사고,0,0,1,0,차대차 - 기타,안전운전불이행,건조,맑음,교차로 - 교차로부근,승합,여,47세,상해없음,원동기,여,18세,경상
2012041500100176,2012년 4월 15일 09시,일요일,경상북도 포항시 북구 장성동,경상사고,0,0,1,0,차대차 - 기타,교차로운행방법위반,건조,맑음,교차로 - 교차로안,승용,여,51세,상해없음,승용,남,47세,상해없음
2012041500100177,2012년 4월 15일 09시,일요일,경상북도 청도군 화양읍,경상사고,0,0,1,0,차대차 - 기타,중앙선침범,건조,맑음,단일로 - 기타,승용,남,52세,상해없음,승용,남,60세,경상
2012041500100195,2012년 4월 15일 10시,일요일,경상북도 영주시 문수면,중상사고,0,1,0,0,차량단독 - 공작물충돌,안전운전불이행,건조,맑음,기타 - 기타,승용,남,61세,중상,,,,
2012041500100211,2012년 4월 15일 11시,일요일,경상북도 칠곡군 지천면,부상신고사고,0,0,0,1,차대차 - 기타,안전운전불이행,건조,맑음,교차로 - 교차로안,승용,남,29세,부상신고,승용,남,33세,상해없음
2012041500100240,2012년 4월 15일 12시,일요일,경상북도 경주시 충효동,중상사고,0,1,3,0,차대차 - 측면직각충돌,불법유턴,건조,맑음,단일로 - 기타,승용,남,79세,상해없음,승용,남,51세,경상
2012041500100241,2012년 4월 15일 12시,일요일,경상북도 경주시 시래동,중상사고,0,1,0,0,차대차 - 추돌 - 진행중,안전운전불이행,건조,맑음,단일로 - 기타,승용,남,28세,상해없음,승용,남,59세,상해없음
2012041500100242,2012년 4월 15일 12시,일요일,경상북도 영천시 문외동,경상사고,0,0,1,0,차대차 - 측면직각충돌,안전운전불이행,건조,맑음,교차로 - 교차로부근,이륜,남,19세,경상,승용,여,41세,상해없음
2012041500100267,2012년 4월 15일 13시,일요일,경상북도 경주시 석장동,중상사고,0,1,0,0,차대차 - 기타,안전운전불이행,건조,맑음,기타 - 기타,자전거,남,17세,중상,승합,남,59세,상해없음
2012041500100268,2012년 4월 15일 13시,일요일,경상북도 경주시 건천읍,중상사고,0,2,9,1,차대차 - 추돌 - 주정차중,안전운전불이행,건조,맑음,단일로 - 기타,승용,남,44세,상해없음,승용,남,34세,중상
2012041500100293,2012년 4월 15일 14시,일요일,경상북도 경주시 천군동,부상신고사고,0,0,0,1,차대차 - 측면직각충돌,안전운전불이행,건조,맑음,교차로 - 교차로안,이륜,남,29세,부상신고,승용,남,51세,상해없음
2012041500100294,2012년 4월 15일 14시,일요일,경상북도 포항시 북구 죽도동,경상사고,0,0,1,0,차대차 - 기타,안전거리미확보,건조,맑음,단일로 - 기타,승용,남,41세,상해없음,이륜,남,19세,경상
2012041500100326,2012년 4월 15일 15시,일요일,경상북도 구미시 원평동,경상사고,0,0,1,0,차대차 - 측면직각충돌,교차로운행방법위반,건조,맑음,교차로 - 교차로안,승용,남,48세,상해없음,원동기,남,47세,경상
2012041500100327,2012년 4월 15일 15시,일요일,경상북도 포항시 남구 대송면,경상사고,0,0,1,0,차대차 - 측면직각충돌,안전운전불이행,건조,맑음,교차로 - 교차로안,원동기,남,57세,상해없음,승용,남,30세,경상
2012041500100328,2012년 4월 15일 15시,일요일,경상북도 포항시 남구 송내동,경상사고,0,0,3,0,차량단독 - 기타,안전운전불이행,건조,맑음,교차로 - 교차로부근,승용,남,58세,상해없음,,,,
2012041500100358,2012년 4월 15일 16시,일요일,경상북도 경주시 외동읍,중상사고,0,4,3,0,차대차 - 측면직각충돌,중앙선침범,건조,맑음,단일로 - 기타,승합,남,34세,중상,승용,여,32세,중상
2012041500100392,2012년 4월 15일 17시,일요일,경상북도 청도군 청도읍,중상사고,0,1,0,0,차대차 - 추돌 - 주정차중,안전운전불이행,건조,맑음,단일로 - 기타,승용,남,38세,기타불명,승용,남,22세,중상
2012041500100393,2012년 4월 15일 17시,일요일,경상북도 포항시 남구 오천읍,경상사고,0,0,3,0,차대차 - 측면직각충돌,기타,건조,맑음,교차로 - 교차로안,승용,남,54세,상해없음,승용,남,55세,경상
2012041500100417,2012년 4월 15일 18시,일요일,경상북도 칠곡군 석적읍,경상사고,0,0,1,0,차대차 - 추돌 - 진행중,신호위반,건조,맑음,교차로 - 교차로안,승용,남,30세,상해없음,승용,남,30세,경상
2012041500100418,2012년 4월 15일 18시,일요일,경상북도 칠곡군 동명면,사망사고,1,0,0,0,차대차 - 기타,안전운전불이행,건조,맑음,단일로 - 기타,승용,남,47세,상해없음,이륜,남,26세,사망
2012041500100448,2012년 4월 15일 19시,일요일,경상북도 경주시 동천동,경상사고,0,0,1,0,차대사람 - 길가장자리구역통행중,안전운전불이행,건조,맑음,단일로 - 기타,기타불명,기타불명,기타불명,기타불명,보행자,여,39세,경상
2012041500100449,2012년 4월 15일 19시,일요일,경상북도 경주시 천군동,경상사고,0,0,1,0,차대차 - 추돌 - 진행중,안전운전불이행,건조,맑음,기타 - 기타,이륜,남,25세,상해없음,이륜,남,48세,경상
2012041500100450,2012년 4월 15일 19시,일요일,경상북도 포항시 북구 죽도동,중상사고,0,1,0,0,차대사람 - 기타,안전운전불이행,건조,맑음,기타 - 기타,승용,남,25세,상해없음,보행자,여,69세,중상
2012041500100451,2012년 4월 15일 19시,일요일,경상북도 상주시 화서면,중상사고,0,2,0,0,차대차 - 추돌 - 주정차중,안전운전불이행,건조,맑음,단일로 - 기타,화물,남,60세,상해없음,농기계,남,73세,중상
2012041500100452,2012년 4월 15일 19시,일요일,경상북도 칠곡군 가산면,경상사고,0,0,2,0,차대차 - 기타,안전운전불이행,건조,맑음,단일로 - 기타,화물,남,38세,상해없음,화물,남,50세,경상
2012041500100498,2012년 4월 15일 21시,일요일,경상북도 포항시 북구 흥해읍,경상사고,0,0,1,0,차대차 - 기타,신호위반,건조,맑음,교차로 - 교차로부근,승용,남,61세,상해없음,승용,남,55세,상해없음
2012041500100499,2012년 4월 15일 21시,일요일,경상북도 구미시 시미동,사망사고,1,0,0,0,차대차 - 측면직각충돌,안전운전불이행,건조,맑음,교차로 - 교차로안,이륜,남,50세,사망,승용,남,31세,상해없음
2012041500100524,2012년 4월 15일 22시,일요일,경상북도 경주시 외동읍,경상사고,0,0,1,0,차대사람 - 기타,안전운전불이행,건조,맑음,단일로 - 기타,승용,남,30세,상해없음,보행자,남,45세,경상
2012041500100525,2012년 4월 15일 22시,일요일,경상북도 김천시 백옥동,경상사고,0,0,2,0,차대차 - 측면직각충돌,교차로운행방법위반,건조,맑음,교차로 - 교차로안,승용,남,64세,상해없음,승용,여,54세,상해없음
2012041500100526,2012년 4월 15일 22시,일요일,경상북도 성주군 성주읍,중상사고,0,1,1,0,차대사람 - 기타,안전운전불이행,건조,맑음,단일로 - 기타,이륜,남,67세,중상,보행자,남,53세,경상
2012041500100552,2012년 4월 15일 23시,일요일,경상북도 구미시 송정동,사망사고,1,0,0,0,차대사람 - 보도통행중,신호위반,건조,맑음,단일로 - 횡단보도상,승합,남,49세,상해없음,보행자,여,20세,사망
2012041500100553,2012년 4월 15일 23시,일요일,경상북도 구미시 남통동,경상사고,0,0,1,0,차대차 - 측면직각충돌,안전운전불이행,건조,맑음,단일로 - 기타,승용,남,33세,상해없음,승용,남,30세,상해없음
2012041500100554,2012년 4월 15일 23시,일요일,경상북도 상주시 낙동면,중상사고,0,1,2,0,차대차 - 기타,안전운전불이행,건조,맑음,단일로 - 기타,화물,남,47세,상해없음,승용,여,42세,중상
2012041600100058,2012년 4월 16일 06시,월요일,경상북도 안동시 옥동,경상사고,0,0,1,0,차대차 - 측면직각충돌,안전거리미확보,건조,맑음,단일로 - 기타,승용,남,50세,상해없음,승용,남,34세,경상
2012041600100059,2012년 4월 16일 06시,월요일,경상북도 김천시 아포읍,중상사고,0,1,1,0,차대차 - 측면직각충돌,안전운전불이행,건조,맑음,교차로 - 교차로안,승합,남,23세,상해없음,승용,남,30세,경상
2012041600100077,2012년 4월 16일 07시,월요일,경상북도 포항시 북구 청하면,경상사고,0,0,3,0,차대차 - 기타,안전거리미확보,건조,맑음,교차로 - 교차로부근,승용,남,64세,경상,승용,남,50세,경상
2012041600100078,2012년 4월 16일 07시,월요일,경상북도 포항시 남구 인덕동,경상사고,0,0,1,0,차대차 - 추돌 - 진행중,안전운전불이행,건조,맑음,교차로 - 교차로부근,승용,남,39세,상해없음,승용,남,25세,경상
2012041600100113,2012년 4월 16일 08시,월요일,경상북도 영주시 풍기읍,중상사고,0,2,0,0,차대차 - 측면직각충돌,직진우회전진행방해,건조,맑음,교차로 - 교차로안,승합,여,46세,중상,승용,여,43세,중상
2012041600100114,2012년 4월 16일 08시,월요일,경상북도 포항시 남구 해도동,중상사고,0,1,1,0,차대차 - 기타,중앙선침범,건조,맑음,단일로 - 기타,승용,남,58세,상해없음,승용,여,45세,중상