사고번호,사고일시,요일,시군구,사고내용,사망자수,중상자수,경상자수,부상신고자수,사고유형,법규위반,노면상태,기상상태,도로형태,가해운전자 차종,가해운전자 성별,가해운전자 연령,가해운전자 상해정도,피해운전자 차종,피해운전자 성별,피해운전자 연령,피해운전자 상해정도
2012041600100141,2012년 4월 16일 09시,월요일,경상북도 문경시 영순면,경상사고,0,0,1,0,차대차 - 기타,기타,건조,맑음,교차로 - 교차로안,승용,여,60세,상해없음,농기계,남,80세,경상
2012041600100142,2012년 4월 16일 09시,월요일,경상북도 예천군 예천읍,경상사고,0,0,1,0,차대차 - 측면직각충돌,안전운전불이행,건조,맑음,교차로 - 교차로안,승용,여,48세,상해없음,이륜,남,75세,경상
2012041600100143,2012년 4월 16일 09시,월요일,경상북도 상주시 낙동면,경상사고,0,0,1,0,차대차 - 추돌 - 진행중,안전거리미확보,건조,맑음,단일로 - 기타,승용,남,43세,상해없음,승합,남,42세,상해없음
2012041600100169,2012년 4월 16일 10시,월요일,경상북도 경주시 외동읍,중상사고,0,2,0,0,차대차 - 측면직각충돌,안전운전불이행,건조,맑음,교차로 - 교차로부근,화물,남,40세,상해없음,승용,남,61세,중상
2012041600100170,2012년 4월 16일 10시,월요일,경상북도 안동시 풍산읍,경상사고,0,0,1,0,차대차 - 측면직각충돌,직진우회전진행방해,건조,맑음,교차로 - 교차로안,건설기계,남,33세,상해없음,승용,남,51세,경상
2012041600100171,2012년 4월 16일 10시,월요일,경상북도 예천군 감천면,경상사고,0,0,3,0,차대차 - 측면직각충돌,안전운전불이행,건조,맑음,교차로 - 교차로안,승용,남,79세,경상,화물,남,54세,경상
2012041600100172,2012년 4월 16일 10시,월요일,경상북도 성주군 성주읍,중상사고,0,1,0,0,차대차 - 측면직각충돌,직진우회전진행방해,건조,맑음,교차로 - 교차로안,농기계,남,74세,중상,화물,남,71세,상해없음
2012041600100205,2012년 4월 16일 11시,월요일,경상북도 포항시 남구 구룡포읍,중상사고,0,1,0,0,차대차 - 기타,안전운전불이행,건조,맑음,교차로 - 교차로부근,화물,남,44세,상해없음,이륜,남,73세,중상
2012041600100236,2012년 4월 16일 12시,월요일,경상북도 영주시 가흥동,경상사고,0,0,1,0,차대차 - 측면직각충돌,직진우회전진행방해,건조,맑음,교차로 - 교차로안,화물,남,39세,경상,건설기계,남,49세,상해없음
2012041600100326,2012년 4월 16일 15시,월요일,경상북도 경주시 성건동,중상사고,0,1,0,0,차대차 - 추돌 - 진행중,안전운전불이행,건조,맑음,단일로 - 기타,원동기,남,17세,중상,승합,미분류,기타불명,기타불명
2012041600100327,2012년 4월 16일 15시,월요일,경상북도 포항시 북구 장성동,경상사고,0,0,1,0,차량단독 - 기타,기타,건조,맑음,단일로 - 기타,승합,여,43세,상해없음,,,,
2012041600100328,2012년 4월 16일 15시,월요일,경상북도 안동시 평화동,경상사고,0,0,1,0,차대차 - 추돌 - 진행중,불법유턴,건조,맑음,단일로 - 기타,승용,남,44세,상해없음,승합,남,37세,경상
2012041600100329,2012년 4월 16일 15시,월요일,경상북도 상주시 화서면,중상사고,0,1,0,0,차량단독 - 공작물충돌,안전운전불이행,건조,맑음,단일로 - 기타,승용,남,75세,상해없음,,,,
2012041600100330,2012년 4월 16일 15시,월요일,경상북도 경산시 하양읍,경상사고,0,0,1,0,차대차 - 기타,안전운전불이행,건조,맑음,단일로 - 기타,승용,남,18세,상해없음,이륜,남,33세,경상
2012041600100331,2012년 4월 16일 15시,월요일,경상북도 성주군 성주읍,중상사고,0,1,0,0,차대차 - 기타,직진우회전진행방해,건조,맑음,교차로 - 교차로안,이륜,남,88세,중상,화물,남,73세,상해없음
2012041600100332,2012년 4월 16일 15시,월요일,경상북도 영양군 청기면,사망사고,1,0,0,0,차량단독 - 도로외이탈 - 기타,안전운전불이행,건조,맑음,단일로 - 기타,승용,남,73세,사망,,,,
2012041600100333,2012년 4월 16일 15시,월요일,경상북도 칠곡군 동명면,중상사고,0,1,0,0,차대차 - 기타,기타,건조,맑음,단일로 - 터널,건설기계,기타불명,기타불명,기타불명,승용,남,33세,상해없음
2012041600100366,2012년 4월 16일 16시,월요일,경상북도 영주시 풍기읍,경상사고,0,0,1,0,차대차 - 측면직각충돌,안전운전불이행,건조,맑음,교차로 - 교차로부근,승용,남,61세,상해없음,자전거,여,8세,경상
2012041600100367,2012년 4월 16일 16시,월요일,경상북도 성주군 벽진면,경상사고,0,0,2,0,차대차 - 측면직각충돌,직진우회전진행방해,건조,맑음,교차로 - 교차로안,화물,남,56세,경상,승합,남,55세,경상
2012041600100394,2012년 4월 16일 17시,월요일,경상북도 영천시 문외동,경상사고,0,0,1,0,차대차 - 추돌 - 진행중,안전운전불이행,건조,맑음,단일로 - 기타,화물,남,68세,상해없음,승용,여,41세,경상
2012041600100431,2012년 4월 16일 18시,월요일,경상북도 김천시 지좌동,경상사고,0,0,1,0,차대차 - 측면직각충돌,안전거리미확보,건조,맑음,교차로 - 교차로부근,승합,남,33세,상해없음,승용,여,48세,경상
2012041600100468,2012년 4월 16일 19시,월요일,경상북도 구미시 송정동,경상사고,0,0,2,0,차대차 - 측면직각충돌,신호위반,건조,맑음,교차로 - 교차로안,승용,여,34세,기타불명,승용,남,39세,경상
2012041600100469,2012년 4월 16일 19시,월요일,경상북도 경주시 건천읍,경상사고,0,0,3,0,차대차 - 기타,안전운전불이행,건조,맑음,단일로 - 기타,승용,남,56세,기타불명,승용,남,35세,경상
2012041600100498,2012년 4월 16일 20시,월요일,경상북도 경주시 현곡면,경상사고,0,0,1,0,차대차 - 정면충돌,중앙선침범,건조,맑음,단일로 - 기타,화물,남,73세,상해없음,승용,남,42세,경상
2012041600100499,2012년 4월 16일 20시,월요일,경상북도 의성군 봉양면,사망사고,1,1,0,0,차대사람 - 기타,안전운전불이행,건조,맑음,단일로 - 기타,승용,남,29세,중상,보행자,남,45세,사망
2012041600100500,2012년 4월 16일 20시,월요일,경상북도 영천시 금호읍,중상사고,0,3,0,0,차대차 - 기타,안전운전불이행,건조,맑음,단일로 - 기타,승용,기타불명,기타불명,기타불명,화물,남,43세,중상
2012041600100533,2012년 4월 16일 21시,월요일,경상북도 구미시 옥계동,경상사고,0,0,1,0,차대차 - 추돌 - 주정차중,안전운전불이행,건조,맑음,기타 - 기타,기타불명,기타불명,기타불명,기타불명,승용,남,32세,경상
2012041600100558,2012년 4월 16일 22시,월요일,경상북도 구미시 상모동,경상사고,0,0,1,0,차대차 - 추돌 - 주정차중,안전운전불이행,건조,맑음,교차로 - 교차로부근,이륜,남,45세,상해없음,승용,남,26세,경상
2012041600100559,2012년 4월 16일 22시,월요일,경상북도 구미시 진평동,경상사고,0,0,1,0,차대차 - 추돌 - 주정차중,안전운전불이행,건조,맑음,교차로 - 교차로안,승용,남,38세,상해없음,승용,남,45세,경상
2012041600100591,2012년 4월 16일 23시,월요일,경상북도 포항시 북구 죽도동,중상사고,0,1,0,0,차대차 - 기타,교차로운행방법위반,건조,맑음,교차로 - 교차로부근,승용,남,41세,상해없음,승용,여,50세,중상
2012041700100013,2012년 4월 17일 00시,화요일,경상북도 경주시 건천읍,중상사고,0,1,0,0,차대차 - 측면직각충돌,안전운전불이행,건조,맑음,교차로 - 교차로안,화물,남,55세,상해없음,원동기,남,34세,중상
2012041700100014,2012년 4월 17일 00시,화요일,경상북도 포항시 북구 죽도동,경상사고,0,0,2,0,차대차 - 추돌 - 주정차중,안전운전불이행,건조,맑음,교차로 - 교차로부근,승용,여,27세,상해없음,승용,남,43세,경상
2012041700100028,2012년 4월 17일 01시,화요일,경상북도 경주시 용강동,중상사고,0,1,1,0,차대차 - 추돌 - 진행중,안전운전불이행,건조,맑음,단일로 - 기타,승용,남,24세,중상,화물,남,31세,경상
2012041700100029,2012년 4월 17일 01시,화요일,경상북도 포항시 남구 동해면,경상사고,0,0,1,0,차대차 - 측면직각충돌,안전운전불이행,건조,맑음,기타 - 기타,승용,남,43세,상해없음,승용,남,30세,경상
2012041700100043,2012년 4월 17일 02시,화요일,경상북도 경산시 대정동,경상사고,0,0,1,0,차대차 - 기타,안전운전불이행,건조,맑음,교차로 - 교차로부근,기타불명,기타불명,기타불명,기타불명,승용,여,50세,경상
2012041700100053,2012년 4월 17일 03시,화요일,경상북도 칠곡군 석적읍,부상신고사고,0,0,0,1,차대차 - 추돌 - 주정차중,안전운전불이행,건조,맑음,단일로 - 기타,승용,남,29세,부상신고,화물,미분류,기타불명,기타불명
2012041700100076,2012년 4월 17일 06시,화요일,경상북도 안동시 태화동,경상사고,0,0,1,1,차대차 - 측면직각충돌,직진우회전진행방해,건조,맑음,교차로 - 교차로안,화물,남,48세,상해없음,화물,남,54세,경상
2012041700100077,2012년 4월 17일 06시,화요일,경상북도 울릉군 서면,부상신고사고,0,0,0,1,차대차 - 측면직각충돌,교차로운행방법위반,건조,맑음,교차로 - 교차로부근,화물,남,58세,상해없음,승합,남,63세,부상신고
2012041700100078,2012년 4월 17일 06시,화요일,경상북도 구미시 장천면,사망사고,1,0,1,0,차대차 - 측면직각충돌,안전운전불이행,건조,맑음,단일로 - 기타,화물,남,54세,사망,화물,남,43세,경상
2012041700100110,2012년 4월 17일 07시,화요일,경상북도 칠곡군 지천면,경상사고,0,0,2,0,차대차 - 추돌 - 진행중,안전운전불이행,건조,맑음,단일로 - 기타,승용,남,60세,상해없음,화물,남,29세,상해없음
2012041700100111,2012년 4월 17일 07시,화요일,경상북도 영천시 금노동,경상사고,0,0,4,0,차대차 - 측면직각충돌,직진우회전진행방해,건조,맑음,교차로 - 교차로안,승용,남,59세,상해없음,승용,남,58세,경상
2012041700100112,2012년 4월 17일 07시,화요일,경상북도 구미시 선산읍,경상사고,0,0,2,0,차대차 - 기타,안전거리미확보,건조,맑음,단일로 - 기타,화물,남,52세,상해없음,화물,남,30세,경상
2012041700100149,2012년 4월 17일 08시,화요일,경상북도 경주시 시래동,중상사고,0,3,0,0,차대차 - 측면직각충돌,안전운전불이행,건조,맑음,단일로 - 기타,승용,남,43세,중상,건설기계,남,64세,상해없음
2012041700100150,2012년 4월 17일 08시,화요일,경상북도 영천시 완산동,중상사고,0,1,0,0,차대차 - 측면직각충돌,신호위반,건조,맑음,교차로 - 교차로안,화물,남,49세,상해없음,승용,여,51세,중상
2012041700100179,2012년 4월 17일 09시,화요일,경상북도 경주시 손곡동,경상사고,0,0,1,1,차대차 - 측면직각충돌,안전운전불이행,건조,맑음,교차로 - 교차로안,승용,남,27세,부상신고,승용,남,69세,경상
2012041700100180,2012년 4월 17일 09시,화요일,경상북도 고령군 고령읍,중상사고,0,1,0,0,차대차 - 추돌 - 주정차중,교차로운행방법위반,건조,맑음,교차로 - 교차로안,승용,여,39세,상해없음,자전거,여,75세,중상
2012041700100213,2012년 4월 17일 10시,화요일,경상북도 의성군 의성읍,중상사고,0,1,0,0,차대차 - 측면직각충돌,교차로운행방법위반,건조,맑음,교차로 - 교차로안,승합,남,63세,상해없음,승용,여,28세,중상
2012041700100214,2012년 4월 17일 10시,화요일,경상북도 영천시 금호읍,중상사고,0,1,0,0,차대사람 - 횡단중,보행자보호의무위반,건조,맑음,단일로 - 횡단보도상,승용,여,52세,상해없음,보행자,여,72세,중상
2012041700100215,2012년 4월 17일 10시,화요일,경상북도 경산시 진량읍,중상사고,0,1,0,0,차대사람 - 기타,안전운전불이행,건조,맑음,기타 - 기타,원동기,남,21세,상해없음,보행자,미분류,23세,중상
2012041700100216,2012년 4월 17일 10시,화요일,경상북도 구미시 옥성면,경상사고,0,0,1,0,차대차 - 추돌 - 주정차중,안전거리미확보,건조,맑음,단일로 - 기타,화물,남,50세,상해없음,승용,남,49세,경상
2012041700100237,2012년 4월 17일 11시,화요일,경상북도 경주시 충효동,중상사고,0,1,0,0,차대차 - 측면직각충돌,안전운전불이행,건조,맑음,기타 - 기타,승용,남,50세,상해없음,자전거,남,49세,중상
2012041700100238,2012년 4월 17일 11시,화요일,경상북도 구미시 옥계동,경상사고,0,0,1,0,차대차 - 측면직각충돌,안전운전불이행,건조,맑음,단일로 - 기타,승용,남,44세,상해없음,승용,남,34세,경상
2012041700100283,2012년 4월 17일 13시,화요일,경상북도 구미시 도량동,경상사고,0,0,1,0,차대차 - 기타,교차로운행방법위반,건조,맑음,교차로 - 교차로안,승용,여,41세,상해없음,이륜,남,54세,경상
2012041700100308,2012년 4월 17일 14시,화요일,경상북도 포항시 북구 죽도동,경상사고,0,0,1,0,차대차 - 기타,차로위반,건조,맑음,단일로 - 기타,승용,여,50세,상해없음,승합,남,52세,경상
2012041700100339,2012년 4월 17일 15시,화요일,경상북도 포항시 북구 죽도동,중상사고,0,1,0,0,차대사람 - 기타,보행자보호의무위반,건조,맑음,단일로 - 횡단보도상,기타불명,기타불명,기타불명,기타불명,보행자,여,72세,중상
2012041700100340,2012년 4월 17일 15시,화요일,경상북도 영주시 안정면,사망사고,1,1,1,0,차대차 - 측면직각충돌,신호위반,건조,맑음,교차로 - 교차로안,이륜,남,71세,사망,승용,남,52세,경상
2012041700100341,2012년 4월 17일 15시,화요일,경상북도 영주시 하망동,중상사고,0,1,0,0,차대차 - 측면직각충돌,안전운전불이행,건조,맑음,단일로 - 기타,이륜,남,14세,중상,승용,여,32세,상해없음
2012041700100342,2012년 4월 17일 15시,화요일,경상북도 영주시 영주동,경상사고,0,0,1,0,차대차 - 측면직각충돌,안전운전불이행,건조,맑음,교차로 - 교차로부근,승합,남,46세,상해없음,자전거,남,7세,경상
2012041700100343,2012년 4월 17일 15시,화요일,경상북도 영천시 완산동,경상사고,0,0,1,0,차대차 - 추돌 - 주정차중,안전운전불이행,건조,맑음,단일로 - 기타,승용,남,52세,경상,승용,남,33세,기타불명
2012041700100344,2012년 4월 17일 15시,화요일,경상북도 고령군 성산면,중상사고,0,1,1,0,차대차 - 기타,안전운전불이행,건조,맑음,교차로 - 교차로부근,원동기,남,40세,중상,승용,남,25세,경상
2012041700100345,2012년 4월 17일 15시,화요일,경상북도 군위군 군위읍,부상신고사고,0,0,0,1,차대사람 - 기타,안전운전불이행,건조,맑음,교차로 - 교차로부근,기타불명,기타불명,기타불명,기타불명,보행자,남,67세,부상신고
2012041700100346,2012년 4월 17일 15시,화요일,경상북도 구미시 원평동,중상사고,0,1,2,0,차대차 - 측면직각충돌,안전거리미확보,건조,맑음,단일로 - 기타,승용,남,26세,상해없음,승용,남,60세,중상
2012041700100379,2012년 4월 17일 16시,화요일,경상북도 포항시 북구 여천동,경상사고,0,0,4,0,차대차 - 측면직각충돌,교차로운행방법위반,건조,맑음,교차로 - 교차로안,승용,남,66세,상해없음,승용,남,33세,경상
2012041700100380,2012년 4월 17일 16시,화요일,경상북도 안동시 태화동,경상사고,0,0,2,0,차대사람 - 횡단중,안전운전불이행,건조,맑음,단일로 - 기타,화물,남,34세,상해없음,보행자,여,6세,경상
2012041700100381,2012년 4월 17일 16시,화요일,경상북도 성주군 성주읍,경상사고,0,0,1,0,차대차 - 추돌 - 진행중,안전운전불이행,건조,맑음,단일로 - 기타,원동기,남,74세,경상,화물,남,60세,상해없음
2012041700100382,2012년 4월 17일 16시,화요일,경상북도 포항시 남구 해도동,경상사고,0,0,1,0,차대차 - 추돌 - 진행중,안전운전불이행,건조,맑음,단일로 - 기타,승용,남,56세,상해없음,승용,남,49세,상해없음
2012041700100411,2012년 4월 17일 17시,화요일,경상북도 경산시 옥산동,경상사고,0,0,1,0,차대사람 - 기타,안전운전불이행,건조,맑음,교차로 - 교차로부근,기타불명,기타불명,기타불명,기타불명,보행자,남,24세,경상
2012041700100412,2012년 4월 17일 17시,화요일,경상북도 경산시 진량읍,경상사고,0,0,2,0,차대차 - 기타,안전거리미확보,건조,맑음,교차로 - 교차로부근,화물,남,40세,상해없음,승용,여,39세,경상
2012041700100441,2012년 4월 17일 18시,화요일,경상북도 안동시 옥동,경상사고,0,0,1,0,차대사람 - 기타,안전운전불이행,건조,맑음,단일로 - 기타,승용,남,29세,상해없음,보행자,남,8세,경상
2012041700100442,2012년 4월 17일 18시,화요일,경상북도 상주시 남성동,경상사고,0,0,1,0,차대차 - 측면직각충돌,안전운전불이행,건조,맑음,교차로 - 교차로안,승합,남,36세,상해없음,자전거,남,11세,경상
2012041700100443,2012년 4월 17일 18시,화요일,경상북도 영주시 가흥동,경상사고,0,0,2,0,차대차 - 추돌 - 진행중,안전운전불이행,건조,맑음,단일로 - 기타,화물,남,41세,상해없음,승용,여,58세,경상
2012041700100444,2012년 4월 17일 18시,화요일,경상북도 칠곡군 석적읍,경상사고,0,0,1,0,차대사람 - 기타,안전운전불이행,건조,맑음,단일로 - 기타,승합,남,43세,상해없음,보행자,여,9세,경상
2012041700100478,2012년 4월 17일 19시,화요일,경상북도 구미시 고아읍,중상사고,0,2,1,0,차대차 - 측면직각충돌,중앙선침범,건조,맑음,단일로 - 기타,화물,남,69세,중상,승용,남,19세,중상
2012041700100505,2012년 4월 17일 20시,화요일,경상북도 영주시 가흥동,경상사고,0,0,2,0,차대차 - 기타,안전운전불이행,건조,맑음,교차로 - 교차로부근,화물,남,24세,상해없음,승용,남,29세,경상
2012041700100531,2012년 4월 17일 21시,화요일,경상북도 포항시 남구 동촌동,경상사고,0,0,1,0,차대차 - 추돌 - 진행중,중앙선침범,건조,맑음,단일로 - 기타,승용,남,26세,상해없음,이륜,남,54세,경상
2012041700100564,2012년 4월 17일 22시,화요일,경상북도 김천시 남면,사망사고,1,0,0,0,차대차 - 측면직각충돌,안전운전불이행,건조,맑음,단일로 - 기타,화물,남,55세,사망,특수,남,56세,상해없음
2012041700100565,2012년 4월 17일 22시,화요일,경상북도 영천시 야사동,경상사고,0,0,1,0,차대차 - 측면직각충돌,안전운전불이행,건조,맑음,단일로 - 기타,승용,남,44세,상해없음,승용,남,37세,경상
2012041700100566,2012년 4월 17일 22시,화요일,경상북도 경산시 남천면,경상사고,0,0,1,0,차대차 - 기타,안전운전불이행,건조,맑음,교차로 - 교차로부근,승용,남,28세,상해없음,승용,여,37세,경상
2012041700100567,2012년 4월 17일 22시,화요일,경상북도 성주군 초전면,사망사고,1,0,0,0,차량단독 - 전도전복,안전운전불이행,건조,맑음,단일로 - 기타,승용,남,34세,사망,,,,
2012041700100568,2012년 4월 17일 22시,화요일,경상북도 영양군 입암면,경상사고,0,0,1,0,차대차 - 기타,안전운전불이행,건조,맑음,교차로 - 교차로부근,이륜,남,58세,경상,화물,남,40세,상해없음
2012041800100018,2012년 4월 18일 00시,수요일,경상북도 김천시 신음동,경상사고,0,0,1,0,차대차 - 측면직각충돌,안전운전불이행,건조,맑음,교차로 - 교차로안,승용,남,45세,상해없음,이륜,남,30세,경상
2012041800100019,2012년 4월 18일 00시,수요일,경상북도 문경시 점촌동,경상사고,0,0,1,0,차대사람 - 기타,중앙선침범,건조,맑음,단일로 - 기타,승합,여,54세,상해없음,보행자,남,54세,경상
2012041800100044,2012년 4월 18일 02시,수요일,경상북도 안동시 북후면,중상사고,0,1,0,0,차량단독 - 공작물충돌,안전운전불이행,건조,맑음,단일로 - 기타,승용,여,27세,중상,,,,
2012041800100074,2012년 4월 18일 05시,수요일,경상북도 포항시 북구 남빈동,경상사고,0,0,1,0,차대차 - 측면직각충돌,직진우회전진행방해,건조,맑음,교차로 - 교차로안,승용,남,36세,상해없음,승용,남,40세,경상
2012041800100085,2012년 4월 18일 06시,수요일,경상북도 의성군 춘산면,중상사고,0,2,0,0,차량단독 - 도로외이탈 - 추락,안전운전불이행,건조,맑음,단일로 - 기타,승용,남,61세,상해없음,,,,
2012041800100086,2012년 4월 18일 06시,수요일,경상북도 경산시 평산동,중상사고,0,1,0,0,차대차 - 기타,안전운전불이행,건조,맑음,단일로 - 기타,승용,여,28세,상해없음,자전거,남,61세,중상
2012041800100104,2012년 4월 18일 07시,수요일,경상북도 안동시 와룡면,중상사고,0,4,2,0,차대차 - 추돌 - 주정차중,안전운전불이행,건조,맑음,단일로 - 기타,화물,남,65세,중상,화물,남,71세,기타불명
2012041800100105,2012년 4월 18일 07시,수요일,경상북도 김천시 백옥동,경상사고,0,0,1,0,차대차 - 측면직각충돌,안전운전불이행,건조,맑음,교차로 - 교차로안,승합,남,51세,상해없음,자전거,여,45세,경상
2012041800100130,2012년 4월 18일 08시,수요일,경상북도 포항시 북구 두호동,중상사고,0,1,0,0,차대차 - 기타,직진우회전진행방해,건조,맑음,교차로 - 교차로안,승용,남,53세,상해없음,자전거,남,33세,중상
2012041800100131,2012년 4월 18일 08시,수요일,경상북도 경산시 하양읍,경상사고,0,0,1,0,차대차 - 기타,안전운전불이행,건조,맑음,단일로 - 기타,승용,남,48세,상해없음,승용,여,32세,경상
2012041800100166,2012년 4월 18일 09시,수요일,경상북도 구미시 황상동,중상사고,0,1,0,0,차대차 - 추돌 - 진행중,안전운전불이행,건조,맑음,교차로 - 교차로부근,승용,남,35세,상해없음,승용,남,49세,중상
2012041800100167,2012년 4월 18일 09시,수요일,경상북도 구미시 상모동,경상사고,0,0,1,0,차대차 - 추돌 - 진행중,안전거리미확보,건조,맑음,단일로 - 기타,승용,여,42세,경상,화물,남,39세,상해없음
2012041800100185,2012년 4월 18일 10시,수요일,경상북도 경주시 외동읍,경상사고,0,0,1,0,차대사람 - 기타,안전운전불이행,건조,맑음,단일로 - 기타,화물,남,65세,상해없음,보행자,남,42세,경상
2012041800100186,2012년 4월 18일 10시,수요일,경상북도 포항시 북구 죽도동,경상사고,0,0,2,0,차대차 - 측면직각충돌,신호위반,건조,맑음,교차로 - 교차로안,승용,남,59세,경상,승용,남,47세,경상
2012041800100209,2012년 4월 18일 11시,수요일,경상북도 경주시 황성동,경상사고,0,0,1,0,차대차 - 측면직각충돌,안전운전불이행,건조,맑음,교차로 - 교차로안,승용,남,55세,상해없음,승용,여,40세,경상
2012041800100210,2012년 4월 18일 11시,수요일,경상북도 김천시 용두동,경상사고,0,0,3,0,차대차 - 측면직각충돌,안전운전불이행,건조,맑음,단일로 - 기타,승용,남,46세,상해없음,승합,남,54세,경상
2012041800100275,2012년 4월 18일 13시,수요일,경상북도 포항시 북구 우현동,경상사고,0,0,1,0,차대차 - 추돌 - 주정차중,불법유턴,건조,맑음,기타 - 기타,승용,남,49세,상해없음,화물,남,37세,경상
2012041800100276,2012년 4월 18일 13시,수요일,경상북도 안동시 태화동,경상사고,0,0,1,1,차대차 - 측면직각충돌,안전거리미확보,건조,맑음,교차로 - 교차로부근,승용,남,56세,부상신고,승용,남,42세,경상
2012041800100277,2012년 4월 18일 13시,수요일,경상북도 김천시 지좌동,경상사고,0,0,1,0,차대차 - 측면직각충돌,안전운전불이행,건조,맑음,단일로 - 기타,화물,남,49세,상해없음,승합,남,23세,경상
2012041800100306,2012년 4월 18일 14시,수요일,경상북도 안동시 풍산읍,경상사고,0,0,1,0,차대차 - 측면직각충돌,안전운전불이행,건조,맑음,단일로 - 기타,승용,여,36세,상해없음,자전거,남,88세,경상
2012041800100307,2012년 4월 18일 14시,수요일,경상북도 영천시 청통면,경상사고,0,0,1,0,차대차 - 추돌 - 진행중,교차로운행방법위반,건조,맑음,교차로 - 교차로부근,승합,남,52세,상해없음,화물,남,25세,경상
2012041800100308,2012년 4월 18일 14시,수요일,경상북도 경산시 남천면,중상사고,0,2,0,0,차대차 - 기타,안전운전불이행,건조,맑음,교차로 - 교차로안,화물,남,51세,상해없음,이륜,남,74세,중상
2012041800100309,2012년 4월 18일 14시,수요일,경상북도 예천군 용궁면,중상사고,0,1,0,0,차대차 - 추돌 - 진행중,안전운전불이행,건조,맑음,교차로 - 교차로부근,화물,남,41세,상해없음,승용,남,38세,중상
2012041800100310,2012년 4월 18일 14시,수요일,경상북도 청송군 진보면,중상사고,0,3,0,0,차대차 - 추돌 - 주정차중,안전거리미확보,건조,맑음,단일로 - 기타,화물,남,53세,상해없음,화물,남,62세,중상
2012041800100341,2012년 4월 18일 15시,수요일,경상북도 영천시 본촌동,중상사고,0,1,0,0,차대사람 - 횡단중,안전운전불이행,건조,맑음,교차로 - 교차로안,화물,남,42세,상해없음,보행자,여,68세,중상
2012041800100342,2012년 4월 18일 15시,수요일,경상북도 영덕군 영덕읍,경상사고,0,0,1,0,차량단독 - 전도전복,안전운전불이행,건조,맑음,단일로 - 기타,원동기,남,17세,경상,,,,
2012041800100343,2012년 4월 18일 15시,수요일,경상북도 울진군 북면,중상사고,0,1,1,0,차대사람 - 기타,안전운전불이행,건조,맑음,단일로 - 기타,승합,남,42세,상해없음,보행자,여,70세,중상
2012041800100344,2012년 4월 18일 15시,수요일,경상북도 청송군 청송읍,중상사고,0,1,1,0,차대차 - 측면직각충돌,중앙선침범,건조,맑음,단일로 - 기타,승용,남,59세,상해없음,원동기,남,29세,중상
2012041800100367,2012년 4월 18일 16시,수요일,경상북도 경산시 와촌면,중상사고,0,1,0,0,차대차 - 기타,안전운전불이행,건조,맑음,단일로 - 기타,화물,남,63세,상해없음,원동기,남,78세,중상
2012041800100368,2012년 4월 18일 16시,수요일,경상북도 영덕군 축산면,사망사고,1,0,0,0,차대차 - 측면직각충돌,중앙선침범,건조,맑음,교차로 - 교차로부근,이륜,남,82세,사망,승용,남,51세,상해없음
2012041800100395,2012년 4월 18일 17시,수요일,경상북도 의성군 봉양면,사망사고,1,1,0,0,차대차 - 정면충돌,중앙선침범,건조,맑음,교차로 - 교차로안,승용,남,24세,사망,건설기계,남,41세,중상
2012041800100433,2012년 4월 18일 18시,수요일,경상북도 의성군 단북면,경상사고,0,0,1,0,차대차 - 기타,안전운전불이행,건조,맑음,교차로 - 교차로안,화물,남,31세,상해없음,이륜,남,71세,경상
2012041800100464,2012년 4월 18일 19시,수요일,경상북도 경주시 동천동,중상사고,0,1,0,0,차량단독 - 공작물충돌,안전운전불이행,건조,맑음,단일로 - 기타,승용,여,49세,중상,,,,
2012041800100465,2012년 4월 18일 19시,수요일,경상북도 상주시 공성면,중상사고,0,1,0,0,차대차 - 측면직각충돌,안전운전불이행,건조,맑음,교차로 - 교차로안,승용,여,51세,상해없음,이륜,남,76세,중상
2012041800100466,2012년 4월 18일 19시,수요일,경상북도 구미시 비산동,경상사고,0,0,1,0,차대차 - 추돌 - 주정차중,안전운전불이행,건조,맑음,단일로 - 기타,승합,남,52세,상해없음,승용,남,35세,경상
2012041800100467,2012년 4월 18일 19시,수요일,경상북도 구미시 고아읍,중상사고,0,1,1,2,차대차 - 측면직각충돌,중앙선침범,건조,맑음,단일로 - 기타,승용,남,55세,상해없음,승용,남,57세,경상
2012041800100500,2012년 4월 18일 20시,수요일,경상북도 영주시 휴천동,경상사고,0,0,1,0,차대차 - 기타,안전운전불이행,건조,맑음,단일로 - 기타,승용,남,27세,상해없음,자전거,남,70세,경상
2012041800100501,2012년 4월 18일 20시,수요일,경상북도 포항시 남구 장기면,중상사고,0,1,1,0,차대사람 - 기타,안전운전불이행,건조,맑음,단일로 - 기타,화물,남,37세,상해없음,보행자,남,82세,경상
2012041800100532,2012년 4월 18일 21시,수요일,경상북도 경주시 안강읍,중상사고,0,1,0,0,차대차 - 기타,안전운전불이행,건조,맑음,단일로 - 기타,승합,남,43세,상해없음,승용,남,32세,중상
2012041800100533,2012년 4월 18일 21시,수요일,경상북도 칠곡군 북삼읍,부상신고사고,0,0,0,1,차량단독 - 기타,안전운전불이행,건조,맑음,단일로 - 기타,이륜,남,43세,부상신고,,,,
2012041800100534,2012년 4월 18일 21시,수요일,경상북도 영천시 금호읍,중상사고,0,1,0,0,차량단독 - 공작물충돌,안전운전불이행,건조,맑음,교차로 - 교차로부근,승용,남,47세,중상,,,,
2012041800100535,2012년 4월 18일 21시,수요일,경상북도 성주군 월항면,경상사고,0,0,3,0,차대차 - 측면직각충돌,직진우회전진행방해,건조,맑음,교차로 - 교차로안,승용,남,42세,경상,승용,남,48세,경상