사고번호,사고일시,요일,시군구,사고내용,사망자수,중상자수,경상자수,부상신고자수,사고유형,법규위반,노면상태,기상상태,도로형태,가해운전자 차종,가해운전자 성별,가해운전자 연령,가해운전자 상해정도,피해운전자 차종,피해운전자 성별,피해운전자 연령,피해운전자 상해정도
2012041800100536,2012년 4월 18일 21시,수요일,경상북도 구미시 신평동,중상사고,0,1,3,0,차대차 - 측면직각충돌,신호위반,건조,맑음,교차로 - 교차로안,승용,여,25세,경상,승용,남,65세,중상
2012041800100537,2012년 4월 18일 21시,수요일,경상북도 구미시 도량동,중상사고,0,2,1,0,차대차 - 측면직각충돌,안전운전불이행,건조,맑음,교차로 - 교차로부근,이륜,남,16세,중상,승용,남,54세,경상
2012041800100571,2012년 4월 18일 22시,수요일,경상북도 영천시 청통면,중상사고,0,2,0,0,차대차 - 측면직각충돌,안전운전불이행,건조,맑음,교차로 - 교차로부근,화물,남,46세,상해없음,화물,남,50세,중상
2012041800100572,2012년 4월 18일 22시,수요일,경상북도 경산시 정평동,중상사고,0,1,0,0,차대차 - 기타,신호위반,건조,맑음,교차로 - 교차로안,승용,여,23세,상해없음,승용,여,46세,중상
2012041800100573,2012년 4월 18일 22시,수요일,경상북도 경산시 진량읍,경상사고,0,0,1,0,차대차 - 기타,중앙선침범,건조,맑음,단일로 - 기타,승용,남,26세,상해없음,승용,남,22세,경상
2012041800100574,2012년 4월 18일 22시,수요일,경상북도 청송군 청송읍,중상사고,0,1,0,0,차대차 - 기타,중앙선침범,건조,맑음,단일로 - 기타,기타불명,기타불명,기타불명,기타불명,승용,여,22세,중상
2012041800100614,2012년 4월 18일 23시,수요일,경상북도 포항시 북구 죽도동,경상사고,0,0,2,0,차대차 - 기타,안전운전불이행,건조,맑음,단일로 - 기타,승용,남,51세,상해없음,승용,여,30세,경상
2012041900100019,2012년 4월 19일 00시,목요일,경상북도 상주시 서성동,경상사고,0,0,1,0,차대차 - 측면직각충돌,교차로운행방법위반,건조,맑음,교차로 - 교차로안,화물,남,45세,상해없음,원동기,남,34세,경상
2012041900100020,2012년 4월 19일 00시,목요일,경상북도 포항시 남구 이동,경상사고,0,0,5,0,차대차 - 기타,안전운전불이행,건조,맑음,단일로 - 기타,승용,남,24세,상해없음,승용,여,39세,경상
2012041900100044,2012년 4월 19일 01시,목요일,경상북도 경산시 사동,경상사고,0,0,2,0,차대차 - 측면직각충돌,안전운전불이행,건조,맑음,교차로 - 교차로안,승용,남,32세,상해없음,승용,남,23세,상해없음
2012041900100082,2012년 4월 19일 05시,목요일,경상북도 영덕군 영덕읍,중상사고,0,1,0,0,차량단독 - 공작물충돌,안전운전불이행,건조,맑음,단일로 - 기타,승용,여,30세,중상,,,,
2012041900100116,2012년 4월 19일 07시,목요일,경상북도 경산시 백천동,경상사고,0,0,1,0,차대사람 - 기타,안전운전불이행,건조,맑음,단일로 - 기타,화물,남,38세,상해없음,보행자,남,43세,경상
2012041900100117,2012년 4월 19일 07시,목요일,경상북도 경산시 중방동,경상사고,0,0,1,0,차대차 - 측면직각충돌,안전운전불이행,건조,맑음,교차로 - 교차로안,자전거,남,18세,경상,기타불명,미분류,기타불명,기타불명
2012041900100144,2012년 4월 19일 08시,목요일,경상북도 구미시 송정동,경상사고,0,0,1,0,차대차 - 측면직각충돌,안전운전불이행,건조,맑음,단일로 - 기타,승용,남,52세,상해없음,승용,남,38세,경상
2012041900100145,2012년 4월 19일 08시,목요일,경상북도 포항시 남구 연일읍,경상사고,0,0,1,0,차대차 - 기타,직진우회전진행방해,건조,맑음,교차로 - 교차로안,승용,남,51세,상해없음,이륜,남,50세,경상
2012041900100170,2012년 4월 19일 09시,목요일,경상북도 구미시 고아읍,경상사고,0,0,2,0,차대차 - 측면직각충돌,교차로운행방법위반,건조,맑음,교차로 - 교차로안,화물,남,58세,상해없음,화물,남,64세,경상
2012041900100171,2012년 4월 19일 09시,목요일,경상북도 포항시 남구 괴동동,중상사고,0,1,1,0,차대차 - 기타,안전운전불이행,건조,맑음,단일로 - 기타,화물,남,40세,경상,화물,남,39세,상해없음
2012041900100196,2012년 4월 19일 10시,목요일,경상북도 영양군 영양읍,경상사고,0,0,4,0,차대차 - 기타,중앙선침범,건조,맑음,단일로 - 기타,건설기계,남,44세,상해없음,승합,남,71세,경상
2012041900100197,2012년 4월 19일 10시,목요일,경상북도 구미시 송정동,중상사고,0,1,0,0,차대사람 - 기타,안전운전불이행,건조,맑음,단일로 - 기타,화물,남,64세,상해없음,보행자,여,51세,중상
2012041900100221,2012년 4월 19일 11시,목요일,경상북도 김천시 신음동,경상사고,0,0,1,0,차대차 - 측면직각충돌,안전운전불이행,건조,맑음,단일로 - 기타,승용,남,47세,상해없음,화물,남,39세,경상
2012041900100222,2012년 4월 19일 11시,목요일,경상북도 의성군 안계면,중상사고,0,1,0,0,차대차 - 추돌 - 주정차중,안전운전불이행,건조,맑음,교차로 - 교차로안,승용,남,66세,상해없음,이륜,남,85세,중상
2012041900100223,2012년 4월 19일 11시,목요일,경상북도 영천시 북안면,중상사고,0,1,0,0,차대차 - 측면직각충돌,안전운전불이행,건조,맑음,교차로 - 교차로안,승용,남,42세,상해없음,승용,여,47세,중상
2012041900100247,2012년 4월 19일 12시,목요일,경상북도 경산시 조영동,중상사고,0,1,0,0,차대사람 - 기타,기타,기타,맑음,기타 - 기타,화물,남,28세,상해없음,보행자,여,73세,중상
2012041900100278,2012년 4월 19일 13시,목요일,경상북도 경주시 동천동,경상사고,0,0,1,1,차대차 - 측면직각충돌,안전운전불이행,건조,맑음,교차로 - 교차로안,승용,여,44세,부상신고,승용,여,41세,경상
2012041900100279,2012년 4월 19일 13시,목요일,경상북도 경산시 사정동,경상사고,0,0,1,0,차대사람 - 기타,안전운전불이행,건조,맑음,교차로 - 교차로안,승용,남,60세,상해없음,보행자,여,44세,경상
2012041900100303,2012년 4월 19일 14시,목요일,경상북도 청송군 진보면,중상사고,0,1,0,0,차대차 - 측면직각충돌,교차로운행방법위반,건조,맑음,교차로 - 교차로안,화물,남,55세,상해없음,승용,여,52세,중상
2012041900100329,2012년 4월 19일 15시,목요일,경상북도 영천시 문내동,중상사고,0,1,0,0,차대사람 - 기타,안전운전불이행,건조,맑음,기타 - 기타,승합,남,22세,상해없음,보행자,남,12세,중상
2012041900100352,2012년 4월 19일 16시,목요일,경상북도 경주시 충효동,중상사고,0,1,0,0,차대사람 - 기타,안전운전불이행,건조,흐림,단일로 - 기타,승용,여,36세,상해없음,보행자,여,12세,중상
2012041900100353,2012년 4월 19일 16시,목요일,경상북도 영양군 일월면,중상사고,0,1,1,0,차량단독 - 전도전복,안전운전불이행,건조,맑음,단일로 - 교량,농기계,남,58세,경상,,,,
2012041900100385,2012년 4월 19일 17시,목요일,경상북도 의성군 안평면,경상사고,0,0,1,0,차대차 - 추돌 - 진행중,기타,건조,맑음,교차로 - 교차로안,승용,여,52세,상해없음,화물,남,28세,경상
2012041900100386,2012년 4월 19일 17시,목요일,경상북도 문경시 모전동,중상사고,0,1,0,0,차대차 - 기타,신호위반,건조,맑음,교차로 - 교차로안,승용,남,63세,상해없음,원동기,남,74세,중상
2012041900100387,2012년 4월 19일 17시,목요일,경상북도 구미시 부곡동,경상사고,0,0,3,0,차대차 - 측면직각충돌,신호위반,건조,맑음,교차로 - 교차로안,승합,남,61세,상해없음,화물,남,55세,상해없음
2012041900100430,2012년 4월 19일 18시,목요일,경상북도 영주시 영주동,경상사고,0,0,1,0,차대사람 - 횡단중,보행자보호의무위반,건조,맑음,교차로 - 교차로부근,승용,남,25세,상해없음,보행자,여,63세,경상
2012041900100431,2012년 4월 19일 18시,목요일,경상북도 영양군 영양읍,중상사고,0,1,0,0,차대사람 - 기타,보행자보호의무위반,건조,맑음,교차로 - 교차로부근,승용,남,33세,상해없음,보행자,남,7세,중상
2012041900100465,2012년 4월 19일 19시,목요일,경상북도 안동시 옥야동,경상사고,0,0,1,0,차대차 - 측면직각충돌,안전운전불이행,건조,맑음,단일로 - 기타,승용,남,50세,상해없음,자전거,남,78세,경상
2012041900100494,2012년 4월 19일 20시,목요일,경상북도 경주시 서부동,경상사고,0,0,1,0,차대차 - 정면충돌,안전운전불이행,건조,흐림,단일로 - 기타,승용,기타불명,기타불명,기타불명,승용,여,50세,상해없음
2012041900100495,2012년 4월 19일 20시,목요일,경상북도 영천시 도동,중상사고,0,1,0,0,차대차 - 측면직각충돌,신호위반,건조,맑음,교차로 - 교차로안,이륜,남,63세,중상,승용,남,48세,상해없음
2012041900100528,2012년 4월 19일 21시,목요일,경상북도 경주시 성건동,경상사고,0,0,3,0,차대차 - 기타,안전운전불이행,건조,맑음,교차로 - 교차로안,화물,남,46세,경상,승용,남,49세,경상
2012041900100529,2012년 4월 19일 21시,목요일,경상북도 경산시 압량면,사망사고,1,0,0,0,차대사람 - 횡단중,안전운전불이행,습기,비,교차로 - 교차로안,승용,남,63세,상해없음,보행자,여,51세,사망
2012041900100530,2012년 4월 19일 21시,목요일,경상북도 구미시 형곡동,경상사고,0,0,4,0,차대차 - 측면직각충돌,신호위반,건조,맑음,교차로 - 교차로안,승용,남,38세,경상,승용,남,50세,경상
2012041900100531,2012년 4월 19일 21시,목요일,경상북도 구미시 인의동,경상사고,0,0,1,1,차대차 - 추돌 - 진행중,안전운전불이행,건조,맑음,단일로 - 기타,승용,남,30세,상해없음,승용,남,50세,경상
2012041900100569,2012년 4월 19일 22시,목요일,경상북도 포항시 북구 양덕동,경상사고,0,0,1,0,차대차 - 기타,안전거리미확보,습기,비,단일로 - 기타,승용,여,57세,상해없음,승용,여,42세,경상
2012041900100570,2012년 4월 19일 22시,목요일,경상북도 문경시 점촌동,경상사고,0,0,1,0,차대차 - 기타,안전운전불이행,습기,비,교차로 - 교차로안,화물,남,51세,상해없음,승용,남,32세,경상
2012041900100571,2012년 4월 19일 22시,목요일,경상북도 포항시 남구 구룡포읍,경상사고,0,0,1,0,차대차 - 추돌 - 주정차중,안전운전불이행,건조,맑음,단일로 - 기타,화물,남,35세,경상,화물,남,63세,기타불명
2012041900100610,2012년 4월 19일 23시,목요일,경상북도 문경시 모전동,경상사고,0,0,2,0,차대차 - 기타,안전운전불이행,건조,맑음,단일로 - 기타,승용,남,24세,상해없음,승용,여,34세,경상
2012042000100015,2012년 4월 20일 00시,금요일,경상북도 문경시 마성면,중상사고,0,1,1,0,차대차 - 추돌 - 진행중,안전거리미확보,습기,비,단일로 - 기타,화물,남,38세,경상,승용,남,23세,중상
2012042000100056,2012년 4월 20일 02시,금요일,경상북도 칠곡군 석적읍,경상사고,0,0,3,0,차대차 - 추돌 - 진행중,교차로운행방법위반,건조,맑음,교차로 - 교차로안,승용,남,51세,상해없음,승용,남,21세,경상
2012042000100074,2012년 4월 20일 03시,금요일,경상북도 경주시 성건동,중상사고,0,1,0,0,차대차 - 기타,안전운전불이행,습기,비,교차로 - 교차로안,승용,남,31세,상해없음,승용,여,50세,중상
2012042000100086,2012년 4월 20일 04시,금요일,경상북도 경산시 압량면,경상사고,0,0,1,0,차대차 - 측면직각충돌,직진우회전진행방해,건조,맑음,교차로 - 교차로안,승용,남,53세,상해없음,승용,여,47세,상해없음
2012042000100137,2012년 4월 20일 07시,금요일,경상북도 구미시 구포동,경상사고,0,0,1,0,차대차 - 측면직각충돌,안전운전불이행,건조,맑음,교차로 - 교차로안,승용,남,60세,상해없음,자전거,남,30세,경상
2012042000100177,2012년 4월 20일 08시,금요일,경상북도 상주시 낙양동,경상사고,0,0,1,0,차대차 - 측면직각충돌,교차로운행방법위반,건조,흐림,교차로 - 교차로안,승용,여,25세,상해없음,자전거,남,12세,경상
2012042000100178,2012년 4월 20일 08시,금요일,경상북도 상주시 이안면,중상사고,0,1,0,0,차대사람 - 횡단중,교차로운행방법위반,건조,맑음,교차로 - 교차로안,건설기계,남,47세,상해없음,보행자,여,7세,중상
2012042000100179,2012년 4월 20일 08시,금요일,경상북도 상주시 낙동면,경상사고,0,0,1,0,차대차 - 측면직각충돌,교차로운행방법위반,건조,흐림,교차로 - 교차로안,화물,남,45세,상해없음,승용,여,60세,경상
2012042000100180,2012년 4월 20일 08시,금요일,경상북도 영천시 오수동,중상사고,0,1,0,0,차대차 - 측면직각충돌,안전운전불이행,건조,맑음,단일로 - 기타,이륜,남,54세,중상,승용,남,75세,상해없음
2012042000100181,2012년 4월 20일 08시,금요일,경상북도 포항시 남구 오천읍,경상사고,0,0,2,0,차대차 - 추돌 - 진행중,기타,습기,흐림,교차로 - 교차로안,승용,여,24세,경상,승용,여,37세,경상
2012042000100220,2012년 4월 20일 09시,금요일,경상북도 경주시 동방동,중상사고,0,1,0,0,차대차 - 측면직각충돌,안전운전불이행,건조,맑음,단일로 - 기타,화물,남,41세,상해없음,승용,남,50세,중상
2012042000100221,2012년 4월 20일 09시,금요일,경상북도 봉화군 석포면,경상사고,0,0,1,0,차대차 - 추돌 - 진행중,안전운전불이행,습기,흐림,교차로 - 교차로안,승용,남,57세,경상,화물,남,72세,상해없음
2012042000100222,2012년 4월 20일 09시,금요일,경상북도 포항시 남구 오천읍,중상사고,0,1,1,0,차대차 - 추돌 - 진행중,직진우회전진행방해,건조,맑음,교차로 - 교차로안,승용,여,45세,경상,승용,여,33세,중상
2012042000100256,2012년 4월 20일 10시,금요일,경상북도 경주시 동천동,경상사고,0,0,2,0,차대차 - 기타,안전운전불이행,건조,맑음,단일로 - 기타,화물,기타불명,기타불명,기타불명,승용,여,45세,경상
2012042000100257,2012년 4월 20일 10시,금요일,경상북도 영천시 금노동,중상사고,0,1,0,0,차대차 - 측면직각충돌,신호위반,건조,맑음,교차로 - 교차로안,승합,남,52세,상해없음,화물,남,53세,중상
2012042000100258,2012년 4월 20일 10시,금요일,경상북도 경산시 진량읍,경상사고,0,0,1,0,차대사람 - 기타,안전운전불이행,건조,맑음,기타 - 기타,승용,남,36세,상해없음,보행자,남,10세,경상
2012042000100286,2012년 4월 20일 11시,금요일,경상북도 안동시 송현동,경상사고,0,0,4,0,차대차 - 추돌 - 주정차중,안전운전불이행,건조,맑음,교차로 - 교차로부근,승용,남,72세,상해없음,승용,남,68세,경상
2012042000100287,2012년 4월 20일 11시,금요일,경상북도 상주시 남성동,중상사고,0,1,0,0,차대사람 - 기타,안전운전불이행,건조,맑음,단일로 - 기타,승합,남,49세,상해없음,보행자,여,65세,중상
2012042000100288,2012년 4월 20일 11시,금요일,경상북도 영주시 풍기읍,중상사고,0,1,0,0,차대차 - 추돌 - 주정차중,안전운전불이행,건조,맑음,단일로 - 기타,승용,남,73세,상해없음,승용,여,45세,중상
2012042000100289,2012년 4월 20일 11시,금요일,경상북도 칠곡군 석적읍,경상사고,0,0,1,1,차대차 - 추돌 - 진행중,교차로운행방법위반,건조,맑음,교차로 - 교차로안,승합,남,45세,부상신고,화물,남,39세,경상
2012042000100307,2012년 4월 20일 12시,금요일,경상북도 영덕군 강구면,중상사고,0,1,7,0,차대차 - 추돌 - 주정차중,안전운전불이행,건조,맑음,교차로 - 교차로부근,승용,남,57세,경상,화물,남,69세,중상
2012042000100330,2012년 4월 20일 13시,금요일,경상북도 경산시 계양동,중상사고,0,1,0,0,차대차 - 정면충돌,신호위반,건조,맑음,교차로 - 교차로안,승용,남,68세,상해없음,승용,여,52세,중상
2012042000100331,2012년 4월 20일 13시,금요일,경상북도 구미시 원평동,부상신고사고,0,0,0,1,차대차 - 측면직각충돌,직진우회전진행방해,건조,맑음,교차로 - 교차로안,이륜,남,27세,상해없음,승용,여,41세,상해없음
2012042000100357,2012년 4월 20일 14시,금요일,경상북도 경주시 안강읍,경상사고,0,0,1,0,차대차 - 측면직각충돌,중앙선침범,건조,맑음,단일로 - 기타,승용,남,56세,상해없음,승용,여,37세,경상
2012042000100358,2012년 4월 20일 14시,금요일,경상북도 경주시 성동동,중상사고,0,1,0,0,차대차 - 측면직각충돌,안전운전불이행,건조,맑음,교차로 - 교차로부근,승용,여,39세,상해없음,원동기,남,61세,중상
2012042000100359,2012년 4월 20일 14시,금요일,경상북도 청도군 운문면,중상사고,0,1,0,0,차대차 - 측면직각충돌,안전운전불이행,건조,맑음,교차로 - 교차로안,승용,남,43세,상해없음,원동기,남,73세,중상
2012042000100360,2012년 4월 20일 14시,금요일,경상북도 포항시 남구 해도동,중상사고,0,1,0,0,차대차 - 추돌 - 진행중,안전운전불이행,건조,맑음,단일로 - 기타,승용,남,60세,상해없음,원동기,남,28세,중상
2012042000100383,2012년 4월 20일 15시,금요일,경상북도 포항시 북구 죽도동,경상사고,0,0,1,0,차대차 - 기타,안전거리미확보,건조,맑음,단일로 - 기타,승용,여,51세,상해없음,승용,남,62세,경상
2012042000100384,2012년 4월 20일 15시,금요일,경상북도 영덕군 남정면,경상사고,0,0,2,0,차량단독 - 도로외이탈 - 추락,안전운전불이행,건조,맑음,단일로 - 기타,승합,여,57세,경상,,,,
2012042000100385,2012년 4월 20일 15시,금요일,경상북도 청도군 청도읍,중상사고,0,1,0,0,차대차 - 측면직각충돌,안전운전불이행,건조,맑음,단일로 - 기타,농기계,남,37세,중상,승용,여,46세,상해없음
2012042000100386,2012년 4월 20일 15시,금요일,경상북도 성주군 성주읍,중상사고,0,1,0,0,차대사람 - 횡단중,안전운전불이행,건조,맑음,교차로 - 교차로안,원동기,남,64세,상해없음,보행자,남,7세,중상
2012042000100416,2012년 4월 20일 16시,금요일,경상북도 경주시 외동읍,중상사고,0,1,0,0,차대차 - 측면직각충돌,안전운전불이행,건조,흐림,교차로 - 교차로안,건설기계,남,49세,상해없음,승용,남,70세,중상
2012042000100417,2012년 4월 20일 16시,금요일,경상북도 구미시 도량동,중상사고,0,1,0,0,차대차 - 측면직각충돌,안전운전불이행,건조,맑음,단일로 - 기타,승용,남,45세,상해없음,승용,남,54세,중상
2012042000100418,2012년 4월 20일 16시,금요일,경상북도 구미시 지산동,사망사고,1,1,0,0,차대차 - 측면직각충돌,신호위반,건조,맑음,교차로 - 교차로부근,승용,여,70세,사망,승용,여,30세,중상
2012042000100458,2012년 4월 20일 17시,금요일,경상북도 경주시 안강읍,중상사고,0,1,0,0,차량단독 - 전도전복,안전운전불이행,건조,맑음,단일로 - 기타,이륜,남,67세,중상,,,,
2012042000100459,2012년 4월 20일 17시,금요일,경상북도 포항시 북구 죽도동,경상사고,0,0,1,0,차대차 - 기타,안전운전불이행,건조,맑음,단일로 - 기타,승용,남,70세,상해없음,이륜,남,17세,경상
2012042000100460,2012년 4월 20일 17시,금요일,경상북도 청도군 청도읍,중상사고,0,1,0,0,차대차 - 측면직각충돌,중앙선침범,건조,맑음,단일로 - 기타,승용,남,49세,상해없음,원동기,남,17세,중상
2012042000100461,2012년 4월 20일 17시,금요일,경상북도 포항시 남구 이동,경상사고,0,0,1,0,차대사람 - 기타,안전운전불이행,건조,맑음,단일로 - 기타,승용,남,29세,상해없음,보행자,남,9세,경상
2012042000100497,2012년 4월 20일 18시,금요일,경상북도 경주시 성동동,경상사고,0,0,1,0,차대차 - 측면직각충돌,안전거리미확보,건조,맑음,단일로 - 기타,승용,남,59세,상해없음,승용,남,29세,경상
2012042000100538,2012년 4월 20일 19시,금요일,경상북도 포항시 북구 용흥동,중상사고,0,2,0,0,차대차 - 측면직각충돌,안전운전불이행,건조,맑음,단일로 - 기타,승용,남,43세,중상,승용,남,27세,중상
2012042000100539,2012년 4월 20일 19시,금요일,경상북도 경산시 하양읍,경상사고,0,0,1,0,차대사람 - 기타,안전운전불이행,건조,맑음,단일로 - 기타,승용,남,47세,상해없음,보행자,여,20세,경상
2012042000100540,2012년 4월 20일 19시,금요일,경상북도 포항시 남구 해도동,경상사고,0,0,1,0,차대사람 - 기타,안전운전불이행,건조,맑음,교차로 - 교차로안,승용,남,37세,상해없음,보행자,여,23세,경상
2012042000100541,2012년 4월 20일 19시,금요일,경상북도 포항시 남구 해도동,경상사고,0,0,2,0,차대사람 - 기타,안전운전불이행,건조,맑음,단일로 - 기타,기타불명,기타불명,기타불명,기타불명,보행자,남,8세,경상
2012042000100542,2012년 4월 20일 19시,금요일,경상북도 포항시 남구 대송면,중상사고,0,1,0,0,차대차 - 추돌 - 진행중,안전운전불이행,건조,맑음,교차로 - 교차로안,화물,남,29세,상해없음,원동기,남,51세,중상
2012042000100574,2012년 4월 20일 20시,금요일,경상북도 포항시 북구 상원동,경상사고,0,0,1,0,차대차 - 추돌 - 주정차중,안전운전불이행,건조,맑음,단일로 - 기타,승용,남,58세,상해없음,승용,여,37세,경상
2012042000100575,2012년 4월 20일 20시,금요일,경상북도 안동시 법흥동,경상사고,0,0,1,0,차대차 - 추돌 - 주정차중,안전거리미확보,건조,맑음,교차로 - 교차로안,화물,남,60세,상해없음,승용,남,44세,경상
2012042000100576,2012년 4월 20일 20시,금요일,경상북도 안동시 태화동,경상사고,0,0,1,0,차대차 - 기타,안전운전불이행,건조,맑음,기타 - 기타,승용,남,35세,상해없음,원동기,남,25세,경상
2012042000100577,2012년 4월 20일 20시,금요일,경상북도 군위군 군위읍,중상사고,0,1,0,0,차대차 - 추돌 - 진행중,안전운전불이행,건조,흐림,단일로 - 기타,화물,남,47세,상해없음,승용,남,33세,상해없음
2012042000100617,2012년 4월 20일 21시,금요일,경상북도 포항시 남구 대도동,경상사고,0,0,2,0,차대차 - 추돌 - 진행중,안전운전불이행,건조,맑음,교차로 - 교차로부근,화물,남,52세,상해없음,승용,남,52세,경상
2012042000100618,2012년 4월 20일 21시,금요일,경상북도 포항시 남구 지곡동,경상사고,0,0,1,0,차대차 - 추돌 - 진행중,안전운전불이행,건조,맑음,교차로 - 교차로안,승합,여,51세,상해없음,원동기,남,40세,경상
2012042000100660,2012년 4월 20일 22시,금요일,경상북도 경산시 옥산동,중상사고,0,1,0,0,차대차 - 기타,직진우회전진행방해,건조,맑음,교차로 - 교차로안,승용,남,40세,상해없음,이륜,남,16세,중상
2012042000100661,2012년 4월 20일 22시,금요일,경상북도 구미시 옥계동,경상사고,0,0,2,0,차대차 - 측면직각충돌,안전운전불이행,습기,흐림,교차로 - 교차로안,승용,여,33세,경상,승용,여,32세,경상
2012042000100662,2012년 4월 20일 22시,금요일,경상북도 구미시 옥성면,중상사고,0,2,1,0,차대차 - 추돌 - 진행중,안전운전불이행,건조,맑음,단일로 - 기타,승용,남,51세,상해없음,승용,남,28세,경상
2012042000100705,2012년 4월 20일 23시,금요일,경상북도 포항시 북구 흥해읍,경상사고,0,0,2,0,차대차 - 측면직각충돌,중앙선침범,건조,맑음,단일로 - 기타,기타불명,기타불명,기타불명,기타불명,승용,남,51세,경상
2012042000100706,2012년 4월 20일 23시,금요일,경상북도 구미시 고아읍,중상사고,0,1,5,0,차대차 - 측면직각충돌,안전운전불이행,건조,맑음,교차로 - 교차로부근,승용,남,52세,상해없음,승용,여,46세,경상
2012042100100013,2012년 4월 21일 00시,토요일,경상북도 포항시 북구 대신동,경상사고,0,0,5,0,차대차 - 측면직각충돌,신호위반,건조,맑음,교차로 - 교차로안,승용,남,55세,상해없음,승용,남,42세,경상
2012042100100014,2012년 4월 21일 00시,토요일,경상북도 경산시 사동,경상사고,0,0,1,0,차대차 - 측면직각충돌,안전운전불이행,건조,맑음,교차로 - 교차로안,승용,남,26세,상해없음,승용,여,45세,경상
2012042100100042,2012년 4월 21일 01시,토요일,경상북도 칠곡군 석적읍,부상신고사고,0,0,0,1,차대차 - 추돌 - 주정차중,안전운전불이행,건조,맑음,단일로 - 기타,승용,남,33세,부상신고,승용,남,25세,기타불명
2012042100100043,2012년 4월 21일 01시,토요일,경상북도 영천시 성내동,중상사고,0,1,0,0,차량단독 - 기타,안전운전불이행,건조,맑음,단일로 - 기타,이륜,남,14세,중상,,,,
2012042100100044,2012년 4월 21일 01시,토요일,경상북도 영천시 완산동,경상사고,0,0,1,0,차대사람 - 기타,안전운전불이행,건조,맑음,교차로 - 교차로부근,승용,남,54세,상해없음,보행자,남,39세,경상
2012042100100070,2012년 4월 21일 02시,토요일,경상북도 구미시 진평동,중상사고,0,2,0,0,차대차 - 측면직각충돌,안전운전불이행,건조,맑음,교차로 - 교차로안,승용,남,24세,상해없음,승용,남,26세,중상
2012042100100071,2012년 4월 21일 02시,토요일,경상북도 포항시 남구 오천읍,중상사고,0,1,0,0,차대차 - 추돌 - 주정차중,안전운전불이행,습기,비,단일로 - 기타,승용,남,43세,중상,화물,남,52세,상해없음
2012042100100102,2012년 4월 21일 03시,토요일,경상북도 구미시 선기동,중상사고,0,1,0,0,차량단독 - 전도전복,기타,습기,비,단일로 - 기타,승용,남,45세,중상,,,,
2012042100100103,2012년 4월 21일 03시,토요일,경상북도 구미시 오태동,중상사고,0,1,0,0,차대차 - 측면직각충돌,안전운전불이행,건조,맑음,기타 - 기타,원동기,남,25세,중상,화물,남,29세,상해없음
2012042100100104,2012년 4월 21일 03시,토요일,경상북도 포항시 남구 상도동,경상사고,0,0,1,0,차대차 - 추돌 - 진행중,신호위반,건조,흐림,교차로 - 교차로안,승용,남,38세,상해없음,승용,남,34세,경상
2012042100100157,2012년 4월 21일 06시,토요일,경상북도 구미시 구포동,중상사고,0,2,1,0,차대차 - 측면직각충돌,안전운전불이행,습기,비,단일로 - 기타,승용,여,53세,경상,승용,남,34세,중상
2012042100100158,2012년 4월 21일 06시,토요일,경상북도 구미시 원평동,경상사고,0,0,2,0,차대차 - 측면직각충돌,신호위반,습기,비,교차로 - 교차로안,승용,남,68세,경상,화물,남,53세,경상
2012042100100159,2012년 4월 21일 06시,토요일,경상북도 구미시 사곡동,중상사고,0,1,0,0,차대차 - 기타,안전운전불이행,건조,맑음,교차로 - 교차로부근,승용,남,28세,상해없음,승용,남,68세,중상
2012042100100174,2012년 4월 21일 07시,토요일,경상북도 안동시 남문동,중상사고,0,1,1,0,차대차 - 측면직각충돌,안전운전불이행,건조,흐림,단일로 - 기타,승용,남,68세,상해없음,승용,남,51세,경상
2012042100100175,2012년 4월 21일 07시,토요일,경상북도 봉화군 재산면,중상사고,0,4,0,0,차대차 - 정면충돌,중앙선침범,건조,맑음,단일로 - 기타,승용,여,46세,중상,화물,남,51세,중상
2012042100100176,2012년 4월 21일 07시,토요일,경상북도 칠곡군 동명면,경상사고,0,0,3,0,차대차 - 측면직각충돌,안전거리미확보,건조,맑음,단일로 - 기타,기타불명,기타불명,기타불명,기타불명,승용,여,29세,경상
2012042100100199,2012년 4월 21일 08시,토요일,경상북도 경주시 외동읍,경상사고,0,0,3,0,차대차 - 측면직각충돌,중앙선침범,습기,비,단일로 - 기타,승용,여,40세,기타불명,승용,남,44세,경상
2012042100100224,2012년 4월 21일 09시,토요일,경상북도 안동시 서후면,경상사고,0,0,2,0,차량단독 - 전도전복,안전운전불이행,습기,비,교차로 - 교차로부근,화물,남,59세,경상,,,,
2012042100100225,2012년 4월 21일 09시,토요일,경상북도 안동시 정하동,중상사고,0,1,0,0,차대사람 - 횡단중,보행자보호의무위반,습기,비,단일로 - 횡단보도상,승용,남,57세,상해없음,보행자,여,61세,중상
2012042100100226,2012년 4월 21일 09시,토요일,경상북도 예천군 예천읍,중상사고,0,1,0,0,차대차 - 정면충돌,안전운전불이행,습기,비,단일로 - 기타,화물,남,26세,중상,화물,남,35세,상해없음
2012042100100227,2012년 4월 21일 09시,토요일,경상북도 구미시 광평동,경상사고,0,0,1,0,차대차 - 측면직각충돌,안전운전불이행,습기,비,기타 - 기타,승용,남,31세,상해없음,승용,남,49세,경상
2012042100100259,2012년 4월 21일 10시,토요일,경상북도 영주시 휴천동,중상사고,0,1,0,0,차대사람 - 차도통행중,안전운전불이행,습기,비,교차로 - 교차로안,승용,남,29세,상해없음,보행자,남,69세,중상
2012042100100292,2012년 4월 21일 11시,토요일,경상북도 경주시 노서동,경상사고,0,0,2,0,차대차 - 측면직각충돌,안전운전불이행,습기,비,단일로 - 기타,승용,남,61세,상해없음,승용,남,58세,상해없음