사고번호,사고일시,요일,시군구,사고내용,사망자수,중상자수,경상자수,부상신고자수,사고유형,법규위반,노면상태,기상상태,도로형태,가해운전자 차종,가해운전자 성별,가해운전자 연령,가해운전자 상해정도,피해운전자 차종,피해운전자 성별,피해운전자 연령,피해운전자 상해정도
2012042100100293,2012년 4월 21일 11시,토요일,경상북도 안동시 옥동,경상사고,0,0,1,0,차대차 - 측면직각충돌,안전운전불이행,습기,비,단일로 - 기타,승용,남,45세,상해없음,승용,남,46세,경상
2012042100100294,2012년 4월 21일 11시,토요일,경상북도 구미시 형곡동,중상사고,0,1,0,0,차대차 - 측면직각충돌,직진우회전진행방해,습기,비,교차로 - 교차로안,승용,남,55세,상해없음,이륜,남,34세,중상
2012042100100335,2012년 4월 21일 12시,토요일,경상북도 고령군 우곡면,부상신고사고,0,0,0,1,차대차 - 측면직각충돌,안전운전불이행,건조,맑음,교차로 - 교차로안,승용,여,35세,부상신고,화물,여,47세,상해없음
2012042100100361,2012년 4월 21일 13시,토요일,경상북도 칠곡군 왜관읍,중상사고,0,1,0,0,차대차 - 추돌 - 진행중,안전운전불이행,습기,비,교차로 - 교차로부근,승용,남,47세,상해없음,승용,남,36세,중상
2012042100100362,2012년 4월 21일 13시,토요일,경상북도 청도군 운문면,중상사고,0,4,1,0,차량단독 - 도로외이탈 - 기타,안전운전불이행,습기,비,단일로 - 기타,승용,남,40세,중상,,,,
2012042100100363,2012년 4월 21일 13시,토요일,경상북도 구미시 송정동,중상사고,0,1,0,0,차대차 - 측면직각충돌,안전운전불이행,습기,비,단일로 - 기타,승용,남,49세,상해없음,승합,남,50세,중상
2012042100100400,2012년 4월 21일 14시,토요일,경상북도 구미시 상모동,경상사고,0,0,1,0,차대차 - 기타,안전운전불이행,습기,비,기타 - 기타,승용,남,43세,상해없음,이륜,남,45세,경상
2012042100100443,2012년 4월 21일 15시,토요일,경상북도 포항시 북구 용흥동,경상사고,0,0,1,0,차대사람 - 기타,중앙선침범,습기,비,단일로 - 기타,승용,여,19세,상해없음,보행자,여,59세,경상
2012042100100444,2012년 4월 21일 15시,토요일,경상북도 영천시 금호읍,중상사고,0,1,0,0,차량단독 - 기타,기타,습기,비,단일로 - 기타,승합,남,41세,상해없음,,,,
2012042100100445,2012년 4월 21일 15시,토요일,경상북도 문경시 호계면,중상사고,0,1,4,0,차대차 - 기타,중앙선침범,습기,비,단일로 - 기타,승합,남,41세,경상,승용,남,43세,경상
2012042100100446,2012년 4월 21일 15시,토요일,경상북도 영양군 석보면,경상사고,0,0,1,0,차량단독 - 공작물충돌,안전운전불이행,습기,비,단일로 - 기타,화물,남,54세,경상,,,,
2012042100100481,2012년 4월 21일 16시,토요일,경상북도 경주시 북군동,중상사고,0,1,0,0,차량단독 - 공작물충돌,안전운전불이행,습기,비,교차로 - 교차로안,승용,남,49세,중상,,,,
2012042100100482,2012년 4월 21일 16시,토요일,경상북도 경주시 외동읍,중상사고,0,1,0,0,차대차 - 측면직각충돌,중앙선침범,습기,비,단일로 - 기타,화물,남,61세,상해없음,화물,남,33세,중상
2012042100100483,2012년 4월 21일 16시,토요일,경상북도 경주시 양남면,중상사고,0,1,3,0,차대차 - 정면충돌,중앙선침범,습기,비,단일로 - 기타,승용,남,38세,경상,승용,여,35세,경상
2012042100100484,2012년 4월 21일 16시,토요일,경상북도 구미시 원평동,중상사고,0,1,0,0,차대차 - 추돌 - 진행중,안전운전불이행,습기,비,교차로 - 교차로부근,승용,남,41세,상해없음,승용,여,29세,중상
2012042100100523,2012년 4월 21일 17시,토요일,경상북도 상주시 신봉동,경상사고,0,0,1,0,차대차 - 측면직각충돌,차로위반,습기,비,단일로 - 기타,승용,여,41세,상해없음,승용,남,30세,경상
2012042100100524,2012년 4월 21일 17시,토요일,경상북도 칠곡군 왜관읍,부상신고사고,0,0,0,1,차대사람 - 횡단중,보행자보호의무위반,건조,맑음,단일로 - 횡단보도상,승용,여,50세,상해없음,보행자,남,28세,부상신고
2012042100100525,2012년 4월 21일 17시,토요일,경상북도 영천시 신령면,중상사고,0,5,0,0,차대차 - 측면직각충돌,중앙선침범,습기,비,단일로 - 기타,승합,남,63세,중상,승용,여,34세,중상
2012042100100526,2012년 4월 21일 17시,토요일,경상북도 경산시 진량읍,경상사고,0,0,1,0,차대차 - 추돌 - 진행중,안전운전불이행,건조,맑음,단일로 - 기타,승용,남,29세,상해없음,승용,여,39세,경상
2012042100100527,2012년 4월 21일 17시,토요일,경상북도 영덕군 남정면,중상사고,0,1,3,0,차대차 - 측면직각충돌,중앙선침범,습기,비,단일로 - 기타,승용,남,45세,상해없음,화물,남,55세,경상
2012042100100571,2012년 4월 21일 18시,토요일,경상북도 경주시 양남면,경상사고,0,0,1,0,차대차 - 측면직각충돌,중앙선침범,습기,비,단일로 - 기타,승용,남,40세,상해없음,화물,남,28세,경상
2012042100100572,2012년 4월 21일 18시,토요일,경상북도 포항시 북구 청하면,경상사고,0,0,1,0,차대차 - 기타,중앙선침범,습기,비,단일로 - 기타,승용,기타불명,기타불명,기타불명,승용,남,30세,경상
2012042100100573,2012년 4월 21일 18시,토요일,경상북도 김천시 양천동,중상사고,0,2,0,0,차대차 - 측면직각충돌,신호위반,습기,비,교차로 - 교차로안,승용,남,54세,상해없음,화물,남,37세,중상
2012042100100574,2012년 4월 21일 18시,토요일,경상북도 칠곡군 지천면,경상사고,0,0,1,0,차대차 - 추돌 - 주정차중,안전운전불이행,습기,비,단일로 - 기타,화물,남,26세,상해없음,승합,남,29세,경상
2012042100100575,2012년 4월 21일 18시,토요일,경상북도 영천시 대전동,중상사고,0,3,0,0,차량단독 - 전도전복,안전운전불이행,습기,비,교차로 - 교차로안,화물,남,52세,중상,,,,
2012042100100576,2012년 4월 21일 18시,토요일,경상북도 구미시 원평동,중상사고,0,3,1,0,차대차 - 추돌 - 진행중,안전거리미확보,습기,비,단일로 - 기타,승용,남,44세,상해없음,승용,남,29세,중상
2012042100100577,2012년 4월 21일 18시,토요일,경상북도 포항시 남구 효자동,경상사고,0,0,1,0,차대차 - 추돌 - 진행중,중앙선침범,습기,비,기타 - 기타,승용,남,49세,상해없음,승용,여,30세,경상
2012042100100632,2012년 4월 21일 19시,토요일,경상북도 경주시 구황동,경상사고,0,0,1,0,차대차 - 측면직각충돌,신호위반,건조,맑음,교차로 - 교차로안,승용,남,63세,상해없음,승용,남,40세,경상
2012042100100633,2012년 4월 21일 19시,토요일,경상북도 영덕군 지품면,중상사고,0,2,0,0,차대차 - 정면충돌,중앙선침범,습기,비,단일로 - 기타,승용,남,62세,상해없음,승용,남,29세,중상
2012042100100634,2012년 4월 21일 19시,토요일,경상북도 청도군 화양읍,중상사고,0,1,0,0,차대차 - 기타,안전운전불이행,건조,맑음,단일로 - 기타,승합,여,53세,상해없음,원동기,남,18세,중상
2012042100100635,2012년 4월 21일 19시,토요일,경상북도 포항시 남구 해도동,중상사고,0,2,0,0,차대차 - 추돌 - 주정차중,안전운전불이행,습기,비,단일로 - 기타,승용,남,49세,중상,건설기계,남,45세,기타불명
2012042100100636,2012년 4월 21일 19시,토요일,경상북도 포항시 남구 연일읍,경상사고,0,0,1,0,차대차 - 추돌 - 주정차중,안전운전불이행,건조,맑음,교차로 - 교차로안,승용,남,49세,상해없음,승용,남,40세,경상
2012042100100698,2012년 4월 21일 20시,토요일,경상북도 영주시 영주동,중상사고,0,1,0,0,차대사람 - 횡단중,보행자보호의무위반,습기,비,교차로 - 교차로부근,승용,여,62세,상해없음,보행자,여,54세,중상
2012042100100699,2012년 4월 21일 20시,토요일,경상북도 영천시 오수동,경상사고,0,0,1,0,차대차 - 추돌 - 진행중,안전거리미확보,습기,비,교차로 - 교차로부근,화물,남,59세,상해없음,승용,여,47세,경상
2012042100100766,2012년 4월 21일 21시,토요일,경상북도 영천시 북안면,부상신고사고,0,0,0,1,차대차 - 추돌 - 진행중,안전운전불이행,습기,비,단일로 - 기타,화물,남,41세,부상신고,승용,남,39세,상해없음
2012042100100767,2012년 4월 21일 21시,토요일,경상북도 구미시 도량동,사망사고,1,0,0,0,차대차 - 측면직각충돌,안전운전불이행,습기,비,단일로 - 기타,이륜,남,20세,사망,승합,남,52세,상해없음
2012042100100768,2012년 4월 21일 21시,토요일,경상북도 구미시 봉곡동,경상사고,0,0,1,0,차대차 - 측면직각충돌,안전운전불이행,습기,비,교차로 - 교차로안,승용,여,49세,상해없음,승용,남,30세,경상
2012042100100769,2012년 4월 21일 21시,토요일,경상북도 구미시 형곡동,중상사고,0,1,0,0,차대사람 - 기타,신호위반,습기,비,단일로 - 횡단보도상,승용,남,52세,상해없음,보행자,남,17세,중상
2012042100100836,2012년 4월 21일 22시,토요일,경상북도 포항시 북구 죽도동,경상사고,0,0,2,0,차대차 - 측면직각충돌,중앙선침범,습기,비,단일로 - 기타,승용,남,54세,상해없음,승용,남,44세,경상
2012042100100837,2012년 4월 21일 22시,토요일,경상북도 구미시 도량동,중상사고,0,1,0,0,차대차 - 측면직각충돌,안전운전불이행,건조,맑음,단일로 - 기타,기타불명,기타불명,기타불명,기타불명,화물,남,39세,중상
2012042100100891,2012년 4월 21일 23시,토요일,경상북도 상주시 서문동,경상사고,0,0,2,0,차대차 - 측면직각충돌,안전운전불이행,습기,비,단일로 - 기타,승용,남,25세,상해없음,승용,남,54세,경상
2012042100100892,2012년 4월 21일 23시,토요일,경상북도 영덕군 강구면,중상사고,0,2,0,0,차대차 - 측면직각충돌,신호위반,습기,비,교차로 - 교차로안,화물,남,61세,중상,승용,남,54세,중상
2012042100100893,2012년 4월 21일 23시,토요일,경상북도 구미시 형곡동,경상사고,0,0,1,0,차대차 - 측면직각충돌,안전운전불이행,습기,비,교차로 - 교차로안,승용,남,38세,상해없음,승용,남,36세,상해없음
2012042100100894,2012년 4월 21일 23시,토요일,경상북도 구미시 인의동,경상사고,0,0,1,0,차대사람 - 기타,안전운전불이행,습기,비,교차로 - 교차로부근,승용,남,57세,상해없음,보행자,여,25세,경상
2012042200100034,2012년 4월 22일 00시,일요일,경상북도 경주시 동천동,중상사고,0,1,0,0,차대사람 - 차도통행중,안전운전불이행,습기,비,단일로 - 기타,승합,남,30세,상해없음,보행자,남,16세,중상
2012042200100035,2012년 4월 22일 00시,일요일,경상북도 영주시 휴천동,경상사고,0,0,1,0,차대차 - 측면직각충돌,안전운전불이행,습기,비,교차로 - 교차로안,화물,남,56세,상해없음,승용,여,63세,경상
2012042200100036,2012년 4월 22일 00시,일요일,경상북도 영천시 문외동,경상사고,0,0,1,0,차대차 - 측면직각충돌,신호위반,습기,비,교차로 - 교차로안,승용,남,33세,상해없음,승용,남,24세,경상
2012042200100037,2012년 4월 22일 00시,일요일,경상북도 경산시 자인면,사망사고,1,0,0,0,차대사람 - 기타,안전운전불이행,습기,비,교차로 - 교차로안,승용,여,28세,상해없음,보행자,남,47세,사망
2012042200100038,2012년 4월 22일 00시,일요일,경상북도 포항시 남구 상도동,경상사고,0,0,1,0,차대사람 - 기타,안전운전불이행,습기,비,교차로 - 교차로부근,승합,남,54세,상해없음,보행자,남,26세,경상
2012042200100039,2012년 4월 22일 00시,일요일,경상북도 포항시 남구 대잠동,중상사고,0,1,1,0,차대차 - 측면직각충돌,안전운전불이행,습기,비,단일로 - 기타,승용,남,58세,상해없음,승용,남,32세,중상
2012042200100080,2012년 4월 22일 01시,일요일,경상북도 경산시 정평동,중상사고,0,1,0,0,차대사람 - 기타,안전운전불이행,습기,비,단일로 - 기타,이륜,남,18세,상해없음,보행자,남,47세,중상
2012042200100116,2012년 4월 22일 02시,일요일,경상북도 안동시 법상동,경상사고,0,0,5,0,차대차 - 기타,안전운전불이행,습기,비,단일로 - 기타,승용,남,23세,경상,승용,여,27세,경상
2012042200100117,2012년 4월 22일 02시,일요일,경상북도 포항시 남구 해도동,경상사고,0,0,2,0,차대차 - 추돌 - 주정차중,안전운전불이행,습기,비,단일로 - 기타,승용,여,27세,상해없음,승용,여,27세,경상
2012042200100182,2012년 4월 22일 04시,일요일,경상북도 구미시 형곡동,경상사고,0,0,1,0,차대차 - 측면직각충돌,안전운전불이행,건조,맑음,단일로 - 기타,승용,남,55세,상해없음,이륜,남,16세,경상
2012042200100203,2012년 4월 22일 05시,일요일,경상북도 경주시 강동면,사망사고,1,0,0,0,차량단독 - 도로외이탈 - 추락,안전운전불이행,습기,비,단일로 - 기타,승용,남,52세,사망,,,,
2012042200100204,2012년 4월 22일 05시,일요일,경상북도 구미시 도량동,경상사고,0,0,2,0,차대차 - 측면직각충돌,안전운전불이행,습기,비,교차로 - 교차로부근,승용,남,47세,상해없음,승용,여,40세,경상
2012042200100214,2012년 4월 22일 06시,일요일,경상북도 안동시 송현동,경상사고,0,0,1,0,차대차 - 측면직각충돌,신호위반,습기,흐림,교차로 - 교차로안,승용,남,27세,상해없음,승용,남,43세,경상
2012042200100224,2012년 4월 22일 07시,일요일,경상북도 안동시 옥동,경상사고,0,0,1,0,차대차 - 측면직각충돌,안전운전불이행,습기,비,교차로 - 교차로안,승용,여,38세,상해없음,승합,남,33세,상해없음
2012042200100255,2012년 4월 22일 09시,일요일,경상북도 봉화군 봉화읍,경상사고,0,0,2,0,차대차 - 추돌 - 주정차중,안전운전불이행,건조,맑음,단일로 - 기타,승용,남,38세,경상,승합,남,38세,경상
2012042200100269,2012년 4월 22일 10시,일요일,경상북도 포항시 남구 상도동,경상사고,0,0,1,0,차대차 - 기타,신호위반,건조,맑음,교차로 - 교차로안,승용,여,44세,상해없음,자전거,여,44세,경상
2012042200100290,2012년 4월 22일 11시,일요일,경상북도 경주시 성건동,중상사고,0,2,1,0,차대차 - 추돌 - 주정차중,안전운전불이행,건조,맑음,교차로 - 교차로부근,승용,남,60세,경상,승용,여,46세,상해없음
2012042200100291,2012년 4월 22일 11시,일요일,경상북도 경주시 신평동,중상사고,0,1,0,0,차대차 - 측면직각충돌,안전운전불이행,건조,맑음,교차로 - 교차로안,승용,남,28세,상해없음,원동기,남,32세,중상
2012042200100292,2012년 4월 22일 11시,일요일,경상북도 김천시 신음동,사망사고,1,0,0,0,차대차 - 측면직각충돌,안전거리미확보,건조,맑음,단일로 - 기타,이륜,남,74세,사망,승용,남,22세,상해없음
2012042200100293,2012년 4월 22일 11시,일요일,경상북도 영주시 풍기읍,경상사고,0,0,1,0,차대차 - 측면직각충돌,안전운전불이행,건조,맑음,교차로 - 교차로안,승용,여,49세,상해없음,승용,여,57세,경상
2012042200100386,2012년 4월 22일 15시,일요일,경상북도 안동시 태화동,경상사고,0,0,1,0,차대차 - 추돌 - 주정차중,안전운전불이행,건조,맑음,기타 - 기타,승용,남,54세,상해없음,승용,여,55세,경상
2012042200100387,2012년 4월 22일 15시,일요일,경상북도 영주시 봉현면,중상사고,0,1,0,0,차량단독 - 전도전복,안전운전불이행,건조,맑음,단일로 - 기타,원동기,남,53세,중상,,,,
2012042200100445,2012년 4월 22일 17시,일요일,경상북도 영천시 북안면,중상사고,0,1,0,0,차대차 - 측면직각충돌,안전운전불이행,건조,맑음,단일로 - 기타,화물,남,60세,상해없음,승용,남,35세,중상
2012042200100469,2012년 4월 22일 18시,일요일,경상북도 경주시 양북면,중상사고,0,4,1,0,차대차 - 측면직각충돌,중앙선침범,건조,맑음,단일로 - 터널,승용,남,18세,경상,승용,남,47세,중상
2012042200100470,2012년 4월 22일 18시,일요일,경상북도 포항시 북구 죽도동,경상사고,0,0,1,0,차대차 - 기타,안전운전불이행,건조,맑음,교차로 - 교차로부근,승용,여,43세,상해없음,승용,남,55세,경상
2012042200100471,2012년 4월 22일 18시,일요일,경상북도 안동시 송현동,경상사고,0,0,1,0,차대차 - 추돌 - 진행중,안전운전불이행,건조,맑음,단일로 - 기타,승용,남,44세,상해없음,승용,남,60세,경상
2012042200100472,2012년 4월 22일 18시,일요일,경상북도 경산시 사동,중상사고,0,1,0,0,차대차 - 기타,차로위반,건조,맑음,교차로 - 교차로부근,승용,남,29세,상해없음,이륜,남,26세,중상
2012042200100519,2012년 4월 22일 19시,일요일,경상북도 경주시 양북면,중상사고,0,1,0,0,차대차 - 측면직각충돌,중앙선침범,건조,맑음,단일로 - 교량,승용,남,54세,상해없음,농기계,여,51세,중상
2012042200100520,2012년 4월 22일 19시,일요일,경상북도 포항시 북구 기계면,중상사고,0,7,0,0,차대차 - 기타,중앙선침범,건조,맑음,단일로 - 터널,승용,여,44세,상해없음,승합,남,52세,중상
2012042200100521,2012년 4월 22일 19시,일요일,경상북도 안동시 태화동,중상사고,0,1,0,0,차대사람 - 횡단중,보행자보호의무위반,건조,맑음,단일로 - 횡단보도상,승용,여,53세,상해없음,보행자,남,76세,중상
2012042200100522,2012년 4월 22일 19시,일요일,경상북도 구미시 도량동,경상사고,0,0,1,0,차대차 - 기타,안전운전불이행,건조,맑음,교차로 - 교차로부근,이륜,남,16세,경상,승용,여,47세,상해없음
2012042200100571,2012년 4월 22일 20시,일요일,경상북도 포항시 북구 죽도동,중상사고,0,1,0,0,차대차 - 기타,불법유턴,건조,맑음,단일로 - 기타,승용,여,54세,상해없음,이륜,남,17세,중상
2012042200100572,2012년 4월 22일 20시,일요일,경상북도 김천시 덕곡동,경상사고,0,0,4,0,차대차 - 측면직각충돌,안전운전불이행,건조,맑음,교차로 - 교차로부근,화물,남,53세,상해없음,승용,남,40세,경상
2012042200100573,2012년 4월 22일 20시,일요일,경상북도 상주시 서성동,경상사고,0,0,1,0,차대차 - 기타,안전거리미확보,건조,맑음,단일로 - 기타,승용,남,51세,상해없음,원동기,남,53세,경상
2012042200100574,2012년 4월 22일 20시,일요일,경상북도 경산시 와촌면,부상신고사고,0,0,0,1,차대차 - 추돌 - 진행중,안전운전불이행,건조,맑음,단일로 - 기타,승용,남,40세,상해없음,승용,남,42세,부상신고
2012042200100575,2012년 4월 22일 20시,일요일,경상북도 경산시 계양동,경상사고,0,0,5,0,차대차 - 기타,안전운전불이행,건조,맑음,기타 - 기타,승용,남,63세,상해없음,승용,남,24세,경상
2012042200100576,2012년 4월 22일 20시,일요일,경상북도 구미시 형곡동,중상사고,0,1,0,0,차대사람 - 기타,안전운전불이행,건조,맑음,단일로 - 기타,이륜,남,34세,상해없음,보행자,여,62세,중상
2012042200100608,2012년 4월 22일 21시,일요일,경상북도 칠곡군 지천면,경상사고,0,0,1,0,차대사람 - 보도통행중,안전운전불이행,건조,맑음,교차로 - 교차로부근,승용,기타불명,기타불명,기타불명,보행자,여,17세,경상
2012042200100631,2012년 4월 22일 22시,일요일,경상북도 영천시 금노동,경상사고,0,0,1,0,차량단독 - 공작물충돌,안전운전불이행,건조,맑음,단일로 - 기타,승용,남,46세,상해없음,,,,
2012042300100006,2012년 4월 23일 00시,월요일,경상북도 경산시 하양읍,경상사고,0,0,1,0,차대차 - 추돌 - 주정차중,안전운전불이행,건조,맑음,단일로 - 기타,승용,남,33세,상해없음,승합,남,48세,경상
2012042300100034,2012년 4월 23일 02시,월요일,경상북도 울릉군 울릉읍,사망사고,1,0,3,1,차량단독 - 기타,안전운전불이행,건조,흐림,단일로 - 기타,승용,남,21세,경상,,,,
2012042300100045,2012년 4월 23일 04시,월요일,경상북도 경주시 성건동,부상신고사고,0,0,0,1,차대차 - 기타,안전운전불이행,건조,맑음,단일로 - 기타,승용,남,36세,상해없음,승용,여,52세,부상신고
2012042300100046,2012년 4월 23일 04시,월요일,경상북도 영주시 영주동,경상사고,0,0,2,0,차대차 - 측면직각충돌,교차로운행방법위반,건조,맑음,교차로 - 교차로안,승용,여,47세,경상,화물,여,40세,경상
2012042300100047,2012년 4월 23일 04시,월요일,경상북도 구미시 진평동,경상사고,0,0,1,1,차대차 - 기타,안전운전불이행,건조,맑음,교차로 - 교차로안,승용,여,26세,부상신고,승용,남,36세,경상
2012042300100059,2012년 4월 23일 05시,월요일,경상북도 칠곡군 북삼읍,부상신고사고,0,0,0,1,차량단독 - 공작물충돌,안전운전불이행,건조,맑음,단일로 - 기타,화물,남,26세,부상신고,,,,
2012042300100060,2012년 4월 23일 05시,월요일,경상북도 영천시 완산동,중상사고,0,1,1,0,차대차 - 측면직각충돌,신호위반,건조,맑음,교차로 - 교차로안,승용,남,55세,경상,승합,남,57세,상해없음
2012042300100117,2012년 4월 23일 08시,월요일,경상북도 청도군 풍각면,경상사고,0,0,1,0,차대차 - 추돌 - 주정차중,안전운전불이행,건조,맑음,단일로 - 기타,화물,남,32세,경상,건설기계,남,27세,상해없음
2012042300100118,2012년 4월 23일 08시,월요일,경상북도 구미시 해평면,중상사고,0,1,0,0,차대차 - 측면직각충돌,안전운전불이행,건조,맑음,단일로 - 기타,승용,남,31세,상해없음,화물,남,23세,중상
2012042300100151,2012년 4월 23일 09시,월요일,경상북도 김천시 신음동,중상사고,0,1,0,0,차대차 - 측면직각충돌,안전운전불이행,건조,맑음,단일로 - 기타,승용,남,59세,상해없음,이륜,남,70세,중상
2012042300100152,2012년 4월 23일 09시,월요일,경상북도 성주군 성주읍,경상사고,0,0,2,0,차대차 - 추돌 - 진행중,안전운전불이행,건조,맑음,단일로 - 기타,화물,남,67세,경상,화물,여,63세,경상
2012042300100174,2012년 4월 23일 10시,월요일,경상북도 경주시 성건동,중상사고,0,1,0,0,차대차 - 측면직각충돌,안전운전불이행,건조,맑음,교차로 - 교차로안,승용,남,63세,상해없음,원동기,남,31세,중상
2012042300100175,2012년 4월 23일 10시,월요일,경상북도 구미시 진평동,경상사고,0,0,1,0,차대차 - 측면직각충돌,신호위반,건조,맑음,교차로 - 교차로안,승용,여,55세,상해없음,승용,여,38세,경상
2012042300100196,2012년 4월 23일 11시,월요일,경상북도 경주시 용강동,경상사고,0,0,1,0,차대차 - 측면직각충돌,안전운전불이행,건조,맑음,단일로 - 기타,화물,남,36세,상해없음,승용,남,56세,경상
2012042300100247,2012년 4월 23일 13시,월요일,경상북도 포항시 북구 창포동,경상사고,0,0,1,0,차대차 - 측면직각충돌,교차로운행방법위반,건조,맑음,교차로 - 교차로안,승용,남,58세,상해없음,자전거,남,7세,경상
2012042300100248,2012년 4월 23일 13시,월요일,경상북도 포항시 남구 상도동,경상사고,0,0,1,0,차대차 - 추돌 - 주정차중,기타,건조,맑음,단일로 - 기타,화물,남,38세,상해없음,승용,남,49세,경상
2012042300100281,2012년 4월 23일 14시,월요일,경상북도 고령군 다산면,사망사고,1,0,0,0,차대사람 - 차도통행중,안전운전불이행,건조,맑음,교차로 - 교차로부근,화물,남,57세,상해없음,보행자,여,73세,사망
2012042300100318,2012년 4월 23일 15시,월요일,경상북도 영주시 영주동,중상사고,0,1,0,0,차대차 - 기타,안전운전불이행,건조,맑음,기타 - 기타,화물,남,59세,상해없음,자전거,남,85세,중상
2012042300100350,2012년 4월 23일 16시,월요일,경상북도 경주시 동천동,중상사고,0,1,1,0,차대차 - 추돌 - 주정차중,안전운전불이행,건조,맑음,단일로 - 기타,승용,여,57세,상해없음,화물,남,51세,중상
2012042300100351,2012년 4월 23일 16시,월요일,경상북도 포항시 북구 장성동,경상사고,0,0,1,0,차대차 - 기타,안전운전불이행,건조,맑음,단일로 - 기타,승용,남,30세,상해없음,화물,남,35세,상해없음
2012042300100352,2012년 4월 23일 16시,월요일,경상북도 구미시 도량동,중상사고,0,1,0,0,차대차 - 측면직각충돌,기타,건조,맑음,단일로 - 횡단보도부근,승용,여,39세,상해없음,원동기,남,77세,중상
2012042300100387,2012년 4월 23일 17시,월요일,경상북도 포항시 북구 죽도동,경상사고,0,0,1,0,차대차 - 기타,안전운전불이행,건조,맑음,단일로 - 기타,승용,남,43세,상해없음,승용,남,50세,경상
2012042300100429,2012년 4월 23일 18시,월요일,경상북도 성주군 선남면,중상사고,0,1,0,0,차대차 - 추돌 - 진행중,안전운전불이행,건조,맑음,단일로 - 기타,승용,남,71세,중상,건설기계,남,39세,상해없음
2012042300100430,2012년 4월 23일 18시,월요일,경상북도 포항시 남구 상도동,경상사고,0,0,1,0,차대사람 - 기타,안전운전불이행,건조,맑음,교차로 - 교차로부근,승용,남,65세,기타불명,보행자,남,39세,경상
2012042300100459,2012년 4월 23일 19시,월요일,경상북도 칠곡군 왜관읍,경상사고,0,0,1,0,차대차 - 추돌 - 진행중,안전운전불이행,건조,맑음,단일로 - 기타,화물,남,52세,상해없음,승합,남,57세,상해없음
2012042300100460,2012년 4월 23일 19시,월요일,경상북도 경산시 백천동,중상사고,0,1,0,0,차대차 - 기타,안전운전불이행,건조,맑음,교차로 - 교차로안,화물,여,59세,상해없음,이륜,남,50세,중상
2012042300100461,2012년 4월 23일 19시,월요일,경상북도 경산시 사동,중상사고,0,1,0,0,차대사람 - 기타,안전운전불이행,건조,맑음,단일로 - 기타,승용,남,55세,상해없음,보행자,남,64세,중상
2012042300100462,2012년 4월 23일 19시,월요일,경상북도 구미시 도량동,경상사고,0,0,1,0,차대사람 - 횡단중,안전운전불이행,건조,맑음,교차로 - 교차로부근,승용,남,79세,상해없음,보행자,남,19세,경상
2012042300100493,2012년 4월 23일 20시,월요일,경상북도 포항시 북구 우현동,경상사고,0,0,1,0,차대차 - 기타,안전운전불이행,건조,맑음,단일로 - 횡단보도상,승합,남,58세,상해없음,자전거,남,16세,경상
2012042300100494,2012년 4월 23일 20시,월요일,경상북도 칠곡군 동명면,중상사고,0,1,0,0,차대차 - 추돌 - 진행중,신호위반,건조,맑음,교차로 - 교차로안,화물,남,37세,상해없음,승용,남,43세,중상
2012042300100495,2012년 4월 23일 20시,월요일,경상북도 성주군 초전면,중상사고,0,1,0,0,차대사람 - 기타,안전운전불이행,건조,맑음,단일로 - 기타,화물,남,71세,상해없음,보행자,남,42세,중상
2012042300100535,2012년 4월 23일 21시,월요일,경상북도 경주시 성건동,중상사고,0,1,0,0,차대차 - 기타,안전운전불이행,건조,맑음,단일로 - 기타,승용,남,63세,상해없음,승용,남,26세,기타불명
2012042300100536,2012년 4월 23일 21시,월요일,경상북도 경산시 남천면,사망사고,1,0,0,0,차량단독 - 전도전복,안전운전불이행,건조,맑음,단일로 - 기타,화물,남,58세,사망,,,,
2012042300100537,2012년 4월 23일 21시,월요일,경상북도 구미시 형곡동,경상사고,0,0,1,0,차대차 - 측면직각충돌,안전운전불이행,건조,맑음,단일로 - 기타,승용,남,21세,상해없음,승용,남,52세,경상
2012042300100565,2012년 4월 23일 22시,월요일,경상북도 의성군 의성읍,사망사고,1,1,0,0,차대차 - 추돌 - 주정차중,안전운전불이행,건조,맑음,단일로 - 기타,화물,남,31세,상해없음,화물,남,57세,중상
2012042300100600,2012년 4월 23일 23시,월요일,경상북도 경주시 동천동,중상사고,0,1,0,0,차대차 - 기타,안전운전불이행,건조,맑음,교차로 - 교차로부근,승용,남,42세,상해없음,승용,남,58세,상해없음
2012042300100601,2012년 4월 23일 23시,월요일,경상북도 경산시 진량읍,중상사고,0,1,0,0,차대차 - 기타,안전운전불이행,건조,맑음,단일로 - 기타,화물,남,41세,상해없음,자전거,남,18세,중상
2012042300100602,2012년 4월 23일 23시,월요일,경상북도 구미시 진평동,경상사고,0,0,2,0,차대차 - 측면직각충돌,안전운전불이행,건조,맑음,교차로 - 교차로안,승용,남,41세,상해없음,이륜,남,25세,경상
2012042300100603,2012년 4월 23일 23시,월요일,경상북도 구미시 옥계동,경상사고,0,0,1,0,차대차 - 추돌 - 진행중,중앙선침범,건조,맑음,기타 - 기타,이륜,남,52세,상해없음,이륜,남,48세,경상
2012042400100022,2012년 4월 24일 01시,화요일,경상북도 영천시 금호읍,부상신고사고,0,0,0,1,차량단독 - 공작물충돌,안전운전불이행,건조,맑음,단일로 - 기타,승용,남,33세,부상신고,,,,