사고번호,사고일시,요일,시군구,사고내용,사망자수,중상자수,경상자수,부상신고자수,사고유형,법규위반,노면상태,기상상태,도로형태,가해운전자 차종,가해운전자 성별,가해운전자 연령,가해운전자 상해정도,피해운전자 차종,피해운전자 성별,피해운전자 연령,피해운전자 상해정도
2012042600100345,2012년 4월 26일 12시,목요일,경상북도 구미시 도량동,중상사고,0,3,2,0,차대차 - 측면직각충돌,안전운전불이행,건조,맑음,단일로 - 기타,승용,남,46세,상해없음,승용,남,30세,중상
2012042600100410,2012년 4월 26일 14시,목요일,경상북도 경주시 양북면,경상사고,0,0,1,0,차대차 - 기타,안전운전불이행,건조,맑음,교차로 - 교차로안,승용,여,58세,상해없음,승용,남,27세,경상
2012042600100411,2012년 4월 26일 14시,목요일,경상북도 안동시 풍산읍,중상사고,0,2,0,0,차대차 - 추돌 - 주정차중,안전운전불이행,건조,맑음,단일로 - 기타,승용,여,43세,상해없음,승용,남,44세,중상
2012042600100452,2012년 4월 26일 15시,목요일,경상북도 안동시 옥야동,경상사고,0,0,1,0,차대차 - 추돌 - 주정차중,안전운전불이행,건조,맑음,단일로 - 기타,승용,남,54세,상해없음,승용,남,35세,경상
2012042600100453,2012년 4월 26일 15시,목요일,경상북도 영천시 망정동,경상사고,0,0,1,0,차대차 - 측면직각충돌,안전운전불이행,건조,맑음,기타 - 기타,승용,여,63세,상해없음,승용,여,38세,경상
2012042600100499,2012년 4월 26일 16시,목요일,경상북도 경주시 외동읍,경상사고,0,0,1,0,차대차 - 측면직각충돌,안전운전불이행,건조,맑음,교차로 - 교차로안,농기계,남,81세,경상,승용,남,30세,상해없음
2012042600100500,2012년 4월 26일 16시,목요일,경상북도 포항시 북구 우현동,중상사고,0,1,1,0,차대차 - 기타,안전거리미확보,건조,맑음,단일로 - 기타,승용,남,48세,상해없음,승용,남,58세,경상
2012042600100532,2012년 4월 26일 17시,목요일,경상북도 경주시 안강읍,중상사고,0,1,0,0,차대사람 - 기타,안전운전불이행,건조,맑음,단일로 - 기타,화물,남,61세,상해없음,보행자,여,10세,중상
2012042600100533,2012년 4월 26일 17시,목요일,경상북도 포항시 북구 양덕동,경상사고,0,0,1,0,차대차 - 측면직각충돌,교차로운행방법위반,건조,맑음,교차로 - 교차로안,승용,남,40세,상해없음,승용,남,61세,경상
2012042600100534,2012년 4월 26일 17시,목요일,경상북도 포항시 북구 대흥동,경상사고,0,0,1,0,차대사람 - 길가장자리구역통행중,안전운전불이행,건조,맑음,단일로 - 기타,승용,여,28세,기타불명,보행자,여,20세,경상
2012042600100535,2012년 4월 26일 17시,목요일,경상북도 칠곡군 동명면,부상신고사고,0,0,0,1,차대차 - 추돌 - 진행중,안전운전불이행,건조,맑음,단일로 - 횡단보도상,원동기,남,74세,부상신고,승용,남,34세,상해없음
2012042600100536,2012년 4월 26일 17시,목요일,경상북도 문경시 공평동,경상사고,0,0,1,0,차대차 - 기타,안전운전불이행,건조,맑음,단일로 - 기타,승용,남,58세,상해없음,화물,남,41세,경상
2012042600100586,2012년 4월 26일 18시,목요일,경상북도 경산시 임당동,경상사고,0,0,1,0,차대차 - 기타,안전운전불이행,건조,맑음,단일로 - 기타,원동기,남,65세,상해없음,승용,남,51세,상해없음
2012042600100587,2012년 4월 26일 18시,목요일,경상북도 경산시 계양동,중상사고,0,1,2,0,차대차 - 기타,안전운전불이행,건조,맑음,교차로 - 교차로부근,화물,남,61세,상해없음,승용,남,31세,경상
2012042600100588,2012년 4월 26일 18시,목요일,경상북도 구미시 원평동,경상사고,0,0,1,0,차대차 - 기타,안전운전불이행,건조,맑음,교차로 - 교차로안,승용,남,50세,상해없음,자전거,남,70세,경상
2012042600100589,2012년 4월 26일 18시,목요일,경상북도 구미시 신평동,경상사고,0,0,1,0,차대차 - 측면직각충돌,안전운전불이행,건조,맑음,교차로 - 교차로부근,승용,남,55세,상해없음,승용,남,27세,상해없음
2012042600100634,2012년 4월 26일 19시,목요일,경상북도 안동시 태화동,경상사고,0,0,1,0,차대차 - 측면직각충돌,안전운전불이행,건조,맑음,교차로 - 교차로안,승용,남,25세,상해없음,이륜,남,17세,경상
2012042600100635,2012년 4월 26일 19시,목요일,경상북도 칠곡군 북삼읍,중상사고,0,1,0,0,차대사람 - 횡단중,안전운전불이행,건조,맑음,단일로 - 기타,승용,남,26세,상해없음,보행자,남,9세,중상
2012042600100664,2012년 4월 26일 20시,목요일,경상북도 포항시 북구 대신동,경상사고,0,0,1,0,차대차 - 기타,안전거리미확보,건조,맑음,교차로 - 교차로부근,승용,남,51세,상해없음,화물,남,70세,경상
2012042600100665,2012년 4월 26일 20시,목요일,경상북도 안동시 금곡동,경상사고,0,0,1,0,차대차 - 측면직각충돌,안전운전불이행,건조,맑음,단일로 - 기타,승용,남,43세,상해없음,이륜,남,19세,경상
2012042600100696,2012년 4월 26일 21시,목요일,경상북도 구미시 송정동,경상사고,0,0,1,0,차대차 - 측면직각충돌,안전운전불이행,건조,맑음,교차로 - 교차로안,승용,남,52세,상해없음,승용,남,51세,상해없음
2012042600100737,2012년 4월 26일 22시,목요일,경상북도 경산시 옥산동,경상사고,0,0,1,0,차대차 - 기타,안전운전불이행,건조,맑음,교차로 - 교차로부근,승합,남,57세,상해없음,승용,여,43세,경상
2012042600100738,2012년 4월 26일 22시,목요일,경상북도 구미시 임은동,중상사고,0,1,0,0,차대사람 - 횡단중,보행자보호의무위반,건조,맑음,단일로 - 기타,승용,남,45세,상해없음,보행자,여,27세,중상
2012042600100771,2012년 4월 26일 23시,목요일,경상북도 구미시 황상동,중상사고,0,1,1,0,차대차 - 추돌 - 주정차중,안전운전불이행,건조,맑음,교차로 - 교차로안,승용,남,36세,상해없음,승용,남,49세,경상
2012042600100772,2012년 4월 26일 23시,목요일,경상북도 포항시 남구 송내동,경상사고,0,0,2,0,차대차 - 기타,중앙선침범,건조,맑음,교차로 - 교차로부근,승용,여,54세,상해없음,승용,남,58세,경상
2012042700100049,2012년 4월 27일 01시,금요일,경상북도 구미시 인의동,중상사고,0,1,0,0,차대차 - 추돌 - 주정차중,안전운전불이행,건조,맑음,단일로 - 기타,승용,남,32세,중상,화물,미분류,기타불명,기타불명
2012042700100066,2012년 4월 27일 02시,금요일,경상북도 구미시 지산동,부상신고사고,0,0,0,1,차량단독 - 공작물충돌,안전운전불이행,건조,맑음,교차로 - 교차로부근,승용,남,29세,부상신고,,,,
2012042700100097,2012년 4월 27일 05시,금요일,경상북도 영천시 금호읍,사망사고,1,1,1,0,차대차 - 추돌 - 진행중,안전운전불이행,건조,맑음,단일로 - 기타,화물,남,25세,중상,특수,남,46세,경상
2012042700100172,2012년 4월 27일 08시,금요일,경상북도 안동시 목성동,중상사고,0,1,0,0,차대차 - 기타,신호위반,건조,맑음,단일로 - 횡단보도상,이륜,남,38세,상해없음,자전거,여,51세,중상
2012042700100173,2012년 4월 27일 08시,금요일,경상북도 문경시 모전동,경상사고,0,0,7,0,차대차 - 측면직각충돌,직진우회전진행방해,건조,맑음,교차로 - 교차로안,승용,남,71세,경상,승용,남,40세,경상
2012042700100174,2012년 4월 27일 08시,금요일,경상북도 구미시 옥계동,경상사고,0,0,2,0,차대차 - 측면직각충돌,교차로운행방법위반,건조,맑음,교차로 - 교차로부근,이륜,남,79세,경상,승용,여,36세,경상
2012042700100175,2012년 4월 27일 08시,금요일,경상북도 구미시 황상동,경상사고,0,0,1,0,차대사람 - 횡단중,안전운전불이행,건조,맑음,기타 - 기타,승용,여,52세,상해없음,보행자,여,20세,경상
2012042700100208,2012년 4월 27일 09시,금요일,경상북도 경주시 용강동,중상사고,0,1,0,0,차대차 - 측면직각충돌,안전운전불이행,건조,맑음,교차로 - 교차로안,승용,남,33세,상해없음,승용,여,50세,중상
2012042700100209,2012년 4월 27일 09시,금요일,경상북도 경주시 시래동,사망사고,1,2,0,0,차대차 - 측면직각충돌,신호위반,건조,맑음,교차로 - 교차로안,화물,남,29세,사망,화물,남,33세,중상
2012042700100210,2012년 4월 27일 09시,금요일,경상북도 포항시 남구 대도동,경상사고,0,0,1,0,차대차 - 추돌 - 진행중,교차로운행방법위반,건조,맑음,교차로 - 교차로안,승용,남,54세,상해없음,이륜,남,27세,경상
2012042700100230,2012년 4월 27일 10시,금요일,경상북도 경주시 성동동,중상사고,0,1,0,0,차대사람 - 횡단중,보행자보호의무위반,건조,맑음,단일로 - 횡단보도상,승용,여,47세,상해없음,보행자,여,74세,중상
2012042700100231,2012년 4월 27일 10시,금요일,경상북도 포항시 북구 송라면,경상사고,0,0,1,0,차대차 - 기타,안전거리미확보,건조,맑음,교차로 - 교차로부근,승용,남,46세,상해없음,승용,남,41세,경상
2012042700100232,2012년 4월 27일 10시,금요일,경상북도 영주시 풍기읍,중상사고,0,1,0,0,차대차 - 추돌 - 주정차중,안전운전불이행,건조,맑음,단일로 - 기타,승용,남,58세,상해없음,승용,남,60세,중상
2012042700100258,2012년 4월 27일 11시,금요일,경상북도 청도군 이서면,중상사고,0,3,1,0,차대차 - 측면직각충돌,교차로운행방법위반,건조,맑음,교차로 - 교차로안,화물,남,65세,상해없음,승용,남,67세,중상
2012042700100278,2012년 4월 27일 12시,금요일,경상북도 경주시 구황동,중상사고,0,1,4,0,차대차 - 측면직각충돌,신호위반,건조,맑음,교차로 - 교차로안,승용,남,47세,경상,화물,남,27세,중상
2012042700100279,2012년 4월 27일 12시,금요일,경상북도 김천시 삼락동,경상사고,0,0,6,0,차량단독 - 기타,안전운전불이행,건조,맑음,단일로 - 기타,승용,남,18세,상해없음,,,,
2012042700100345,2012년 4월 27일 14시,금요일,경상북도 포항시 북구 남빈동,경상사고,0,0,1,0,차대차 - 기타,안전운전불이행,건조,맑음,단일로 - 기타,승용,남,64세,상해없음,승용,여,39세,경상
2012042700100346,2012년 4월 27일 14시,금요일,경상북도 포항시 남구 대도동,경상사고,0,0,1,0,차대차 - 추돌 - 진행중,안전운전불이행,건조,맑음,단일로 - 기타,승용,남,56세,상해없음,승용,여,51세,경상
2012042700100382,2012년 4월 27일 15시,금요일,경상북도 경산시 하양읍,경상사고,0,0,1,0,차대차 - 기타,중앙선침범,건조,맑음,교차로 - 교차로안,승용,남,46세,상해없음,화물,남,58세,경상
2012042700100383,2012년 4월 27일 15시,금요일,경상북도 예천군 예천읍,중상사고,0,1,0,0,차대차 - 측면직각충돌,안전운전불이행,건조,맑음,단일로 - 기타,화물,남,22세,상해없음,자전거,남,87세,중상
2012042700100384,2012년 4월 27일 15시,금요일,경상북도 청도군 매전면,중상사고,0,1,0,0,차대차 - 측면직각충돌,교차로운행방법위반,건조,맑음,교차로 - 교차로안,화물,남,63세,상해없음,이륜,남,41세,중상
2012042700100385,2012년 4월 27일 15시,금요일,경상북도 영양군 일월면,경상사고,0,0,1,0,차대차 - 추돌 - 진행중,안전운전불이행,건조,맑음,단일로 - 기타,이륜,남,73세,경상,이륜,남,36세,상해없음
2012042700100424,2012년 4월 27일 16시,금요일,경상북도 의성군 구천면,중상사고,0,1,0,0,차대차 - 측면직각충돌,중앙선침범,건조,맑음,단일로 - 기타,화물,남,46세,상해없음,승용,여,42세,중상
2012042700100470,2012년 4월 27일 17시,금요일,경상북도 경주시 외동읍,중상사고,0,1,0,0,차대차 - 측면직각충돌,안전운전불이행,건조,맑음,교차로 - 교차로안,화물,남,41세,상해없음,이륜,여,74세,중상
2012042700100471,2012년 4월 27일 17시,금요일,경상북도 포항시 북구 죽도동,경상사고,0,0,1,0,차대차 - 기타,안전운전불이행,건조,맑음,기타 - 기타,승용,남,59세,상해없음,이륜,남,17세,경상
2012042700100472,2012년 4월 27일 17시,금요일,경상북도 성주군 성주읍,중상사고,0,1,0,0,차대차 - 기타,안전운전불이행,건조,맑음,교차로 - 교차로안,승용,여,58세,상해없음,원동기,여,34세,중상
2012042700100526,2012년 4월 27일 18시,금요일,경상북도 경주시 황남동,중상사고,0,1,0,0,차대사람 - 횡단중,안전운전불이행,건조,맑음,기타 - 기타,화물,남,56세,상해없음,보행자,남,71세,중상
2012042700100527,2012년 4월 27일 18시,금요일,경상북도 김천시 응명동,부상신고사고,0,0,0,1,차대차 - 측면직각충돌,안전운전불이행,건조,맑음,교차로 - 교차로부근,승용,남,47세,상해없음,화물,남,31세,부상신고
2012042700100528,2012년 4월 27일 18시,금요일,경상북도 경산시 중방동,중상사고,0,1,0,0,차대차 - 기타,신호위반,건조,맑음,교차로 - 교차로안,승합,남,49세,상해없음,원동기,남,46세,중상
2012042700100529,2012년 4월 27일 18시,금요일,경상북도 울진군 후포면,경상사고,0,0,1,0,차대차 - 추돌 - 진행중,안전운전불이행,건조,맑음,단일로 - 기타,승용,남,44세,상해없음,승용,여,52세,경상
2012042700100572,2012년 4월 27일 19시,금요일,경상북도 구미시 원평동,경상사고,0,0,1,0,차대사람 - 기타,안전운전불이행,건조,맑음,단일로 - 기타,승용,여,20세,상해없음,보행자,여,30세,경상
2012042700100597,2012년 4월 27일 20시,금요일,경상북도 상주시 화개동,경상사고,0,0,1,0,차대사람 - 기타,안전운전불이행,건조,맑음,단일로 - 기타,화물,남,56세,상해없음,보행자,여,62세,경상
2012042700100598,2012년 4월 27일 20시,금요일,경상북도 칠곡군 약목면,경상사고,0,0,1,0,차대차 - 추돌 - 진행중,교차로운행방법위반,건조,맑음,교차로 - 교차로안,승용,남,33세,상해없음,이륜,남,42세,경상
2012042700100599,2012년 4월 27일 20시,금요일,경상북도 청도군 금천면,사망사고,1,0,0,0,차량단독 - 도로외이탈 - 추락,안전운전불이행,건조,맑음,교차로 - 교차로부근,원동기,남,72세,사망,,,,
2012042700100600,2012년 4월 27일 20시,금요일,경상북도 구미시 송정동,경상사고,0,0,2,0,차대차 - 측면직각충돌,안전운전불이행,건조,맑음,교차로 - 교차로안,승용,여,24세,경상,승용,남,56세,경상
2012042700100632,2012년 4월 27일 21시,금요일,경상북도 경주시 내남면,경상사고,0,0,1,0,차대차 - 추돌 - 주정차중,안전운전불이행,건조,맑음,교차로 - 교차로부근,승용,남,48세,상해없음,승용,여,53세,경상
2012042700100633,2012년 4월 27일 21시,금요일,경상북도 포항시 북구 두호동,중상사고,0,1,0,0,차대사람 - 횡단중,교차로운행방법위반,건조,맑음,교차로 - 교차로안,승합,남,35세,상해없음,보행자,남,66세,중상
2012042700100634,2012년 4월 27일 21시,금요일,경상북도 안동시 옥동,경상사고,0,0,4,0,차대차 - 추돌 - 주정차중,안전운전불이행,건조,맑음,단일로 - 기타,승용,남,38세,상해없음,승용,여,35세,경상
2012042700100635,2012년 4월 27일 21시,금요일,경상북도 칠곡군 왜관읍,부상신고사고,0,0,0,1,차대차 - 기타,안전운전불이행,건조,맑음,교차로 - 교차로안,이륜,남,16세,부상신고,승용,남,22세,상해없음
2012042700100712,2012년 4월 27일 23시,금요일,경상북도 경주시 황성동,중상사고,0,1,2,0,차대차 - 측면직각충돌,안전운전불이행,건조,맑음,단일로 - 기타,승용,여,50세,상해없음,승용,여,47세,중상
2012042700100713,2012년 4월 27일 23시,금요일,경상북도 포항시 북구 대신동,경상사고,0,0,2,0,차대차 - 측면직각충돌,차로위반,건조,맑음,단일로 - 기타,승용,남,27세,상해없음,승용,남,53세,경상
2012042700100714,2012년 4월 27일 23시,금요일,경상북도 칠곡군 왜관읍,중상사고,0,1,1,0,차대차 - 추돌 - 주정차중,안전운전불이행,건조,맑음,단일로 - 기타,승용,남,43세,경상,화물,남,32세,상해없음
2012042700100715,2012년 4월 27일 23시,금요일,경상북도 구미시 인의동,경상사고,0,0,1,0,차대차 - 측면직각충돌,안전운전불이행,건조,맑음,단일로 - 기타,승용,남,24세,상해없음,승용,여,46세,경상
2012042700100716,2012년 4월 27일 23시,금요일,경상북도 구미시 공단동,중상사고,0,1,2,0,차대차 - 측면직각충돌,신호위반,건조,맑음,교차로 - 교차로안,승용,남,36세,경상,승용,남,48세,중상
2012042700100717,2012년 4월 27일 23시,금요일,경상북도 구미시 원평동,중상사고,0,1,0,0,차대사람 - 기타,안전운전불이행,건조,맑음,교차로 - 교차로안,승용,남,32세,상해없음,보행자,남,30세,중상
2012042800100056,2012년 4월 28일 02시,토요일,경상북도 구미시 광평동,중상사고,0,1,0,0,차량단독 - 공작물충돌,안전운전불이행,건조,맑음,교차로 - 교차로부근,승용,남,26세,상해없음,,,,
2012042800100071,2012년 4월 28일 03시,토요일,경상북도 경주시 도지동,사망사고,1,0,0,0,차량단독 - 공작물충돌,안전운전불이행,건조,맑음,단일로 - 기타,승용,남,23세,사망,,,,
2012042800100072,2012년 4월 28일 03시,토요일,경상북도 구미시 도량동,경상사고,0,0,2,0,차대차 - 측면직각충돌,안전운전불이행,건조,맑음,교차로 - 교차로안,승용,남,25세,상해없음,승용,남,44세,상해없음
2012042800100091,2012년 4월 28일 04시,토요일,경상북도 구미시 원평동,경상사고,0,0,1,0,차대사람 - 기타,안전운전불이행,건조,맑음,기타 - 기타,승용,남,18세,상해없음,보행자,남,26세,경상
2012042800100118,2012년 4월 28일 06시,토요일,경상북도 영천시 오수동,경상사고,0,0,2,0,차대차 - 측면직각충돌,중앙선침범,건조,맑음,단일로 - 기타,승용,여,24세,경상,승용,남,48세,경상
2012042800100119,2012년 4월 28일 06시,토요일,경상북도 구미시 장천면,경상사고,0,0,1,0,차대차 - 기타,안전운전불이행,건조,맑음,단일로 - 기타,화물,남,38세,상해없음,승용,남,26세,경상
2012042800100197,2012년 4월 28일 09시,토요일,경상북도 경산시 사정동,경상사고,0,0,1,0,차대차 - 기타,교차로운행방법위반,건조,맑음,기타 - 기타,승용,남,47세,상해없음,승용,여,47세,경상
2012042800100223,2012년 4월 28일 10시,토요일,경상북도 포항시 북구 우현동,중상사고,0,1,0,0,차대사람 - 기타,보행자보호의무위반,건조,맑음,교차로 - 교차로부근,기타불명,기타불명,기타불명,기타불명,보행자,남,62세,중상
2012042800100224,2012년 4월 28일 10시,토요일,경상북도 포항시 북구 우현동,경상사고,0,0,4,0,차대차 - 추돌 - 주정차중,안전거리미확보,건조,흐림,단일로 - 기타,승용,남,52세,상해없음,승용,여,46세,경상
2012042800100225,2012년 4월 28일 10시,토요일,경상북도 안동시 서후면,중상사고,0,3,0,0,차대차 - 측면직각충돌,교차로운행방법위반,건조,맑음,교차로 - 교차로안,화물,남,62세,상해없음,화물,남,73세,중상
2012042800100251,2012년 4월 28일 11시,토요일,경상북도 상주시 모동면,경상사고,0,0,1,0,차대차 - 측면직각충돌,안전운전불이행,건조,맑음,단일로 - 기타,화물,남,51세,상해없음,건설기계,남,42세,경상
2012042800100252,2012년 4월 28일 11시,토요일,경상북도 울진군 후포면,경상사고,0,0,1,0,차대차 - 기타,안전운전불이행,건조,맑음,교차로 - 교차로안,자전거,남,81세,경상,승용,여,62세,상해없음
2012042800100253,2012년 4월 28일 11시,토요일,경상북도 구미시 인의동,경상사고,0,0,1,0,차대차 - 측면직각충돌,직진우회전진행방해,건조,맑음,교차로 - 교차로안,승용,여,36세,상해없음,승용,남,42세,경상
2012042800100293,2012년 4월 28일 12시,토요일,경상북도 포항시 북구 대신동,경상사고,0,0,1,0,차대차 - 기타,안전운전불이행,건조,맑음,교차로 - 교차로부근,승용,남,42세,상해없음,승용,여,38세,경상
2012042800100359,2012년 4월 28일 14시,토요일,경상북도 안동시 풍천면,경상사고,0,0,1,0,차대사람 - 기타,안전운전불이행,건조,맑음,단일로 - 기타,화물,남,18세,상해없음,보행자,남,29세,경상
2012042800100360,2012년 4월 28일 14시,토요일,경상북도 김천시 응명동,중상사고,0,1,0,0,차량단독 - 기타,안전운전불이행,건조,맑음,단일로 - 기타,이륜,남,18세,상해없음,,,,
2012042800100361,2012년 4월 28일 14시,토요일,경상북도 칠곡군 기산면,경상사고,0,0,1,0,차대차 - 측면직각충돌,안전운전불이행,건조,맑음,단일로 - 기타,화물,여,64세,상해없음,승용,여,59세,경상
2012042800100401,2012년 4월 28일 15시,토요일,경상북도 경주시 구황동,경상사고,0,0,1,0,차대차 - 추돌 - 주정차중,안전운전불이행,건조,맑음,교차로 - 교차로부근,화물,남,47세,상해없음,승용,남,43세,경상
2012042800100402,2012년 4월 28일 15시,토요일,경상북도 안동시 송현동,경상사고,0,0,1,0,차대사람 - 기타,안전운전불이행,건조,맑음,단일로 - 기타,승용,남,34세,상해없음,보행자,여,75세,경상
2012042800100439,2012년 4월 28일 16시,토요일,경상북도 경주시 용강동,중상사고,0,1,1,0,차대차 - 측면직각충돌,안전운전불이행,건조,맑음,단일로 - 기타,승용,여,47세,상해없음,승용,남,53세,중상
2012042800100440,2012년 4월 28일 16시,토요일,경상북도 경주시 탑동,경상사고,0,0,2,0,차대차 - 기타,안전운전불이행,건조,맑음,교차로 - 교차로부근,승용,남,54세,상해없음,승용,남,44세,경상
2012042800100441,2012년 4월 28일 16시,토요일,경상북도 구미시 공단동,경상사고,0,0,1,0,차대차 - 측면직각충돌,안전운전불이행,건조,맑음,교차로 - 교차로부근,화물,남,51세,상해없음,승용,남,34세,경상
2012042800100480,2012년 4월 28일 17시,토요일,경상북도 경주시 용강동,경상사고,0,0,5,0,차량단독 - 기타,안전운전불이행,건조,맑음,기타 - 기타,승용,여,35세,경상,,,,
2012042800100481,2012년 4월 28일 17시,토요일,경상북도 경주시 마동,경상사고,0,0,2,0,차대차 - 추돌 - 주정차중,안전운전불이행,건조,맑음,단일로 - 기타,승용,남,42세,상해없음,승용,남,68세,경상
2012042800100482,2012년 4월 28일 17시,토요일,경상북도 구미시 봉곡동,경상사고,0,0,2,0,차대사람 - 기타,안전운전불이행,건조,맑음,단일로 - 기타,이륜,남,39세,경상,보행자,여,9세,경상
2012042800100527,2012년 4월 28일 18시,토요일,경상북도 경주시 구정동,중상사고,0,2,0,0,차대차 - 기타,안전운전불이행,건조,맑음,단일로 - 기타,승용,남,30세,중상,화물,남,43세,중상
2012042800100528,2012년 4월 28일 18시,토요일,경상북도 경주시 성건동,경상사고,0,0,2,1,차대차 - 측면직각충돌,안전운전불이행,건조,맑음,교차로 - 교차로안,승용,여,32세,부상신고,승용,남,36세,경상
2012042800100529,2012년 4월 28일 18시,토요일,경상북도 상주시 지천동,경상사고,0,0,1,0,차대차 - 기타,안전운전불이행,건조,맑음,단일로 - 기타,승용,기타불명,기타불명,기타불명,승합,남,32세,상해없음
2012042800100562,2012년 4월 28일 19시,토요일,경상북도 포항시 북구 항구동,중상사고,0,2,0,0,차대차 - 기타,안전운전불이행,건조,맑음,단일로 - 기타,승용,남,48세,상해없음,이륜,남,34세,중상
2012042800100563,2012년 4월 28일 19시,토요일,경상북도 영천시 완산동,경상사고,0,0,3,0,차대차 - 측면직각충돌,교차로운행방법위반,건조,맑음,교차로 - 교차로안,화물,남,60세,경상,승용,남,72세,경상
2012042800100595,2012년 4월 28일 20시,토요일,경상북도 경주시 성건동,부상신고사고,0,0,0,1,차대사람 - 기타,안전운전불이행,건조,맑음,단일로 - 기타,승용,기타불명,기타불명,기타불명,보행자,여,19세,부상신고
2012042800100596,2012년 4월 28일 20시,토요일,경상북도 포항시 북구 송라면,경상사고,0,0,2,0,차대차 - 기타,신호위반,건조,맑음,교차로 - 교차로안,화물,남,56세,경상,승용,남,51세,경상
2012042800100640,2012년 4월 28일 21시,토요일,경상북도 영천시 도남동,경상사고,0,0,3,0,차대차 - 추돌 - 진행중,안전운전불이행,건조,맑음,교차로 - 교차로부근,승용,남,42세,상해없음,승용,남,34세,경상
2012042800100671,2012년 4월 28일 22시,토요일,경상북도 경주시 외동읍,중상사고,0,2,0,0,차대차 - 기타,안전운전불이행,건조,맑음,단일로 - 기타,승용,남,37세,상해없음,승용,남,30세,중상
2012042800100672,2012년 4월 28일 22시,토요일,경상북도 칠곡군 왜관읍,경상사고,0,0,1,0,차대차 - 측면직각충돌,안전운전불이행,건조,맑음,단일로 - 기타,기타불명,기타불명,기타불명,기타불명,승용,남,56세,경상
2012042800100673,2012년 4월 28일 22시,토요일,경상북도 구미시 송정동,경상사고,0,0,1,0,차대차 - 측면직각충돌,안전운전불이행,건조,맑음,단일로 - 기타,승용,남,51세,상해없음,이륜,남,17세,경상
2012042800100674,2012년 4월 28일 22시,토요일,경상북도 구미시 지산동,경상사고,0,0,3,0,차대차 - 측면직각충돌,안전운전불이행,건조,맑음,단일로 - 기타,승용,남,40세,상해없음,승용,남,49세,경상
2012042900100021,2012년 4월 29일 00시,일요일,경상북도 경산시 압량면,경상사고,0,0,2,0,차대차 - 기타,교차로운행방법위반,건조,맑음,교차로 - 교차로안,원동기,남,18세,상해없음,승용,여,25세,경상
2012042900100047,2012년 4월 29일 01시,일요일,경상북도 포항시 북구 대신동,경상사고,0,0,1,0,차대차 - 추돌 - 주정차중,안전운전불이행,건조,맑음,교차로 - 교차로부근,승용,남,35세,상해없음,승용,남,27세,경상
2012042900100048,2012년 4월 29일 01시,일요일,경상북도 칠곡군 왜관읍,부상신고사고,0,0,0,1,차대차 - 추돌 - 진행중,안전운전불이행,건조,맑음,단일로 - 기타,승용,남,52세,상해없음,승용,여,51세,부상신고
2012042900100061,2012년 4월 29일 02시,일요일,경상북도 안동시 운흥동,경상사고,0,0,1,0,차대사람 - 횡단중,안전운전불이행,건조,맑음,단일로 - 기타,승용,남,51세,상해없음,보행자,남,39세,경상
2012042900100115,2012년 4월 29일 06시,일요일,경상북도 성주군 성주읍,경상사고,0,0,1,0,차량단독 - 전도전복,안전운전불이행,건조,맑음,단일로 - 기타,승용,여,31세,경상,,,,
2012042900100129,2012년 4월 29일 07시,일요일,경상북도 경주시 외동읍,중상사고,0,2,1,0,차대차 - 추돌 - 진행중,안전운전불이행,건조,맑음,교차로 - 교차로안,승용,남,45세,상해없음,화물,남,54세,경상
2012042900100130,2012년 4월 29일 07시,일요일,경상북도 포항시 북구 학산동,중상사고,0,1,0,0,차대사람 - 기타,안전운전불이행,건조,맑음,교차로 - 교차로안,승용,남,64세,상해없음,보행자,여,62세,중상
2012042900100131,2012년 4월 29일 07시,일요일,경상북도 문경시 점촌동,경상사고,0,0,2,0,차대차 - 기타,중앙선침범,건조,맑음,단일로 - 기타,건설기계,남,39세,상해없음,화물,남,69세,상해없음
2012042900100161,2012년 4월 29일 09시,일요일,경상북도 영주시 휴천동,경상사고,0,0,1,0,차대차 - 측면직각충돌,안전운전불이행,건조,맑음,단일로 - 기타,승용,남,48세,상해없음,자전거,남,14세,경상
2012042900100177,2012년 4월 29일 10시,일요일,경상북도 경주시 진현동,경상사고,0,0,1,0,차대차 - 측면직각충돌,중앙선침범,건조,맑음,단일로 - 기타,승용,남,67세,상해없음,승합,남,52세,경상
2012042900100196,2012년 4월 29일 11시,일요일,경상북도 안동시 용상동,중상사고,0,1,0,0,차대사람 - 기타,안전운전불이행,건조,맑음,기타 - 기타,승용,남,58세,상해없음,보행자,여,68세,중상
2012042900100197,2012년 4월 29일 11시,일요일,경상북도 영주시 휴천동,경상사고,0,0,1,0,차대차 - 기타,안전운전불이행,건조,맑음,교차로 - 교차로안,승용,여,45세,상해없음,자전거,여,68세,경상
2012042900100214,2012년 4월 29일 12시,일요일,경상북도 영주시 휴천동,사망사고,1,0,0,0,차대차 - 기타,안전운전불이행,건조,맑음,교차로 - 교차로안,화물,남,52세,상해없음,자전거,남,78세,사망
2012042900100215,2012년 4월 29일 12시,일요일,경상북도 성주군 월항면,중상사고,0,1,0,0,차대차 - 추돌 - 진행중,안전운전불이행,건조,맑음,단일로 - 기타,승용,남,37세,상해없음,이륜,남,84세,중상
2012042900100241,2012년 4월 29일 13시,일요일,경상북도 포항시 남구 상도동,경상사고,0,0,1,0,차대차 - 기타,안전운전불이행,건조,맑음,단일로 - 기타,승용,남,72세,상해없음,자전거,남,22세,경상