사고번호,사고일시,요일,시군구,사고내용,사망자수,중상자수,경상자수,부상신고자수,사고유형,법규위반,노면상태,기상상태,도로형태,가해운전자 차종,가해운전자 성별,가해운전자 연령,가해운전자 상해정도,피해운전자 차종,피해운전자 성별,피해운전자 연령,피해운전자 상해정도
2012050100100576,2012년 5월 1일 19시,화요일,경상북도 포항시 북구 장성동,중상사고,0,1,0,0,차대사람 - 기타,안전운전불이행,건조,맑음,단일로 - 기타,승용,여,47세,상해없음,보행자,남,45세,중상
2012050100100577,2012년 5월 1일 19시,화요일,경상북도 포항시 북구 양덕동,중상사고,0,1,0,0,차대사람 - 기타,안전운전불이행,건조,맑음,교차로 - 교차로안,승용,남,25세,상해없음,보행자,여,14세,중상
2012050100100622,2012년 5월 1일 20시,화요일,경상북도 경산시 자인면,부상신고사고,0,0,0,2,차대차 - 기타,신호위반,습기,비,교차로 - 교차로안,승용,여,50세,상해없음,승용,남,59세,부상신고
2012050100100623,2012년 5월 1일 20시,화요일,경상북도 영덕군 영해면,중상사고,0,1,0,0,차대차 - 측면직각충돌,안전운전불이행,건조,맑음,단일로 - 기타,이륜,남,44세,중상,승용,남,59세,기타불명
2012050100100624,2012년 5월 1일 20시,화요일,경상북도 고령군 고령읍,사망사고,1,1,0,0,차대사람 - 횡단중,안전운전불이행,습기,비,단일로 - 기타,승용,남,42세,상해없음,보행자,남,71세,사망
2012050100100625,2012년 5월 1일 20시,화요일,경상북도 구미시 인의동,경상사고,0,0,2,0,차대차 - 정면충돌,중앙선침범,건조,흐림,단일로 - 기타,승용,남,27세,상해없음,승용,남,40세,경상
2012050100100676,2012년 5월 1일 21시,화요일,경상북도 칠곡군 석적읍,경상사고,0,0,1,0,차대차 - 측면직각충돌,교차로운행방법위반,습기,비,교차로 - 교차로안,승용,남,25세,상해없음,이륜,남,16세,경상
2012050100100677,2012년 5월 1일 21시,화요일,경상북도 구미시 임은동,사망사고,1,0,0,0,차대사람 - 기타,안전운전불이행,습기,비,단일로 - 기타,화물,남,36세,상해없음,보행자,여,57세,사망
2012050100100717,2012년 5월 1일 22시,화요일,경상북도 구미시 황상동,경상사고,0,0,2,0,차대차 - 측면직각충돌,안전운전불이행,습기,비,단일로 - 기타,승용,남,44세,상해없음,승용,남,28세,경상
2012050100100751,2012년 5월 1일 23시,화요일,경상북도 포항시 북구 죽도동,경상사고,0,0,1,0,차대차 - 측면직각충돌,교차로운행방법위반,습기,비,교차로 - 교차로안,승용,남,56세,상해없음,승용,여,25세,상해없음
2012050100100752,2012년 5월 1일 23시,화요일,경상북도 구미시 황상동,중상사고,0,2,1,0,차대차 - 추돌 - 진행중,안전운전불이행,건조,흐림,교차로 - 교차로안,승용,남,24세,상해없음,승용,남,31세,경상
2012050200100039,2012년 5월 2일 01시,수요일,경상북도 안동시 수상동,경상사고,0,0,1,0,차대차 - 측면직각충돌,직진우회전진행방해,건조,맑음,교차로 - 교차로안,승용,여,36세,상해없음,승용,여,57세,경상
2012050200100040,2012년 5월 2일 01시,수요일,경상북도 구미시 송정동,경상사고,0,0,2,0,차대차 - 추돌 - 주정차중,안전운전불이행,건조,맑음,교차로 - 교차로부근,승용,남,58세,상해없음,승용,남,41세,경상
2012050200100058,2012년 5월 2일 03시,수요일,경상북도 포항시 남구 대잠동,경상사고,0,0,4,0,차대차 - 추돌 - 진행중,교차로운행방법위반,습기,흐림,교차로 - 교차로안,승용,남,30세,상해없음,승용,남,60세,경상
2012050200100071,2012년 5월 2일 04시,수요일,경상북도 포항시 남구 이동,중상사고,0,1,0,0,차대차 - 추돌 - 주정차중,안전운전불이행,건조,맑음,단일로 - 기타,원동기,남,19세,중상,화물,남,52세,상해없음
2012050200100097,2012년 5월 2일 06시,수요일,경상북도 구미시 구포동,중상사고,0,1,0,0,차대차 - 정면충돌,중앙선침범,건조,맑음,기타 - 기타,승용,남,31세,상해없음,승용,남,35세,중상
2012050200100134,2012년 5월 2일 07시,수요일,경상북도 경주시 용강동,경상사고,0,0,1,0,차대차 - 측면직각충돌,안전운전불이행,습기,비,단일로 - 기타,승용,남,49세,상해없음,승용,남,53세,경상
2012050200100135,2012년 5월 2일 07시,수요일,경상북도 성주군 성주읍,중상사고,0,1,0,0,차대사람 - 횡단중,안전운전불이행,습기,비,교차로 - 교차로안,승용,남,62세,상해없음,보행자,여,84세,중상
2012050200100177,2012년 5월 2일 08시,수요일,경상북도 포항시 남구 상도동,중상사고,0,2,2,0,차대차 - 추돌 - 진행중,안전운전불이행,습기,비,교차로 - 교차로부근,화물,남,42세,상해없음,승용,여,45세,중상
2012050200100178,2012년 5월 2일 08시,수요일,경상북도 구미시 원평동,중상사고,0,1,0,0,차대차 - 기타,안전거리미확보,건조,흐림,단일로 - 기타,기타불명,기타불명,기타불명,기타불명,승용,여,33세,중상
2012050200100179,2012년 5월 2일 08시,수요일,경상북도 구미시 원평동,경상사고,0,0,1,0,차대사람 - 기타,안전운전불이행,건조,맑음,단일로 - 기타,승용,남,30세,상해없음,보행자,남,41세,경상
2012050200100250,2012년 5월 2일 10시,수요일,경상북도 경주시 강동면,중상사고,0,1,0,0,차대차 - 측면직각충돌,중앙선침범,습기,비,단일로 - 기타,승용,남,51세,상해없음,승합,남,31세,중상
2012050200100251,2012년 5월 2일 10시,수요일,경상북도 경주시 성건동,중상사고,0,1,0,0,차대차 - 기타,안전운전불이행,습기,비,기타 - 기타,승용,남,69세,상해없음,자전거,남,18세,중상
2012050200100252,2012년 5월 2일 10시,수요일,경상북도 영주시 영주동,경상사고,0,0,1,0,차대차 - 측면직각충돌,차로위반,건조,맑음,교차로 - 교차로부근,승용,남,51세,상해없음,화물,남,33세,경상
2012050200100283,2012년 5월 2일 11시,수요일,경상북도 구미시 원평동,중상사고,0,1,0,0,차대차 - 측면직각충돌,교차로운행방법위반,건조,맑음,교차로 - 교차로안,승용,남,58세,상해없음,승용,여,40세,중상
2012050200100284,2012년 5월 2일 11시,수요일,경상북도 구미시 원평동,중상사고,0,2,0,0,차대사람 - 기타,안전운전불이행,건조,맑음,교차로 - 교차로부근,자전거,남,74세,중상,보행자,여,55세,중상
2012050200100306,2012년 5월 2일 12시,수요일,경상북도 안동시 안기동,중상사고,0,2,0,0,차대차 - 측면직각충돌,안전운전불이행,건조,맑음,단일로 - 기타,원동기,남,65세,중상,화물,남,54세,상해없음
2012050200100340,2012년 5월 2일 13시,수요일,경상북도 경주시 천북면,경상사고,0,0,3,0,차대차 - 측면직각충돌,안전운전불이행,습기,비,교차로 - 교차로부근,화물,남,27세,상해없음,승합,남,48세,경상
2012050200100341,2012년 5월 2일 13시,수요일,경상북도 봉화군 봉화읍,경상사고,0,0,1,0,차대차 - 측면직각충돌,기타,건조,맑음,교차로 - 교차로안,승용,여,42세,상해없음,농기계,남,51세,경상
2012050200100342,2012년 5월 2일 13시,수요일,경상북도 구미시 봉곡동,중상사고,0,1,1,0,차대차 - 측면직각충돌,안전운전불이행,건조,맑음,단일로 - 기타,화물,남,46세,상해없음,승용,여,47세,경상
2012050200100343,2012년 5월 2일 13시,수요일,경상북도 구미시 상모동,경상사고,0,0,1,0,차대차 - 측면직각충돌,안전운전불이행,건조,맑음,교차로 - 교차로안,화물,남,63세,상해없음,승용,여,29세,경상
2012050200100390,2012년 5월 2일 14시,수요일,경상북도 구미시 광평동,중상사고,0,1,0,0,차대차 - 기타,교차로운행방법위반,건조,맑음,교차로 - 교차로안,승용,여,26세,상해없음,이륜,남,53세,중상
2012050200100391,2012년 5월 2일 14시,수요일,경상북도 구미시 신평동,경상사고,0,0,1,0,차대차 - 기타,안전거리미확보,건조,맑음,단일로 - 기타,승용,여,49세,경상,승용,남,41세,상해없음
2012050200100431,2012년 5월 2일 15시,수요일,경상북도 경주시 안강읍,경상사고,0,0,2,0,차대차 - 측면직각충돌,안전운전불이행,습기,비,단일로 - 기타,승용,남,47세,상해없음,화물,남,58세,경상
2012050200100432,2012년 5월 2일 15시,수요일,경상북도 안동시 남문동,경상사고,0,0,1,0,차대사람 - 기타,안전운전불이행,건조,맑음,단일로 - 기타,승용,남,38세,상해없음,보행자,여,50세,경상
2012050200100433,2012년 5월 2일 15시,수요일,경상북도 구미시 원평동,중상사고,0,1,0,0,차대사람 - 기타,안전운전불이행,건조,흐림,단일로 - 기타,승용,남,74세,상해없음,보행자,남,49세,중상
2012050200100434,2012년 5월 2일 15시,수요일,경상북도 구미시 거의동,경상사고,0,0,1,0,차대차 - 추돌 - 진행중,안전운전불이행,건조,맑음,단일로 - 기타,승용,남,55세,상해없음,승용,남,59세,상해없음
2012050200100498,2012년 5월 2일 17시,수요일,경상북도 구미시 송정동,경상사고,0,0,1,0,차대차 - 기타,안전운전불이행,건조,맑음,단일로 - 기타,승용,여,34세,상해없음,자전거,남,73세,경상
2012050200100499,2012년 5월 2일 17시,수요일,경상북도 포항시 남구 동촌동,중상사고,0,1,0,0,차량단독 - 기타,안전운전불이행,습기,비,단일로 - 기타,원동기,남,45세,중상,,,,
2012050200100539,2012년 5월 2일 18시,수요일,경상북도 경산시 옥산동,경상사고,0,0,1,0,차대차 - 기타,안전운전불이행,습기,비,단일로 - 기타,승용,남,47세,상해없음,원동기,남,17세,경상
2012050200100540,2012년 5월 2일 18시,수요일,경상북도 경산시 진량읍,중상사고,0,1,0,0,차대차 - 기타,직진우회전진행방해,습기,흐림,교차로 - 교차로안,화물,남,32세,상해없음,원동기,남,67세,중상
2012050200100541,2012년 5월 2일 18시,수요일,경상북도 봉화군 봉화읍,경상사고,0,0,1,0,차대차 - 추돌 - 진행중,안전운전불이행,습기,비,단일로 - 기타,승용,남,68세,상해없음,승용,여,23세,경상
2012050200100542,2012년 5월 2일 18시,수요일,경상북도 구미시 비산동,경상사고,0,0,1,0,차대차 - 측면직각충돌,안전운전불이행,건조,맑음,단일로 - 기타,승용,남,30세,상해없음,자전거,남,7세,경상
2012050200100543,2012년 5월 2일 18시,수요일,경상북도 구미시 비산동,경상사고,0,0,1,0,차대차 - 측면직각충돌,직진우회전진행방해,건조,맑음,교차로 - 교차로안,승용,여,44세,상해없음,화물,남,34세,경상
2012050200100581,2012년 5월 2일 19시,수요일,경상북도 김천시 개령면,중상사고,0,1,1,0,차대차 - 측면직각충돌,중앙선침범,건조,맑음,단일로 - 기타,화물,남,43세,상해없음,화물,남,44세,중상
2012050200100582,2012년 5월 2일 19시,수요일,경상북도 경산시 삼북동,경상사고,0,0,1,0,차대차 - 기타,신호위반,습기,비,교차로 - 교차로안,승용,여,20세,상해없음,승용,여,26세,경상
2012050200100616,2012년 5월 2일 20시,수요일,경상북도 경주시 성건동,중상사고,0,2,3,0,차대차 - 기타,안전운전불이행,건조,맑음,단일로 - 기타,승합,남,37세,기타불명,승용,남,35세,중상
2012050200100617,2012년 5월 2일 20시,수요일,경상북도 포항시 북구 기계면,경상사고,0,0,3,0,차대차 - 기타,신호위반,습기,흐림,교차로 - 교차로안,승용,남,30세,상해없음,승용,남,36세,경상
2012050200100618,2012년 5월 2일 20시,수요일,경상북도 경산시 조영동,경상사고,0,0,1,0,차대사람 - 기타,안전운전불이행,건조,맑음,단일로 - 기타,승용,남,21세,상해없음,보행자,남,62세,경상
2012050200100619,2012년 5월 2일 20시,수요일,경상북도 구미시 원평동,경상사고,0,0,1,0,차대사람 - 기타,안전운전불이행,건조,맑음,단일로 - 기타,화물,남,49세,상해없음,보행자,남,4세,경상
2012050200100642,2012년 5월 2일 21시,수요일,경상북도 경주시 동천동,중상사고,0,1,0,0,차대사람 - 길가장자리구역통행중,안전운전불이행,습기,비,단일로 - 기타,화물,여,54세,상해없음,보행자,여,58세,중상
2012050200100643,2012년 5월 2일 21시,수요일,경상북도 안동시 옥동,경상사고,0,0,1,0,차대차 - 측면직각충돌,중앙선침범,습기,비,단일로 - 기타,승용,남,52세,상해없음,이륜,남,16세,경상
2012050200100644,2012년 5월 2일 21시,수요일,경상북도 영주시 안정면,사망사고,1,0,0,0,차량단독 - 공작물충돌,안전운전불이행,건조,맑음,단일로 - 기타,화물,남,33세,사망,,,,
2012050200100676,2012년 5월 2일 22시,수요일,경상북도 포항시 남구 송도동,경상사고,0,0,1,0,차대사람 - 기타,신호위반,습기,비,교차로 - 교차로안,승용,남,71세,상해없음,보행자,남,42세,경상
2012050200100705,2012년 5월 2일 23시,수요일,경상북도 칠곡군 왜관읍,경상사고,0,0,1,0,차대차 - 추돌 - 진행중,교차로운행방법위반,건조,맑음,교차로 - 교차로안,승합,남,45세,상해없음,승용,남,49세,경상
2012050300100018,2012년 5월 3일 00시,목요일,경상북도 영주시 문수면,중상사고,0,1,0,0,차량단독 - 전도전복,안전운전불이행,건조,맑음,기타 - 기타,화물,여,36세,중상,,,,
2012050300100054,2012년 5월 3일 02시,목요일,경상북도 경산시 조영동,경상사고,0,0,1,0,차대사람 - 기타,안전운전불이행,건조,맑음,교차로 - 교차로부근,승용,남,25세,상해없음,보행자,남,28세,상해없음
2012050300100055,2012년 5월 3일 02시,목요일,경상북도 구미시 지산동,중상사고,0,1,0,0,차대차 - 기타,안전운전불이행,건조,맑음,미분류 - 미분류,승용,남,26세,상해없음,승용,남,46세,중상
2012050300100063,2012년 5월 3일 03시,목요일,경상북도 김천시 교동,중상사고,0,1,0,0,차량단독 - 기타,안전운전불이행,건조,맑음,단일로 - 기타,원동기,남,24세,상해없음,,,,
2012050300100064,2012년 5월 3일 03시,목요일,경상북도 영주시 풍기읍,중상사고,0,2,0,0,차대사람 - 횡단중,안전운전불이행,건조,맑음,단일로 - 기타,이륜,남,79세,중상,보행자,남,42세,중상
2012050300100073,2012년 5월 3일 04시,목요일,경상북도 영주시 순흥면,중상사고,0,2,2,0,차량단독 - 공작물충돌,안전운전불이행,건조,맑음,교차로 - 교차로부근,승용,남,21세,중상,,,,
2012050300100088,2012년 5월 3일 06시,목요일,경상북도 경주시 양남면,중상사고,0,2,2,0,차대차 - 측면직각충돌,중앙선침범,건조,맑음,단일로 - 기타,승용,남,47세,경상,승용,남,37세,중상
2012050300100110,2012년 5월 3일 07시,목요일,경상북도 경산시 사정동,중상사고,0,1,0,0,차대사람 - 기타,안전운전불이행,건조,맑음,단일로 - 기타,자전거,남,16세,상해없음,보행자,남,93세,중상
2012050300100111,2012년 5월 3일 07시,목요일,경상북도 경산시 진량읍,중상사고,0,2,0,0,차대차 - 기타,신호위반,건조,흐림,교차로 - 교차로안,화물,남,41세,중상,승용,여,54세,중상
2012050300100112,2012년 5월 3일 07시,목요일,경상북도 구미시 공단동,중상사고,0,1,0,0,차대차 - 기타,안전운전불이행,건조,맑음,교차로 - 교차로안,승용,남,47세,기타불명,자전거,남,45세,중상
2012050300100152,2012년 5월 3일 08시,목요일,경상북도 영천시 완산동,경상사고,0,0,2,0,차대차 - 측면직각충돌,안전운전불이행,건조,맑음,단일로 - 기타,승용,여,37세,상해없음,승용,여,55세,경상
2012050300100186,2012년 5월 3일 09시,목요일,경상북도 경주시 천북면,경상사고,0,0,1,0,차량단독 - 공작물충돌,안전운전불이행,습기,비,교차로 - 교차로안,승용,여,53세,경상,,,,
2012050300100187,2012년 5월 3일 09시,목요일,경상북도 경산시 중방동,경상사고,0,0,1,0,차대차 - 기타,안전운전불이행,건조,맑음,교차로 - 교차로부근,원동기,남,22세,상해없음,승용,여,38세,경상
2012050300100188,2012년 5월 3일 09시,목요일,경상북도 영덕군 달산면,중상사고,0,1,0,0,차량단독 - 기타,안전운전불이행,기타,맑음,단일로 - 기타,승용,남,59세,중상,,,,
2012050300100211,2012년 5월 3일 10시,목요일,경상북도 문경시 윤직동,경상사고,0,0,1,0,차대차 - 기타,직진우회전진행방해,습기,비,교차로 - 교차로안,승용,여,46세,상해없음,승합,남,35세,경상
2012050300100212,2012년 5월 3일 10시,목요일,경상북도 영덕군 창수면,경상사고,0,0,2,0,차대차 - 측면직각충돌,중앙선침범,습기,비,단일로 - 기타,승용,여,50세,경상,건설기계,남,51세,상해없음
2012050300100232,2012년 5월 3일 11시,목요일,경상북도 경주시 노서동,경상사고,0,0,2,0,차대차 - 측면직각충돌,안전운전불이행,습기,비,단일로 - 기타,화물,남,46세,상해없음,승용,남,25세,경상
2012050300100233,2012년 5월 3일 11시,목요일,경상북도 경주시 양남면,중상사고,0,2,2,0,차대차 - 측면직각충돌,중앙선침범,습기,비,단일로 - 기타,화물,남,36세,중상,화물,남,65세,상해없음
2012050300100234,2012년 5월 3일 11시,목요일,경상북도 포항시 남구 해도동,경상사고,0,0,1,0,차대차 - 추돌 - 진행중,안전운전불이행,건조,맑음,단일로 - 기타,승용,남,26세,상해없음,승용,여,51세,경상
2012050300100259,2012년 5월 3일 12시,목요일,경상북도 칠곡군 동명면,중상사고,0,1,0,0,차대차 - 측면직각충돌,안전운전불이행,건조,맑음,기타 - 기타,승용,기타불명,기타불명,기타불명,승용,남,56세,상해없음
2012050300100280,2012년 5월 3일 13시,목요일,경상북도 영주시 풍기읍,중상사고,0,2,0,0,차대차 - 측면직각충돌,중앙선침범,건조,맑음,단일로 - 기타,승용,여,61세,중상,화물,남,48세,중상
2012050300100380,2012년 5월 3일 16시,목요일,경상북도 안동시 법상동,경상사고,0,0,1,0,차대사람 - 기타,안전운전불이행,건조,맑음,단일로 - 기타,승용,여,46세,상해없음,보행자,여,15세,경상
2012050300100381,2012년 5월 3일 16시,목요일,경상북도 영주시 하망동,경상사고,0,0,1,0,차대차 - 측면직각충돌,교차로운행방법위반,건조,맑음,교차로 - 교차로안,승용,남,64세,상해없음,원동기,남,68세,경상
2012050300100382,2012년 5월 3일 16시,목요일,경상북도 포항시 남구 지곡동,중상사고,0,1,0,0,차대차 - 기타,안전거리미확보,습기,흐림,단일로 - 기타,이륜,남,17세,중상,승용,남,43세,상해없음
2012050300100383,2012년 5월 3일 16시,목요일,경상북도 포항시 남구 송내동,중상사고,0,1,3,0,차대차 - 기타,안전운전불이행,습기,비,교차로 - 교차로부근,화물,남,54세,상해없음,승용,남,41세,경상
2012050300100422,2012년 5월 3일 17시,목요일,경상북도 포항시 남구 송내동,경상사고,0,0,1,0,차량단독 - 공작물충돌,안전운전불이행,건조,맑음,교차로 - 교차로안,승용,여,29세,경상,,,,
2012050300100467,2012년 5월 3일 18시,목요일,경상북도 경주시 시래동,경상사고,0,0,2,0,차대차 - 기타,안전운전불이행,건조,맑음,단일로 - 기타,승용,남,57세,상해없음,승용,여,46세,경상
2012050300100468,2012년 5월 3일 18시,목요일,경상북도 경산시 중방동,경상사고,0,0,1,0,차대차 - 기타,신호위반,건조,맑음,교차로 - 교차로안,원동기,여,39세,상해없음,원동기,남,18세,경상
2012050300100469,2012년 5월 3일 18시,목요일,경상북도 포항시 남구 상도동,경상사고,0,0,1,0,차대차 - 추돌 - 진행중,안전운전불이행,건조,맑음,단일로 - 기타,승용,여,45세,상해없음,승용,여,29세,경상
2012050300100499,2012년 5월 3일 19시,목요일,경상북도 포항시 북구 죽도동,경상사고,0,0,2,0,차대차 - 측면직각충돌,안전거리미확보,건조,맑음,단일로 - 기타,승용,남,55세,상해없음,승용,여,37세,경상
2012050300100500,2012년 5월 3일 19시,목요일,경상북도 안동시 남문동,중상사고,0,1,0,0,차대사람 - 기타,안전운전불이행,건조,맑음,단일로 - 기타,승용,여,31세,상해없음,보행자,남,42세,중상
2012050300100528,2012년 5월 3일 20시,목요일,경상북도 영주시 영주동,부상신고사고,0,0,0,1,차량단독 - 전도전복,안전운전불이행,건조,맑음,단일로 - 기타,원동기,남,52세,부상신고,,,,
2012050300100529,2012년 5월 3일 20시,목요일,경상북도 구미시 신평동,경상사고,0,0,2,0,차대차 - 측면직각충돌,신호위반,건조,맑음,교차로 - 교차로안,승용,여,32세,경상,승용,남,28세,경상
2012050300100572,2012년 5월 3일 21시,목요일,경상북도 영주시 영주동,중상사고,0,1,0,0,차대차 - 추돌 - 진행중,안전운전불이행,건조,맑음,교차로 - 교차로안,승용,여,53세,상해없음,이륜,남,38세,중상
2012050300100573,2012년 5월 3일 21시,목요일,경상북도 고령군 고령읍,중상사고,0,1,2,0,차대차 - 추돌 - 진행중,안전운전불이행,건조,맑음,단일로 - 기타,승용,남,35세,상해없음,승용,여,49세,중상
2012050300100589,2012년 5월 3일 22시,목요일,경상북도 안동시 법상동,중상사고,0,1,0,0,차대차 - 측면직각충돌,안전운전불이행,건조,맑음,교차로 - 교차로부근,승용,여,23세,상해없음,승용,여,39세,중상
2012050300100590,2012년 5월 3일 22시,목요일,경상북도 칠곡군 동명면,중상사고,0,1,0,0,차대차 - 기타,안전운전불이행,건조,맑음,교차로 - 교차로부근,승합,여,28세,상해없음,자전거,남,59세,중상
2012050300100591,2012년 5월 3일 22시,목요일,경상북도 경산시 백천동,경상사고,0,0,2,0,차대차 - 기타,안전운전불이행,건조,맑음,교차로 - 교차로부근,승용,여,46세,상해없음,승용,남,38세,경상
2012050300100630,2012년 5월 3일 23시,목요일,경상북도 구미시 봉곡동,경상사고,0,0,2,0,차대차 - 측면직각충돌,안전운전불이행,건조,맑음,교차로 - 교차로부근,승용,남,41세,상해없음,승용,남,54세,경상
2012050400100024,2012년 5월 4일 00시,금요일,경상북도 경주시 용강동,중상사고,0,1,0,0,차대사람 - 기타,안전운전불이행,건조,맑음,교차로 - 교차로부근,승용,남,62세,상해없음,보행자,남,21세,중상
2012050400100025,2012년 5월 4일 00시,금요일,경상북도 구미시 진평동,경상사고,0,0,1,0,차대차 - 측면직각충돌,안전운전불이행,건조,맑음,단일로 - 기타,승용,남,28세,상해없음,승용,남,22세,경상
2012050400100037,2012년 5월 4일 01시,금요일,경상북도 안동시 상아동,경상사고,0,0,1,0,차량단독 - 공작물충돌,안전운전불이행,건조,맑음,단일로 - 기타,승용,남,29세,경상,,,,
2012050400100050,2012년 5월 4일 02시,금요일,경상북도 상주시 낙동면,사망사고,1,2,0,0,차대차 - 추돌 - 주정차중,안전운전불이행,건조,맑음,단일로 - 기타,화물,남,52세,상해없음,화물,남,71세,사망
2012050400100069,2012년 5월 4일 04시,금요일,경상북도 포항시 남구 청림동,경상사고,0,0,1,0,차대차 - 추돌 - 진행중,안전운전불이행,건조,맑음,단일로 - 기타,승용,남,56세,상해없음,화물,남,36세,경상
2012050400100079,2012년 5월 4일 05시,금요일,경상북도 경산시 압량면,중상사고,0,1,0,0,차대차 - 기타,안전운전불이행,건조,맑음,단일로 - 기타,승용,남,59세,상해없음,원동기,남,39세,중상
2012050400100092,2012년 5월 4일 06시,금요일,경상북도 구미시 오태동,경상사고,0,0,1,0,차대차 - 측면직각충돌,안전운전불이행,건조,맑음,교차로 - 교차로부근,승용,여,38세,상해없음,승용,남,53세,경상
2012050400100126,2012년 5월 4일 07시,금요일,경상북도 칠곡군 왜관읍,중상사고,0,1,0,0,차대사람 - 횡단중,안전운전불이행,건조,맑음,교차로 - 교차로부근,승용,여,49세,상해없음,보행자,남,13세,중상
2012050400100168,2012년 5월 4일 08시,금요일,경상북도 경주시 성동동,중상사고,0,1,0,0,차대사람 - 기타,안전운전불이행,건조,맑음,기타 - 기타,승용,여,30세,상해없음,보행자,남,71세,중상
2012050400100169,2012년 5월 4일 08시,금요일,경상북도 안동시 신안동,경상사고,0,0,1,0,차대차 - 측면직각충돌,안전운전불이행,건조,맑음,단일로 - 기타,승용,남,64세,상해없음,이륜,남,16세,경상
2012050400100170,2012년 5월 4일 08시,금요일,경상북도 경산시 하양읍,경상사고,0,0,2,0,차대차 - 기타,신호위반,건조,맑음,교차로 - 교차로안,승용,여,57세,상해없음,승용,남,46세,경상
2012050400100207,2012년 5월 4일 09시,금요일,경상북도 경주시 양남면,경상사고,0,0,1,0,차대차 - 측면직각충돌,안전운전불이행,건조,맑음,단일로 - 기타,승용,남,72세,상해없음,원동기,남,73세,경상
2012050400100208,2012년 5월 4일 09시,금요일,경상북도 문경시 흥덕동,경상사고,0,0,1,0,차대차 - 기타,직진우회전진행방해,건조,맑음,교차로 - 교차로안,승합,여,26세,경상,화물,남,38세,상해없음
2012050400100209,2012년 5월 4일 09시,금요일,경상북도 경산시 진량읍,중상사고,0,1,0,0,차대사람 - 기타,안전운전불이행,건조,맑음,단일로 - 기타,승용,여,45세,상해없음,보행자,여,19세,중상
2012050400100237,2012년 5월 4일 10시,금요일,경상북도 구미시 고아읍,경상사고,0,0,1,0,차량단독 - 기타,안전운전불이행,기타,맑음,단일로 - 기타,승용,여,49세,경상,,,,
2012050400100238,2012년 5월 4일 10시,금요일,경상북도 포항시 남구 연일읍,중상사고,0,1,0,0,차대사람 - 기타,안전운전불이행,건조,맑음,단일로 - 기타,승용,남,31세,상해없음,보행자,남,62세,중상
2012050400100300,2012년 5월 4일 12시,금요일,경상북도 경주시 노서동,경상사고,0,0,2,0,차대차 - 측면직각충돌,안전운전불이행,건조,맑음,단일로 - 기타,승용,남,79세,상해없음,화물,남,37세,경상
2012050400100301,2012년 5월 4일 12시,금요일,경상북도 안동시 옥동,중상사고,0,1,0,0,차대사람 - 횡단중,안전운전불이행,건조,맑음,교차로 - 교차로안,승용,남,58세,상해없음,보행자,여,89세,중상
2012050400100332,2012년 5월 4일 13시,금요일,경상북도 김천시 부곡동,사망사고,1,0,0,0,차대사람 - 기타,안전운전불이행,건조,맑음,단일로 - 기타,화물,남,66세,상해없음,보행자,여,75세,사망
2012050400100333,2012년 5월 4일 13시,금요일,경상북도 영주시 휴천동,경상사고,0,0,1,0,차대차 - 측면직각충돌,직진우회전진행방해,건조,맑음,교차로 - 교차로안,승용,남,32세,상해없음,이륜,남,31세,경상
2012050400100334,2012년 5월 4일 13시,금요일,경상북도 영주시 휴천동,중상사고,0,1,0,0,차대차 - 측면직각충돌,안전운전불이행,건조,맑음,교차로 - 교차로부근,화물,남,25세,상해없음,승용,남,38세,중상
2012050400100335,2012년 5월 4일 13시,금요일,경상북도 구미시 공단동,중상사고,0,1,2,0,차대차 - 기타,직진우회전진행방해,건조,맑음,교차로 - 교차로안,승용,여,30세,경상,화물,남,65세,경상
2012050400100368,2012년 5월 4일 14시,금요일,경상북도 안동시 수상동,중상사고,0,2,0,0,차대차 - 측면직각충돌,신호위반,건조,맑음,교차로 - 교차로안,특수,남,28세,상해없음,화물,남,72세,중상
2012050400100396,2012년 5월 4일 15시,금요일,경상북도 의성군 금성면,중상사고,0,1,0,0,차대차 - 측면직각충돌,기타,건조,맑음,교차로 - 교차로안,승용,남,72세,상해없음,이륜,남,78세,중상
2012050400100397,2012년 5월 4일 15시,금요일,경상북도 칠곡군 왜관읍,경상사고,0,0,1,0,차대사람 - 보도통행중,안전운전불이행,건조,맑음,교차로 - 교차로안,승용,여,49세,상해없음,보행자,여,69세,경상
2012050400100436,2012년 5월 4일 16시,금요일,경상북도 김천시 백옥동,중상사고,0,1,2,0,차대차 - 측면직각충돌,안전운전불이행,건조,맑음,교차로 - 교차로부근,화물,남,69세,상해없음,승용,여,49세,경상
2012050400100475,2012년 5월 4일 17시,금요일,경상북도 포항시 북구 죽도동,경상사고,0,0,1,0,차대차 - 기타,안전운전불이행,건조,맑음,기타 - 기타,승용,남,45세,상해없음,자전거,남,66세,경상
2012050400100476,2012년 5월 4일 17시,금요일,경상북도 영천시 금노동,경상사고,0,0,1,0,차대차 - 추돌 - 진행중,안전운전불이행,건조,맑음,단일로 - 기타,승용,여,55세,상해없음,화물,남,34세,경상
2012050400100477,2012년 5월 4일 17시,금요일,경상북도 경산시 계양동,중상사고,0,1,0,0,차대차 - 기타,안전운전불이행,건조,맑음,교차로 - 교차로안,승용,여,47세,상해없음,원동기,남,29세,중상
2012050400100522,2012년 5월 4일 18시,금요일,경상북도 포항시 북구 청하면,중상사고,0,2,0,0,차대차 - 기타,안전운전불이행,건조,맑음,단일로 - 기타,화물,남,59세,상해없음,화물,여,48세,중상
2012050400100566,2012년 5월 4일 19시,금요일,경상북도 경산시 조영동,경상사고,0,0,1,0,차대차 - 기타,안전운전불이행,건조,맑음,단일로 - 기타,기타불명,기타불명,기타불명,기타불명,승용,남,32세,경상