사고번호,사고일시,요일,시군구,사고내용,사망자수,중상자수,경상자수,부상신고자수,사고유형,법규위반,노면상태,기상상태,도로형태,가해운전자 차종,가해운전자 성별,가해운전자 연령,가해운전자 상해정도,피해운전자 차종,피해운전자 성별,피해운전자 연령,피해운전자 상해정도
2012050400100567,2012년 5월 4일 19시,금요일,경상북도 경산시 와촌면,경상사고,0,0,1,0,차대사람 - 기타,안전운전불이행,건조,맑음,교차로 - 교차로부근,화물,남,61세,상해없음,보행자,남,54세,경상
2012050400100598,2012년 5월 4일 20시,금요일,경상북도 영주시 휴천동,중상사고,0,1,0,0,차대차 - 측면직각충돌,안전운전불이행,건조,맑음,교차로 - 교차로안,화물,남,44세,상해없음,자전거,여,42세,중상
2012050400100599,2012년 5월 4일 20시,금요일,경상북도 구미시 신평동,중상사고,0,2,0,0,차대차 - 기타,안전운전불이행,건조,맑음,단일로 - 기타,기타불명,기타불명,기타불명,기타불명,승용,남,30세,중상
2012050400100629,2012년 5월 4일 21시,금요일,경상북도 포항시 북구 두호동,중상사고,0,1,1,0,차량단독 - 기타,안전운전불이행,건조,맑음,단일로 - 기타,원동기,남,14세,경상,,,,
2012050400100630,2012년 5월 4일 21시,금요일,경상북도 김천시 어모면,경상사고,0,0,1,0,차대차 - 측면직각충돌,안전운전불이행,건조,맑음,단일로 - 기타,승용,남,57세,상해없음,승용,남,37세,경상
2012050400100631,2012년 5월 4일 21시,금요일,경상북도 구미시 선산읍,경상사고,0,0,1,0,차대차 - 기타,안전운전불이행,건조,맑음,단일로 - 기타,화물,남,41세,상해없음,승용,여,33세,경상
2012050400100674,2012년 5월 4일 22시,금요일,경상북도 구미시 옥계동,경상사고,0,0,1,0,차대차 - 추돌 - 진행중,안전운전불이행,건조,맑음,단일로 - 기타,승용,남,27세,상해없음,승용,남,30세,경상
2012050400100675,2012년 5월 4일 22시,금요일,경상북도 구미시 형곡동,경상사고,0,0,1,0,차대사람 - 횡단중,보행자보호의무위반,건조,맑음,단일로 - 횡단보도상,화물,남,45세,상해없음,보행자,남,43세,경상
2012050400100676,2012년 5월 4일 22시,금요일,경상북도 칠곡군 왜관읍,중상사고,0,2,0,0,차대차 - 추돌 - 진행중,안전운전불이행,건조,맑음,단일로 - 기타,승용,남,31세,상해없음,승용,남,36세,중상
2012050400100705,2012년 5월 4일 23시,금요일,경상북도 안동시 태화동,경상사고,0,0,1,0,차대차 - 측면직각충돌,안전운전불이행,건조,맑음,교차로 - 교차로부근,승용,남,48세,상해없음,이륜,남,21세,경상
2012050500100045,2012년 5월 5일 01시,토요일,경상북도 안동시 일직면,경상사고,0,0,3,0,차량단독 - 공작물충돌,안전운전불이행,건조,맑음,단일로 - 기타,승용,여,32세,경상,,,,
2012050500100105,2012년 5월 5일 04시,토요일,경상북도 안동시 옥동,중상사고,0,1,0,0,차대사람 - 횡단중,안전운전불이행,건조,맑음,기타 - 기타,승용,남,51세,상해없음,보행자,남,16세,중상
2012050500100119,2012년 5월 5일 05시,토요일,경상북도 칠곡군 왜관읍,부상신고사고,0,0,0,1,차량단독 - 공작물충돌,안전운전불이행,건조,맑음,단일로 - 기타,승용,남,36세,부상신고,,,,
2012050500100140,2012년 5월 5일 06시,토요일,경상북도 김천시 덕곡동,경상사고,0,0,1,0,차대차 - 측면직각충돌,안전운전불이행,건조,맑음,교차로 - 교차로부근,승용,남,22세,상해없음,화물,남,28세,상해없음
2012050500100175,2012년 5월 5일 08시,토요일,경상북도 포항시 북구 죽도동,중상사고,0,1,0,0,차대사람 - 기타,안전운전불이행,건조,맑음,단일로 - 기타,화물,남,45세,상해없음,보행자,남,77세,중상
2012050500100176,2012년 5월 5일 08시,토요일,경상북도 영천시 완산동,경상사고,0,0,1,0,차대차 - 측면직각충돌,안전운전불이행,건조,맑음,단일로 - 교량,이륜,남,74세,경상,화물,남,60세,상해없음
2012050500100192,2012년 5월 5일 09시,토요일,경상북도 안동시 길안면,경상사고,0,0,1,0,차대차 - 측면직각충돌,기타,건조,맑음,단일로 - 기타,승합,남,58세,상해없음,화물,남,50세,경상
2012050500100193,2012년 5월 5일 09시,토요일,경상북도 경주시 율동,경상사고,0,0,4,0,차대차 - 기타,안전운전불이행,건조,맑음,단일로 - 기타,승용,남,77세,경상,승용,남,37세,경상
2012050500100224,2012년 5월 5일 10시,토요일,경상북도 청도군 청도읍,중상사고,0,3,0,0,차대차 - 측면직각충돌,교차로운행방법위반,건조,맑음,교차로 - 교차로안,승용,남,68세,중상,승용,여,42세,중상
2012050500100248,2012년 5월 5일 11시,토요일,경상북도 김천시 신음동,경상사고,0,0,1,0,차대차 - 측면직각충돌,안전운전불이행,건조,맑음,교차로 - 교차로부근,승용,여,26세,상해없음,이륜,남,17세,경상
2012050500100288,2012년 5월 5일 12시,토요일,경상북도 경주시 외동읍,경상사고,0,0,3,0,차대차 - 추돌 - 진행중,안전운전불이행,건조,맑음,단일로 - 기타,승용,남,38세,상해없음,승용,남,59세,경상
2012050500100289,2012년 5월 5일 12시,토요일,경상북도 안동시 풍천면,경상사고,0,0,1,0,차량단독 - 기타,안전운전불이행,건조,맑음,단일로 - 기타,이륜,남,74세,경상,,,,
2012050500100290,2012년 5월 5일 12시,토요일,경상북도 문경시 가은읍,사망사고,1,0,0,0,차대차 - 기타,안전운전불이행,건조,맑음,교차로 - 교차로안,승용,남,39세,상해없음,이륜,여,57세,사망
2012050500100291,2012년 5월 5일 12시,토요일,경상북도 영덕군 강구면,경상사고,0,0,1,0,차대사람 - 횡단중,안전운전불이행,건조,맑음,단일로 - 기타,승용,여,38세,상해없음,보행자,여,5세,경상
2012050500100292,2012년 5월 5일 12시,토요일,경상북도 성주군 성주읍,중상사고,0,1,6,0,차대차 - 추돌 - 주정차중,안전거리미확보,건조,맑음,단일로 - 기타,승용,여,38세,중상,승용,여,46세,경상
2012050500100293,2012년 5월 5일 12시,토요일,경상북도 청송군 현동면,중상사고,0,1,1,0,차량단독 - 공작물충돌,안전운전불이행,건조,맑음,단일로 - 기타,승용,여,29세,상해없음,,,,
2012050500100324,2012년 5월 5일 13시,토요일,경상북도 포항시 북구 송라면,경상사고,0,0,3,0,차대차 - 추돌 - 주정차중,안전거리미확보,건조,맑음,단일로 - 기타,승합,남,28세,상해없음,승용,남,42세,경상
2012050500100325,2012년 5월 5일 13시,토요일,경상북도 영천시 화북면,중상사고,0,1,0,0,차대차 - 측면직각충돌,안전운전불이행,건조,맑음,단일로 - 기타,이륜,남,82세,중상,승합,남,53세,상해없음
2012050500100326,2012년 5월 5일 13시,토요일,경상북도 영덕군 지품면,중상사고,0,2,0,0,차량단독 - 공작물충돌,안전운전불이행,건조,맑음,단일로 - 기타,승용,남,50세,중상,,,,
2012050500100327,2012년 5월 5일 13시,토요일,경상북도 칠곡군 왜관읍,경상사고,0,0,1,0,차대사람 - 기타,안전운전불이행,건조,맑음,단일로 - 기타,승용,남,28세,상해없음,보행자,여,32세,경상
2012050500100364,2012년 5월 5일 14시,토요일,경상북도 김천시 모암동,경상사고,0,0,2,0,차대차 - 측면직각충돌,신호위반,건조,맑음,교차로 - 교차로안,화물,남,61세,상해없음,승용,남,51세,경상
2012050500100365,2012년 5월 5일 14시,토요일,경상북도 울진군 죽변면,중상사고,0,1,0,1,차대차 - 측면직각충돌,안전운전불이행,건조,맑음,교차로 - 교차로안,건설기계,남,55세,상해없음,승용,남,33세,상해없음
2012050500100399,2012년 5월 5일 15시,토요일,경상북도 경주시 황남동,경상사고,0,0,1,0,차대사람 - 기타,안전운전불이행,건조,맑음,단일로 - 기타,화물,남,71세,상해없음,보행자,남,15세,경상
2012050500100439,2012년 5월 5일 16시,토요일,경상북도 영주시 가흥동,중상사고,0,1,0,0,차대차 - 측면직각충돌,안전운전불이행,건조,맑음,단일로 - 기타,승용,남,29세,상해없음,이륜,남,72세,중상
2012050500100440,2012년 5월 5일 16시,토요일,경상북도 영천시 신령면,경상사고,0,0,3,0,차대차 - 측면직각충돌,교차로운행방법위반,건조,맑음,교차로 - 교차로안,건설기계,남,45세,상해없음,승용,남,38세,경상
2012050500100441,2012년 5월 5일 16시,토요일,경상북도 포항시 남구 이동,경상사고,0,0,1,0,차대차 - 추돌 - 주정차중,안전운전불이행,건조,맑음,단일로 - 기타,승용,여,44세,상해없음,원동기,남,16세,경상
2012050500100442,2012년 5월 5일 16시,토요일,경상북도 포항시 남구 오천읍,중상사고,0,2,3,0,차대차 - 추돌 - 진행중,중앙선침범,건조,맑음,단일로 - 기타,승용,남,23세,경상,승용,여,43세,경상
2012050500100470,2012년 5월 5일 17시,토요일,경상북도 안동시 삼산동,경상사고,0,0,1,0,차대차 - 측면직각충돌,안전운전불이행,건조,맑음,교차로 - 교차로안,승용,남,63세,상해없음,자전거,남,34세,경상
2012050500100471,2012년 5월 5일 17시,토요일,경상북도 칠곡군 왜관읍,경상사고,0,0,1,0,차대차 - 기타,안전운전불이행,건조,맑음,교차로 - 교차로부근,승용,여,46세,상해없음,승합,여,33세,상해없음
2012050500100472,2012년 5월 5일 17시,토요일,경상북도 구미시 고아읍,경상사고,0,0,1,0,차대차 - 추돌 - 주정차중,안전운전불이행,건조,맑음,교차로 - 교차로부근,승용,남,56세,상해없음,승용,여,36세,경상
2012050500100513,2012년 5월 5일 18시,토요일,경상북도 경주시 신평동,중상사고,0,2,0,0,차대사람 - 기타,안전운전불이행,건조,맑음,단일로 - 기타,이륜,남,33세,상해없음,보행자,여,5세,중상
2012050500100514,2012년 5월 5일 18시,토요일,경상북도 김천시 부곡동,경상사고,0,0,1,0,차대차 - 기타,안전운전불이행,건조,맑음,단일로 - 횡단보도상,승용,여,32세,상해없음,자전거,여,44세,경상
2012050500100515,2012년 5월 5일 18시,토요일,경상북도 문경시 가은읍,중상사고,0,1,0,0,차량단독 - 도로외이탈 - 추락,안전운전불이행,건조,맑음,교차로 - 교차로부근,농기계,남,68세,중상,,,,
2012050500100516,2012년 5월 5일 18시,토요일,경상북도 예천군 용궁면,중상사고,0,1,0,0,차대차 - 추돌 - 진행중,안전운전불이행,건조,맑음,교차로 - 교차로부근,승용,남,34세,상해없음,승용,여,46세,중상
2012050500100547,2012년 5월 5일 19시,토요일,경상북도 경산시 하양읍,경상사고,0,0,1,0,차대차 - 기타,보행자보호의무위반,건조,맑음,단일로 - 횡단보도상,원동기,남,18세,기타불명,승합,남,49세,기타불명
2012050500100548,2012년 5월 5일 19시,토요일,경상북도 구미시 사곡동,경상사고,0,0,1,0,차대사람 - 기타,안전운전불이행,건조,맑음,단일로 - 기타,승용,기타불명,기타불명,기타불명,보행자,여,52세,경상
2012050500100549,2012년 5월 5일 19시,토요일,경상북도 포항시 남구 오천읍,경상사고,0,0,1,0,차대차 - 추돌 - 진행중,안전거리미확보,습기,맑음,단일로 - 기타,승용,남,32세,상해없음,승용,남,72세,경상
2012050500100595,2012년 5월 5일 20시,토요일,경상북도 포항시 북구 흥해읍,경상사고,0,0,1,0,차대차 - 기타,중앙선침범,건조,맑음,단일로 - 기타,승용,남,32세,상해없음,승용,남,31세,경상
2012050500100596,2012년 5월 5일 20시,토요일,경상북도 김천시 아포읍,중상사고,0,1,0,0,차량단독 - 도로외이탈 - 기타,안전운전불이행,건조,맑음,단일로 - 기타,이륜,남,69세,중상,,,,
2012050500100597,2012년 5월 5일 20시,토요일,경상북도 칠곡군 약목면,중상사고,0,1,0,0,차대차 - 추돌 - 진행중,안전운전불이행,건조,맑음,단일로 - 기타,이륜,기타불명,기타불명,기타불명,이륜,남,51세,중상
2012050500100637,2012년 5월 5일 21시,토요일,경상북도 경주시 황성동,경상사고,0,0,1,0,차량단독 - 기타,안전운전불이행,건조,맑음,단일로 - 기타,승용,남,46세,상해없음,,,,
2012050500100638,2012년 5월 5일 21시,토요일,경상북도 안동시 옥동,경상사고,0,0,1,0,차대차 - 측면직각충돌,안전거리미확보,건조,맑음,교차로 - 교차로부근,이륜,남,17세,경상,승용,남,39세,상해없음
2012050500100639,2012년 5월 5일 21시,토요일,경상북도 김천시 교동,경상사고,0,0,1,0,차대차 - 측면직각충돌,안전운전불이행,건조,맑음,단일로 - 기타,승용,여,34세,상해없음,이륜,남,64세,경상
2012050500100672,2012년 5월 5일 22시,토요일,경상북도 경주시 신평동,중상사고,0,1,2,0,차대차 - 기타,안전운전불이행,건조,맑음,교차로 - 교차로안,승용,남,35세,중상,승용,남,28세,경상
2012050500100673,2012년 5월 5일 22시,토요일,경상북도 칠곡군 왜관읍,부상신고사고,0,0,0,1,차량단독 - 전도전복,안전운전불이행,건조,맑음,단일로 - 기타,원동기,남,48세,부상신고,,,,
2012050500100674,2012년 5월 5일 22시,토요일,경상북도 영천시 문외동,경상사고,0,0,1,0,차대사람 - 기타,안전운전불이행,건조,맑음,단일로 - 기타,이륜,남,25세,상해없음,보행자,여,15세,경상
2012050500100675,2012년 5월 5일 22시,토요일,경상북도 고령군 성산면,부상신고사고,0,0,0,1,차대차 - 추돌 - 주정차중,안전운전불이행,건조,맑음,단일로 - 기타,승용,남,47세,부상신고,특수,남,42세,기타불명
2012050500100700,2012년 5월 5일 23시,토요일,경상북도 상주시 함창읍,중상사고,0,1,0,0,차대차 - 추돌 - 주정차중,안전운전불이행,건조,맑음,단일로 - 기타,화물,남,47세,상해없음,승용,남,25세,중상
2012050500100701,2012년 5월 5일 23시,토요일,경상북도 경산시 옥곡동,중상사고,0,1,0,0,차대차 - 기타,안전운전불이행,건조,맑음,교차로 - 교차로안,기타불명,기타불명,기타불명,기타불명,원동기,남,18세,중상
2012050600100035,2012년 5월 6일 01시,일요일,경상북도 경주시 성건동,중상사고,0,1,0,0,차대사람 - 기타,안전운전불이행,건조,맑음,단일로 - 기타,승용,기타불명,기타불명,기타불명,보행자,남,33세,중상
2012050600100036,2012년 5월 6일 01시,일요일,경상북도 포항시 남구 대도동,중상사고,0,1,0,0,차대차 - 기타,신호위반,건조,맑음,교차로 - 교차로부근,승용,남,33세,상해없음,자전거,여,41세,중상
2012050600100049,2012년 5월 6일 02시,일요일,경상북도 포항시 남구 대잠동,경상사고,0,0,1,0,차대차 - 측면직각충돌,신호위반,건조,맑음,교차로 - 교차로안,승용,남,53세,상해없음,승용,남,40세,상해없음
2012050600100063,2012년 5월 6일 03시,일요일,경상북도 포항시 북구 환호동,경상사고,0,0,1,0,차량단독 - 기타,안전운전불이행,건조,맑음,단일로 - 기타,승용,여,28세,상해없음,,,,
2012050600100082,2012년 5월 6일 04시,일요일,경상북도 안동시 태화동,사망사고,1,0,0,0,차대사람 - 기타,안전운전불이행,건조,맑음,단일로 - 기타,승용,여,38세,상해없음,보행자,남,42세,사망
2012050600100094,2012년 5월 6일 05시,일요일,경상북도 포항시 남구 대도동,경상사고,0,0,1,0,차대차 - 추돌 - 진행중,직진우회전진행방해,건조,맑음,교차로 - 교차로안,승용,남,31세,상해없음,승용,여,57세,상해없음
2012050600100106,2012년 5월 6일 06시,일요일,경상북도 안동시 당북동,경상사고,0,0,4,0,차대차 - 측면직각충돌,신호위반,건조,맑음,교차로 - 교차로안,승용,남,25세,경상,승용,남,25세,경상
2012050600100107,2012년 5월 6일 06시,일요일,경상북도 김천시 대항면,중상사고,0,1,1,0,차대사람 - 기타,안전운전불이행,건조,맑음,단일로 - 기타,화물,남,61세,상해없음,보행자,남,57세,중상
2012050600100108,2012년 5월 6일 06시,일요일,경상북도 청도군 화양읍,경상사고,0,0,2,0,차대차 - 측면직각충돌,교차로운행방법위반,건조,맑음,교차로 - 교차로안,화물,남,69세,상해없음,화물,남,60세,경상
2012050600100122,2012년 5월 6일 07시,일요일,경상북도 울진군 평해읍,중상사고,0,2,5,0,차대차 - 추돌 - 주정차중,안전운전불이행,건조,맑음,교차로 - 교차로부근,화물,남,73세,상해없음,화물,남,31세,경상
2012050600100133,2012년 5월 6일 08시,일요일,경상북도 포항시 북구 죽도동,중상사고,0,1,0,0,차대차 - 기타,신호위반,건조,맑음,단일로 - 기타,승용,여,56세,상해없음,자전거,여,63세,중상
2012050600100147,2012년 5월 6일 09시,일요일,경상북도 안동시 남문동,중상사고,0,1,0,0,차대사람 - 횡단중,안전운전불이행,건조,맑음,교차로 - 교차로부근,화물,남,63세,상해없음,보행자,여,63세,중상
2012050600100148,2012년 5월 6일 09시,일요일,경상북도 청도군 각북면,중상사고,0,1,0,0,차량단독 - 기타,안전운전불이행,건조,맑음,단일로 - 기타,승합,남,43세,상해없음,,,,
2012050600100149,2012년 5월 6일 09시,일요일,경상북도 포항시 남구 오천읍,경상사고,0,0,1,0,차대차 - 추돌 - 진행중,직진우회전진행방해,건조,맑음,교차로 - 교차로안,승용,남,39세,상해없음,승용,여,54세,경상
2012050600100150,2012년 5월 6일 09시,일요일,경상북도 포항시 남구 대도동,경상사고,0,0,1,0,차대사람 - 기타,안전운전불이행,건조,맑음,교차로 - 교차로부근,승용,남,63세,상해없음,보행자,남,37세,경상
2012050600100161,2012년 5월 6일 10시,일요일,경상북도 의성군 안계면,경상사고,0,0,1,0,차대사람 - 길가장자리구역통행중,안전운전불이행,건조,맑음,단일로 - 기타,화물,남,70세,상해없음,보행자,여,38세,경상
2012050600100162,2012년 5월 6일 10시,일요일,경상북도 영천시 문외동,중상사고,0,2,0,0,차대차 - 측면직각충돌,안전운전불이행,건조,맑음,교차로 - 교차로부근,승용,여,36세,상해없음,승용,남,49세,중상
2012050600100163,2012년 5월 6일 10시,일요일,경상북도 울진군 후포면,중상사고,0,1,2,0,차대차 - 측면직각충돌,안전운전불이행,건조,맑음,단일로 - 기타,승용,여,63세,상해없음,승용,남,66세,경상
2012050600100188,2012년 5월 6일 11시,일요일,경상북도 경주시 용강동,중상사고,0,1,2,0,차대차 - 추돌 - 진행중,안전운전불이행,건조,맑음,단일로 - 기타,화물,남,72세,중상,화물,남,42세,경상
2012050600100189,2012년 5월 6일 11시,일요일,경상북도 의성군 안계면,중상사고,0,1,0,0,차대사람 - 길가장자리구역통행중,불법유턴,건조,맑음,단일로 - 기타,승용,남,43세,상해없음,보행자,여,69세,중상
2012050600100221,2012년 5월 6일 12시,일요일,경상북도 경주시 양남면,경상사고,0,0,2,0,차대차 - 측면직각충돌,신호위반,건조,맑음,교차로 - 교차로안,승용,여,30세,상해없음,승용,남,33세,경상
2012050600100263,2012년 5월 6일 13시,일요일,경상북도 포항시 북구 용흥동,중상사고,0,2,0,0,차대차 - 기타,안전운전불이행,건조,맑음,교차로 - 교차로부근,승용,남,28세,상해없음,승용,남,51세,중상
2012050600100264,2012년 5월 6일 13시,일요일,경상북도 영주시 안정면,중상사고,0,5,0,0,차대차 - 정면충돌,안전운전불이행,건조,맑음,단일로 - 기타,승합,남,52세,상해없음,승용,남,26세,중상
2012050600100265,2012년 5월 6일 13시,일요일,경상북도 구미시 지산동,중상사고,0,1,0,0,차대차 - 측면직각충돌,안전운전불이행,건조,맑음,교차로 - 교차로안,승용,남,26세,상해없음,자전거,남,16세,중상
2012050600100266,2012년 5월 6일 13시,일요일,경상북도 구미시 상모동,중상사고,0,1,0,0,차대차 - 측면직각충돌,교차로운행방법위반,건조,맑음,교차로 - 교차로안,승용,남,38세,상해없음,이륜,남,42세,중상
2012050600100300,2012년 5월 6일 14시,일요일,경상북도 안동시 안기동,중상사고,0,1,0,0,차대사람 - 기타,안전운전불이행,건조,맑음,단일로 - 기타,승용,여,58세,상해없음,보행자,여,72세,중상
2012050600100301,2012년 5월 6일 14시,일요일,경상북도 김천시 증산면,중상사고,0,1,0,0,차대사람 - 기타,안전운전불이행,건조,맑음,단일로 - 기타,승용,여,53세,상해없음,보행자,여,53세,중상
2012050600100302,2012년 5월 6일 14시,일요일,경상북도 경산시 옥산동,경상사고,0,0,1,0,차대사람 - 기타,안전운전불이행,건조,맑음,단일로 - 기타,승용,여,30세,상해없음,보행자,여,16세,경상
2012050600100303,2012년 5월 6일 14시,일요일,경상북도 예천군 예천읍,중상사고,0,1,0,0,차대사람 - 횡단중,안전운전불이행,건조,맑음,단일로 - 기타,승용,여,64세,상해없음,보행자,남,66세,중상
2012050600100357,2012년 5월 6일 16시,일요일,경상북도 경주시 구황동,경상사고,0,0,3,0,차대차 - 추돌 - 진행중,안전운전불이행,건조,맑음,단일로 - 기타,승용,남,46세,상해없음,승용,남,35세,상해없음
2012050600100389,2012년 5월 6일 17시,일요일,경상북도 영주시 휴천동,경상사고,0,0,1,0,차대사람 - 기타,안전운전불이행,건조,맑음,기타 - 기타,승용,여,54세,상해없음,보행자,남,45세,경상
2012050600100390,2012년 5월 6일 17시,일요일,경상북도 봉화군 봉성면,경상사고,0,0,2,0,차대차 - 기타,중앙선침범,건조,맑음,단일로 - 기타,농기계,남,73세,경상,농기계,남,50세,상해없음
2012050600100391,2012년 5월 6일 17시,일요일,경상북도 청송군 진보면,중상사고,0,1,2,0,차대차 - 측면직각충돌,신호위반,건조,맑음,교차로 - 교차로안,승용,남,63세,상해없음,승용,여,34세,경상
2012050600100428,2012년 5월 6일 18시,일요일,경상북도 포항시 북구 흥해읍,경상사고,0,0,1,0,차대차 - 기타,중앙선침범,건조,맑음,단일로 - 기타,승용,남,51세,상해없음,승합,여,28세,경상
2012050600100429,2012년 5월 6일 18시,일요일,경상북도 상주시 신봉동,경상사고,0,0,2,0,차대차 - 추돌 - 주정차중,안전운전불이행,건조,맑음,교차로 - 교차로부근,승용,남,61세,상해없음,승용,남,22세,경상
2012050600100430,2012년 5월 6일 18시,일요일,경상북도 구미시 원평동,경상사고,0,0,1,0,차대사람 - 기타,안전운전불이행,건조,맑음,단일로 - 기타,기타불명,기타불명,기타불명,기타불명,보행자,여,45세,경상
2012050600100454,2012년 5월 6일 19시,일요일,경상북도 경주시 율동,중상사고,0,1,0,0,차대사람 - 기타,보행자보호의무위반,건조,맑음,단일로 - 횡단보도상,승용,남,49세,상해없음,보행자,여,82세,중상
2012050600100455,2012년 5월 6일 19시,일요일,경상북도 상주시 서성동,중상사고,0,1,0,0,차대사람 - 기타,안전운전불이행,건조,맑음,단일로 - 기타,승용,여,48세,상해없음,보행자,여,30세,중상
2012050600100456,2012년 5월 6일 19시,일요일,경상북도 경산시 사동,경상사고,0,0,2,0,차대차 - 기타,차로위반,건조,맑음,교차로 - 교차로부근,승용,남,52세,상해없음,승용,남,32세,경상
2012050600100488,2012년 5월 6일 20시,일요일,경상북도 포항시 북구 대신동,중상사고,0,1,1,0,차대차 - 추돌 - 진행중,안전거리미확보,건조,맑음,단일로 - 기타,승용,여,31세,경상,승용,남,58세,중상
2012050600100489,2012년 5월 6일 20시,일요일,경상북도 포항시 북구 흥해읍,중상사고,0,1,0,0,차대사람 - 기타,안전운전불이행,건조,맑음,단일로 - 기타,승용,남,40세,상해없음,보행자,남,63세,중상
2012050600100490,2012년 5월 6일 20시,일요일,경상북도 영천시 금호읍,경상사고,0,0,1,0,차대차 - 측면직각충돌,안전운전불이행,건조,맑음,교차로 - 교차로안,승용,여,53세,경상,승용,여,52세,기타불명
2012050600100491,2012년 5월 6일 20시,일요일,경상북도 예천군 예천읍,중상사고,0,1,1,0,차대차 - 정면충돌,안전운전불이행,건조,맑음,단일로 - 기타,농기계,남,60세,상해없음,승용,남,55세,중상
2012050600100492,2012년 5월 6일 20시,일요일,경상북도 성주군 성주읍,중상사고,0,1,0,0,차대차 - 측면직각충돌,직진우회전진행방해,건조,맑음,교차로 - 교차로안,승용,남,57세,상해없음,이륜,남,18세,중상
2012050600100493,2012년 5월 6일 20시,일요일,경상북도 구미시 해평면,중상사고,0,1,0,0,차대사람 - 기타,안전운전불이행,건조,맑음,단일로 - 교량,승용,남,39세,상해없음,보행자,여,36세,중상
2012050600100521,2012년 5월 6일 21시,일요일,경상북도 경주시 시래동,중상사고,0,2,0,0,차대차 - 정면충돌,안전운전불이행,건조,맑음,교차로 - 교차로부근,승용,여,43세,상해없음,승용,남,59세,중상
2012050600100522,2012년 5월 6일 21시,일요일,경상북도 경산시 중방동,중상사고,0,1,0,0,차대차 - 기타,안전운전불이행,건조,맑음,단일로 - 기타,승용,남,52세,상해없음,원동기,남,44세,중상
2012050600100523,2012년 5월 6일 21시,일요일,경상북도 경산시 진량읍,중상사고,0,1,1,0,차대차 - 기타,안전거리미확보,건조,맑음,단일로 - 기타,승용,남,49세,중상,승용,남,28세,경상
2012050600100524,2012년 5월 6일 21시,일요일,경상북도 포항시 남구 오천읍,중상사고,0,2,2,0,차대차 - 추돌 - 진행중,중앙선침범,건조,맑음,단일로 - 기타,승용,남,35세,상해없음,승용,남,43세,중상
2012050600100556,2012년 5월 6일 22시,일요일,경상북도 경주시 성건동,경상사고,0,0,1,0,차대차 - 정면충돌,안전운전불이행,건조,맑음,교차로 - 교차로부근,화물,남,64세,상해없음,승용,남,24세,경상
2012050600100557,2012년 5월 6일 22시,일요일,경상북도 포항시 북구 흥해읍,경상사고,0,0,1,0,차량단독 - 공작물충돌,안전운전불이행,건조,맑음,단일로 - 교량,승용,남,35세,기타불명,,,,
2012050600100558,2012년 5월 6일 22시,일요일,경상북도 포항시 북구 기계면,경상사고,0,0,3,0,차량단독 - 전도전복,안전운전불이행,건조,맑음,단일로 - 교량,승용,남,67세,경상,,,,
2012050600100581,2012년 5월 6일 23시,일요일,경상북도 안동시 옥동,경상사고,0,0,2,0,차대차 - 기타,안전운전불이행,건조,맑음,단일로 - 기타,승용,남,28세,상해없음,승용,여,30세,경상
2012050600100582,2012년 5월 6일 23시,일요일,경상북도 경산시 남천면,사망사고,1,0,0,0,차대차 - 추돌 - 주정차중,안전운전불이행,건조,맑음,단일로 - 기타,화물,남,45세,사망,화물,남,40세,기타불명
2012050700100011,2012년 5월 7일 00시,월요일,경상북도 영천시 망정동,경상사고,0,0,1,0,차대차 - 측면직각충돌,신호위반,건조,맑음,교차로 - 교차로안,승용,남,20세,상해없음,승용,여,24세,경상
2012050700100012,2012년 5월 7일 00시,월요일,경상북도 경산시 자인면,중상사고,0,2,3,0,차대차 - 기타,신호위반,건조,맑음,교차로 - 교차로안,승용,남,43세,상해없음,승용,남,39세,중상
2012050700100013,2012년 5월 7일 00시,월요일,경상북도 영주시 장수면,부상신고사고,0,0,0,1,차량단독 - 공작물충돌,안전운전불이행,건조,맑음,단일로 - 기타,승용,남,29세,부상신고,,,,
2012050700100024,2012년 5월 7일 01시,월요일,경상북도 경주시 구정동,중상사고,0,1,0,0,차대차 - 추돌 - 주정차중,안전운전불이행,건조,맑음,단일로 - 기타,승용,남,29세,상해없음,화물,남,36세,기타불명
2012050700100025,2012년 5월 7일 01시,월요일,경상북도 포항시 북구 죽도동,경상사고,0,0,2,0,차대차 - 기타,중앙선침범,건조,맑음,단일로 - 기타,승용,남,30세,상해없음,승용,남,23세,경상
2012050700100026,2012년 5월 7일 01시,월요일,경상북도 구미시 해평면,경상사고,0,0,1,0,차량단독 - 공작물충돌,안전운전불이행,건조,맑음,단일로 - 기타,승합,남,29세,경상,,,,
2012050700100042,2012년 5월 7일 03시,월요일,경상북도 포항시 남구 오천읍,경상사고,0,0,2,0,차대차 - 추돌 - 진행중,신호위반,건조,맑음,교차로 - 교차로안,승용,남,46세,경상,승용,남,38세,경상
2012050700100054,2012년 5월 7일 04시,월요일,경상북도 포항시 남구 해도동,경상사고,0,0,9,0,차대차 - 추돌 - 진행중,신호위반,건조,맑음,교차로 - 교차로안,승용,남,38세,상해없음,승합,남,29세,경상
2012050700100070,2012년 5월 7일 06시,월요일,경상북도 경산시 삼풍동,경상사고,0,0,1,0,차량단독 - 기타,안전운전불이행,건조,맑음,단일로 - 기타,승합,남,38세,상해없음,,,,
2012050700100098,2012년 5월 7일 07시,월요일,경상북도 예천군 보문면,중상사고,0,1,2,0,차량단독 - 공작물충돌,안전운전불이행,건조,맑음,단일로 - 기타,승용,남,46세,상해없음,,,,
2012050700100126,2012년 5월 7일 08시,월요일,경상북도 구미시 임은동,경상사고,0,0,3,0,차대차 - 추돌 - 진행중,안전운전불이행,건조,맑음,교차로 - 교차로부근,화물,남,57세,상해없음,화물,남,46세,경상