사고번호,사고일시,요일,시군구,사고내용,사망자수,중상자수,경상자수,부상신고자수,사고유형,법규위반,노면상태,기상상태,도로형태,가해운전자 차종,가해운전자 성별,가해운전자 연령,가해운전자 상해정도,피해운전자 차종,피해운전자 성별,피해운전자 연령,피해운전자 상해정도
2012051000100364,2012년 5월 10일 15시,목요일,경상북도 칠곡군 약목면,중상사고,0,1,0,0,차대차 - 추돌 - 진행중,안전운전불이행,건조,흐림,교차로 - 교차로부근,승용,남,42세,상해없음,이륜,남,74세,중상
2012051000100365,2012년 5월 10일 15시,목요일,경상북도 봉화군 봉화읍,경상사고,0,0,1,0,차대차 - 측면직각충돌,중앙선침범,건조,맑음,교차로 - 교차로부근,원동기,남,74세,경상,승용,남,54세,상해없음
2012051000100366,2012년 5월 10일 15시,목요일,경상북도 포항시 남구 상도동,경상사고,0,0,2,0,차대차 - 측면직각충돌,안전운전불이행,건조,맑음,교차로 - 교차로부근,화물,남,61세,상해없음,승용,남,28세,경상
2012051000100399,2012년 5월 10일 16시,목요일,경상북도 경주시 황오동,경상사고,0,0,1,0,차대차 - 측면직각충돌,안전운전불이행,건조,맑음,단일로 - 기타,승용,남,52세,상해없음,승용,남,27세,경상
2012051000100400,2012년 5월 10일 16시,목요일,경상북도 안동시 용상동,중상사고,0,1,0,0,차대사람 - 횡단중,안전운전불이행,건조,흐림,교차로 - 교차로부근,승합,남,37세,상해없음,보행자,남,71세,중상
2012051000100401,2012년 5월 10일 16시,목요일,경상북도 영주시 순흥면,중상사고,0,1,0,0,차대차 - 측면직각충돌,안전운전불이행,건조,맑음,기타 - 기타,승용,남,54세,상해없음,이륜,남,76세,중상
2012051000100402,2012년 5월 10일 16시,목요일,경상북도 문경시 문경읍,사망사고,1,0,0,0,차량단독 - 공작물충돌,안전운전불이행,건조,맑음,단일로 - 기타,승용,남,60세,상해없음,,,,
2012051000100403,2012년 5월 10일 16시,목요일,경상북도 구미시 황상동,경상사고,0,0,1,0,차대사람 - 보도통행중,안전운전불이행,건조,흐림,기타 - 기타,승용,여,50세,상해없음,보행자,남,65세,경상
2012051000100404,2012년 5월 10일 16시,목요일,경상북도 구미시 형곡동,경상사고,0,0,3,0,차대차 - 측면직각충돌,안전운전불이행,건조,맑음,교차로 - 교차로안,승용,남,38세,경상,승용,남,25세,상해없음
2012051000100405,2012년 5월 10일 16시,목요일,경상북도 포항시 남구 대송면,경상사고,0,0,1,0,차대차 - 추돌 - 진행중,안전운전불이행,건조,흐림,단일로 - 기타,화물,남,57세,상해없음,화물,남,30세,경상
2012051000100435,2012년 5월 10일 17시,목요일,경상북도 경주시 황오동,중상사고,0,1,0,0,차대차 - 측면직각충돌,안전운전불이행,건조,맑음,단일로 - 기타,기타불명,기타불명,기타불명,기타불명,자전거,남,65세,중상
2012051000100436,2012년 5월 10일 17시,목요일,경상북도 영천시 문외동,경상사고,0,0,1,0,차대사람 - 기타,안전운전불이행,건조,맑음,단일로 - 기타,승용,남,34세,상해없음,보행자,남,44세,경상
2012051000100437,2012년 5월 10일 17시,목요일,경상북도 포항시 남구 대송면,경상사고,0,0,1,0,차대차 - 추돌 - 진행중,안전운전불이행,건조,맑음,교차로 - 교차로부근,승용,남,60세,상해없음,승용,남,61세,경상
2012051000100479,2012년 5월 10일 18시,목요일,경상북도 경주시 광명동,중상사고,0,1,0,0,차대차 - 측면직각충돌,안전운전불이행,건조,흐림,교차로 - 교차로부근,승용,남,47세,상해없음,화물,남,49세,중상
2012051000100480,2012년 5월 10일 18시,목요일,경상북도 경산시 사동,중상사고,0,1,0,0,차대차 - 측면직각충돌,안전운전불이행,건조,맑음,교차로 - 교차로부근,승용,남,56세,상해없음,승용,여,52세,중상
2012051000100512,2012년 5월 10일 19시,목요일,경상북도 경주시 천북면,경상사고,0,0,1,0,차대사람 - 기타,안전운전불이행,습기,비,단일로 - 기타,승용,남,27세,상해없음,보행자,남,32세,경상
2012051000100513,2012년 5월 10일 19시,목요일,경상북도 칠곡군 약목면,중상사고,0,1,0,0,차대차 - 추돌 - 진행중,안전운전불이행,건조,맑음,단일로 - 기타,화물,남,54세,상해없음,승용,남,60세,중상
2012051000100514,2012년 5월 10일 19시,목요일,경상북도 고령군 쌍림면,사망사고,1,0,1,0,차대사람 - 보도통행중,기타,건조,맑음,단일로 - 기타,승용,남,50세,사망,보행자,여,48세,경상
2012051000100515,2012년 5월 10일 19시,목요일,경상북도 포항시 남구 오천읍,경상사고,0,0,1,0,차대차 - 추돌 - 진행중,안전운전불이행,건조,맑음,교차로 - 교차로안,승용,남,34세,상해없음,원동기,남,36세,경상
2012051000100516,2012년 5월 10일 19시,목요일,경상북도 포항시 남구 구룡포읍,경상사고,0,0,1,0,차대차 - 추돌 - 진행중,안전운전불이행,건조,흐림,단일로 - 기타,화물,남,55세,상해없음,화물,남,50세,경상
2012051000100585,2012년 5월 10일 21시,목요일,경상북도 포항시 북구 득량동,경상사고,0,0,2,0,차대차 - 추돌 - 주정차중,안전운전불이행,건조,맑음,단일로 - 기타,승용,남,46세,상해없음,승용,남,61세,경상
2012051000100586,2012년 5월 10일 21시,목요일,경상북도 청도군 청도읍,중상사고,0,1,0,0,차대차 - 측면직각충돌,안전운전불이행,건조,맑음,교차로 - 교차로안,승용,남,62세,상해없음,자전거,남,45세,중상
2012051000100610,2012년 5월 10일 22시,목요일,경상북도 의성군 의성읍,중상사고,0,1,2,0,차대차 - 측면직각충돌,교차로운행방법위반,건조,맑음,교차로 - 교차로안,화물,남,28세,경상,승용,여,41세,중상
2012051000100611,2012년 5월 10일 22시,목요일,경상북도 영주시 영주동,경상사고,0,0,2,0,차대차 - 측면직각충돌,중앙선침범,건조,맑음,단일로 - 기타,승용,남,50세,상해없음,이륜,남,21세,경상
2012051000100612,2012년 5월 10일 22시,목요일,경상북도 영천시 완산동,중상사고,0,1,0,0,차대사람 - 횡단중,안전운전불이행,건조,흐림,교차로 - 교차로안,승용,남,54세,상해없음,보행자,여,68세,중상
2012051000100613,2012년 5월 10일 22시,목요일,경상북도 구미시 진평동,경상사고,0,0,1,0,차대차 - 추돌 - 주정차중,안전운전불이행,건조,맑음,단일로 - 교량,승용,남,47세,상해없음,승용,남,58세,경상
2012051000100614,2012년 5월 10일 22시,목요일,경상북도 포항시 남구 상도동,부상신고사고,0,0,0,2,차대차 - 추돌 - 주정차중,안전운전불이행,건조,맑음,교차로 - 교차로부근,승용,남,32세,상해없음,승용,남,31세,부상신고
2012051000100615,2012년 5월 10일 22시,목요일,경상북도 구미시 도량동,중상사고,0,1,0,0,차대사람 - 횡단중,안전운전불이행,건조,맑음,단일로 - 기타,승용,남,32세,상해없음,보행자,남,56세,중상
2012051000100644,2012년 5월 10일 23시,목요일,경상북도 경주시 탑동,경상사고,0,0,1,0,차대차 - 측면직각충돌,안전운전불이행,건조,맑음,교차로 - 교차로부근,화물,남,29세,상해없음,승용,남,52세,경상
2012051000100645,2012년 5월 10일 23시,목요일,경상북도 포항시 북구 죽도동,경상사고,0,0,1,0,차대사람 - 기타,안전운전불이행,건조,맑음,단일로 - 기타,승용,여,53세,상해없음,보행자,여,49세,경상
2012051000100646,2012년 5월 10일 23시,목요일,경상북도 안동시 태화동,중상사고,0,2,1,0,차대차 - 추돌 - 주정차중,안전운전불이행,건조,맑음,교차로 - 교차로부근,승용,남,34세,상해없음,승용,남,47세,경상
2012051000100647,2012년 5월 10일 23시,목요일,경상북도 경산시 조영동,부상신고사고,0,0,0,1,차대차 - 기타,안전운전불이행,건조,맑음,교차로 - 교차로안,원동기,남,30세,상해없음,승용,남,30세,상해없음
2012051000100648,2012년 5월 10일 23시,목요일,경상북도 구미시 송정동,경상사고,0,0,1,0,차대차 - 추돌 - 진행중,안전운전불이행,건조,맑음,교차로 - 교차로부근,승용,남,42세,상해없음,승용,남,30세,경상
2012051100100046,2012년 5월 11일 01시,금요일,경상북도 포항시 남구 오천읍,경상사고,0,0,1,0,차대사람 - 기타,안전운전불이행,건조,맑음,기타 - 기타,승용,남,29세,상해없음,보행자,남,39세,경상
2012051100100047,2012년 5월 11일 01시,금요일,경상북도 경산시 남천면,경상사고,0,0,1,0,차대차 - 추돌 - 진행중,안전운전불이행,건조,맑음,단일로 - 기타,화물,남,49세,상해없음,화물,남,38세,경상
2012051100100075,2012년 5월 11일 03시,금요일,경상북도 경주시 건천읍,중상사고,0,1,0,0,차대차 - 기타,안전운전불이행,건조,맑음,단일로 - 기타,화물,남,49세,중상,특수,남,46세,상해없음
2012051100100109,2012년 5월 11일 06시,금요일,경상북도 안동시 녹전면,중상사고,0,1,1,0,차대차 - 측면직각충돌,중앙선침범,건조,맑음,기타 - 기타,건설기계,남,51세,상해없음,이륜,남,72세,경상
2012051100100110,2012년 5월 11일 06시,금요일,경상북도 김천시 농소면,경상사고,0,0,1,0,차대차 - 측면직각충돌,안전운전불이행,건조,맑음,기타 - 기타,특수,남,51세,상해없음,화물,남,67세,경상
2012051100100133,2012년 5월 11일 07시,금요일,경상북도 김천시 지좌동,중상사고,0,1,0,0,차대사람 - 기타,신호위반,건조,맑음,교차로 - 교차로부근,승용,남,49세,상해없음,보행자,여,29세,중상
2012051100100134,2012년 5월 11일 07시,금요일,경상북도 구미시 부곡동,사망사고,1,0,0,0,차대차 - 측면직각충돌,신호위반,건조,맑음,교차로 - 교차로안,건설기계,남,34세,상해없음,승용,여,58세,사망
2012051100100162,2012년 5월 11일 08시,금요일,경상북도 김천시 다수동,중상사고,0,1,0,0,차대차 - 측면직각충돌,교차로운행방법위반,건조,맑음,교차로 - 교차로부근,화물,남,39세,상해없음,자전거,남,83세,중상
2012051100100163,2012년 5월 11일 08시,금요일,경상북도 포항시 남구 오천읍,중상사고,0,1,0,0,차대차 - 기타,안전운전불이행,건조,맑음,교차로 - 교차로부근,승용,여,28세,상해없음,자전거,남,15세,중상
2012051100100200,2012년 5월 11일 09시,금요일,경상북도 성주군 성주읍,중상사고,0,1,3,0,차대차 - 측면직각충돌,직진우회전진행방해,건조,흐림,교차로 - 교차로안,화물,남,67세,경상,승합,남,51세,경상
2012051100100201,2012년 5월 11일 09시,금요일,경상북도 구미시 선산읍,중상사고,0,2,0,0,차대차 - 측면직각충돌,교차로운행방법위반,기타,흐림,교차로 - 교차로안,승용,여,59세,상해없음,이륜,남,68세,중상
2012051100100236,2012년 5월 11일 11시,금요일,경상북도 경주시 성동동,중상사고,0,1,0,0,차대차 - 측면직각충돌,안전운전불이행,건조,맑음,기타 - 기타,승용,여,49세,상해없음,자전거,남,23세,중상
2012051100100237,2012년 5월 11일 11시,금요일,경상북도 상주시 남성동,중상사고,0,1,0,0,차대사람 - 보도통행중,보행자보호의무위반,건조,맑음,교차로 - 교차로안,화물,남,23세,상해없음,보행자,남,76세,중상
2012051100100238,2012년 5월 11일 11시,금요일,경상북도 포항시 남구 연일읍,중상사고,0,1,0,0,차대차 - 기타,안전운전불이행,건조,맑음,교차로 - 교차로부근,승용,여,42세,상해없음,자전거,남,77세,중상
2012051100100269,2012년 5월 11일 12시,금요일,경상북도 포항시 북구 흥해읍,중상사고,0,1,2,0,차대차 - 기타,안전거리미확보,건조,맑음,기타 - 기타,승합,남,59세,상해없음,승용,여,48세,중상
2012051100100270,2012년 5월 11일 12시,금요일,경상북도 안동시 천리동,경상사고,0,0,1,0,차대차 - 측면직각충돌,안전운전불이행,건조,흐림,교차로 - 교차로안,화물,남,74세,상해없음,자전거,남,77세,경상
2012051100100271,2012년 5월 11일 12시,금요일,경상북도 김천시 다수동,중상사고,0,1,0,0,차대차 - 측면직각충돌,안전운전불이행,건조,맑음,교차로 - 교차로안,승용,여,52세,상해없음,자전거,남,55세,중상
2012051100100272,2012년 5월 11일 12시,금요일,경상북도 상주시 오대동,경상사고,0,0,2,0,차대차 - 측면직각충돌,교차로운행방법위반,건조,맑음,교차로 - 교차로안,화물,남,70세,상해없음,화물,남,43세,경상
2012051100100302,2012년 5월 11일 13시,금요일,경상북도 경주시 마동,부상신고사고,0,0,0,1,차대차 - 측면직각충돌,신호위반,건조,흐림,교차로 - 교차로안,이륜,남,65세,부상신고,화물,남,43세,상해없음
2012051100100303,2012년 5월 11일 13시,금요일,경상북도 김천시 삼락동,중상사고,0,1,0,0,차대차 - 측면직각충돌,신호위반,건조,맑음,교차로 - 교차로안,승용,여,23세,상해없음,승합,남,69세,중상
2012051100100333,2012년 5월 11일 14시,금요일,경상북도 구미시 남통동,중상사고,0,1,0,0,차량단독 - 공작물충돌,안전운전불이행,건조,맑음,단일로 - 기타,승용,남,39세,중상,,,,
2012051100100357,2012년 5월 11일 15시,금요일,경상북도 의성군 단밀면,중상사고,0,2,0,0,차대차 - 측면직각충돌,안전운전불이행,건조,맑음,교차로 - 교차로안,승용,여,29세,상해없음,승합,남,74세,상해없음
2012051100100358,2012년 5월 11일 15시,금요일,경상북도 영천시 작산동,경상사고,0,0,1,0,차대사람 - 길가장자리구역통행중,안전운전불이행,기타,맑음,기타 - 기타,화물,남,56세,상해없음,보행자,남,42세,경상
2012051100100359,2012년 5월 11일 15시,금요일,경상북도 포항시 남구 오천읍,경상사고,0,0,1,0,차대차 - 기타,안전운전불이행,건조,맑음,교차로 - 교차로부근,승합,여,35세,상해없음,자전거,남,8세,경상
2012051100100395,2012년 5월 11일 16시,금요일,경상북도 경주시 감포읍,경상사고,0,0,1,0,차대사람 - 차도통행중,안전운전불이행,건조,맑음,교차로 - 교차로부근,승용,남,67세,상해없음,보행자,여,16세,경상
2012051100100396,2012년 5월 11일 16시,금요일,경상북도 안동시 명륜동,중상사고,0,2,0,0,차대사람 - 횡단중,보행자보호의무위반,건조,맑음,단일로 - 횡단보도상,승용,남,30세,상해없음,보행자,여,49세,중상
2012051100100397,2012년 5월 11일 16시,금요일,경상북도 영주시 휴천동,중상사고,0,1,1,0,차대사람 - 횡단중,안전운전불이행,건조,맑음,교차로 - 교차로부근,승용,여,45세,상해없음,보행자,여,8세,경상
2012051100100398,2012년 5월 11일 16시,금요일,경상북도 칠곡군 왜관읍,경상사고,0,0,1,0,차대차 - 추돌 - 진행중,안전운전불이행,건조,맑음,단일로 - 기타,승용,남,71세,상해없음,원동기,남,78세,경상
2012051100100399,2012년 5월 11일 16시,금요일,경상북도 영천시 신령면,경상사고,0,0,1,0,차대사람 - 횡단중,안전운전불이행,건조,맑음,교차로 - 교차로부근,승용,여,57세,상해없음,보행자,여,7세,경상
2012051100100400,2012년 5월 11일 16시,금요일,경상북도 봉화군 소천면,경상사고,0,0,1,0,차량단독 - 공작물충돌,안전운전불이행,건조,맑음,단일로 - 터널,승용,남,48세,경상,,,,
2012051100100401,2012년 5월 11일 16시,금요일,경상북도 구미시 도량동,경상사고,0,0,1,0,차대사람 - 횡단중,신호위반,건조,맑음,교차로 - 교차로안,승용,여,44세,상해없음,보행자,남,10세,경상
2012051100100436,2012년 5월 11일 17시,금요일,경상북도 경주시 성건동,경상사고,0,0,1,0,차대차 - 측면직각충돌,안전운전불이행,건조,맑음,교차로 - 교차로안,승용,남,54세,상해없음,원동기,남,52세,경상
2012051100100437,2012년 5월 11일 17시,금요일,경상북도 경주시 외동읍,경상사고,0,0,6,0,차대차 - 추돌 - 진행중,안전운전불이행,건조,맑음,교차로 - 교차로부근,승용,남,67세,상해없음,화물,남,30세,경상
2012051100100438,2012년 5월 11일 17시,금요일,경상북도 경산시 진량읍,경상사고,0,0,2,0,차대차 - 기타,교차로운행방법위반,건조,맑음,교차로 - 교차로안,승용,남,28세,상해없음,승용,여,43세,경상
2012051100100476,2012년 5월 11일 18시,금요일,경상북도 울진군 근남면,사망사고,1,2,0,0,차대차 - 추돌 - 진행중,안전운전불이행,건조,맑음,단일로 - 기타,화물,남,58세,상해없음,화물,남,72세,중상
2012051100100521,2012년 5월 11일 19시,금요일,경상북도 안동시 광석동,중상사고,0,1,1,0,차대사람 - 횡단중,안전운전불이행,건조,맑음,단일로 - 기타,이륜,남,16세,경상,보행자,남,48세,중상
2012051100100522,2012년 5월 11일 19시,금요일,경상북도 구미시 고아읍,중상사고,0,1,0,0,차대사람 - 길가장자리구역통행중,안전운전불이행,건조,맑음,기타 - 기타,승용,남,45세,상해없음,보행자,여,42세,중상
2012051100100557,2012년 5월 11일 20시,금요일,경상북도 상주시 청리면,중상사고,0,1,0,0,차대차 - 추돌 - 진행중,안전운전불이행,건조,맑음,단일로 - 기타,승용,남,30세,상해없음,원동기,남,58세,중상
2012051100100558,2012년 5월 11일 20시,금요일,경상북도 경산시 서상동,경상사고,0,0,3,0,차대차 - 기타,안전운전불이행,건조,맑음,교차로 - 교차로안,승용,여,26세,상해없음,승용,남,52세,경상
2012051100100589,2012년 5월 11일 21시,금요일,경상북도 김천시 덕곡동,경상사고,0,0,3,0,차대차 - 측면직각충돌,안전운전불이행,건조,맑음,교차로 - 교차로부근,승용,남,55세,상해없음,승합,남,39세,경상
2012051100100590,2012년 5월 11일 21시,금요일,경상북도 영주시 휴천동,중상사고,0,1,0,0,차대사람 - 횡단중,안전운전불이행,건조,맑음,단일로 - 기타,승용,여,36세,상해없음,보행자,여,77세,중상
2012051100100591,2012년 5월 11일 21시,금요일,경상북도 경산시 하양읍,경상사고,0,0,1,0,차대사람 - 기타,안전운전불이행,건조,맑음,교차로 - 교차로부근,승용,남,34세,상해없음,보행자,여,19세,경상
2012051100100592,2012년 5월 11일 21시,금요일,경상북도 구미시 선산읍,경상사고,0,0,1,0,차대차 - 측면직각충돌,안전운전불이행,건조,맑음,단일로 - 기타,화물,남,56세,상해없음,화물,남,47세,경상
2012051100100634,2012년 5월 11일 22시,금요일,경상북도 포항시 북구 송라면,경상사고,0,0,2,0,차대차 - 추돌 - 주정차중,안전운전불이행,건조,맑음,교차로 - 교차로안,승용,남,36세,상해없음,승용,남,32세,경상
2012051100100635,2012년 5월 11일 22시,금요일,경상북도 김천시 신음동,경상사고,0,0,2,0,차대차 - 측면직각충돌,안전운전불이행,건조,맑음,교차로 - 교차로부근,화물,남,25세,상해없음,승용,여,41세,경상
2012051100100636,2012년 5월 11일 22시,금요일,경상북도 청도군 운문면,경상사고,0,0,1,0,차량단독 - 기타,안전운전불이행,건조,맑음,단일로 - 기타,승용,남,43세,상해없음,,,,
2012051100100637,2012년 5월 11일 22시,금요일,경상북도 포항시 남구 이동,경상사고,0,0,1,0,차대사람 - 기타,보행자보호의무위반,건조,맑음,교차로 - 교차로부근,승용,남,22세,상해없음,보행자,남,43세,경상
2012051100100668,2012년 5월 11일 23시,금요일,경상북도 구미시 임은동,경상사고,0,0,1,0,차대차 - 추돌 - 진행중,안전운전불이행,건조,맑음,교차로 - 교차로부근,승용,남,49세,상해없음,승용,여,30세,경상
2012051100100669,2012년 5월 11일 23시,금요일,경상북도 구미시 진평동,중상사고,0,1,0,0,차대사람 - 횡단중,안전운전불이행,건조,맑음,단일로 - 기타,승용,여,30세,상해없음,보행자,남,30세,중상
2012051200100019,2012년 5월 12일 00시,토요일,경상북도 구미시 고아읍,중상사고,0,1,0,0,차대차 - 측면직각충돌,안전운전불이행,건조,맑음,단일로 - 기타,승용,남,52세,상해없음,승용,남,37세,중상
2012051200100044,2012년 5월 12일 01시,토요일,경상북도 포항시 북구 장성동,중상사고,0,3,1,0,차대차 - 측면직각충돌,교차로운행방법위반,건조,맑음,교차로 - 교차로안,승용,남,38세,중상,승용,남,39세,경상
2012051200100085,2012년 5월 12일 03시,토요일,경상북도 영천시 화산면,경상사고,0,0,1,0,차량단독 - 공작물충돌,안전운전불이행,건조,맑음,단일로 - 기타,승용,남,58세,경상,,,,
2012051200100105,2012년 5월 12일 04시,토요일,경상북도 경주시 성건동,부상신고사고,0,0,0,1,차대차 - 기타,안전운전불이행,건조,맑음,교차로 - 교차로안,자전거,남,23세,부상신고,승용,남,43세,상해없음
2012051200100182,2012년 5월 12일 08시,토요일,경상북도 포항시 북구 송라면,경상사고,0,0,1,0,차대차 - 기타,교차로운행방법위반,건조,맑음,교차로 - 교차로안,화물,남,71세,상해없음,승용,남,41세,경상
2012051200100183,2012년 5월 12일 08시,토요일,경상북도 김천시 개령면,중상사고,0,1,0,0,차대차 - 측면직각충돌,직진우회전진행방해,건조,맑음,교차로 - 교차로안,승용,남,33세,상해없음,농기계,남,76세,중상
2012051200100208,2012년 5월 12일 09시,토요일,경상북도 경산시 하양읍,중상사고,0,1,1,0,차대차 - 기타,교차로운행방법위반,건조,맑음,교차로 - 교차로안,승용,여,47세,상해없음,화물,남,75세,중상
2012051200100241,2012년 5월 12일 10시,토요일,경상북도 경주시 율동,중상사고,0,3,0,0,차대차 - 측면직각충돌,안전운전불이행,건조,맑음,단일로 - 기타,화물,남,40세,상해없음,승합,남,27세,중상
2012051200100242,2012년 5월 12일 10시,토요일,경상북도 울진군 죽변면,중상사고,0,2,0,0,차대차 - 추돌 - 주정차중,안전운전불이행,건조,맑음,교차로 - 교차로부근,화물,남,37세,상해없음,승용,여,56세,중상
2012051200100243,2012년 5월 12일 10시,토요일,경상북도 칠곡군 동명면,중상사고,0,4,7,0,차대차 - 추돌 - 주정차중,안전운전불이행,건조,맑음,단일로 - 터널,승용,남,45세,상해없음,승용,남,52세,상해없음
2012051200100275,2012년 5월 12일 11시,토요일,경상북도 경주시 안강읍,경상사고,0,0,1,0,차대차 - 기타,안전운전불이행,건조,맑음,교차로 - 교차로안,원동기,남,70세,경상,승용,남,21세,상해없음
2012051200100276,2012년 5월 12일 11시,토요일,경상북도 경주시 동천동,경상사고,0,0,1,0,차대차 - 측면직각충돌,안전운전불이행,건조,맑음,교차로 - 교차로안,승용,남,32세,상해없음,승용,여,28세,경상
2012051200100277,2012년 5월 12일 11시,토요일,경상북도 경주시 안강읍,경상사고,0,0,2,0,차대차 - 측면직각충돌,안전운전불이행,건조,맑음,단일로 - 기타,화물,남,51세,경상,화물,남,66세,경상
2012051200100278,2012년 5월 12일 11시,토요일,경상북도 김천시 부곡동,경상사고,0,0,1,0,차대차 - 측면직각충돌,교차로운행방법위반,건조,맑음,교차로 - 교차로안,화물,여,62세,상해없음,자전거,남,8세,경상
2012051200100279,2012년 5월 12일 11시,토요일,경상북도 경산시 중산동,중상사고,0,1,2,0,차대차 - 기타,안전운전불이행,건조,맑음,단일로 - 기타,승용,여,35세,상해없음,승용,남,38세,경상
2012051200100306,2012년 5월 12일 12시,토요일,경상북도 경주시 신평동,중상사고,0,1,0,0,차대차 - 측면직각충돌,중앙선침범,건조,맑음,단일로 - 기타,원동기,남,19세,상해없음,승용,남,46세,중상
2012051200100307,2012년 5월 12일 12시,토요일,경상북도 경주시 내남면,중상사고,0,3,0,0,차대차 - 측면직각충돌,안전운전불이행,건조,맑음,교차로 - 교차로안,승용,남,68세,상해없음,승용,여,27세,중상
2012051200100308,2012년 5월 12일 12시,토요일,경상북도 경주시 안강읍,경상사고,0,0,1,0,차대차 - 측면직각충돌,안전운전불이행,건조,맑음,단일로 - 기타,승용,남,42세,상해없음,승용,남,56세,경상
2012051200100309,2012년 5월 12일 12시,토요일,경상북도 포항시 북구 죽도동,경상사고,0,0,1,0,차대사람 - 기타,안전운전불이행,건조,맑음,교차로 - 교차로부근,승용,남,18세,상해없음,보행자,남,51세,경상
2012051200100310,2012년 5월 12일 12시,토요일,경상북도 안동시 송현동,중상사고,0,1,0,0,차대사람 - 횡단중,안전운전불이행,건조,맑음,단일로 - 기타,승용,여,32세,상해없음,보행자,여,69세,중상
2012051200100311,2012년 5월 12일 12시,토요일,경상북도 상주시 외서면,중상사고,0,1,0,0,차대차 - 측면직각충돌,교차로운행방법위반,건조,맑음,교차로 - 교차로안,승용,남,45세,상해없음,승용,여,29세,중상
2012051200100312,2012년 5월 12일 12시,토요일,경상북도 구미시 송정동,중상사고,0,1,0,0,차대사람 - 횡단중,신호위반,건조,맑음,단일로 - 기타,이륜,남,27세,상해없음,보행자,여,8세,중상
2012051200100347,2012년 5월 12일 13시,토요일,경상북도 영주시 장수면,중상사고,0,1,0,0,차대차 - 측면직각충돌,중앙선침범,건조,맑음,단일로 - 기타,승용,여,52세,중상,화물,남,35세,기타불명
2012051200100379,2012년 5월 12일 14시,토요일,경상북도 김천시 삼락동,경상사고,0,0,1,0,차대차 - 측면직각충돌,안전거리미확보,건조,맑음,단일로 - 기타,승용,여,51세,상해없음,이륜,여,56세,경상
2012051200100380,2012년 5월 12일 14시,토요일,경상북도 구미시 옥계동,부상신고사고,0,0,0,1,차량단독 - 전도전복,안전운전불이행,건조,맑음,단일로 - 기타,이륜,남,28세,부상신고,,,,
2012051200100381,2012년 5월 12일 14시,토요일,경상북도 구미시 옥계동,중상사고,0,1,0,0,차대차 - 측면직각충돌,안전운전불이행,건조,맑음,단일로 - 기타,화물,남,47세,상해없음,자전거,남,72세,중상
2012051200100411,2012년 5월 12일 15시,토요일,경상북도 영주시 영주동,경상사고,0,0,1,0,차대사람 - 차도통행중,안전운전불이행,건조,맑음,단일로 - 기타,승용,남,42세,상해없음,보행자,여,23세,경상
2012051200100442,2012년 5월 12일 16시,토요일,경상북도 경주시 인왕동,부상신고사고,0,0,0,1,차대사람 - 기타,안전운전불이행,건조,맑음,단일로 - 기타,승합,남,57세,상해없음,보행자,여,7세,부상신고
2012051200100443,2012년 5월 12일 16시,토요일,경상북도 포항시 북구 흥해읍,경상사고,0,0,1,0,차대차 - 기타,안전운전불이행,건조,맑음,단일로 - 기타,화물,남,49세,상해없음,승합,남,32세,상해없음
2012051200100444,2012년 5월 12일 16시,토요일,경상북도 상주시 연원동,중상사고,0,6,0,0,차대차 - 정면충돌,중앙선침범,건조,맑음,단일로 - 기타,승용,여,54세,상해없음,화물,남,43세,중상
2012051200100445,2012년 5월 12일 16시,토요일,경상북도 경산시 압량면,중상사고,0,1,0,0,차대차 - 기타,신호위반,건조,맑음,교차로 - 교차로안,승용,남,55세,상해없음,원동기,남,46세,중상
2012051200100446,2012년 5월 12일 16시,토요일,경상북도 구미시 고아읍,중상사고,0,1,0,0,차대차 - 측면직각충돌,안전거리미확보,건조,맑음,교차로 - 교차로부근,승용,여,49세,상해없음,이륜,남,68세,중상
2012051200100480,2012년 5월 12일 17시,토요일,경상북도 칠곡군 가산면,중상사고,0,1,0,0,차대사람 - 기타,안전운전불이행,건조,맑음,단일로 - 기타,화물,남,50세,상해없음,보행자,여,31세,중상
2012051200100481,2012년 5월 12일 17시,토요일,경상북도 경산시 옥산동,경상사고,0,0,1,0,차대사람 - 차도통행중,안전운전불이행,건조,맑음,단일로 - 기타,승용,남,67세,상해없음,보행자,여,17세,경상
2012051200100515,2012년 5월 12일 18시,토요일,경상북도 경주시 성건동,중상사고,0,1,0,0,차대차 - 기타,안전운전불이행,건조,맑음,단일로 - 기타,승용,남,35세,상해없음,원동기,남,72세,중상
2012051200100516,2012년 5월 12일 18시,토요일,경상북도 영덕군 축산면,경상사고,0,0,3,0,차대차 - 기타,안전운전불이행,건조,맑음,교차로 - 교차로안,승용,남,41세,상해없음,승용,남,64세,경상
2012051200100517,2012년 5월 12일 18시,토요일,경상북도 김천시 농소면,경상사고,0,0,3,0,차대차 - 추돌 - 진행중,안전운전불이행,건조,맑음,단일로 - 기타,승용,남,26세,상해없음,승합,남,43세,경상
2012051200100548,2012년 5월 12일 19시,토요일,경상북도 경주시 감포읍,중상사고,0,1,0,0,차대차 - 추돌 - 주정차중,안전운전불이행,건조,맑음,단일로 - 기타,원동기,남,18세,중상,승용,남,47세,상해없음
2012051200100549,2012년 5월 12일 19시,토요일,경상북도 경주시 동천동,경상사고,0,0,2,0,차대차 - 추돌 - 진행중,안전운전불이행,건조,맑음,단일로 - 기타,승용,기타불명,기타불명,기타불명,승용,남,73세,상해없음
2012051200100550,2012년 5월 12일 19시,토요일,경상북도 경주시 현곡면,중상사고,0,1,1,0,차대차 - 측면직각충돌,신호위반,건조,맑음,교차로 - 교차로안,승합,여,53세,상해없음,승용,여,58세,경상