사고번호,사고일시,요일,시군구,사고내용,사망자수,중상자수,경상자수,부상신고자수,사고유형,법규위반,노면상태,기상상태,도로형태,가해운전자 차종,가해운전자 성별,가해운전자 연령,가해운전자 상해정도,피해운전자 차종,피해운전자 성별,피해운전자 연령,피해운전자 상해정도
2012051200100551,2012년 5월 12일 19시,토요일,경상북도 칠곡군 왜관읍,경상사고,0,0,2,0,차대차 - 정면충돌,안전운전불이행,건조,맑음,단일로 - 기타,화물,남,52세,상해없음,승용,남,24세,경상
2012051200100552,2012년 5월 12일 19시,토요일,경상북도 포항시 남구 오천읍,경상사고,0,0,1,0,차대사람 - 기타,안전운전불이행,건조,맑음,교차로 - 교차로안,승용,여,49세,상해없음,보행자,남,12세,경상
2012051200100594,2012년 5월 12일 20시,토요일,경상북도 상주시 화서면,경상사고,0,0,4,0,차대차 - 추돌 - 진행중,안전운전불이행,건조,맑음,단일로 - 기타,승용,남,32세,상해없음,승용,남,41세,경상
2012051200100630,2012년 5월 12일 21시,토요일,경상북도 경주시 성동동,중상사고,0,1,0,0,차대차 - 측면직각충돌,안전운전불이행,건조,맑음,단일로 - 기타,승용,남,40세,상해없음,이륜,여,22세,중상
2012051200100631,2012년 5월 12일 21시,토요일,경상북도 구미시 형곡동,경상사고,0,0,2,0,차대차 - 추돌 - 주정차중,안전운전불이행,건조,맑음,교차로 - 교차로부근,화물,남,30세,기타불명,승용,남,54세,경상
2012051200100632,2012년 5월 12일 21시,토요일,경상북도 포항시 남구 일월동,중상사고,0,3,4,0,차대차 - 추돌 - 주정차중,안전운전불이행,건조,맑음,교차로 - 교차로부근,승용,남,30세,상해없음,승용,남,29세,중상
2012051200100665,2012년 5월 12일 22시,토요일,경상북도 김천시 농소면,경상사고,0,0,1,0,차대차 - 측면직각충돌,안전거리미확보,건조,맑음,단일로 - 기타,승용,여,36세,상해없음,승용,남,26세,경상
2012051200100666,2012년 5월 12일 22시,토요일,경상북도 경산시 중방동,중상사고,0,1,0,0,차대차 - 기타,안전운전불이행,건조,맑음,교차로 - 교차로안,승용,남,39세,상해없음,원동기,남,16세,중상
2012051200100695,2012년 5월 12일 23시,토요일,경상북도 의성군 봉양면,중상사고,0,3,1,0,차량단독 - 공작물충돌,안전운전불이행,건조,맑음,단일로 - 기타,승용,남,18세,경상,,,,
2012051200100696,2012년 5월 12일 23시,토요일,경상북도 구미시 지산동,경상사고,0,0,1,0,차대차 - 기타,안전운전불이행,건조,맑음,단일로 - 기타,승용,남,18세,기타불명,승용,남,35세,경상
2012051300100043,2012년 5월 13일 01시,일요일,경상북도 경주시 동부동,경상사고,0,0,2,0,차대차 - 추돌 - 주정차중,안전운전불이행,건조,맑음,교차로 - 교차로부근,승용,남,28세,상해없음,승용,남,59세,경상
2012051300100087,2012년 5월 13일 04시,일요일,경상북도 경산시 옥산동,경상사고,0,0,2,0,차대차 - 기타,안전운전불이행,건조,맑음,교차로 - 교차로부근,승용,기타불명,기타불명,기타불명,승용,남,58세,경상
2012051300100088,2012년 5월 13일 04시,일요일,경상북도 포항시 남구 오천읍,중상사고,0,1,0,0,차대사람 - 기타,안전운전불이행,건조,맑음,단일로 - 기타,기타불명,기타불명,기타불명,기타불명,보행자,남,56세,중상
2012051300100106,2012년 5월 13일 06시,일요일,경상북도 포항시 남구 청림동,경상사고,0,0,1,0,차대차 - 추돌 - 진행중,안전운전불이행,건조,맑음,교차로 - 교차로안,승용,여,47세,경상,승용,남,31세,상해없음
2012051300100135,2012년 5월 13일 08시,일요일,경상북도 상주시 중동면,중상사고,0,1,0,0,차대차 - 측면직각충돌,교차로운행방법위반,건조,맑음,교차로 - 교차로부근,화물,남,45세,상해없음,화물,남,57세,중상
2012051300100149,2012년 5월 13일 09시,일요일,경상북도 고령군 고령읍,경상사고,0,0,1,0,차대차 - 추돌 - 진행중,중앙선침범,건조,맑음,단일로 - 기타,승용,남,49세,상해없음,원동기,남,74세,경상
2012051300100164,2012년 5월 13일 10시,일요일,경상북도 상주시 인평동,경상사고,0,0,1,0,차대차 - 측면직각충돌,교차로운행방법위반,건조,맑음,교차로 - 교차로안,화물,남,66세,상해없음,건설기계,남,45세,경상
2012051300100165,2012년 5월 13일 10시,일요일,경상북도 영천시 금호읍,중상사고,0,2,3,0,차대차 - 측면직각충돌,안전운전불이행,건조,맑음,단일로 - 기타,승용,여,53세,상해없음,승합,남,57세,경상
2012051300100166,2012년 5월 13일 10시,일요일,경상북도 포항시 남구 동촌동,경상사고,0,0,2,0,차대차 - 추돌 - 주정차중,안전운전불이행,건조,맑음,교차로 - 교차로부근,화물,남,46세,상해없음,승용,여,33세,경상
2012051300100183,2012년 5월 13일 11시,일요일,경상북도 성주군 가천면,중상사고,0,6,6,0,차량단독 - 공작물충돌,안전운전불이행,건조,흐림,교차로 - 교차로안,승합,남,22세,경상,,,,
2012051300100234,2012년 5월 13일 13시,일요일,경상북도 포항시 북구 죽도동,경상사고,0,0,1,0,차대차 - 기타,교차로운행방법위반,건조,맑음,교차로 - 교차로부근,승용,여,38세,상해없음,승합,남,58세,경상
2012051300100235,2012년 5월 13일 13시,일요일,경상북도 구미시 임은동,중상사고,0,2,0,0,차대차 - 추돌 - 진행중,안전운전불이행,건조,맑음,단일로 - 교량,화물,남,49세,상해없음,승용,남,56세,중상
2012051300100265,2012년 5월 13일 14시,일요일,경상북도 영주시 가흥동,중상사고,0,4,1,0,차대차 - 측면직각충돌,안전운전불이행,건조,맑음,교차로 - 교차로부근,승용,남,23세,중상,화물,여,59세,중상
2012051300100295,2012년 5월 13일 15시,일요일,경상북도 포항시 북구 용흥동,경상사고,0,0,1,0,차대차 - 기타,안전거리미확보,건조,맑음,교차로 - 교차로부근,승용,여,50세,상해없음,화물,남,57세,상해없음
2012051300100296,2012년 5월 13일 15시,일요일,경상북도 칠곡군 왜관읍,중상사고,0,2,2,0,차대차 - 기타,중앙선침범,건조,맑음,단일로 - 기타,승용,남,73세,상해없음,승용,여,41세,중상
2012051300100297,2012년 5월 13일 15시,일요일,경상북도 구미시 인의동,경상사고,0,0,3,0,차대차 - 추돌 - 주정차중,안전운전불이행,건조,맑음,교차로 - 교차로부근,승용,남,33세,상해없음,승용,여,44세,경상
2012051300100329,2012년 5월 13일 16시,일요일,경상북도 상주시 사벌면,중상사고,0,1,0,0,차대차 - 기타,교차로운행방법위반,건조,맑음,교차로 - 교차로안,승용,여,54세,상해없음,원동기,남,70세,중상
2012051300100330,2012년 5월 13일 16시,일요일,경상북도 칠곡군 동명면,경상사고,0,0,3,0,차대차 - 추돌 - 진행중,안전운전불이행,건조,맑음,단일로 - 기타,승용,여,54세,상해없음,승용,남,62세,경상
2012051300100366,2012년 5월 13일 17시,일요일,경상북도 경주시 용강동,경상사고,0,0,3,0,차대차 - 기타,안전운전불이행,건조,맑음,단일로 - 기타,승용,여,42세,상해없음,승용,남,41세,경상
2012051300100368,2012년 5월 13일 17시,일요일,경상북도 포항시 남구 이동,경상사고,0,0,5,0,차대차 - 측면직각충돌,신호위반,건조,맑음,교차로 - 교차로안,승합,남,71세,상해없음,승용,남,51세,경상
2012051300100369,2012년 5월 13일 17시,일요일,경상북도 포항시 남구 대도동,경상사고,0,0,1,0,차대차 - 기타,안전운전불이행,건조,맑음,단일로 - 기타,승용,남,68세,상해없음,자전거,여,45세,경상
2012051300100396,2012년 5월 13일 18시,일요일,경상북도 안동시 안막동,중상사고,0,1,0,0,차대차 - 정면충돌,중앙선침범,건조,맑음,단일로 - 기타,승용,남,47세,상해없음,승용,남,42세,중상
2012051300100397,2012년 5월 13일 18시,일요일,경상북도 김천시 신음동,중상사고,0,1,0,0,차대차 - 측면직각충돌,안전거리미확보,건조,맑음,단일로 - 기타,승용,남,45세,상해없음,승용,여,46세,중상
2012051300100398,2012년 5월 13일 18시,일요일,경상북도 포항시 남구 해도동,경상사고,0,0,1,0,차대차 - 추돌 - 진행중,안전운전불이행,건조,맑음,교차로 - 교차로부근,승용,여,34세,상해없음,승용,남,40세,경상
2012051300100425,2012년 5월 13일 19시,일요일,경상북도 칠곡군 왜관읍,중상사고,0,1,0,0,차대차 - 기타,안전운전불이행,건조,흐림,단일로 - 기타,승용,남,63세,상해없음,자전거,남,45세,중상
2012051300100455,2012년 5월 13일 20시,일요일,경상북도 경주시 외동읍,경상사고,0,0,1,0,차대차 - 측면직각충돌,중앙선침범,건조,맑음,단일로 - 기타,승용,남,58세,상해없음,원동기,남,32세,경상
2012051300100456,2012년 5월 13일 20시,일요일,경상북도 김천시 구성면,중상사고,0,1,2,0,차대차 - 측면직각충돌,안전운전불이행,건조,맑음,단일로 - 기타,승용,남,51세,상해없음,승합,남,41세,경상
2012051300100457,2012년 5월 13일 20시,일요일,경상북도 칠곡군 동명면,경상사고,0,0,1,0,차대차 - 측면직각충돌,중앙선침범,건조,맑음,단일로 - 기타,승용,남,27세,상해없음,승용,남,40세,경상
2012051300100491,2012년 5월 13일 21시,일요일,경상북도 안동시 남후면,경상사고,0,0,1,0,차량단독 - 공작물충돌,안전운전불이행,건조,맑음,단일로 - 기타,화물,남,28세,경상,,,,
2012051300100492,2012년 5월 13일 21시,일요일,경상북도 구미시 임수동,중상사고,0,2,4,0,차대차 - 추돌 - 주정차중,안전운전불이행,건조,맑음,기타 - 기타,승용,남,26세,상해없음,승용,남,57세,중상
2012051300100493,2012년 5월 13일 21시,일요일,경상북도 구미시 신평동,경상사고,0,0,1,0,차대차 - 측면직각충돌,안전운전불이행,건조,맑음,교차로 - 교차로부근,승용,여,43세,상해없음,이륜,남,25세,경상
2012051400100007,2012년 5월 14일 00시,월요일,경상북도 영주시 휴천동,경상사고,0,0,2,0,차대사람 - 차도통행중,안전운전불이행,건조,맑음,교차로 - 교차로안,화물,남,24세,상해없음,보행자,여,57세,경상
2012051400100015,2012년 5월 14일 01시,월요일,경상북도 안동시 옥동,경상사고,0,0,1,0,차대사람 - 기타,안전운전불이행,건조,맑음,교차로 - 교차로안,승용,남,60세,상해없음,보행자,남,24세,경상
2012051400100048,2012년 5월 14일 05시,월요일,경상북도 구미시 봉곡동,중상사고,0,1,1,0,차대차 - 측면직각충돌,안전운전불이행,건조,맑음,교차로 - 교차로안,화물,남,39세,상해없음,화물,남,57세,중상
2012051400100060,2012년 5월 14일 06시,월요일,경상북도 포항시 남구 대잠동,경상사고,0,0,2,0,차대차 - 추돌 - 진행중,신호위반,건조,맑음,교차로 - 교차로안,승용,남,50세,상해없음,승용,남,51세,경상
2012051400100077,2012년 5월 14일 07시,월요일,경상북도 김천시 지좌동,경상사고,0,0,1,0,차대차 - 측면직각충돌,교차로운행방법위반,건조,맑음,교차로 - 교차로안,승용,남,26세,상해없음,화물,남,49세,경상
2012051400100118,2012년 5월 14일 08시,월요일,경상북도 청도군 청도읍,중상사고,0,1,0,0,차대차 - 측면직각충돌,중앙선침범,습기,비,단일로 - 기타,승용,남,26세,상해없음,승용,여,46세,중상
2012051400100145,2012년 5월 14일 09시,월요일,경상북도 안동시 운흥동,중상사고,0,1,0,0,차대차 - 추돌 - 진행중,안전운전불이행,건조,맑음,단일로 - 기타,승용,여,68세,상해없음,화물,남,29세,중상
2012051400100146,2012년 5월 14일 09시,월요일,경상북도 안동시 안기동,중상사고,0,1,0,0,차대사람 - 횡단중,안전운전불이행,습기,비,단일로 - 기타,기타불명,기타불명,기타불명,기타불명,보행자,여,79세,중상
2012051400100147,2012년 5월 14일 09시,월요일,경상북도 김천시 아포읍,중상사고,0,1,4,0,차대차 - 측면직각충돌,안전운전불이행,습기,비,교차로 - 교차로부근,승용,남,31세,상해없음,승용,남,52세,중상
2012051400100148,2012년 5월 14일 09시,월요일,경상북도 칠곡군 동명면,경상사고,0,0,1,0,차대차 - 추돌 - 진행중,안전운전불이행,습기,비,단일로 - 기타,승용,남,21세,상해없음,승용,남,40세,경상
2012051400100149,2012년 5월 14일 09시,월요일,경상북도 포항시 남구 연일읍,중상사고,0,1,0,0,차대차 - 추돌 - 진행중,안전운전불이행,건조,흐림,기타 - 기타,승용,여,32세,상해없음,승용,여,45세,중상
2012051400100182,2012년 5월 14일 10시,월요일,경상북도 포항시 북구 죽도동,경상사고,0,0,1,0,차대차 - 측면직각충돌,안전운전불이행,건조,맑음,교차로 - 교차로안,승용,남,80세,상해없음,원동기,여,19세,경상
2012051400100183,2012년 5월 14일 10시,월요일,경상북도 포항시 북구 신광면,중상사고,0,1,0,0,차량단독 - 도로외이탈 - 추락,안전운전불이행,습기,비,단일로 - 기타,승합,남,60세,중상,,,,
2012051400100184,2012년 5월 14일 10시,월요일,경상북도 청도군 매전면,중상사고,0,1,0,0,차량단독 - 기타,안전운전불이행,습기,비,단일로 - 기타,원동기,남,81세,중상,,,,
2012051400100185,2012년 5월 14일 10시,월요일,경상북도 청송군 청송읍,중상사고,0,1,0,0,차대차 - 기타,안전운전불이행,건조,맑음,단일로 - 기타,승용,여,38세,상해없음,승용,여,53세,중상
2012051400100222,2012년 5월 14일 11시,월요일,경상북도 영주시 하망동,경상사고,0,0,1,0,차대차 - 측면직각충돌,안전운전불이행,습기,비,교차로 - 교차로부근,화물,남,80세,상해없음,자전거,남,65세,경상
2012051400100223,2012년 5월 14일 11시,월요일,경상북도 성주군 성주읍,경상사고,0,0,1,0,차대차 - 기타,안전운전불이행,습기,비,단일로 - 기타,승용,여,41세,상해없음,자전거,여,48세,경상
2012051400100224,2012년 5월 14일 11시,월요일,경상북도 청송군 안덕면,경상사고,0,0,1,0,차대사람 - 기타,안전운전불이행,건조,맑음,단일로 - 기타,화물,남,65세,상해없음,보행자,남,74세,경상
2012051400100225,2012년 5월 14일 11시,월요일,경상북도 구미시 지산동,중상사고,0,1,0,0,차대차 - 측면직각충돌,안전운전불이행,습기,비,교차로 - 교차로안,승용,남,67세,상해없음,승용,남,37세,중상
2012051400100260,2012년 5월 14일 12시,월요일,경상북도 경주시 구황동,중상사고,0,1,0,0,차대차 - 측면직각충돌,신호위반,습기,비,단일로 - 횡단보도상,승용,여,51세,상해없음,원동기,남,75세,중상
2012051400100261,2012년 5월 14일 12시,월요일,경상북도 경주시 안강읍,경상사고,0,0,3,0,차대차 - 측면직각충돌,안전운전불이행,습기,비,단일로 - 기타,화물,남,52세,상해없음,승용,남,31세,경상
2012051400100262,2012년 5월 14일 12시,월요일,경상북도 경주시 율동,중상사고,0,1,1,0,차대차 - 측면직각충돌,안전운전불이행,습기,비,단일로 - 기타,승용,여,51세,상해없음,승용,남,55세,경상
2012051400100263,2012년 5월 14일 12시,월요일,경상북도 문경시 산북면,중상사고,0,1,0,0,차대차 - 기타,안전운전불이행,습기,비,단일로 - 기타,건설기계,남,37세,상해없음,화물,여,33세,기타불명
2012051400100301,2012년 5월 14일 13시,월요일,경상북도 포항시 북구 장성동,경상사고,0,0,1,0,차대차 - 기타,안전거리미확보,습기,비,단일로 - 기타,건설기계,남,39세,상해없음,승용,남,30세,상해없음
2012051400100302,2012년 5월 14일 13시,월요일,경상북도 영천시 금노동,경상사고,0,0,2,0,차대차 - 정면충돌,안전운전불이행,습기,비,교차로 - 교차로안,승용,남,58세,상해없음,화물,남,40세,경상
2012051400100303,2012년 5월 14일 13시,월요일,경상북도 구미시 황상동,중상사고,0,1,1,0,차대차 - 측면직각충돌,신호위반,건조,맑음,교차로 - 교차로안,승합,여,35세,경상,승용,여,34세,중상
2012051400100304,2012년 5월 14일 13시,월요일,경상북도 포항시 남구 오천읍,경상사고,0,0,3,0,차대차 - 정면충돌,중앙선침범,습기,비,단일로 - 기타,승용,남,44세,상해없음,승용,남,31세,경상
2012051400100339,2012년 5월 14일 14시,월요일,경상북도 경주시 탑동,중상사고,0,2,0,0,차대차 - 추돌 - 주정차중,안전운전불이행,습기,비,교차로 - 교차로부근,화물,남,51세,상해없음,승용,여,30세,중상
2012051400100340,2012년 5월 14일 14시,월요일,경상북도 영주시 풍기읍,경상사고,0,0,1,0,차대차 - 측면직각충돌,안전운전불이행,습기,비,단일로 - 기타,화물,남,22세,상해없음,승용,남,45세,경상
2012051400100341,2012년 5월 14일 14시,월요일,경상북도 청도군 청도읍,중상사고,0,1,0,0,차대차 - 기타,안전운전불이행,습기,비,단일로 - 기타,화물,남,36세,상해없음,원동기,남,41세,중상
2012051400100342,2012년 5월 14일 14시,월요일,경상북도 구미시 공단동,중상사고,0,2,0,0,차대차 - 측면직각충돌,중앙선침범,습기,비,교차로 - 교차로부근,화물,남,30세,중상,건설기계,남,32세,중상
2012051400100343,2012년 5월 14일 14시,월요일,경상북도 포항시 남구 오천읍,중상사고,0,1,0,0,차량단독 - 기타,안전운전불이행,습기,비,기타 - 기타,승용,남,47세,상해없음,,,,
2012051400100380,2012년 5월 14일 15시,월요일,경상북도 포항시 북구 신광면,중상사고,0,2,0,0,차대차 - 정면충돌,중앙선침범,습기,흐림,단일로 - 기타,화물,남,63세,중상,승합,남,72세,중상
2012051400100381,2012년 5월 14일 15시,월요일,경상북도 안동시 운흥동,중상사고,0,1,0,0,차대차 - 추돌 - 주정차중,안전거리미확보,습기,비,교차로 - 교차로부근,화물,남,62세,상해없음,승용,여,52세,중상
2012051400100382,2012년 5월 14일 15시,월요일,경상북도 안동시 태화동,중상사고,0,2,0,0,차대차 - 추돌 - 주정차중,안전거리미확보,습기,비,교차로 - 교차로부근,승용,남,65세,상해없음,승용,여,26세,중상
2012051400100383,2012년 5월 14일 15시,월요일,경상북도 영주시 가흥동,경상사고,0,0,3,0,차대차 - 측면직각충돌,직진우회전진행방해,습기,비,교차로 - 교차로안,승용,여,25세,경상,승용,남,64세,경상
2012051400100384,2012년 5월 14일 15시,월요일,경상북도 구미시 비산동,중상사고,0,2,0,0,차대차 - 측면직각충돌,안전운전불이행,습기,비,교차로 - 교차로부근,승합,남,54세,상해없음,승용,여,49세,중상
2012051400100429,2012년 5월 14일 16시,월요일,경상북도 경주시 보문동,경상사고,0,0,1,0,차량단독 - 공작물충돌,안전운전불이행,습기,비,교차로 - 교차로부근,승용,남,49세,경상,,,,
2012051400100430,2012년 5월 14일 16시,월요일,경상북도 경주시 구황동,경상사고,0,0,4,2,차대차 - 측면직각충돌,안전운전불이행,습기,비,단일로 - 기타,화물,남,58세,부상신고,승용,남,55세,상해없음
2012051400100431,2012년 5월 14일 16시,월요일,경상북도 영주시 영주동,중상사고,0,1,0,0,차대사람 - 차도통행중,안전운전불이행,습기,비,단일로 - 기타,화물,남,43세,상해없음,보행자,여,57세,중상
2012051400100463,2012년 5월 14일 17시,월요일,경상북도 경주시 천북면,경상사고,0,0,2,0,차대차 - 측면직각충돌,안전운전불이행,습기,비,단일로 - 기타,화물,남,64세,상해없음,승합,남,37세,상해없음
2012051400100464,2012년 5월 14일 17시,월요일,경상북도 군위군 군위읍,중상사고,0,1,1,0,차대차 - 측면직각충돌,신호위반,습기,비,교차로 - 교차로안,승용,남,36세,상해없음,승용,남,44세,중상
2012051400100465,2012년 5월 14일 17시,월요일,경상북도 구미시 송정동,중상사고,0,1,1,0,차대차 - 측면직각충돌,중앙선침범,습기,비,교차로 - 교차로부근,승용,남,33세,경상,승용,남,36세,중상
2012051400100507,2012년 5월 14일 18시,월요일,경상북도 안동시 안기동,중상사고,0,1,0,0,차대사람 - 기타,안전운전불이행,습기,비,단일로 - 기타,승용,여,47세,상해없음,보행자,남,33세,중상
2012051400100508,2012년 5월 14일 18시,월요일,경상북도 포항시 남구 장기면,중상사고,0,2,0,0,차대차 - 추돌 - 진행중,교차로운행방법위반,습기,비,교차로 - 교차로안,화물,남,52세,상해없음,승용,여,50세,중상
2012051400100509,2012년 5월 14일 18시,월요일,경상북도 포항시 남구 대도동,경상사고,0,0,1,0,차대차 - 추돌 - 주정차중,안전운전불이행,습기,비,단일로 - 기타,기타불명,기타불명,기타불명,기타불명,승용,남,27세,경상
2012051400100558,2012년 5월 14일 19시,월요일,경상북도 김천시 교동,경상사고,0,0,1,0,차대차 - 측면직각충돌,신호위반,습기,비,교차로 - 교차로안,승용,여,40세,상해없음,승용,여,45세,경상
2012051400100559,2012년 5월 14일 19시,월요일,경상북도 영주시 가흥동,경상사고,0,0,1,0,차대차 - 측면직각충돌,교차로운행방법위반,건조,맑음,교차로 - 교차로안,승용,여,38세,상해없음,승용,남,47세,경상
2012051400100560,2012년 5월 14일 19시,월요일,경상북도 영천시 임고면,경상사고,0,0,1,0,차대차 - 정면충돌,중앙선침범,습기,비,기타 - 기타,승합,남,33세,기타불명,승용,남,33세,경상
2012051400100561,2012년 5월 14일 19시,월요일,경상북도 영천시 금노동,경상사고,0,0,1,0,차대차 - 추돌 - 진행중,안전운전불이행,습기,비,교차로 - 교차로부근,화물,남,58세,상해없음,승용,남,40세,경상
2012051400100562,2012년 5월 14일 19시,월요일,경상북도 영천시 야사동,경상사고,0,0,1,0,차대차 - 추돌 - 진행중,안전운전불이행,습기,비,단일로 - 기타,승용,남,44세,상해없음,승용,여,49세,경상
2012051400100563,2012년 5월 14일 19시,월요일,경상북도 구미시 인의동,경상사고,0,0,1,0,차대차 - 측면직각충돌,기타,습기,비,교차로 - 교차로부근,기타불명,기타불명,기타불명,기타불명,승용,남,50세,경상
2012051400100621,2012년 5월 14일 20시,월요일,경상북도 포항시 북구 우현동,경상사고,0,0,3,0,차대차 - 기타,안전운전불이행,습기,비,단일로 - 기타,승용,남,30세,상해없음,승용,남,29세,경상
2012051400100622,2012년 5월 14일 20시,월요일,경상북도 안동시 옥동,경상사고,0,0,1,0,차대차 - 측면직각충돌,중앙선침범,습기,비,단일로 - 기타,승용,여,32세,상해없음,승용,남,55세,경상
2012051400100623,2012년 5월 14일 20시,월요일,경상북도 김천시 부곡동,중상사고,0,1,0,0,차대사람 - 기타,안전운전불이행,습기,비,단일로 - 기타,화물,남,52세,상해없음,보행자,여,67세,중상
2012051400100624,2012년 5월 14일 20시,월요일,경상북도 영천시 야사동,중상사고,0,1,0,0,차대차 - 기타,안전운전불이행,습기,비,단일로 - 기타,승용,여,51세,상해없음,원동기,여,39세,중상
2012051400100625,2012년 5월 14일 20시,월요일,경상북도 구미시 옥계동,사망사고,1,0,0,0,차량단독 - 공작물충돌,안전운전불이행,습기,비,단일로 - 기타,승합,남,39세,사망,,,,
2012051400100626,2012년 5월 14일 20시,월요일,경상북도 구미시 공단동,중상사고,0,1,0,0,차대차 - 측면직각충돌,안전운전불이행,습기,비,교차로 - 교차로부근,승용,남,32세,상해없음,승용,여,56세,중상
2012051400100627,2012년 5월 14일 20시,월요일,경상북도 구미시 옥계동,경상사고,0,0,1,0,차대사람 - 기타,안전운전불이행,습기,비,단일로 - 횡단보도상,승용,남,37세,상해없음,보행자,남,57세,경상
2012051400100667,2012년 5월 14일 21시,월요일,경상북도 문경시 불정동,중상사고,0,1,0,0,차대차 - 추돌 - 진행중,안전운전불이행,습기,흐림,단일로 - 기타,화물,남,51세,상해없음,화물,남,52세,중상
2012051400100702,2012년 5월 14일 22시,월요일,경상북도 경주시 성건동,중상사고,0,1,0,0,차대사람 - 보도통행중,안전운전불이행,습기,비,교차로 - 교차로안,승용,남,54세,상해없음,보행자,남,24세,중상
2012051400100703,2012년 5월 14일 22시,월요일,경상북도 김천시 성내동,중상사고,0,1,1,0,차대사람 - 기타,보행자보호의무위반,건조,맑음,단일로 - 횡단보도상,승용,남,41세,상해없음,보행자,여,17세,중상
2012051400100704,2012년 5월 14일 22시,월요일,경상북도 구미시 산동면,중상사고,0,1,1,0,차대차 - 측면직각충돌,안전운전불이행,습기,비,단일로 - 기타,승용,남,52세,경상,승합,남,38세,중상
2012051400100744,2012년 5월 14일 23시,월요일,경상북도 경주시 서악동,경상사고,0,0,1,0,차대차 - 측면직각충돌,안전운전불이행,습기,비,교차로 - 교차로부근,승용,여,46세,상해없음,승용,남,28세,경상
2012051400100745,2012년 5월 14일 23시,월요일,경상북도 경주시 석장동,경상사고,0,0,1,0,차대차 - 추돌 - 주정차중,안전운전불이행,습기,비,단일로 - 기타,승용,남,50세,상해없음,승용,남,47세,경상
2012051400100746,2012년 5월 14일 23시,월요일,경상북도 김천시 삼락동,중상사고,0,1,0,0,차대차 - 측면직각충돌,신호위반,습기,흐림,교차로 - 교차로안,승용,여,28세,상해없음,승용,남,51세,중상
2012051400100747,2012년 5월 14일 23시,월요일,경상북도 영주시 영주동,중상사고,0,1,0,0,차대차 - 추돌 - 주정차중,안전운전불이행,습기,비,교차로 - 교차로부근,승용,남,23세,상해없음,화물,남,27세,중상
2012051500100014,2012년 5월 15일 00시,화요일,경상북도 구미시 원평동,중상사고,0,1,0,0,차대사람 - 기타,보행자보호의무위반,습기,비,교차로 - 교차로안,승용,남,56세,상해없음,보행자,남,61세,중상
2012051500100034,2012년 5월 15일 01시,화요일,경상북도 경주시 동천동,경상사고,0,0,2,0,차대차 - 추돌 - 진행중,안전운전불이행,습기,비,교차로 - 교차로부근,승용,남,42세,상해없음,승용,남,42세,경상
2012051500100048,2012년 5월 15일 02시,화요일,경상북도 포항시 북구 두호동,경상사고,0,0,1,0,차대차 - 기타,안전운전불이행,건조,맑음,교차로 - 교차로부근,기타불명,기타불명,기타불명,기타불명,자전거,남,20세,경상
2012051500100075,2012년 5월 15일 05시,화요일,경상북도 칠곡군 약목면,사망사고,1,0,0,0,차량단독 - 공작물충돌,안전운전불이행,습기,흐림,단일로 - 기타,화물,남,19세,사망,,,,
2012051500100112,2012년 5월 15일 07시,화요일,경상북도 김천시 지좌동,경상사고,0,0,1,0,차대사람 - 기타,안전운전불이행,습기,맑음,교차로 - 교차로부근,승용,남,53세,상해없음,보행자,남,10세,경상
2012051500100113,2012년 5월 15일 07시,화요일,경상북도 김천시 대항면,중상사고,0,1,0,0,차대차 - 측면직각충돌,교차로운행방법위반,건조,맑음,교차로 - 교차로안,승용,여,62세,상해없음,승용,남,34세,중상
2012051500100114,2012년 5월 15일 07시,화요일,경상북도 상주시 이안면,중상사고,0,1,0,0,차대차 - 측면직각충돌,안전운전불이행,건조,맑음,단일로 - 기타,화물,남,55세,상해없음,원동기,여,69세,중상
2012051500100158,2012년 5월 15일 08시,화요일,경상북도 의성군 안평면,중상사고,0,2,0,0,차대차 - 추돌 - 진행중,안전운전불이행,건조,맑음,단일로 - 기타,승합,남,52세,상해없음,농기계,남,77세,중상
2012051500100159,2012년 5월 15일 08시,화요일,경상북도 영천시 망정동,중상사고,0,1,0,0,차대사람 - 기타,신호위반,건조,맑음,교차로 - 교차로안,화물,남,52세,상해없음,보행자,남,13세,중상
2012051500100160,2012년 5월 15일 08시,화요일,경상북도 포항시 남구 해도동,중상사고,0,1,0,0,차대사람 - 기타,안전운전불이행,건조,맑음,단일로 - 기타,화물,남,61세,상해없음,보행자,여,74세,중상
2012051500100192,2012년 5월 15일 09시,화요일,경상북도 포항시 남구 송도동,중상사고,0,1,0,0,차대차 - 기타,안전운전불이행,건조,맑음,기타 - 기타,승용,여,31세,상해없음,자전거,남,65세,중상
2012051500100216,2012년 5월 15일 10시,화요일,경상북도 포항시 북구 흥해읍,사망사고,1,0,0,0,차량단독 - 전도전복,안전운전불이행,건조,맑음,단일로 - 기타,승용,남,59세,사망,,,,
2012051500100217,2012년 5월 15일 10시,화요일,경상북도 김천시 모암동,경상사고,0,0,1,0,차대차 - 측면직각충돌,교차로운행방법위반,건조,맑음,교차로 - 교차로안,이륜,남,35세,상해없음,승용,남,69세,경상
2012051500100218,2012년 5월 15일 10시,화요일,경상북도 영천시 청통면,경상사고,0,0,2,0,차대차 - 측면직각충돌,교차로운행방법위반,건조,맑음,교차로 - 교차로안,화물,남,58세,상해없음,승용,남,72세,경상