사고번호,사고일시,요일,시군구,사고내용,사망자수,중상자수,경상자수,부상신고자수,사고유형,법규위반,노면상태,기상상태,도로형태,가해운전자 차종,가해운전자 성별,가해운전자 연령,가해운전자 상해정도,피해운전자 차종,피해운전자 성별,피해운전자 연령,피해운전자 상해정도
2012051800100226,2012년 5월 18일 10시,금요일,경상북도 성주군 용암면,중상사고,0,1,0,0,차대차 - 측면직각충돌,중앙선침범,건조,맑음,단일로 - 기타,특수,남,46세,상해없음,원동기,남,67세,중상
2012051800100256,2012년 5월 18일 11시,금요일,경상북도 경주시 충효동,중상사고,0,1,1,0,차대차 - 측면직각충돌,안전운전불이행,건조,맑음,교차로 - 교차로안,화물,여,57세,중상,승용,남,31세,상해없음
2012051800100257,2012년 5월 18일 11시,금요일,경상북도 경주시 동천동,중상사고,0,1,1,0,차대차 - 측면직각충돌,안전운전불이행,건조,맑음,교차로 - 교차로안,승용,여,51세,상해없음,승용,여,27세,경상
2012051800100258,2012년 5월 18일 11시,금요일,경상북도 문경시 가은읍,중상사고,0,2,0,0,차량단독 - 공작물충돌,안전운전불이행,건조,맑음,단일로 - 기타,화물,남,69세,중상,,,,
2012051800100284,2012년 5월 18일 12시,금요일,경상북도 안동시 일직면,경상사고,0,0,2,0,차대차 - 측면직각충돌,안전운전불이행,건조,맑음,교차로 - 교차로안,화물,남,60세,상해없음,승용,남,58세,경상
2012051800100286,2012년 5월 18일 12시,금요일,경상북도 성주군 선남면,중상사고,0,1,0,0,차대차 - 측면직각충돌,직진우회전진행방해,건조,맑음,교차로 - 교차로안,원동기,남,52세,중상,건설기계,남,64세,상해없음
2012051800100320,2012년 5월 18일 13시,금요일,경상북도 포항시 북구 장성동,중상사고,0,1,0,0,차대사람 - 기타,안전운전불이행,건조,맑음,기타 - 기타,건설기계,남,43세,상해없음,보행자,여,70세,중상
2012051800100321,2012년 5월 18일 13시,금요일,경상북도 울진군 울진읍,경상사고,0,0,1,0,차대차 - 기타,안전운전불이행,건조,맑음,교차로 - 교차로안,승용,여,34세,상해없음,자전거,남,32세,경상
2012051800100351,2012년 5월 18일 14시,금요일,경상북도 안동시 옥동,중상사고,0,1,0,0,차대차 - 추돌 - 진행중,안전거리미확보,건조,맑음,단일로 - 기타,승합,남,42세,상해없음,승용,남,50세,중상
2012051800100391,2012년 5월 18일 15시,금요일,경상북도 포항시 북구 흥해읍,경상사고,0,0,2,0,차대차 - 기타,안전운전불이행,건조,맑음,단일로 - 기타,승용,남,61세,상해없음,화물,남,63세,경상
2012051800100432,2012년 5월 18일 16시,금요일,경상북도 포항시 남구 오천읍,경상사고,0,0,1,0,차대차 - 추돌 - 진행중,안전운전불이행,건조,맑음,교차로 - 교차로안,승용,여,43세,상해없음,원동기,남,52세,경상
2012051800100469,2012년 5월 18일 17시,금요일,경상북도 상주시 서성동,중상사고,0,1,0,0,차대차 - 측면직각충돌,안전운전불이행,건조,맑음,단일로 - 기타,승용,여,55세,상해없음,자전거,여,50세,중상
2012051800100470,2012년 5월 18일 17시,금요일,경상북도 영주시 휴천동,경상사고,0,0,1,0,차대차 - 측면직각충돌,안전운전불이행,건조,맑음,교차로 - 교차로안,이륜,남,57세,상해없음,자전거,남,62세,경상
2012051800100471,2012년 5월 18일 17시,금요일,경상북도 포항시 남구 대도동,중상사고,0,1,0,0,차대차 - 추돌 - 진행중,안전운전불이행,건조,맑음,단일로 - 기타,원동기,여,55세,중상,승용,여,50세,상해없음
2012051800100513,2012년 5월 18일 18시,금요일,경상북도 칠곡군 석적읍,경상사고,0,0,1,0,차대사람 - 기타,안전운전불이행,건조,맑음,단일로 - 기타,이륜,남,44세,상해없음,보행자,여,1세,경상
2012051800100514,2012년 5월 18일 18시,금요일,경상북도 문경시 모전동,중상사고,0,1,0,0,차대차 - 기타,안전운전불이행,건조,맑음,교차로 - 교차로안,승용,남,54세,상해없음,이륜,남,17세,중상
2012051800100515,2012년 5월 18일 18시,금요일,경상북도 고령군 고령읍,경상사고,0,0,2,0,차대차 - 기타,교차로운행방법위반,건조,맑음,교차로 - 교차로안,승용,여,35세,상해없음,승용,남,54세,경상
2012051800100550,2012년 5월 18일 19시,금요일,경상북도 포항시 남구 오천읍,경상사고,0,0,3,0,차대차 - 추돌 - 진행중,중앙선침범,건조,맑음,단일로 - 기타,승용,남,65세,상해없음,승용,남,41세,경상
2012051800100551,2012년 5월 18일 19시,금요일,경상북도 포항시 남구 대도동,경상사고,0,0,1,0,차대차 - 기타,기타,건조,맑음,단일로 - 횡단보도부근,승용,여,58세,상해없음,원동기,남,20세,경상
2012051800100595,2012년 5월 18일 20시,금요일,경상북도 경주시 동천동,경상사고,0,0,1,0,차대사람 - 기타,안전운전불이행,건조,맑음,단일로 - 기타,기타불명,기타불명,기타불명,기타불명,보행자,남,74세,경상
2012051800100596,2012년 5월 18일 20시,금요일,경상북도 문경시 모전동,경상사고,0,0,1,0,차대차 - 기타,불법유턴,건조,맑음,교차로 - 교차로안,화물,남,65세,경상,승용,남,30세,상해없음
2012051800100597,2012년 5월 18일 20시,금요일,경상북도 경산시 중방동,경상사고,0,0,1,0,차대사람 - 기타,안전운전불이행,건조,맑음,단일로 - 기타,이륜,남,16세,상해없음,보행자,여,51세,경상
2012051800100598,2012년 5월 18일 20시,금요일,경상북도 구미시 송정동,경상사고,0,0,1,0,차대차 - 추돌 - 진행중,안전운전불이행,건조,맑음,교차로 - 교차로부근,승용,남,35세,상해없음,승용,남,28세,경상
2012051800100599,2012년 5월 18일 20시,금요일,경상북도 포항시 남구 상도동,중상사고,0,5,1,0,차대차 - 측면직각충돌,안전운전불이행,건조,맑음,교차로 - 교차로부근,화물,여,25세,경상,승용,남,40세,중상
2012051800100643,2012년 5월 18일 21시,금요일,경상북도 포항시 남구 장기면,부상신고사고,0,0,0,1,차량단독 - 기타,안전운전불이행,건조,맑음,단일로 - 기타,원동기,남,50세,상해없음,,,,
2012051800100644,2012년 5월 18일 21시,금요일,경상북도 영천시 화남면,중상사고,0,1,0,0,차대차 - 측면직각충돌,안전운전불이행,건조,맑음,단일로 - 기타,승용,남,26세,상해없음,승용,남,48세,상해없음
2012051800100684,2012년 5월 18일 22시,금요일,경상북도 경주시 외동읍,경상사고,0,0,1,0,차대차 - 측면직각충돌,교차로운행방법위반,건조,맑음,교차로 - 교차로안,승용,남,47세,상해없음,승용,남,28세,경상
2012051800100685,2012년 5월 18일 22시,금요일,경상북도 포항시 남구 해도동,경상사고,0,0,1,0,차대차 - 추돌 - 진행중,안전운전불이행,건조,맑음,기타 - 기타,승용,남,22세,상해없음,원동기,여,27세,경상
2012051800100686,2012년 5월 18일 22시,금요일,경상북도 포항시 남구 해도동,중상사고,0,1,0,0,차대차 - 기타,안전운전불이행,건조,맑음,단일로 - 기타,승용,남,50세,상해없음,자전거,남,34세,중상
2012051800100716,2012년 5월 18일 23시,금요일,경상북도 포항시 북구 용흥동,중상사고,0,1,0,0,차대사람 - 차도통행중,안전운전불이행,건조,맑음,단일로 - 기타,기타불명,기타불명,기타불명,기타불명,보행자,여,55세,중상
2012051800100717,2012년 5월 18일 23시,금요일,경상북도 영주시 평은면,경상사고,0,0,2,0,차대차 - 정면충돌,중앙선침범,건조,맑음,단일로 - 기타,승용,남,53세,상해없음,화물,남,60세,경상
2012051800100718,2012년 5월 18일 23시,금요일,경상북도 영양군 일월면,경상사고,0,0,1,0,차량단독 - 공작물충돌,안전운전불이행,건조,맑음,교차로 - 교차로부근,승용,남,50세,상해없음,,,,
2012051900100018,2012년 5월 19일 00시,토요일,경상북도 문경시 흥덕동,중상사고,0,1,0,0,차대차 - 기타,직진우회전진행방해,건조,맑음,교차로 - 교차로안,승용,남,33세,상해없음,이륜,남,23세,중상
2012051900100073,2012년 5월 19일 02시,토요일,경상북도 안동시 용상동,중상사고,0,1,0,0,차대차 - 측면직각충돌,차로위반,건조,맑음,단일로 - 기타,기타불명,기타불명,기타불명,기타불명,승용,남,37세,중상
2012051900100074,2012년 5월 19일 02시,토요일,경상북도 구미시 원평동,중상사고,0,2,1,0,차대차 - 측면직각충돌,직진우회전진행방해,건조,맑음,교차로 - 교차로안,승용,남,54세,상해없음,승용,남,31세,경상
2012051900100075,2012년 5월 19일 02시,토요일,경상북도 구미시 원평동,경상사고,0,0,3,0,차대차 - 추돌 - 주정차중,안전운전불이행,건조,맑음,기타 - 기타,승용,남,24세,상해없음,승용,남,46세,경상
2012051900100089,2012년 5월 19일 03시,토요일,경상북도 영주시 봉현면,중상사고,0,2,1,0,차대차 - 측면직각충돌,교차로운행방법위반,건조,맑음,교차로 - 교차로안,승용,남,44세,경상,승용,여,24세,중상
2012051900100112,2012년 5월 19일 05시,토요일,경상북도 경산시 진량읍,중상사고,0,1,0,0,차대차 - 기타,안전운전불이행,건조,맑음,교차로 - 교차로안,이륜,남,19세,상해없음,승용,남,67세,상해없음
2012051900100113,2012년 5월 19일 05시,토요일,경상북도 영덕군 축산면,중상사고,0,1,0,0,차대차 - 기타,직진우회전진행방해,건조,맑음,교차로 - 교차로부근,화물,남,42세,상해없음,이륜,남,79세,중상
2012051900100114,2012년 5월 19일 05시,토요일,경상북도 구미시 원평동,경상사고,0,0,1,0,차대차 - 기타,안전운전불이행,건조,맑음,교차로 - 교차로부근,승용,남,29세,상해없음,이륜,남,36세,경상
2012051900100127,2012년 5월 19일 06시,토요일,경상북도 청도군 청도읍,경상사고,0,0,1,0,차대차 - 추돌 - 진행중,안전운전불이행,건조,맑음,단일로 - 기타,승용,여,26세,상해없음,화물,남,40세,경상
2012051900100143,2012년 5월 19일 07시,토요일,경상북도 성주군 대가면,중상사고,0,1,0,0,차대차 - 정면충돌,중앙선침범,건조,맑음,단일로 - 기타,승용,남,54세,상해없음,승용,남,37세,중상
2012051900100144,2012년 5월 19일 07시,토요일,경상북도 포항시 남구 장기면,중상사고,0,1,4,0,차대차 - 추돌 - 진행중,안전운전불이행,건조,맑음,교차로 - 교차로부근,건설기계,남,53세,상해없음,승용,남,72세,중상
2012051900100166,2012년 5월 19일 08시,토요일,경상북도 영주시 휴천동,중상사고,0,1,0,0,차대차 - 기타,안전운전불이행,건조,맑음,교차로 - 교차로안,승용,남,44세,상해없음,자전거,남,14세,중상
2012051900100167,2012년 5월 19일 08시,토요일,경상북도 성주군 용암면,경상사고,0,0,2,0,차대차 - 측면직각충돌,직진우회전진행방해,건조,맑음,교차로 - 교차로안,화물,남,60세,경상,화물,남,48세,경상
2012051900100168,2012년 5월 19일 08시,토요일,경상북도 김천시 봉산면,중상사고,0,1,1,0,차대차 - 추돌 - 진행중,안전운전불이행,건조,맑음,단일로 - 기타,승용,남,28세,중상,화물,남,47세,경상
2012051900100186,2012년 5월 19일 09시,토요일,경상북도 경주시 안강읍,경상사고,0,0,2,0,차대차 - 측면직각충돌,안전운전불이행,건조,맑음,교차로 - 교차로안,화물,남,28세,상해없음,승용,여,53세,경상
2012051900100187,2012년 5월 19일 09시,토요일,경상북도 영덕군 영해면,중상사고,0,1,0,0,차대차 - 측면직각충돌,교차로운행방법위반,건조,맑음,교차로 - 교차로안,승합,남,61세,상해없음,승합,남,47세,중상
2012051900100188,2012년 5월 19일 09시,토요일,경상북도 구미시 임은동,경상사고,0,0,3,0,차대차 - 추돌 - 주정차중,안전거리미확보,건조,맑음,교차로 - 교차로부근,화물,남,49세,상해없음,승용,남,38세,경상
2012051900100225,2012년 5월 19일 10시,토요일,경상북도 경주시 성동동,경상사고,0,0,1,0,차대차 - 측면직각충돌,안전운전불이행,건조,맑음,단일로 - 기타,화물,남,21세,상해없음,승용,남,44세,경상
2012051900100226,2012년 5월 19일 10시,토요일,경상북도 상주시 인봉동,중상사고,0,1,0,0,차대차 - 추돌 - 진행중,안전운전불이행,건조,맑음,단일로 - 기타,건설기계,남,42세,상해없음,자전거,여,71세,중상
2012051900100227,2012년 5월 19일 10시,토요일,경상북도 경산시 중방동,경상사고,0,0,1,0,차대차 - 기타,안전운전불이행,건조,맑음,기타 - 기타,승용,여,54세,상해없음,승용,남,45세,경상
2012051900100253,2012년 5월 19일 11시,토요일,경상북도 안동시 예안면,사망사고,1,0,0,0,차량단독 - 기타,안전운전불이행,건조,맑음,단일로 - 기타,농기계,남,49세,상해없음,,,,
2012051900100254,2012년 5월 19일 11시,토요일,경상북도 구미시 해평면,경상사고,0,0,1,0,차대차 - 측면직각충돌,교차로운행방법위반,건조,맑음,교차로 - 교차로안,승용,남,29세,기타불명,승용,남,25세,경상
2012051900100283,2012년 5월 19일 12시,토요일,경상북도 고령군 덕곡면,사망사고,1,1,0,0,차량단독 - 공작물충돌,안전운전불이행,건조,맑음,단일로 - 기타,화물,남,62세,사망,,,,
2012051900100284,2012년 5월 19일 12시,토요일,경상북도 구미시 구포동,경상사고,0,0,1,0,차대차 - 추돌 - 주정차중,안전운전불이행,건조,맑음,단일로 - 기타,이륜,남,22세,경상,승용,남,45세,상해없음
2012051900100285,2012년 5월 19일 12시,토요일,경상북도 구미시 인의동,경상사고,0,0,2,0,차대차 - 추돌 - 주정차중,안전운전불이행,건조,맑음,단일로 - 기타,승용,남,63세,상해없음,승용,남,37세,경상
2012051900100317,2012년 5월 19일 13시,토요일,경상북도 영덕군 강구면,중상사고,0,1,0,0,차량단독 - 도로외이탈 - 기타,안전운전불이행,건조,맑음,단일로 - 기타,승용,남,24세,상해없음,,,,
2012051900100318,2012년 5월 19일 13시,토요일,경상북도 포항시 남구 송도동,경상사고,0,0,1,0,차대차 - 추돌 - 진행중,안전운전불이행,건조,맑음,기타 - 기타,승용,남,40세,상해없음,자전거,남,80세,경상
2012051900100319,2012년 5월 19일 13시,토요일,경상북도 포항시 남구 호동,경상사고,0,0,1,0,차대차 - 추돌 - 진행중,중앙선침범,건조,맑음,단일로 - 기타,화물,남,39세,상해없음,승용,남,28세,경상
2012051900100388,2012년 5월 19일 15시,토요일,경상북도 영주시 이산면,중상사고,0,1,0,0,차대차 - 측면직각충돌,안전운전불이행,건조,맑음,단일로 - 기타,농기계,남,59세,중상,화물,남,61세,상해없음
2012051900100418,2012년 5월 19일 16시,토요일,경상북도 예천군 예천읍,경상사고,0,0,1,0,차대차 - 정면충돌,안전운전불이행,건조,맑음,교차로 - 교차로안,이륜,남,69세,경상,승용,여,63세,상해없음
2012051900100419,2012년 5월 19일 16시,토요일,경상북도 울진군 원남면,중상사고,0,3,3,0,차대차 - 측면직각충돌,차로위반,건조,맑음,교차로 - 교차로부근,화물,남,49세,상해없음,승합,남,55세,상해없음
2012051900100459,2012년 5월 19일 17시,토요일,경상북도 경주시 천북면,경상사고,0,0,1,0,차대차 - 측면직각충돌,안전운전불이행,건조,맑음,교차로 - 교차로안,승합,남,50세,상해없음,승용,남,27세,상해없음
2012051900100460,2012년 5월 19일 17시,토요일,경상북도 안동시 옥동,중상사고,0,1,1,0,차대차 - 측면직각충돌,신호위반,건조,맑음,교차로 - 교차로부근,이륜,남,18세,중상,승용,여,24세,경상
2012051900100493,2012년 5월 19일 18시,토요일,경상북도 상주시 중덕동,중상사고,0,7,3,0,차대차 - 측면직각충돌,중앙선침범,건조,맑음,단일로 - 기타,승용,남,59세,상해없음,승합,남,52세,경상
2012051900100494,2012년 5월 19일 18시,토요일,경상북도 영덕군 영덕읍,경상사고,0,0,1,0,차대차 - 측면직각충돌,안전운전불이행,건조,맑음,교차로 - 교차로부근,이륜,남,70세,경상,화물,남,64세,상해없음
2012051900100495,2012년 5월 19일 18시,토요일,경상북도 울진군 후포면,경상사고,0,0,6,0,차대차 - 정면충돌,교차로운행방법위반,건조,맑음,교차로 - 교차로안,승용,남,64세,상해없음,승용,여,42세,경상
2012051900100497,2012년 5월 19일 18시,토요일,경상북도 포항시 남구 이동,경상사고,0,0,2,0,차대차 - 추돌 - 진행중,중앙선침범,건조,맑음,단일로 - 기타,원동기,남,20세,경상,원동기,남,28세,경상
2012051900100498,2012년 5월 19일 18시,토요일,경상북도 포항시 남구 장기면,경상사고,0,0,1,0,차대차 - 측면직각충돌,기타,건조,맑음,단일로 - 기타,승용,남,52세,상해없음,승용,남,71세,경상
2012051900100536,2012년 5월 19일 19시,토요일,경상북도 안동시 신안동,경상사고,0,0,1,0,차대차 - 측면직각충돌,안전운전불이행,건조,맑음,단일로 - 기타,승용,남,58세,상해없음,이륜,남,55세,경상
2012051900100537,2012년 5월 19일 19시,토요일,경상북도 칠곡군 지천면,중상사고,0,3,1,0,차대차 - 기타,신호위반,건조,맑음,교차로 - 교차로안,승용,남,40세,상해없음,승용,남,43세,경상
2012051900100538,2012년 5월 19일 19시,토요일,경상북도 포항시 남구 대잠동,경상사고,0,0,1,0,차대차 - 추돌 - 진행중,안전운전불이행,건조,맑음,교차로 - 교차로부근,승용,남,51세,상해없음,승용,남,34세,경상
2012051900100571,2012년 5월 19일 20시,토요일,경상북도 영천시 임고면,경상사고,0,0,2,0,차대사람 - 기타,안전운전불이행,건조,맑음,단일로 - 기타,화물,남,36세,상해없음,보행자,남,4세,경상
2012051900100604,2012년 5월 19일 21시,토요일,경상북도 포항시 북구 흥해읍,경상사고,0,0,5,0,차대차 - 기타,신호위반,건조,맑음,단일로 - 기타,이륜,남,38세,상해없음,승용,여,27세,경상
2012051900100641,2012년 5월 19일 22시,토요일,경상북도 구미시 선산읍,중상사고,0,2,2,0,차대차 - 기타,안전운전불이행,건조,맑음,교차로 - 교차로안,승용,남,41세,경상,승용,남,63세,경상
2012051900100671,2012년 5월 19일 23시,토요일,경상북도 칠곡군 왜관읍,경상사고,0,0,1,0,차대차 - 기타,안전운전불이행,건조,맑음,단일로 - 기타,화물,남,36세,상해없음,자전거,여,65세,경상
2012052000100016,2012년 5월 20일 00시,일요일,경상북도 포항시 북구 용흥동,중상사고,0,1,0,0,차대차 - 기타,안전운전불이행,건조,맑음,교차로 - 교차로부근,승용,남,28세,상해없음,승용,남,23세,기타불명
2012052000100036,2012년 5월 20일 01시,일요일,경상북도 구미시 남통동,경상사고,0,0,1,0,차대차 - 추돌 - 주정차중,안전운전불이행,건조,맑음,단일로 - 기타,승용,남,25세,상해없음,승용,남,23세,상해없음
2012052000100052,2012년 5월 20일 02시,일요일,경상북도 청송군 진보면,중상사고,0,2,0,0,차대차 - 측면직각충돌,신호위반,건조,맑음,교차로 - 교차로안,화물,남,19세,상해없음,승용,여,25세,중상
2012052000100053,2012년 5월 20일 02시,일요일,경상북도 포항시 남구 오천읍,경상사고,0,0,1,0,차대차 - 추돌 - 주정차중,안전운전불이행,건조,맑음,단일로 - 기타,화물,남,59세,상해없음,승용,남,52세,경상
2012052000100081,2012년 5월 20일 04시,일요일,경상북도 칠곡군 동명면,부상신고사고,0,0,0,1,차량단독 - 기타,안전운전불이행,건조,맑음,단일로 - 기타,승용,남,59세,부상신고,,,,
2012052000100082,2012년 5월 20일 04시,일요일,경상북도 구미시 원평동,중상사고,0,1,0,0,차대사람 - 기타,안전운전불이행,건조,맑음,단일로 - 기타,승용,남,24세,상해없음,보행자,남,24세,중상
2012052000100083,2012년 5월 20일 04시,일요일,경상북도 구미시 원평동,부상신고사고,0,0,0,2,차대차 - 추돌 - 주정차중,안전운전불이행,건조,맑음,단일로 - 기타,이륜,남,17세,부상신고,승용,남,41세,상해없음
2012052000100102,2012년 5월 20일 06시,일요일,경상북도 영주시 휴천동,중상사고,0,1,0,0,차대차 - 측면직각충돌,안전거리미확보,건조,맑음,교차로 - 교차로부근,이륜,남,66세,중상,승용,남,37세,상해없음
2012052000100143,2012년 5월 20일 09시,일요일,경상북도 문경시 농암면,중상사고,0,1,0,0,차대사람 - 기타,안전운전불이행,건조,맑음,단일로 - 기타,승용,남,67세,상해없음,보행자,남,7세,중상
2012052000100156,2012년 5월 20일 10시,일요일,경상북도 봉화군 명호면,중상사고,0,1,1,0,차대차 - 측면직각충돌,직진우회전진행방해,건조,맑음,교차로 - 교차로안,승용,남,51세,경상,이륜,남,58세,중상
2012052000100201,2012년 5월 20일 12시,일요일,경상북도 김천시 양천동,중상사고,0,1,1,0,차대차 - 측면직각충돌,안전운전불이행,건조,맑음,교차로 - 교차로부근,승용,여,19세,상해없음,승용,여,40세,중상
2012052000100202,2012년 5월 20일 12시,일요일,경상북도 상주시 모동면,중상사고,0,1,0,0,차량단독 - 도로외이탈 - 기타,안전운전불이행,건조,맑음,단일로 - 기타,이륜,남,32세,중상,,,,
2012052000100203,2012년 5월 20일 12시,일요일,경상북도 영덕군 남정면,중상사고,0,1,0,0,차대사람 - 횡단중,안전운전불이행,건조,맑음,단일로 - 기타,승용,남,24세,상해없음,보행자,남,48세,중상
2012052000100204,2012년 5월 20일 12시,일요일,경상북도 상주시 공검면,중상사고,0,1,0,0,차량단독 - 공작물충돌,안전운전불이행,건조,맑음,단일로 - 기타,승용,여,53세,중상,,,,
2012052000100218,2012년 5월 20일 13시,일요일,경상북도 경주시 외동읍,경상사고,0,0,1,0,차대차 - 기타,중앙선침범,건조,맑음,기타 - 기타,승용,남,70세,상해없음,화물,남,45세,경상
2012052000100243,2012년 5월 20일 14시,일요일,경상북도 상주시 중동면,경상사고,0,0,1,0,차대차 - 측면직각충돌,안전운전불이행,건조,맑음,단일로 - 기타,화물,남,50세,상해없음,화물,남,30세,경상
2012052000100244,2012년 5월 20일 14시,일요일,경상북도 경산시 자인면,중상사고,0,3,0,0,차대차 - 기타,교차로운행방법위반,건조,맑음,교차로 - 교차로안,승용,남,55세,상해없음,승용,남,30세,중상
2012052000100271,2012년 5월 20일 15시,일요일,경상북도 경주시 강동면,경상사고,0,0,1,0,차대차 - 기타,안전운전불이행,건조,맑음,단일로 - 기타,승용,남,32세,상해없음,농기계,남,74세,경상
2012052000100272,2012년 5월 20일 15시,일요일,경상북도 경주시 노동동,중상사고,0,1,0,0,차대사람 - 기타,안전운전불이행,건조,맑음,단일로 - 기타,승용,남,20세,상해없음,보행자,여,20세,중상
2012052000100273,2012년 5월 20일 15시,일요일,경상북도 안동시 이천동,중상사고,0,1,0,0,차량단독 - 공작물충돌,안전운전불이행,건조,맑음,단일로 - 기타,이륜,남,50세,중상,,,,
2012052000100274,2012년 5월 20일 15시,일요일,경상북도 영주시 영주동,중상사고,0,2,0,0,차대차 - 추돌 - 진행중,안전운전불이행,건조,맑음,단일로 - 기타,승용,남,35세,상해없음,승용,남,44세,중상
2012052000100308,2012년 5월 20일 16시,일요일,경상북도 경주시 북부동,부상신고사고,0,0,0,1,차량단독 - 기타,안전운전불이행,건조,맑음,단일로 - 기타,자전거,여,5세,부상신고,,,,
2012052000100342,2012년 5월 20일 17시,일요일,경상북도 경주시 동부동,중상사고,0,1,0,0,차대차 - 측면직각충돌,안전운전불이행,건조,맑음,단일로 - 기타,승용,남,57세,상해없음,자전거,남,62세,중상
2012052000100343,2012년 5월 20일 17시,일요일,경상북도 경주시 안강읍,경상사고,0,0,3,0,차대차 - 측면직각충돌,안전운전불이행,건조,맑음,단일로 - 기타,승용,여,59세,상해없음,승합,남,44세,경상
2012052000100344,2012년 5월 20일 17시,일요일,경상북도 경주시 성건동,중상사고,0,1,0,0,차대차 - 측면직각충돌,안전운전불이행,건조,맑음,교차로 - 교차로안,승용,남,23세,상해없음,이륜,남,21세,중상
2012052000100345,2012년 5월 20일 17시,일요일,경상북도 상주시 공성면,경상사고,0,0,4,0,차대차 - 측면직각충돌,안전운전불이행,건조,맑음,단일로 - 기타,승용,남,31세,상해없음,승용,남,46세,경상
2012052000100346,2012년 5월 20일 17시,일요일,경상북도 의성군 봉양면,중상사고,0,1,2,0,차대차 - 추돌 - 주정차중,안전운전불이행,건조,맑음,교차로 - 교차로부근,승용,남,64세,경상,승용,남,39세,중상
2012052000100347,2012년 5월 20일 17시,일요일,경상북도 영천시 청통면,경상사고,0,0,3,0,차대차 - 측면직각충돌,교차로운행방법위반,건조,맑음,교차로 - 교차로안,승용,남,69세,경상,승용,여,28세,경상
2012052000100410,2012년 5월 20일 19시,일요일,경상북도 의성군 단북면,중상사고,0,1,0,0,차대사람 - 길가장자리구역통행중,안전운전불이행,건조,맑음,단일로 - 기타,승용,남,62세,상해없음,보행자,여,62세,중상
2012052000100446,2012년 5월 20일 20시,일요일,경상북도 경주시 동천동,경상사고,0,0,1,0,차대사람 - 기타,안전운전불이행,건조,맑음,단일로 - 기타,승용,남,38세,상해없음,보행자,남,41세,경상
2012052000100447,2012년 5월 20일 20시,일요일,경상북도 경주시 동부동,경상사고,0,0,1,0,차대차 - 기타,안전운전불이행,건조,맑음,교차로 - 교차로부근,승용,남,59세,상해없음,승용,남,57세,상해없음
2012052000100448,2012년 5월 20일 20시,일요일,경상북도 경산시 하양읍,경상사고,0,0,2,0,차대차 - 기타,안전운전불이행,건조,맑음,단일로 - 기타,화물,남,59세,상해없음,화물,남,47세,경상
2012052000100477,2012년 5월 20일 21시,일요일,경상북도 경산시 하양읍,중상사고,0,1,0,0,차대차 - 기타,안전운전불이행,건조,맑음,단일로 - 기타,화물,여,45세,상해없음,승용,남,26세,중상
2012052000100478,2012년 5월 20일 21시,일요일,경상북도 구미시 옥계동,중상사고,0,1,0,0,차대차 - 측면직각충돌,안전운전불이행,건조,맑음,교차로 - 교차로안,원동기,여,23세,중상,화물,남,41세,상해없음
2012052000100506,2012년 5월 20일 22시,일요일,경상북도 구미시 인의동,경상사고,0,0,1,0,차대차 - 추돌 - 주정차중,안전운전불이행,건조,맑음,단일로 - 기타,승용,남,23세,상해없음,승용,남,34세,경상
2012052100100064,2012년 5월 21일 06시,월요일,경상북도 경주시 동천동,경상사고,0,0,1,0,차대차 - 기타,안전운전불이행,건조,맑음,교차로 - 교차로안,승용,남,50세,상해없음,승용,여,36세,경상
2012052100100083,2012년 5월 21일 07시,월요일,경상북도 포항시 북구 청하면,경상사고,0,0,3,0,차대차 - 측면직각충돌,안전거리미확보,건조,맑음,단일로 - 기타,건설기계,남,64세,상해없음,승용,남,38세,상해없음
2012052100100128,2012년 5월 21일 08시,월요일,경상북도 문경시 모전동,부상신고사고,0,0,0,1,차대차 - 기타,중앙선침범,건조,맑음,단일로 - 기타,이륜,남,64세,부상신고,승용,남,32세,상해없음
2012052100100129,2012년 5월 21일 08시,월요일,경상북도 봉화군 봉화읍,경상사고,0,0,2,0,차량단독 - 전도전복,안전운전불이행,건조,맑음,단일로 - 기타,승용,여,38세,경상,,,,
2012052100100130,2012년 5월 21일 08시,월요일,경상북도 울진군 온정면,중상사고,0,2,0,0,차대차 - 측면직각충돌,교차로운행방법위반,건조,맑음,교차로 - 교차로부근,승합,남,57세,상해없음,이륜,남,74세,중상
2012052100100154,2012년 5월 21일 09시,월요일,경상북도 예천군 예천읍,중상사고,0,1,0,0,차대차 - 정면충돌,안전운전불이행,건조,맑음,교차로 - 교차로안,승용,남,42세,상해없음,승용,여,27세,중상
2012052100100182,2012년 5월 21일 10시,월요일,경상북도 칠곡군 가산면,경상사고,0,0,1,1,차대차 - 추돌 - 진행중,중앙선침범,건조,맑음,단일로 - 기타,화물,남,80세,부상신고,건설기계,남,57세,상해없음
2012052100100183,2012년 5월 21일 10시,월요일,경상북도 구미시 상모동,경상사고,0,0,3,0,차대차 - 측면직각충돌,직진우회전진행방해,건조,맑음,교차로 - 교차로안,승용,여,45세,상해없음,승용,여,45세,경상
2012052100100184,2012년 5월 21일 10시,월요일,경상북도 구미시 인의동,경상사고,0,0,1,0,차대차 - 측면직각충돌,안전운전불이행,건조,맑음,교차로 - 교차로부근,승용,남,42세,상해없음,승용,여,43세,상해없음
2012052100100216,2012년 5월 21일 11시,월요일,경상북도 칠곡군 왜관읍,중상사고,0,1,0,0,차대차 - 추돌 - 진행중,안전운전불이행,건조,맑음,단일로 - 기타,승용,남,51세,상해없음,자전거,남,80세,중상
2012052100100234,2012년 5월 21일 12시,월요일,경상북도 경주시 황오동,경상사고,0,0,2,0,차대차 - 측면직각충돌,안전운전불이행,건조,맑음,단일로 - 기타,승용,여,39세,상해없음,화물,남,62세,경상