사고번호,사고일시,요일,시군구,사고내용,사망자수,중상자수,경상자수,부상신고자수,사고유형,법규위반,노면상태,기상상태,도로형태,가해운전자 차종,가해운전자 성별,가해운전자 연령,가해운전자 상해정도,피해운전자 차종,피해운전자 성별,피해운전자 연령,피해운전자 상해정도
2012052400100115,2012년 5월 24일 07시,목요일,경상북도 구미시 옥계동,경상사고,0,0,5,0,차대차 - 측면직각충돌,직진우회전진행방해,건조,맑음,교차로 - 교차로안,승합,남,62세,상해없음,승용,남,42세,경상
2012052400100154,2012년 5월 24일 08시,목요일,경상북도 성주군 성주읍,경상사고,0,0,1,0,차대차 - 측면직각충돌,직진우회전진행방해,건조,맑음,교차로 - 교차로안,원동기,남,74세,경상,승용,여,35세,상해없음
2012052400100155,2012년 5월 24일 08시,목요일,경상북도 구미시 산동면,경상사고,0,0,1,0,차대차 - 측면직각충돌,안전운전불이행,건조,맑음,교차로 - 교차로안,승용,남,35세,경상,화물,남,63세,상해없음
2012052400100189,2012년 5월 24일 09시,목요일,경상북도 상주시 외답동,경상사고,0,0,1,0,차대차 - 정면충돌,신호위반,건조,맑음,교차로 - 교차로안,승용,남,68세,상해없음,승용,여,55세,경상
2012052400100190,2012년 5월 24일 09시,목요일,경상북도 영주시 이산면,중상사고,0,1,0,0,차대차 - 기타,안전운전불이행,건조,맑음,단일로 - 기타,화물,여,40세,상해없음,이륜,남,90세,중상
2012052400100191,2012년 5월 24일 09시,목요일,경상북도 예천군 개포면,경상사고,0,0,1,0,차대차 - 정면충돌,안전운전불이행,건조,맑음,교차로 - 교차로안,승용,남,37세,상해없음,승용,남,75세,경상
2012052400100210,2012년 5월 24일 10시,목요일,경상북도 경주시 성건동,경상사고,0,0,1,0,차대차 - 측면직각충돌,안전운전불이행,건조,맑음,교차로 - 교차로안,승용,여,37세,상해없음,원동기,남,63세,경상
2012052400100211,2012년 5월 24일 10시,목요일,경상북도 영주시 휴천동,경상사고,0,0,1,0,차대차 - 추돌 - 주정차중,안전운전불이행,건조,맑음,단일로 - 기타,이륜,남,70세,상해없음,화물,여,48세,상해없음
2012052400100212,2012년 5월 24일 10시,목요일,경상북도 구미시 인의동,중상사고,0,1,0,0,차량단독 - 기타,기타,건조,맑음,단일로 - 기타,승합,남,49세,상해없음,,,,
2012052400100237,2012년 5월 24일 11시,목요일,경상북도 칠곡군 왜관읍,부상신고사고,0,0,0,1,차대차 - 기타,안전운전불이행,건조,맑음,교차로 - 교차로안,이륜,남,24세,부상신고,승용,여,47세,상해없음
2012052400100258,2012년 5월 24일 12시,목요일,경상북도 구미시 고아읍,경상사고,0,0,1,0,차대차 - 측면직각충돌,신호위반,건조,맑음,교차로 - 교차로안,승용,여,49세,상해없음,승합,남,23세,경상
2012052400100299,2012년 5월 24일 14시,목요일,경상북도 성주군 대가면,중상사고,0,1,0,0,차대차 - 측면직각충돌,직진우회전진행방해,건조,맑음,교차로 - 교차로안,승용,여,46세,상해없음,원동기,남,49세,중상
2012052400100300,2012년 5월 24일 14시,목요일,경상북도 포항시 남구 오천읍,경상사고,0,0,1,0,차대차 - 추돌 - 진행중,안전운전불이행,건조,맑음,교차로 - 교차로부근,원동기,여,18세,경상,승용,여,31세,상해없음
2012052400100327,2012년 5월 24일 15시,목요일,경상북도 경주시 성동동,중상사고,0,1,0,0,차대차 - 측면직각충돌,안전운전불이행,건조,맑음,교차로 - 교차로부근,승용,여,50세,상해없음,승용,여,31세,중상
2012052400100328,2012년 5월 24일 15시,목요일,경상북도 포항시 남구 대도동,중상사고,0,1,0,0,차대차 - 추돌 - 진행중,안전운전불이행,건조,맑음,교차로 - 교차로안,화물,남,38세,상해없음,자전거,남,48세,중상
2012052400100353,2012년 5월 24일 16시,목요일,경상북도 칠곡군 왜관읍,경상사고,0,0,1,0,차대차 - 추돌 - 진행중,안전운전불이행,습기,비,단일로 - 기타,화물,남,60세,상해없음,화물,남,47세,상해없음
2012052400100354,2012년 5월 24일 16시,목요일,경상북도 성주군 성주읍,중상사고,0,1,0,0,차대차 - 측면직각충돌,안전운전불이행,습기,흐림,교차로 - 교차로안,승용,여,60세,상해없음,이륜,남,73세,중상
2012052400100355,2012년 5월 24일 16시,목요일,경상북도 구미시 사곡동,경상사고,0,0,3,0,차대차 - 측면직각충돌,교차로운행방법위반,건조,맑음,교차로 - 교차로안,승합,여,37세,경상,승용,남,25세,경상
2012052400100356,2012년 5월 24일 16시,목요일,경상북도 구미시 공단동,경상사고,0,0,2,0,차대사람 - 기타,안전운전불이행,건조,맑음,기타 - 기타,기타불명,기타불명,기타불명,기타불명,보행자,여,9세,경상
2012052400100401,2012년 5월 24일 17시,목요일,경상북도 상주시 화북면,중상사고,0,1,0,0,차대차 - 측면직각충돌,교차로운행방법위반,건조,맑음,교차로 - 교차로안,승용,남,73세,상해없음,원동기,남,73세,중상
2012052400100402,2012년 5월 24일 17시,목요일,경상북도 영주시 휴천동,중상사고,0,1,0,0,차대차 - 측면직각충돌,중앙선침범,건조,맑음,단일로 - 기타,승용,여,32세,상해없음,이륜,남,68세,중상
2012052400100403,2012년 5월 24일 17시,목요일,경상북도 영천시 오수동,중상사고,0,1,0,0,차대차 - 추돌 - 진행중,안전운전불이행,습기,비,교차로 - 교차로안,화물,남,54세,상해없음,승용,여,59세,중상
2012052400100404,2012년 5월 24일 17시,목요일,경상북도 문경시 가은읍,경상사고,0,0,1,0,차대사람 - 기타,안전운전불이행,건조,맑음,단일로 - 기타,승용,여,63세,상해없음,보행자,여,73세,경상
2012052400100405,2012년 5월 24일 17시,목요일,경상북도 성주군 수륜면,중상사고,0,1,1,0,차대차 - 측면직각충돌,안전운전불이행,건조,맑음,단일로 - 기타,승용,남,58세,상해없음,농기계,남,53세,경상
2012052400100406,2012년 5월 24일 17시,목요일,경상북도 군위군 우보면,중상사고,0,1,1,0,차대차 - 정면충돌,중앙선침범,습기,비,단일로 - 기타,화물,남,56세,경상,승용,남,62세,중상
2012052400100441,2012년 5월 24일 18시,목요일,경상북도 경주시 건천읍,경상사고,0,0,1,0,차대차 - 측면직각충돌,안전운전불이행,습기,비,교차로 - 교차로부근,화물,남,63세,상해없음,화물,남,64세,상해없음
2012052400100442,2012년 5월 24일 18시,목요일,경상북도 포항시 북구 죽도동,경상사고,0,0,1,0,차대사람 - 차도통행중,안전운전불이행,건조,맑음,단일로 - 기타,승용,여,53세,기타불명,보행자,남,12세,경상
2012052400100443,2012년 5월 24일 18시,목요일,경상북도 구미시 송정동,경상사고,0,0,1,0,차대차 - 추돌 - 주정차중,안전운전불이행,건조,맑음,교차로 - 교차로부근,승용,여,28세,상해없음,승용,남,28세,경상
2012052400100444,2012년 5월 24일 18시,목요일,경상북도 구미시 옥계동,경상사고,0,0,1,0,차대사람 - 기타,안전운전불이행,건조,맑음,단일로 - 기타,승용,남,36세,상해없음,보행자,남,21세,경상
2012052400100472,2012년 5월 24일 19시,목요일,경상북도 포항시 북구 장성동,경상사고,0,0,1,0,차대차 - 추돌 - 주정차중,안전운전불이행,건조,맑음,교차로 - 교차로부근,승용,여,52세,상해없음,승용,여,34세,경상
2012052400100473,2012년 5월 24일 19시,목요일,경상북도 경산시 진량읍,중상사고,0,1,0,0,차대차 - 기타,교차로운행방법위반,건조,맑음,교차로 - 교차로안,승용,남,37세,상해없음,승용,여,40세,중상
2012052400100510,2012년 5월 24일 20시,목요일,경상북도 경주시 동부동,중상사고,0,1,3,0,차대차 - 측면직각충돌,신호위반,습기,비,교차로 - 교차로안,승용,남,30세,상해없음,승용,남,39세,경상
2012052400100511,2012년 5월 24일 20시,목요일,경상북도 포항시 북구 창포동,중상사고,0,1,0,0,차대차 - 측면직각충돌,안전운전불이행,건조,맑음,단일로 - 기타,승용,여,52세,상해없음,이륜,남,46세,중상
2012052400100512,2012년 5월 24일 20시,목요일,경상북도 영주시 영주동,중상사고,0,1,0,0,차대사람 - 길가장자리구역통행중,안전운전불이행,건조,맑음,단일로 - 기타,자전거,남,13세,상해없음,보행자,여,56세,중상
2012052400100513,2012년 5월 24일 20시,목요일,경상북도 영천시 완산동,경상사고,0,0,1,0,차대차 - 측면직각충돌,안전운전불이행,결빙,비,교차로 - 교차로부근,승용,남,49세,상해없음,승용,남,29세,경상
2012052400100542,2012년 5월 24일 21시,목요일,경상북도 경주시 성건동,경상사고,0,0,1,0,차대사람 - 기타,안전운전불이행,건조,맑음,단일로 - 기타,화물,남,52세,상해없음,보행자,남,56세,경상
2012052400100543,2012년 5월 24일 21시,목요일,경상북도 경주시 노서동,경상사고,0,0,4,0,차대차 - 추돌 - 주정차중,안전운전불이행,건조,맑음,교차로 - 교차로부근,승용,남,52세,상해없음,승용,남,51세,경상
2012052400100581,2012년 5월 24일 22시,목요일,경상북도 영주시 영주동,중상사고,0,1,0,0,차대사람 - 길가장자리구역통행중,안전운전불이행,건조,맑음,교차로 - 교차로안,승용,여,43세,상해없음,보행자,남,42세,중상
2012052400100582,2012년 5월 24일 22시,목요일,경상북도 군위군 군위읍,중상사고,0,1,0,0,차대차 - 측면직각충돌,중앙선침범,건조,맑음,교차로 - 교차로안,승용,여,44세,상해없음,이륜,남,15세,중상
2012052400100583,2012년 5월 24일 22시,목요일,경상북도 김천시 봉산면,사망사고,1,1,0,0,차대차 - 추돌 - 진행중,안전운전불이행,건조,맑음,단일로 - 기타,화물,남,50세,사망,화물,남,33세,중상
2012052400100614,2012년 5월 24일 23시,목요일,경상북도 포항시 북구 죽도동,경상사고,0,0,1,0,차대차 - 기타,교차로운행방법위반,건조,맑음,교차로 - 교차로안,승용,남,41세,상해없음,이륜,남,18세,경상
2012052400100615,2012년 5월 24일 23시,목요일,경상북도 경산시 임당동,중상사고,0,2,2,0,차대차 - 기타,안전운전불이행,건조,맑음,단일로 - 기타,승용,남,19세,상해없음,이륜,남,17세,상해없음
2012052500100049,2012년 5월 25일 02시,금요일,경상북도 영천시 완산동,경상사고,0,0,2,0,차대차 - 추돌 - 진행중,신호위반,건조,맑음,교차로 - 교차로안,화물,남,62세,상해없음,승용,남,32세,상해없음
2012052500100078,2012년 5월 25일 05시,금요일,경상북도 포항시 남구 구룡포읍,중상사고,0,1,1,0,차대차 - 정면충돌,중앙선침범,건조,맑음,단일로 - 기타,화물,남,61세,경상,승용,남,26세,중상
2012052500100088,2012년 5월 25일 06시,금요일,경상북도 군위군 군위읍,경상사고,0,0,1,0,차대차 - 측면직각충돌,안전운전불이행,건조,맑음,단일로 - 기타,승용,남,52세,상해없음,승용,여,54세,경상
2012052500100104,2012년 5월 25일 07시,금요일,경상북도 안동시 평화동,경상사고,0,0,1,0,차대사람 - 기타,안전운전불이행,건조,맑음,교차로 - 교차로안,승용,여,68세,상해없음,보행자,여,14세,경상
2012052500100105,2012년 5월 25일 07시,금요일,경상북도 김천시 구성면,중상사고,0,1,0,0,차대사람 - 기타,보행자보호의무위반,건조,맑음,단일로 - 횡단보도상,승용,남,56세,상해없음,보행자,여,12세,중상
2012052500100106,2012년 5월 25일 07시,금요일,경상북도 영천시 금호읍,경상사고,0,0,1,0,차대차 - 추돌 - 진행중,안전운전불이행,건조,맑음,단일로 - 기타,승용,남,46세,상해없음,자전거,미분류,13세,경상
2012052500100152,2012년 5월 25일 08시,금요일,경상북도 포항시 북구 죽도동,중상사고,0,1,0,0,차대차 - 기타,안전운전불이행,건조,맑음,단일로 - 기타,승용,남,56세,상해없음,자전거,남,15세,중상
2012052500100153,2012년 5월 25일 08시,금요일,경상북도 영천시 야사동,경상사고,0,0,2,0,차대차 - 측면직각충돌,신호위반,건조,흐림,교차로 - 교차로안,승용,남,57세,상해없음,승용,남,42세,경상
2012052500100154,2012년 5월 25일 08시,금요일,경상북도 봉화군 물야면,중상사고,0,1,0,0,차대차 - 정면충돌,중앙선침범,건조,맑음,단일로 - 기타,화물,남,47세,상해없음,승용,여,53세,상해없음
2012052500100192,2012년 5월 25일 09시,금요일,경상북도 안동시 남선면,중상사고,0,1,0,0,차량단독 - 공작물충돌,안전운전불이행,건조,맑음,단일로 - 기타,화물,여,63세,중상,,,,
2012052500100193,2012년 5월 25일 09시,금요일,경상북도 상주시 무양동,중상사고,0,1,0,0,차대차 - 기타,교차로운행방법위반,건조,맑음,교차로 - 교차로안,승용,여,43세,상해없음,자전거,여,60세,중상
2012052500100194,2012년 5월 25일 09시,금요일,경상북도 구미시 옥계동,중상사고,0,1,0,0,차대사람 - 횡단중,보행자보호의무위반,건조,맑음,교차로 - 교차로안,승용,남,34세,상해없음,보행자,여,40세,중상
2012052500100220,2012년 5월 25일 10시,금요일,경상북도 포항시 북구 우현동,중상사고,0,1,0,0,차대사람 - 기타,보행자보호의무위반,건조,맑음,단일로 - 횡단보도상,승용,남,30세,상해없음,보행자,남,72세,중상
2012052500100221,2012년 5월 25일 10시,금요일,경상북도 영주시 안정면,경상사고,0,0,2,1,차대차 - 측면직각충돌,교차로운행방법위반,건조,맑음,교차로 - 교차로안,승용,남,70세,부상신고,화물,남,41세,경상
2012052500100222,2012년 5월 25일 10시,금요일,경상북도 경산시 옥곡동,경상사고,0,0,1,0,차대사람 - 기타,보행자보호의무위반,건조,맑음,단일로 - 기타,승용,남,59세,상해없음,보행자,여,16세,경상
2012052500100223,2012년 5월 25일 10시,금요일,경상북도 울진군 후포면,사망사고,1,0,0,0,차대사람 - 차도통행중,안전운전불이행,건조,맑음,단일로 - 기타,화물,남,54세,상해없음,보행자,여,82세,사망
2012052500100224,2012년 5월 25일 10시,금요일,경상북도 구미시 송정동,중상사고,0,1,0,0,차대사람 - 기타,안전운전불이행,건조,맑음,단일로 - 기타,승용,남,55세,상해없음,보행자,남,81세,중상
2012052500100254,2012년 5월 25일 11시,금요일,경상북도 칠곡군 왜관읍,부상신고사고,0,0,0,1,차대사람 - 차도통행중,안전운전불이행,건조,맑음,단일로 - 기타,승용,여,29세,상해없음,보행자,여,56세,부상신고
2012052500100285,2012년 5월 25일 12시,금요일,경상북도 구미시 해평면,중상사고,0,1,0,0,차량단독 - 전도전복,안전운전불이행,기타,맑음,단일로 - 기타,자전거,남,29세,중상,,,,
2012052500100312,2012년 5월 25일 13시,금요일,경상북도 경주시 외동읍,경상사고,0,0,1,0,차대차 - 추돌 - 주정차중,안전운전불이행,건조,맑음,교차로 - 교차로부근,특수,남,51세,상해없음,승용,남,30세,경상
2012052500100313,2012년 5월 25일 13시,금요일,경상북도 경산시 조영동,중상사고,0,1,3,0,차대차 - 기타,직진우회전진행방해,건조,맑음,교차로 - 교차로안,승용,여,54세,경상,승용,남,53세,경상
2012052500100314,2012년 5월 25일 13시,금요일,경상북도 구미시 남통동,경상사고,0,0,1,0,차대사람 - 횡단중,보행자보호의무위반,건조,맑음,단일로 - 횡단보도상,승용,여,38세,상해없음,보행자,남,7세,경상
2012052500100353,2012년 5월 25일 14시,금요일,경상북도 포항시 북구 기계면,중상사고,0,1,0,0,차대차 - 기타,안전운전불이행,건조,맑음,단일로 - 기타,승용,여,56세,기타불명,이륜,남,76세,중상
2012052500100354,2012년 5월 25일 14시,금요일,경상북도 문경시 동로면,경상사고,0,0,1,0,차대차 - 기타,기타,건조,맑음,교차로 - 교차로안,승용,남,28세,상해없음,승합,남,64세,상해없음
2012052500100389,2012년 5월 25일 15시,금요일,경상북도 포항시 북구 양덕동,경상사고,0,0,5,0,차대차 - 측면직각충돌,교차로운행방법위반,건조,맑음,교차로 - 교차로안,승용,여,62세,경상,승용,여,42세,경상
2012052500100390,2012년 5월 25일 15시,금요일,경상북도 안동시 풍산읍,중상사고,0,1,0,0,차대사람 - 횡단중,안전운전불이행,건조,맑음,단일로 - 기타,화물,남,51세,상해없음,보행자,여,59세,중상
2012052500100391,2012년 5월 25일 15시,금요일,경상북도 청송군 진보면,중상사고,0,1,1,0,차대차 - 측면직각충돌,중앙선침범,건조,맑음,단일로 - 기타,승용,남,30세,상해없음,승용,남,41세,중상
2012052500100392,2012년 5월 25일 15시,금요일,경상북도 구미시 선기동,경상사고,0,0,1,0,차대차 - 기타,안전운전불이행,건조,맑음,교차로 - 교차로안,농기계,남,64세,상해없음,승용,여,39세,경상
2012052500100427,2012년 5월 25일 16시,금요일,경상북도 안동시 법흥동,중상사고,0,2,0,0,차대차 - 추돌 - 진행중,안전거리미확보,건조,맑음,교차로 - 교차로부근,건설기계,남,50세,상해없음,승용,남,50세,중상
2012052500100428,2012년 5월 25일 16시,금요일,경상북도 구미시 공단동,경상사고,0,0,1,0,차대차 - 측면직각충돌,안전운전불이행,건조,맑음,교차로 - 교차로부근,화물,남,43세,상해없음,승용,남,40세,경상
2012052500100467,2012년 5월 25일 17시,금요일,경상북도 경주시 산내면,중상사고,0,1,0,0,차대차 - 측면직각충돌,안전운전불이행,건조,맑음,교차로 - 교차로안,화물,남,69세,상해없음,화물,남,61세,중상
2012052500100468,2012년 5월 25일 17시,금요일,경상북도 칠곡군 석적읍,중상사고,0,1,2,0,차대차 - 측면직각충돌,교차로운행방법위반,건조,맑음,교차로 - 교차로안,승용,여,41세,상해없음,승용,여,24세,경상
2012052500100469,2012년 5월 25일 17시,금요일,경상북도 경산시 중방동,중상사고,0,1,0,0,차대차 - 기타,안전운전불이행,건조,맑음,단일로 - 기타,승용,남,22세,기타불명,승용,남,40세,중상
2012052500100505,2012년 5월 25일 18시,금요일,경상북도 안동시 송현동,중상사고,0,1,0,0,차대차 - 추돌 - 진행중,안전운전불이행,건조,맑음,교차로 - 교차로부근,화물,남,53세,상해없음,승용,여,41세,중상
2012052500100506,2012년 5월 25일 18시,금요일,경상북도 포항시 남구 오천읍,경상사고,0,0,1,0,차대사람 - 기타,안전운전불이행,건조,맑음,교차로 - 교차로안,기타불명,기타불명,기타불명,기타불명,보행자,여,44세,경상
2012052500100548,2012년 5월 25일 19시,금요일,경상북도 안동시 태화동,부상신고사고,0,0,0,2,차대차 - 추돌 - 주정차중,안전운전불이행,건조,맑음,단일로 - 기타,승용,남,53세,상해없음,승용,여,46세,부상신고
2012052500100549,2012년 5월 25일 19시,금요일,경상북도 경산시 하양읍,중상사고,0,1,0,0,차대차 - 기타,안전운전불이행,건조,맑음,단일로 - 기타,승용,여,59세,상해없음,자전거,남,23세,중상
2012052500100588,2012년 5월 25일 20시,금요일,경상북도 상주시 낙동면,중상사고,0,1,0,0,차대차 - 측면직각충돌,교차로운행방법위반,건조,맑음,교차로 - 교차로안,승용,남,45세,상해없음,승용,여,53세,중상
2012052500100589,2012년 5월 25일 20시,금요일,경상북도 영주시 고현동,중상사고,0,2,0,0,차대차 - 추돌 - 주정차중,안전운전불이행,건조,맑음,단일로 - 기타,이륜,남,70세,중상,농기계,남,48세,상해없음
2012052500100590,2012년 5월 25일 20시,금요일,경상북도 구미시 지산동,중상사고,0,2,0,0,차대차 - 측면직각충돌,신호위반,건조,맑음,교차로 - 교차로안,승용,남,57세,중상,승용,남,52세,중상
2012052500100626,2012년 5월 25일 21시,금요일,경상북도 경산시 하양읍,사망사고,1,1,0,0,차대차 - 측면직각충돌,안전운전불이행,건조,맑음,교차로 - 교차로안,이륜,남,21세,사망,승용,남,37세,상해없음
2012052500100627,2012년 5월 25일 21시,금요일,경상북도 경산시 상방동,중상사고,0,1,0,0,차대사람 - 기타,신호위반,건조,맑음,교차로 - 교차로부근,승용,남,20세,상해없음,보행자,남,18세,중상
2012052500100628,2012년 5월 25일 21시,금요일,경상북도 울진군 울진읍,경상사고,0,0,2,0,차대차 - 정면충돌,중앙선침범,건조,맑음,교차로 - 교차로부근,승용,남,60세,상해없음,승용,남,37세,경상
2012052500100668,2012년 5월 25일 22시,금요일,경상북도 구미시 황상동,경상사고,0,0,3,0,차대차 - 기타,안전운전불이행,건조,맑음,교차로 - 교차로부근,승용,여,35세,경상,승용,남,29세,경상
2012052500100692,2012년 5월 25일 23시,금요일,경상북도 경주시 성동동,중상사고,0,1,0,0,차대사람 - 횡단중,안전운전불이행,건조,맑음,단일로 - 기타,승용,남,22세,상해없음,보행자,남,52세,중상
2012052500100693,2012년 5월 25일 23시,금요일,경상북도 상주시 낙동면,사망사고,1,7,0,0,차대차 - 추돌 - 주정차중,안전운전불이행,건조,맑음,단일로 - 기타,화물,남,28세,상해없음,승용,남,36세,중상
2012052600100022,2012년 5월 26일 00시,토요일,경상북도 경주시 강동면,경상사고,0,0,1,0,차대차 - 추돌 - 진행중,안전운전불이행,건조,맑음,단일로 - 기타,승용,남,63세,상해없음,승용,남,36세,경상
2012052600100023,2012년 5월 26일 00시,토요일,경상북도 구미시 형곡동,경상사고,0,0,1,0,차대차 - 기타,신호위반,건조,맑음,교차로 - 교차로안,이륜,남,36세,상해없음,승용,남,49세,경상
2012052600100050,2012년 5월 26일 01시,토요일,경상북도 경산시 중방동,경상사고,0,0,2,0,차대차 - 기타,안전운전불이행,건조,맑음,교차로 - 교차로안,승용,기타불명,기타불명,기타불명,승용,여,25세,경상
2012052600100067,2012년 5월 26일 02시,토요일,경상북도 울진군 울진읍,경상사고,0,0,1,0,차량단독 - 공작물충돌,안전운전불이행,건조,맑음,단일로 - 기타,승용,여,41세,경상,,,,
2012052600100086,2012년 5월 26일 03시,토요일,경상북도 구미시 인의동,경상사고,0,0,1,0,차대차 - 기타,안전운전불이행,건조,맑음,교차로 - 교차로부근,승용,여,26세,상해없음,화물,남,54세,경상
2012052600100087,2012년 5월 26일 03시,토요일,경상북도 구미시 인의동,중상사고,0,1,0,0,차대차 - 기타,안전운전불이행,건조,맑음,교차로 - 교차로부근,승용,남,22세,상해없음,원동기,남,37세,중상
2012052600100105,2012년 5월 26일 04시,토요일,경상북도 성주군 용암면,중상사고,0,3,0,0,차량단독 - 전도전복,안전운전불이행,건조,맑음,교차로 - 교차로부근,승용,여,38세,상해없음,,,,
2012052600100135,2012년 5월 26일 06시,토요일,경상북도 경주시 천북면,경상사고,0,0,1,0,차대차 - 측면직각충돌,안전운전불이행,건조,맑음,단일로 - 기타,특수,남,42세,상해없음,승용,남,28세,경상
2012052600100157,2012년 5월 26일 07시,토요일,경상북도 포항시 남구 상도동,경상사고,0,0,1,0,차대차 - 기타,신호위반,건조,맑음,교차로 - 교차로안,화물,남,34세,상해없음,자전거,남,57세,경상
2012052600100184,2012년 5월 26일 08시,토요일,경상북도 경주시 천북면,경상사고,0,0,1,0,차대차 - 기타,안전운전불이행,건조,맑음,단일로 - 기타,승용,남,58세,상해없음,승용,남,67세,경상
2012052600100185,2012년 5월 26일 08시,토요일,경상북도 경주시 동부동,경상사고,0,0,2,0,차대차 - 측면직각충돌,직진우회전진행방해,건조,맑음,교차로 - 교차로안,승용,남,58세,상해없음,화물,남,53세,경상
2012052600100186,2012년 5월 26일 08시,토요일,경상북도 구미시 공단동,경상사고,0,0,3,0,차대차 - 측면직각충돌,안전거리미확보,건조,맑음,기타 - 기타,승용,남,53세,상해없음,승용,남,25세,상해없음
2012052600100187,2012년 5월 26일 08시,토요일,경상북도 포항시 남구 송도동,경상사고,0,0,1,0,차대차 - 추돌 - 진행중,안전운전불이행,건조,맑음,단일로 - 기타,승용,여,57세,상해없음,자전거,남,63세,경상
2012052600100231,2012년 5월 26일 10시,토요일,경상북도 포항시 북구 두호동,중상사고,0,2,0,0,차대차 - 기타,교차로운행방법위반,건조,맑음,교차로 - 교차로안,원동기,남,49세,상해없음,원동기,남,44세,중상
2012052600100232,2012년 5월 26일 10시,토요일,경상북도 예천군 하리면,중상사고,0,1,0,0,차대차 - 추돌 - 진행중,안전운전불이행,건조,맑음,단일로 - 기타,화물,남,34세,상해없음,이륜,남,71세,중상
2012052600100233,2012년 5월 26일 10시,토요일,경상북도 포항시 남구 괴동동,중상사고,0,1,1,0,차대차 - 측면직각충돌,안전운전불이행,건조,맑음,교차로 - 교차로부근,승용,남,56세,상해없음,승용,여,52세,중상
2012052600100234,2012년 5월 26일 10시,토요일,경상북도 포항시 남구 괴동동,경상사고,0,0,1,0,차대차 - 추돌 - 진행중,안전운전불이행,건조,맑음,단일로 - 기타,화물,여,31세,상해없음,승용,여,32세,경상
2012052600100272,2012년 5월 26일 11시,토요일,경상북도 안동시 수상동,중상사고,0,2,0,0,차대차 - 측면직각충돌,안전거리미확보,건조,맑음,단일로 - 기타,화물,남,65세,상해없음,원동기,남,64세,중상
2012052600100302,2012년 5월 26일 12시,토요일,경상북도 경주시 외동읍,경상사고,0,0,2,0,차대차 - 측면직각충돌,중앙선침범,건조,맑음,단일로 - 기타,화물,남,64세,상해없음,승합,남,41세,경상
2012052600100303,2012년 5월 26일 12시,토요일,경상북도 포항시 북구 청하면,중상사고,0,1,1,0,차대차 - 기타,안전운전불이행,건조,맑음,단일로 - 기타,승용,남,58세,상해없음,화물,남,25세,경상
2012052600100304,2012년 5월 26일 12시,토요일,경상북도 구미시 인의동,경상사고,0,0,1,0,차대사람 - 횡단중,안전운전불이행,건조,맑음,단일로 - 횡단보도부근,승용,남,53세,상해없음,보행자,남,28세,경상
2012052600100305,2012년 5월 26일 12시,토요일,경상북도 구미시 오태동,부상신고사고,0,0,0,1,차대차 - 측면직각충돌,안전운전불이행,건조,맑음,단일로 - 기타,이륜,남,33세,부상신고,승용,여,40세,상해없음
2012052600100334,2012년 5월 26일 13시,토요일,경상북도 구미시 비산동,경상사고,0,0,1,0,차대차 - 측면직각충돌,신호위반,건조,맑음,교차로 - 교차로안,승용,여,40세,상해없음,승용,여,41세,경상
2012052600100375,2012년 5월 26일 14시,토요일,경상북도 포항시 남구 청림동,경상사고,0,0,5,0,차대차 - 추돌 - 진행중,안전운전불이행,건조,맑음,교차로 - 교차로안,승합,남,50세,경상,승용,남,18세,경상
2012052600100408,2012년 5월 26일 15시,토요일,경상북도 영천시 금노동,경상사고,0,0,2,0,차대차 - 측면직각충돌,안전운전불이행,건조,맑음,단일로 - 기타,화물,남,55세,경상,승용,남,45세,경상
2012052600100409,2012년 5월 26일 15시,토요일,경상북도 문경시 점촌동,중상사고,0,2,0,0,차대사람 - 기타,안전운전불이행,건조,맑음,교차로 - 교차로안,승용,남,50세,상해없음,보행자,남,6세,중상
2012052600100410,2012년 5월 26일 15시,토요일,경상북도 경산시 상방동,경상사고,0,0,1,0,차대사람 - 기타,안전운전불이행,건조,맑음,교차로 - 교차로부근,승용,여,45세,상해없음,보행자,남,41세,경상
2012052600100448,2012년 5월 26일 16시,토요일,경상북도 경주시 양북면,경상사고,0,0,1,0,차대차 - 측면직각충돌,중앙선침범,건조,맑음,기타 - 기타,이륜,남,71세,경상,승용,남,31세,상해없음
2012052600100449,2012년 5월 26일 16시,토요일,경상북도 경주시 율동,경상사고,0,0,2,0,차대차 - 측면직각충돌,안전운전불이행,건조,맑음,단일로 - 기타,승용,남,56세,상해없음,승용,여,31세,경상
2012052600100475,2012년 5월 26일 17시,토요일,경상북도 구미시 상모동,중상사고,0,1,0,0,차대차 - 측면직각충돌,안전운전불이행,건조,맑음,단일로 - 기타,승용,여,45세,상해없음,자전거,여,41세,중상
2012052600100476,2012년 5월 26일 17시,토요일,경상북도 구미시 원평동,부상신고사고,0,0,0,1,차량단독 - 도로외이탈 - 추락,안전운전불이행,건조,맑음,단일로 - 기타,화물,남,40세,상해없음,,,,
2012052600100517,2012년 5월 26일 18시,토요일,경상북도 경주시 노서동,경상사고,0,0,1,0,차대사람 - 차도통행중,안전운전불이행,건조,맑음,단일로 - 기타,승합,여,42세,상해없음,보행자,남,50세,경상
2012052600100518,2012년 5월 26일 18시,토요일,경상북도 문경시 산양면,중상사고,0,2,6,0,차대차 - 기타,직진우회전진행방해,건조,맑음,교차로 - 교차로안,승용,남,74세,상해없음,승합,남,74세,중상
2012052600100519,2012년 5월 26일 18시,토요일,경상북도 경산시 진량읍,경상사고,0,0,1,0,차대차 - 기타,안전운전불이행,건조,맑음,단일로 - 기타,승합,남,31세,기타불명,자전거,남,8세,경상