사고번호,사고일시,요일,시군구,사고내용,사망자수,중상자수,경상자수,부상신고자수,사고유형,법규위반,노면상태,기상상태,도로형태,가해운전자 차종,가해운전자 성별,가해운전자 연령,가해운전자 상해정도,피해운전자 차종,피해운전자 성별,피해운전자 연령,피해운전자 상해정도
2012052600100520,2012년 5월 26일 18시,토요일,경상북도 성주군 성주읍,경상사고,0,0,1,0,차대차 - 측면직각충돌,안전운전불이행,건조,맑음,교차로 - 교차로안,승용,남,73세,상해없음,자전거,남,14세,경상
2012052600100521,2012년 5월 26일 18시,토요일,경상북도 구미시 도량동,경상사고,0,0,4,0,차대차 - 추돌 - 주정차중,안전운전불이행,건조,맑음,단일로 - 기타,승용,남,35세,상해없음,승용,남,35세,경상
2012052600100522,2012년 5월 26일 18시,토요일,경상북도 포항시 남구 해도동,경상사고,0,0,2,0,차대차 - 기타,안전운전불이행,건조,맑음,교차로 - 교차로부근,자전거,여,44세,경상,승용,남,44세,상해없음
2012052600100587,2012년 5월 26일 20시,토요일,경상북도 경산시 진량읍,경상사고,0,0,1,0,차대차 - 기타,안전운전불이행,건조,맑음,단일로 - 기타,승용,여,46세,상해없음,자전거,여,42세,경상
2012052600100588,2012년 5월 26일 20시,토요일,경상북도 봉화군 법전면,중상사고,0,7,1,0,차대차 - 측면직각충돌,안전운전불이행,건조,맑음,교차로 - 교차로안,화물,남,58세,경상,승용,남,57세,중상
2012052600100622,2012년 5월 26일 21시,토요일,경상북도 경주시 보문동,경상사고,0,0,1,0,차대차 - 추돌 - 진행중,안전운전불이행,건조,맑음,단일로 - 기타,승용,남,53세,상해없음,승용,여,25세,상해없음
2012052600100623,2012년 5월 26일 21시,토요일,경상북도 구미시 도량동,경상사고,0,0,3,0,차대차 - 추돌 - 주정차중,안전운전불이행,건조,맑음,단일로 - 기타,승용,남,42세,상해없음,승용,여,24세,경상
2012052700100022,2012년 5월 27일 00시,일요일,경상북도 구미시 오태동,경상사고,0,0,1,0,차대차 - 측면직각충돌,신호위반,건조,맑음,교차로 - 교차로안,승용,남,37세,상해없음,승용,남,49세,경상
2012052700100049,2012년 5월 27일 01시,일요일,경상북도 포항시 남구 상도동,경상사고,0,0,1,0,차대차 - 측면직각충돌,기타,건조,맑음,단일로 - 기타,승용,남,50세,상해없음,승용,여,42세,상해없음
2012052700100065,2012년 5월 27일 02시,일요일,경상북도 구미시 형곡동,경상사고,0,0,1,0,차대차 - 추돌 - 진행중,안전운전불이행,건조,맑음,교차로 - 교차로안,승용,남,22세,상해없음,승용,남,38세,상해없음
2012052700100098,2012년 5월 27일 04시,일요일,경상북도 경주시 천북면,중상사고,0,1,0,0,차대차 - 추돌 - 진행중,안전운전불이행,건조,맑음,단일로 - 기타,화물,남,73세,상해없음,이륜,남,30세,중상
2012052700100118,2012년 5월 27일 05시,일요일,경상북도 포항시 북구 덕산동,경상사고,0,0,3,0,차대차 - 측면직각충돌,안전운전불이행,건조,맑음,교차로 - 교차로안,승용,남,57세,상해없음,승용,남,47세,상해없음
2012052700100119,2012년 5월 27일 05시,일요일,경상북도 구미시 구평동,경상사고,0,0,2,0,차대차 - 측면직각충돌,안전운전불이행,건조,맑음,교차로 - 교차로부근,기타불명,기타불명,기타불명,기타불명,승용,남,38세,경상
2012052700100128,2012년 5월 27일 06시,일요일,경상북도 안동시 법흥동,경상사고,0,0,1,0,차대사람 - 횡단중,안전운전불이행,건조,맑음,교차로 - 교차로부근,화물,남,59세,상해없음,보행자,남,78세,경상
2012052700100129,2012년 5월 27일 06시,일요일,경상북도 영덕군 영해면,부상신고사고,0,0,0,1,차량단독 - 도로외이탈 - 추락,안전운전불이행,건조,맑음,단일로 - 기타,이륜,남,52세,부상신고,,,,
2012052700100143,2012년 5월 27일 07시,일요일,경상북도 구미시 원평동,중상사고,0,1,0,0,차대차 - 측면직각충돌,신호위반,건조,맑음,교차로 - 교차로안,승용,남,30세,기타불명,화물,남,27세,중상
2012052700100154,2012년 5월 27일 08시,일요일,경상북도 경산시 와촌면,중상사고,0,1,0,0,차대차 - 기타,안전운전불이행,건조,맑음,단일로 - 기타,건설기계,남,56세,상해없음,승용,남,59세,중상
2012052700100167,2012년 5월 27일 09시,일요일,경상북도 군위군 소보면,경상사고,0,0,2,0,차대차 - 추돌 - 진행중,안전운전불이행,건조,맑음,단일로 - 기타,화물,남,37세,상해없음,농기계,남,60세,경상
2012052700100184,2012년 5월 27일 10시,일요일,경상북도 경주시 황오동,중상사고,0,1,0,0,차대차 - 측면직각충돌,안전운전불이행,건조,맑음,교차로 - 교차로안,원동기,여,53세,중상,승합,남,51세,상해없음
2012052700100185,2012년 5월 27일 10시,일요일,경상북도 상주시 모서면,중상사고,0,1,0,0,차대차 - 측면직각충돌,교차로운행방법위반,건조,맑음,교차로 - 교차로안,승용,남,48세,상해없음,자전거,남,13세,중상
2012052700100186,2012년 5월 27일 10시,일요일,경상북도 구미시 구평동,중상사고,0,1,0,0,차대차 - 기타,안전운전불이행,건조,맑음,교차로 - 교차로부근,승용,여,42세,상해없음,자전거,여,9세,중상
2012052700100215,2012년 5월 27일 11시,일요일,경상북도 경산시 사정동,경상사고,0,0,1,0,차대사람 - 기타,보행자보호의무위반,건조,맑음,단일로 - 횡단보도상,승용,남,48세,상해없음,보행자,여,65세,경상
2012052700100216,2012년 5월 27일 11시,일요일,경상북도 고령군 고령읍,중상사고,0,1,0,0,차대차 - 측면직각충돌,안전운전불이행,건조,맑음,교차로 - 교차로안,승용,여,42세,상해없음,자전거,여,15세,중상
2012052700100242,2012년 5월 27일 12시,일요일,경상북도 칠곡군 왜관읍,중상사고,0,1,0,0,차대사람 - 기타,안전운전불이행,건조,맑음,단일로 - 기타,승용,여,36세,상해없음,보행자,여,15세,중상
2012052700100243,2012년 5월 27일 12시,일요일,경상북도 칠곡군 왜관읍,중상사고,0,1,0,1,차대차 - 기타,교차로운행방법위반,건조,맑음,교차로 - 교차로안,원동기,남,53세,부상신고,승용,여,50세,상해없음
2012052700100244,2012년 5월 27일 12시,일요일,경상북도 구미시 형곡동,경상사고,0,0,1,0,차대차 - 측면직각충돌,안전운전불이행,건조,맑음,교차로 - 교차로부근,승용,남,60세,상해없음,자전거,남,32세,경상
2012052700100272,2012년 5월 27일 13시,일요일,경상북도 영천시 고경면,경상사고,0,0,1,0,차대차 - 측면직각충돌,신호위반,건조,맑음,교차로 - 교차로안,승용,남,45세,상해없음,승용,여,51세,경상
2012052700100273,2012년 5월 27일 13시,일요일,경상북도 구미시 인의동,경상사고,0,0,1,0,차대사람 - 기타,안전운전불이행,건조,맑음,단일로 - 기타,승용,여,38세,상해없음,보행자,남,4세,경상
2012052700100274,2012년 5월 27일 13시,일요일,경상북도 구미시 도량동,사망사고,1,2,4,0,차량단독 - 전도전복,기타,건조,맑음,단일로 - 기타,승합,남,43세,경상,,,,
2012052700100304,2012년 5월 27일 14시,일요일,경상북도 칠곡군 동명면,경상사고,0,0,4,0,차대차 - 기타,안전운전불이행,건조,맑음,단일로 - 기타,승용,여,55세,상해없음,승용,남,44세,경상
2012052700100324,2012년 5월 27일 15시,일요일,경상북도 구미시 선산읍,경상사고,0,0,1,0,차대사람 - 기타,안전운전불이행,건조,맑음,기타 - 기타,기타불명,기타불명,기타불명,기타불명,보행자,남,22세,경상
2012052700100325,2012년 5월 27일 15시,일요일,경상북도 포항시 남구 오천읍,경상사고,0,0,1,0,차대차 - 추돌 - 진행중,안전운전불이행,건조,맑음,단일로 - 기타,승용,남,53세,상해없음,자전거,여,29세,경상
2012052700100360,2012년 5월 27일 16시,일요일,경상북도 경주시 성건동,경상사고,0,0,2,0,차대차 - 추돌 - 주정차중,안전운전불이행,건조,맑음,단일로 - 기타,화물,남,57세,상해없음,승용,남,26세,경상
2012052700100361,2012년 5월 27일 16시,일요일,경상북도 포항시 북구 두호동,중상사고,0,1,0,0,차대차 - 기타,중앙선침범,건조,맑음,교차로 - 교차로안,승용,남,31세,상해없음,원동기,남,19세,중상
2012052700100362,2012년 5월 27일 16시,일요일,경상북도 경산시 하양읍,중상사고,0,1,1,0,차대차 - 기타,안전거리미확보,건조,맑음,교차로 - 교차로부근,승용,남,24세,상해없음,승용,여,32세,중상
2012052700100387,2012년 5월 27일 17시,일요일,경상북도 포항시 북구 항구동,경상사고,0,0,2,0,차대차 - 기타,안전운전불이행,건조,맑음,단일로 - 기타,승용,남,73세,상해없음,승용,남,54세,경상
2012052700100388,2012년 5월 27일 17시,일요일,경상북도 영양군 입암면,경상사고,0,0,1,0,차대차 - 기타,중앙선침범,건조,맑음,단일로 - 기타,이륜,남,73세,경상,승용,남,38세,상해없음
2012052700100389,2012년 5월 27일 17시,일요일,경상북도 구미시 공단동,경상사고,0,0,1,0,차대차 - 측면직각충돌,신호위반,건조,맑음,교차로 - 교차로안,승용,남,29세,상해없음,승용,남,42세,경상
2012052700100390,2012년 5월 27일 17시,일요일,경상북도 구미시 남통동,중상사고,0,1,0,0,차대차 - 정면충돌,중앙선침범,건조,맑음,단일로 - 기타,승용,여,42세,상해없음,승용,여,49세,중상
2012052700100391,2012년 5월 27일 17시,일요일,경상북도 포항시 남구 오천읍,중상사고,0,1,8,0,차대차 - 추돌 - 진행중,교차로운행방법위반,건조,맑음,교차로 - 교차로안,승용,남,62세,상해없음,승용,남,38세,경상
2012052700100392,2012년 5월 27일 17시,일요일,경상북도 구미시 옥성면,중상사고,0,2,0,0,차대차 - 추돌 - 주정차중,안전운전불이행,건조,맑음,단일로 - 기타,승용,남,27세,상해없음,승용,남,45세,중상
2012052700100426,2012년 5월 27일 18시,일요일,경상북도 경주시 천군동,경상사고,0,0,2,0,차대차 - 측면직각충돌,중앙선침범,건조,맑음,단일로 - 기타,승용,남,30세,상해없음,승용,남,24세,경상
2012052700100427,2012년 5월 27일 18시,일요일,경상북도 영주시 안정면,경상사고,0,0,1,0,차대차 - 추돌 - 주정차중,안전운전불이행,건조,맑음,단일로 - 기타,승용,여,50세,경상,이륜,남,25세,상해없음
2012052700100460,2012년 5월 27일 19시,일요일,경상북도 경주시 현곡면,중상사고,0,1,0,0,차대사람 - 기타,안전운전불이행,건조,맑음,교차로 - 교차로부근,농기계,남,60세,상해없음,보행자,남,50세,중상
2012052700100461,2012년 5월 27일 19시,일요일,경상북도 안동시 풍산읍,경상사고,0,0,1,0,차량단독 - 전도전복,안전운전불이행,건조,맑음,교차로 - 교차로안,원동기,남,51세,경상,,,,
2012052700100491,2012년 5월 27일 20시,일요일,경상북도 구미시 황상동,중상사고,0,1,0,0,차대사람 - 횡단중,안전운전불이행,건조,맑음,단일로 - 기타,기타불명,기타불명,기타불명,기타불명,보행자,남,25세,중상
2012052700100522,2012년 5월 27일 21시,일요일,경상북도 포항시 남구 지곡동,경상사고,0,0,2,0,차대사람 - 횡단중,보행자보호의무위반,건조,맑음,단일로 - 횡단보도상,원동기,남,31세,경상,보행자,여,23세,경상
2012052700100543,2012년 5월 27일 22시,일요일,경상북도 구미시 황상동,경상사고,0,0,1,0,차대차 - 추돌 - 주정차중,안전운전불이행,건조,맑음,교차로 - 교차로부근,승용,남,39세,상해없음,승용,남,26세,경상
2012052800100040,2012년 5월 28일 02시,월요일,경상북도 김천시 평화동,중상사고,0,2,0,0,차대차 - 측면직각충돌,안전운전불이행,건조,맑음,단일로 - 기타,승합,남,18세,상해없음,이륜,남,19세,중상
2012052800100060,2012년 5월 28일 04시,월요일,경상북도 김천시 아포읍,사망사고,1,0,0,0,차대차 - 측면직각충돌,안전운전불이행,습기,비,단일로 - 기타,승용,남,34세,사망,화물,남,55세,상해없음
2012052800100085,2012년 5월 28일 06시,월요일,경상북도 안동시 옥야동,사망사고,1,0,0,0,차대차 - 추돌 - 주정차중,안전운전불이행,건조,맑음,단일로 - 기타,이륜,남,16세,사망,화물,남,70세,기타불명
2012052800100086,2012년 5월 28일 06시,월요일,경상북도 구미시 인의동,경상사고,0,0,1,0,차대차 - 측면직각충돌,안전운전불이행,건조,맑음,단일로 - 기타,승용,남,29세,상해없음,승용,남,63세,경상
2012052800100104,2012년 5월 28일 07시,월요일,경상북도 포항시 남구 해도동,경상사고,0,0,1,0,차대차 - 측면직각충돌,차로위반,건조,맑음,단일로 - 기타,특수,남,71세,상해없음,승용,여,51세,경상
2012052800100119,2012년 5월 28일 08시,월요일,경상북도 상주시 무양동,경상사고,0,0,1,0,차대차 - 측면직각충돌,교차로운행방법위반,건조,맑음,교차로 - 교차로안,승용,여,52세,상해없음,승용,남,30세,경상
2012052800100120,2012년 5월 28일 08시,월요일,경상북도 봉화군 법전면,경상사고,0,0,1,0,차대차 - 측면직각충돌,안전운전불이행,건조,맑음,단일로 - 기타,승용,여,32세,경상,승용,남,67세,상해없음
2012052800100121,2012년 5월 28일 08시,월요일,경상북도 포항시 남구 해도동,경상사고,0,0,1,0,차대차 - 추돌 - 진행중,안전운전불이행,건조,맑음,기타 - 기타,승용,남,48세,상해없음,자전거,여,52세,경상
2012052800100162,2012년 5월 28일 10시,월요일,경상북도 경주시 감포읍,경상사고,0,0,1,1,차량단독 - 기타,안전운전불이행,건조,맑음,단일로 - 기타,승용,남,66세,부상신고,,,,
2012052800100163,2012년 5월 28일 10시,월요일,경상북도 포항시 북구 용흥동,경상사고,0,0,1,0,차대차 - 기타,중앙선침범,건조,맑음,단일로 - 기타,화물,남,51세,상해없음,승용,여,52세,경상
2012052800100164,2012년 5월 28일 10시,월요일,경상북도 안동시 송천동,중상사고,0,1,0,0,차대차 - 측면직각충돌,안전거리미확보,건조,맑음,교차로 - 교차로부근,승용,남,55세,상해없음,승용,남,51세,중상
2012052800100182,2012년 5월 28일 11시,월요일,경상북도 경주시 천군동,경상사고,0,0,1,0,차대차 - 측면직각충돌,안전운전불이행,건조,맑음,기타 - 기타,승용,여,45세,상해없음,자전거,남,6세,경상
2012052800100183,2012년 5월 28일 11시,월요일,경상북도 군위군 효령면,사망사고,1,0,0,0,차대차 - 정면충돌,중앙선침범,건조,맑음,단일로 - 기타,이륜,남,76세,사망,승용,남,31세,상해없음
2012052800100184,2012년 5월 28일 11시,월요일,경상북도 영양군 영양읍,중상사고,0,1,0,0,차대차 - 기타,안전운전불이행,건조,맑음,교차로 - 교차로안,승용,여,45세,상해없음,자전거,여,11세,중상
2012052800100185,2012년 5월 28일 11시,월요일,경상북도 구미시 형곡동,중상사고,0,1,0,0,차대차 - 측면직각충돌,안전운전불이행,건조,맑음,단일로 - 기타,기타불명,기타불명,기타불명,기타불명,승용,남,50세,중상
2012052800100186,2012년 5월 28일 11시,월요일,경상북도 성주군 대가면,경상사고,0,0,2,0,차대차 - 추돌 - 진행중,안전운전불이행,건조,맑음,교차로 - 교차로부근,승용,남,39세,상해없음,화물,남,61세,경상
2012052800100218,2012년 5월 28일 12시,월요일,경상북도 안동시 임하면,경상사고,0,0,2,0,차대차 - 기타,안전운전불이행,건조,맑음,단일로 - 기타,화물,남,33세,상해없음,화물,남,34세,경상
2012052800100219,2012년 5월 28일 12시,월요일,경상북도 문경시 가은읍,중상사고,0,2,1,0,차대차 - 측면직각충돌,안전운전불이행,건조,맑음,교차로 - 교차로안,승용,여,41세,상해없음,화물,남,69세,중상
2012052800100220,2012년 5월 28일 12시,월요일,경상북도 문경시 점촌동,경상사고,0,0,1,0,차대차 - 기타,안전운전불이행,건조,맑음,단일로 - 기타,승용,여,50세,상해없음,승용,여,55세,기타불명
2012052800100251,2012년 5월 28일 13시,월요일,경상북도 경산시 진량읍,중상사고,0,1,0,0,차대차 - 정면충돌,신호위반,건조,맑음,교차로 - 교차로부근,승용,남,53세,상해없음,승용,여,54세,중상
2012052800100252,2012년 5월 28일 13시,월요일,경상북도 구미시 옥계동,경상사고,0,0,1,0,차대사람 - 기타,안전운전불이행,건조,맑음,단일로 - 기타,승용,여,27세,상해없음,보행자,남,10세,경상
2012052800100253,2012년 5월 28일 13시,월요일,경상북도 포항시 남구 오천읍,경상사고,0,0,1,0,차대사람 - 기타,안전운전불이행,건조,맑음,단일로 - 기타,승용,여,56세,상해없음,보행자,남,19세,경상
2012052800100287,2012년 5월 28일 14시,월요일,경상북도 상주시 사벌면,경상사고,0,0,2,0,차대차 - 측면직각충돌,안전운전불이행,건조,맑음,교차로 - 교차로부근,화물,여,53세,상해없음,승용,남,42세,경상
2012052800100288,2012년 5월 28일 14시,월요일,경상북도 울진군 후포면,중상사고,0,3,1,0,차대차 - 정면충돌,안전운전불이행,건조,맑음,교차로 - 교차로안,건설기계,남,54세,상해없음,승용,남,37세,경상
2012052800100289,2012년 5월 28일 14시,월요일,경상북도 포항시 남구 이동,경상사고,0,0,1,0,차대차 - 기타,안전운전불이행,건조,흐림,단일로 - 기타,화물,남,40세,상해없음,승합,남,55세,경상
2012052800100325,2012년 5월 28일 15시,월요일,경상북도 예천군 용궁면,중상사고,0,3,0,0,차대차 - 기타,안전운전불이행,건조,맑음,단일로 - 기타,승용,남,31세,상해없음,승용,남,70세,중상
2012052800100326,2012년 5월 28일 15시,월요일,경상북도 울진군 근남면,중상사고,0,1,1,0,차량단독 - 공작물충돌,안전운전불이행,건조,맑음,단일로 - 기타,승용,남,65세,경상,,,,
2012052800100327,2012년 5월 28일 15시,월요일,경상북도 구미시 고아읍,경상사고,0,0,1,0,차대차 - 추돌 - 주정차중,안전운전불이행,습기,흐림,기타 - 기타,승용,남,42세,상해없음,승용,남,55세,경상
2012052800100362,2012년 5월 28일 16시,월요일,경상북도 경주시 천북면,경상사고,0,0,4,0,차대차 - 추돌 - 진행중,안전운전불이행,건조,맑음,단일로 - 기타,승합,남,39세,경상,승용,여,24세,경상
2012052800100363,2012년 5월 28일 16시,월요일,경상북도 구미시 사곡동,경상사고,0,0,1,0,차대차 - 측면직각충돌,안전운전불이행,건조,맑음,단일로 - 기타,화물,남,48세,상해없음,원동기,남,38세,경상
2012052800100395,2012년 5월 28일 17시,월요일,경상북도 김천시 어모면,경상사고,0,0,1,0,차대차 - 측면직각충돌,교차로운행방법위반,습기,비,교차로 - 교차로안,승용,남,29세,상해없음,승용,남,52세,경상
2012052800100396,2012년 5월 28일 17시,월요일,경상북도 칠곡군 석적읍,경상사고,0,0,2,0,차대차 - 추돌 - 진행중,중앙선침범,건조,맑음,단일로 - 기타,승용,여,37세,상해없음,승용,여,36세,경상
2012052800100397,2012년 5월 28일 17시,월요일,경상북도 문경시 농암면,경상사고,0,0,3,0,차량단독 - 도로외이탈 - 추락,안전운전불이행,습기,비,단일로 - 기타,화물,남,67세,상해없음,,,,
2012052800100449,2012년 5월 28일 19시,월요일,경상북도 경주시 구황동,경상사고,0,0,1,0,차량단독 - 기타,안전운전불이행,건조,흐림,단일로 - 기타,이륜,남,65세,경상,,,,
2012052800100479,2012년 5월 28일 20시,월요일,경상북도 상주시 계산동,경상사고,0,0,1,0,차대차 - 측면직각충돌,신호위반,습기,흐림,교차로 - 교차로안,승용,남,28세,상해없음,승용,남,41세,경상
2012052800100480,2012년 5월 28일 20시,월요일,경상북도 울진군 근남면,경상사고,0,0,1,0,차대사람 - 기타,안전운전불이행,건조,맑음,단일로 - 기타,승용,남,42세,상해없음,보행자,여,53세,경상
2012052800100505,2012년 5월 28일 21시,월요일,경상북도 의성군 의성읍,경상사고,0,0,1,0,차대차 - 정면충돌,안전운전불이행,건조,맑음,단일로 - 기타,승용,남,37세,상해없음,이륜,남,53세,경상
2012052800100527,2012년 5월 28일 22시,월요일,경상북도 경산시 사동,중상사고,0,1,0,0,차대차 - 기타,안전운전불이행,건조,맑음,교차로 - 교차로안,승용,남,35세,상해없음,이륜,남,53세,중상
2012052800100553,2012년 5월 28일 23시,월요일,경상북도 경산시 진량읍,중상사고,0,1,0,0,차량단독 - 공작물충돌,안전운전불이행,건조,맑음,교차로 - 교차로부근,승용,남,37세,상해없음,,,,
2012052800100554,2012년 5월 28일 23시,월요일,경상북도 포항시 남구 해도동,경상사고,0,0,2,0,차대차 - 기타,교차로운행방법위반,건조,맑음,교차로 - 교차로안,승용,남,19세,상해없음,승용,남,52세,경상
2012052900100012,2012년 5월 29일 00시,화요일,경상북도 구미시 도량동,경상사고,0,0,1,0,차대차 - 측면직각충돌,신호위반,건조,맑음,교차로 - 교차로안,승용,남,45세,상해없음,승용,남,47세,경상
2012052900100013,2012년 5월 29일 00시,화요일,경상북도 포항시 남구 상도동,경상사고,0,0,1,0,차대차 - 기타,안전운전불이행,건조,맑음,교차로 - 교차로부근,승용,남,58세,상해없음,승용,남,40세,경상
2012052900100023,2012년 5월 29일 01시,화요일,경상북도 경주시 산내면,경상사고,0,0,2,0,차량단독 - 기타,안전운전불이행,건조,맑음,단일로 - 기타,승용,남,20세,상해없음,,,,
2012052900100049,2012년 5월 29일 05시,화요일,경상북도 울진군 후포면,경상사고,0,0,3,0,차대차 - 추돌 - 주정차중,안전운전불이행,건조,맑음,단일로 - 기타,승용,남,25세,경상,승용,남,51세,상해없음
2012052900100060,2012년 5월 29일 06시,화요일,경상북도 포항시 북구 흥해읍,경상사고,0,0,2,0,차대차 - 기타,중앙선침범,건조,맑음,단일로 - 기타,승용,남,68세,상해없음,승용,남,49세,경상
2012052900100081,2012년 5월 29일 07시,화요일,경상북도 청도군 화양읍,중상사고,0,1,0,0,차대차 - 추돌 - 진행중,안전거리미확보,건조,맑음,단일로 - 기타,화물,남,50세,상해없음,승용,여,54세,중상
2012052900100115,2012년 5월 29일 08시,화요일,경상북도 포항시 북구 우현동,중상사고,0,1,0,0,차대차 - 기타,안전운전불이행,건조,맑음,교차로 - 교차로부근,화물,남,51세,상해없음,화물,남,40세,상해없음
2012052900100116,2012년 5월 29일 08시,화요일,경상북도 영주시 영주동,경상사고,0,0,3,0,차대차 - 측면직각충돌,직진우회전진행방해,건조,맑음,교차로 - 교차로안,화물,남,42세,경상,승용,남,41세,경상
2012052900100117,2012년 5월 29일 08시,화요일,경상북도 칠곡군 동명면,부상신고사고,0,0,0,2,차대차 - 추돌 - 진행중,안전운전불이행,건조,맑음,단일로 - 기타,원동기,남,74세,부상신고,승용,남,38세,상해없음
2012052900100118,2012년 5월 29일 08시,화요일,경상북도 구미시 도량동,경상사고,0,0,1,2,차대차 - 기타,신호위반,건조,맑음,교차로 - 교차로안,원동기,남,65세,경상,승용,남,51세,상해없음
2012052900100119,2012년 5월 29일 08시,화요일,경상북도 포항시 남구 청림동,경상사고,0,0,1,0,차대차 - 기타,안전운전불이행,건조,맑음,단일로 - 기타,승용,남,44세,상해없음,승용,여,30세,경상
2012052900100120,2012년 5월 29일 08시,화요일,경상북도 포항시 남구 구룡포읍,경상사고,0,0,1,0,차대차 - 기타,직진우회전진행방해,건조,맑음,교차로 - 교차로안,승용,남,68세,상해없음,승용,여,43세,경상
2012052900100159,2012년 5월 29일 09시,화요일,경상북도 영천시 북안면,중상사고,0,1,0,0,차대차 - 측면직각충돌,교차로운행방법위반,건조,맑음,교차로 - 교차로안,농기계,남,75세,상해없음,이륜,남,72세,중상
2012052900100160,2012년 5월 29일 09시,화요일,경상북도 봉화군 봉화읍,중상사고,0,1,0,0,차대차 - 기타,중앙선침범,건조,맑음,단일로 - 기타,자전거,여,21세,중상,화물,남,68세,상해없음
2012052900100215,2012년 5월 29일 11시,화요일,경상북도 문경시 흥덕동,경상사고,0,0,1,0,차대사람 - 기타,기타,건조,맑음,교차로 - 교차로부근,화물,남,32세,상해없음,보행자,여,80세,경상
2012052900100216,2012년 5월 29일 11시,화요일,경상북도 구미시 공단동,중상사고,0,1,0,0,차량단독 - 기타,기타,건조,맑음,교차로 - 교차로안,승합,남,46세,상해없음,,,,
2012052900100228,2012년 5월 29일 12시,화요일,경상북도 구미시 봉곡동,중상사고,0,1,0,0,차대차 - 기타,안전운전불이행,건조,맑음,단일로 - 횡단보도부근,이륜,남,51세,중상,승용,남,52세,상해없음
2012052900100291,2012년 5월 29일 14시,화요일,경상북도 경주시 외동읍,사망사고,1,0,0,0,차량단독 - 기타,안전운전불이행,건조,맑음,단일로 - 기타,승용,남,25세,사망,,,,
2012052900100292,2012년 5월 29일 14시,화요일,경상북도 포항시 북구 중앙동,경상사고,0,0,1,0,차대사람 - 횡단중,보행자보호의무위반,건조,맑음,교차로 - 교차로안,승용,남,56세,상해없음,보행자,여,27세,경상
2012052900100293,2012년 5월 29일 14시,화요일,경상북도 상주시 화북면,중상사고,0,2,2,0,차량단독 - 기타,안전운전불이행,건조,맑음,단일로 - 기타,화물,남,20세,상해없음,,,,
2012052900100294,2012년 5월 29일 14시,화요일,경상북도 영주시 가흥동,경상사고,0,0,1,0,차대차 - 측면직각충돌,안전운전불이행,건조,맑음,단일로 - 기타,승용,남,47세,상해없음,승용,남,74세,경상
2012052900100295,2012년 5월 29일 14시,화요일,경상북도 문경시 흥덕동,경상사고,0,0,1,0,차대차 - 기타,안전운전불이행,건조,맑음,교차로 - 교차로안,승용,남,31세,상해없음,승용,남,51세,경상
2012052900100296,2012년 5월 29일 14시,화요일,경상북도 영덕군 영덕읍,중상사고,0,1,0,0,차대차 - 측면직각충돌,안전운전불이행,건조,맑음,단일로 - 기타,승용,남,60세,상해없음,자전거,남,80세,중상
2012052900100297,2012년 5월 29일 14시,화요일,경상북도 고령군 운수면,경상사고,0,0,1,0,차대차 - 측면직각충돌,차로위반,건조,맑음,교차로 - 교차로안,원동기,남,76세,경상,화물,남,47세,상해없음
2012052900100331,2012년 5월 29일 15시,화요일,경상북도 안동시 운흥동,중상사고,0,1,0,0,차대차 - 측면직각충돌,신호위반,건조,흐림,교차로 - 교차로안,승용,여,63세,상해없음,승용,여,53세,중상
2012052900100332,2012년 5월 29일 15시,화요일,경상북도 구미시 구평동,경상사고,0,0,2,0,차대차 - 측면직각충돌,안전운전불이행,건조,맑음,교차로 - 교차로부근,승용,남,47세,기타불명,승용,여,26세,경상
2012052900100361,2012년 5월 29일 16시,화요일,경상북도 포항시 북구 청하면,경상사고,0,0,2,0,차대차 - 측면직각충돌,안전거리미확보,건조,맑음,단일로 - 기타,승용,여,46세,상해없음,승용,남,50세,상해없음
2012052900100362,2012년 5월 29일 16시,화요일,경상북도 성주군 선남면,사망사고,1,0,0,0,차대차 - 측면직각충돌,안전운전불이행,건조,맑음,단일로 - 기타,이륜,남,76세,사망,화물,남,49세,상해없음
2012052900100396,2012년 5월 29일 17시,화요일,경상북도 경주시 황성동,경상사고,0,0,1,0,차대차 - 기타,안전운전불이행,건조,맑음,교차로 - 교차로부근,승용,남,59세,상해없음,원동기,남,19세,경상
2012052900100397,2012년 5월 29일 17시,화요일,경상북도 안동시 용상동,중상사고,0,1,0,0,차대차 - 측면직각충돌,신호위반,건조,맑음,교차로 - 교차로안,승합,남,54세,상해없음,승용,남,67세,중상
2012052900100398,2012년 5월 29일 17시,화요일,경상북도 청송군 진보면,경상사고,0,0,1,0,차대사람 - 횡단중,안전운전불이행,건조,맑음,단일로 - 기타,화물,남,55세,상해없음,보행자,여,16세,경상
2012052900100399,2012년 5월 29일 17시,화요일,경상북도 구미시 도량동,중상사고,0,1,0,0,차대차 - 기타,안전운전불이행,건조,맑음,교차로 - 교차로부근,승용,여,47세,상해없음,승용,여,45세,중상
2012052900100437,2012년 5월 29일 18시,화요일,경상북도 포항시 남구 대잠동,경상사고,0,0,1,0,차대차 - 기타,안전운전불이행,건조,맑음,교차로 - 교차로부근,승용,남,39세,상해없음,자전거,남,49세,경상
2012052900100496,2012년 5월 29일 20시,화요일,경상북도 상주시 청리면,중상사고,0,1,0,0,차대차 - 정면충돌,중앙선침범,건조,맑음,단일로 - 기타,화물,여,50세,상해없음,화물,남,57세,중상
2012052900100497,2012년 5월 29일 20시,화요일,경상북도 청도군 이서면,사망사고,1,0,0,0,차대차 - 추돌 - 진행중,안전운전불이행,건조,맑음,단일로 - 기타,승용,남,33세,상해없음,자전거,남,53세,사망