사고번호,사고일시,요일,시군구,사고내용,사망자수,중상자수,경상자수,부상신고자수,사고유형,법규위반,노면상태,기상상태,도로형태,가해운전자 차종,가해운전자 성별,가해운전자 연령,가해운전자 상해정도,피해운전자 차종,피해운전자 성별,피해운전자 연령,피해운전자 상해정도
2012052900100498,2012년 5월 29일 20시,화요일,경상북도 성주군 선남면,중상사고,0,4,0,0,차대차 - 측면직각충돌,중앙선침범,건조,맑음,단일로 - 기타,승용,남,38세,중상,승용,여,54세,중상
2012052900100529,2012년 5월 29일 21시,화요일,경상북도 김천시 부곡동,경상사고,0,0,1,0,차대사람 - 보도통행중,보행자보호의무위반,건조,맑음,기타 - 기타,승용,남,41세,상해없음,보행자,남,42세,경상
2012052900100530,2012년 5월 29일 21시,화요일,경상북도 구미시 상모동,경상사고,0,0,1,0,차대차 - 기타,안전운전불이행,건조,맑음,단일로 - 횡단보도부근,승용,남,40세,상해없음,승용,남,37세,상해없음
2012052900100556,2012년 5월 29일 22시,화요일,경상북도 의성군 다인면,중상사고,0,1,0,0,차대차 - 측면직각충돌,중앙선침범,건조,맑음,단일로 - 기타,승용,여,47세,상해없음,승용,여,27세,중상
2012052900100557,2012년 5월 29일 22시,화요일,경상북도 경산시 진량읍,경상사고,0,0,1,0,차대차 - 기타,안전운전불이행,건조,맑음,단일로 - 기타,승용,남,24세,상해없음,이륜,남,22세,경상
2012052900100558,2012년 5월 29일 22시,화요일,경상북도 구미시 형곡동,중상사고,0,1,0,0,차대차 - 기타,교차로운행방법위반,건조,맑음,교차로 - 교차로안,승용,남,44세,상해없음,자전거,남,15세,중상
2012052900100573,2012년 5월 29일 23시,화요일,경상북도 영천시 오미동,중상사고,0,1,0,0,차대차 - 측면직각충돌,중앙선침범,건조,맑음,교차로 - 교차로안,승용,남,35세,상해없음,승용,여,54세,중상
2012053000100037,2012년 5월 30일 02시,수요일,경상북도 영주시 적서동,중상사고,0,2,0,0,차량단독 - 공작물충돌,안전운전불이행,건조,맑음,단일로 - 기타,승용,남,54세,중상,,,,
2012053000100045,2012년 5월 30일 03시,수요일,경상북도 구미시 송정동,경상사고,0,0,1,0,차대사람 - 기타,안전운전불이행,건조,맑음,교차로 - 교차로부근,승합,남,46세,상해없음,보행자,남,38세,경상
2012053000100052,2012년 5월 30일 04시,수요일,경상북도 김천시 신음동,사망사고,2,0,0,0,차대사람 - 차도통행중,안전운전불이행,건조,맑음,단일로 - 기타,승용,남,32세,상해없음,보행자,남,47세,사망
2012053000100058,2012년 5월 30일 05시,수요일,경상북도 포항시 남구 오천읍,경상사고,0,0,1,0,차대차 - 기타,안전운전불이행,건조,맑음,단일로 - 기타,원동기,남,40세,경상,화물,미분류,기타불명,기타불명
2012053000100081,2012년 5월 30일 07시,수요일,경상북도 영천시 금노동,경상사고,0,0,1,0,차대차 - 측면직각충돌,신호위반,건조,맑음,교차로 - 교차로안,승용,남,46세,상해없음,승용,남,34세,경상
2012053000100082,2012년 5월 30일 07시,수요일,경상북도 울진군 죽변면,중상사고,0,1,0,0,차대차 - 측면직각충돌,안전운전불이행,건조,맑음,교차로 - 교차로안,승용,여,38세,상해없음,승용,여,44세,중상
2012053000100083,2012년 5월 30일 07시,수요일,경상북도 포항시 남구 호동,중상사고,0,1,0,0,차대차 - 기타,안전운전불이행,건조,맑음,교차로 - 교차로안,승용,여,26세,상해없음,이륜,남,42세,중상
2012053000100139,2012년 5월 30일 09시,수요일,경상북도 포항시 남구 동촌동,경상사고,0,0,2,0,차대차 - 추돌 - 진행중,안전운전불이행,건조,맑음,교차로 - 교차로부근,특수,남,47세,상해없음,승용,남,43세,경상
2012053000100140,2012년 5월 30일 09시,수요일,경상북도 포항시 남구 오천읍,부상신고사고,0,0,0,1,차대사람 - 기타,안전운전불이행,건조,맑음,교차로 - 교차로부근,승합,남,47세,상해없음,보행자,남,60세,부상신고
2012053000100168,2012년 5월 30일 10시,수요일,경상북도 경주시 황성동,경상사고,0,0,1,0,차대차 - 측면직각충돌,안전운전불이행,건조,맑음,단일로 - 기타,화물,남,57세,상해없음,승용,남,70세,경상
2012053000100169,2012년 5월 30일 10시,수요일,경상북도 경산시 진량읍,경상사고,0,0,2,0,차대차 - 기타,안전운전불이행,건조,맑음,단일로 - 기타,승용,남,53세,상해없음,승용,남,47세,기타불명
2012053000100170,2012년 5월 30일 10시,수요일,경상북도 구미시 장천면,중상사고,0,1,0,0,차대차 - 측면직각충돌,안전운전불이행,건조,흐림,단일로 - 기타,화물,남,43세,상해없음,이륜,남,81세,중상
2012053000100200,2012년 5월 30일 11시,수요일,경상북도 경주시 현곡면,경상사고,0,0,1,0,차량단독 - 기타,안전운전불이행,건조,맑음,단일로 - 기타,승용,여,26세,경상,,,,
2012053000100201,2012년 5월 30일 11시,수요일,경상북도 의성군 단촌면,경상사고,0,0,2,0,차대차 - 측면직각충돌,안전운전불이행,건조,맑음,교차로 - 교차로안,화물,남,56세,경상,건설기계,남,57세,경상
2012053000100202,2012년 5월 30일 11시,수요일,경상북도 예천군 풍양면,중상사고,0,1,0,0,차대차 - 정면충돌,안전운전불이행,습기,흐림,교차로 - 교차로안,승용,남,53세,상해없음,이륜,남,77세,중상
2012053000100203,2012년 5월 30일 11시,수요일,경상북도 고령군 덕곡면,중상사고,0,2,0,0,차대사람 - 기타,안전운전불이행,건조,맑음,단일로 - 기타,원동기,남,57세,중상,보행자,남,74세,중상
2012053000100220,2012년 5월 30일 12시,수요일,경상북도 경주시 보문동,경상사고,0,0,1,0,차대차 - 측면직각충돌,중앙선침범,습기,흐림,교차로 - 교차로부근,화물,여,50세,상해없음,화물,남,46세,경상
2012053000100221,2012년 5월 30일 12시,수요일,경상북도 경산시 대동,경상사고,0,0,1,0,차대사람 - 기타,안전운전불이행,습기,비,단일로 - 기타,승용,남,53세,상해없음,보행자,여,21세,경상
2012053000100256,2012년 5월 30일 13시,수요일,경상북도 고령군 운수면,경상사고,0,0,3,0,차대차 - 측면직각충돌,안전운전불이행,습기,비,교차로 - 교차로안,승용,남,63세,경상,화물,남,65세,경상
2012053000100257,2012년 5월 30일 13시,수요일,경상북도 구미시 진평동,경상사고,0,0,1,0,차대사람 - 횡단중,신호위반,습기,비,단일로 - 횡단보도상,이륜,남,20세,상해없음,보행자,여,18세,경상
2012053000100274,2012년 5월 30일 14시,수요일,경상북도 구미시 임수동,경상사고,0,0,1,0,차대차 - 추돌 - 진행중,안전거리미확보,습기,비,교차로 - 교차로부근,승용,남,36세,상해없음,승용,남,38세,경상
2012053000100294,2012년 5월 30일 15시,수요일,경상북도 경주시 석장동,중상사고,0,1,0,0,차대차 - 측면직각충돌,중앙선침범,건조,맑음,단일로 - 기타,화물,남,64세,상해없음,원동기,남,53세,중상
2012053000100295,2012년 5월 30일 15시,수요일,경상북도 김천시 양천동,중상사고,0,2,0,0,차대차 - 측면직각충돌,교차로운행방법위반,습기,비,교차로 - 교차로안,화물,남,45세,중상,승용,남,73세,중상
2012053000100320,2012년 5월 30일 16시,수요일,경상북도 칠곡군 북삼읍,부상신고사고,0,0,0,1,차대차 - 추돌 - 진행중,교차로운행방법위반,습기,비,교차로 - 교차로안,승용,남,40세,부상신고,승합,남,26세,상해없음
2012053000100321,2012년 5월 30일 16시,수요일,경상북도 영천시 야사동,경상사고,0,0,1,0,차대사람 - 보도통행중,안전운전불이행,건조,맑음,교차로 - 교차로부근,이륜,남,16세,상해없음,보행자,여,57세,경상
2012053000100322,2012년 5월 30일 16시,수요일,경상북도 구미시 진평동,경상사고,0,0,1,0,차대차 - 측면직각충돌,안전운전불이행,습기,비,단일로 - 기타,승용,남,38세,상해없음,이륜,남,20세,경상
2012053000100352,2012년 5월 30일 17시,수요일,경상북도 경주시 충효동,중상사고,0,1,0,0,차대사람 - 길가장자리구역통행중,안전운전불이행,건조,맑음,단일로 - 기타,화물,남,65세,상해없음,보행자,여,19세,중상
2012053000100353,2012년 5월 30일 17시,수요일,경상북도 포항시 남구 오천읍,경상사고,0,0,1,0,차대차 - 추돌 - 진행중,교차로운행방법위반,건조,맑음,교차로 - 교차로안,승용,남,44세,상해없음,자전거,여,44세,경상
2012053000100392,2012년 5월 30일 18시,수요일,경상북도 의성군 의성읍,중상사고,0,1,0,0,차대차 - 측면직각충돌,교차로운행방법위반,습기,비,교차로 - 교차로안,승용,여,30세,상해없음,이륜,남,62세,중상
2012053000100393,2012년 5월 30일 18시,수요일,경상북도 영천시 과전동,사망사고,1,0,1,0,차대차 - 측면직각충돌,안전운전불이행,습기,비,교차로 - 교차로안,승용,남,56세,사망,승용,남,23세,경상
2012053000100394,2012년 5월 30일 18시,수요일,경상북도 영천시 대창면,경상사고,0,0,1,0,차대차 - 기타,안전운전불이행,습기,비,교차로 - 교차로부근,화물,남,55세,상해없음,이륜,남,62세,경상
2012053000100395,2012년 5월 30일 18시,수요일,경상북도 경산시 진량읍,경상사고,0,0,2,0,차대차 - 기타,안전운전불이행,건조,맑음,교차로 - 교차로안,승용,남,33세,상해없음,승용,여,51세,상해없음
2012053000100396,2012년 5월 30일 18시,수요일,경상북도 구미시 임수동,부상신고사고,0,0,0,1,차량단독 - 공작물충돌,안전운전불이행,건조,맑음,단일로 - 기타,원동기,남,38세,부상신고,,,,
2012053000100429,2012년 5월 30일 19시,수요일,경상북도 영주시 조암동,중상사고,0,1,1,0,차대차 - 측면직각충돌,교차로운행방법위반,습기,비,교차로 - 교차로안,승용,여,53세,경상,승합,남,50세,중상
2012053000100430,2012년 5월 30일 19시,수요일,경상북도 구미시 원평동,중상사고,0,1,0,0,차대사람 - 횡단중,안전운전불이행,습기,비,교차로 - 교차로안,화물,남,39세,상해없음,보행자,여,87세,중상
2012053000100461,2012년 5월 30일 20시,수요일,경상북도 경주시 건천읍,경상사고,0,0,1,0,차대사람 - 기타,안전운전불이행,건조,맑음,교차로 - 교차로안,승용,남,35세,상해없음,보행자,남,53세,경상
2012053000100462,2012년 5월 30일 20시,수요일,경상북도 칠곡군 동명면,사망사고,1,0,0,0,차대사람 - 기타,안전운전불이행,습기,흐림,단일로 - 횡단보도상,승용,남,46세,상해없음,보행자,남,61세,사망
2012053000100463,2012년 5월 30일 20시,수요일,경상북도 포항시 남구 송도동,경상사고,0,0,2,0,차대차 - 추돌 - 진행중,안전거리미확보,건조,맑음,단일로 - 기타,승용,여,38세,상해없음,승용,남,54세,경상
2012053000100464,2012년 5월 30일 20시,수요일,경상북도 문경시 마성면,경상사고,0,0,1,0,차대차 - 추돌 - 진행중,안전운전불이행,건조,흐림,단일로 - 기타,화물,남,57세,상해없음,화물,남,52세,경상
2012053000100487,2012년 5월 30일 21시,수요일,경상북도 안동시 당북동,중상사고,0,2,0,0,차대차 - 추돌 - 진행중,안전운전불이행,건조,맑음,단일로 - 기타,승용,남,42세,상해없음,승용,남,23세,중상
2012053000100488,2012년 5월 30일 21시,수요일,경상북도 상주시 초산동,중상사고,0,1,0,0,차대차 - 추돌 - 진행중,안전운전불이행,건조,맑음,단일로 - 기타,승용,남,29세,상해없음,이륜,남,47세,중상
2012053000100489,2012년 5월 30일 21시,수요일,경상북도 경산시 옥산동,경상사고,0,0,1,0,차대사람 - 기타,안전운전불이행,건조,맑음,교차로 - 교차로안,승용,여,29세,상해없음,보행자,남,40세,경상
2012053000100490,2012년 5월 30일 21시,수요일,경상북도 구미시 황상동,경상사고,0,0,1,0,차대사람 - 횡단중,안전운전불이행,건조,맑음,기타 - 기타,이륜,남,46세,상해없음,보행자,남,8세,경상
2012053000100491,2012년 5월 30일 21시,수요일,경상북도 포항시 남구 대잠동,경상사고,0,0,1,0,차대사람 - 기타,보행자보호의무위반,습기,비,교차로 - 교차로안,승용,남,63세,상해없음,보행자,남,17세,경상
2012053000100523,2012년 5월 30일 22시,수요일,경상북도 김천시 남산동,경상사고,0,0,2,0,차대차 - 측면직각충돌,신호위반,건조,흐림,교차로 - 교차로안,이륜,남,59세,상해없음,승용,남,41세,경상
2012053000100524,2012년 5월 30일 22시,수요일,경상북도 영천시 오수동,중상사고,0,1,0,0,차대차 - 추돌 - 진행중,안전운전불이행,건조,맑음,교차로 - 교차로부근,승용,남,48세,상해없음,원동기,남,18세,중상
2012053000100525,2012년 5월 30일 22시,수요일,경상북도 울진군 온정면,경상사고,0,0,1,0,차대사람 - 기타,안전운전불이행,건조,맑음,단일로 - 기타,승용,남,33세,상해없음,보행자,여,43세,경상
2012053000100526,2012년 5월 30일 22시,수요일,경상북도 울진군 기성면,경상사고,0,0,1,0,차대사람 - 기타,안전운전불이행,건조,흐림,단일로 - 기타,기타불명,기타불명,기타불명,기타불명,보행자,남,55세,경상
2012053000100527,2012년 5월 30일 22시,수요일,경상북도 구미시 봉곡동,경상사고,0,0,1,0,차대사람 - 횡단중,안전운전불이행,건조,맑음,단일로 - 기타,승용,남,30세,상해없음,보행자,남,45세,경상
2012053000100528,2012년 5월 30일 22시,수요일,경상북도 구미시 사곡동,경상사고,0,0,1,0,차대차 - 측면직각충돌,안전운전불이행,건조,맑음,기타 - 기타,승용,남,31세,상해없음,승용,여,39세,경상
2012053000100558,2012년 5월 30일 23시,수요일,경상북도 안동시 금곡동,경상사고,0,0,2,0,차대차 - 추돌 - 주정차중,안전운전불이행,습기,흐림,교차로 - 교차로부근,화물,남,56세,상해없음,화물,남,37세,경상
2012053000100559,2012년 5월 30일 23시,수요일,경상북도 칠곡군 북삼읍,경상사고,0,0,2,1,차대차 - 추돌 - 진행중,안전운전불이행,건조,맑음,교차로 - 교차로부근,승용,남,32세,부상신고,승용,남,50세,경상
2012053100100053,2012년 5월 31일 03시,목요일,경상북도 구미시 시미동,중상사고,0,1,0,0,차량단독 - 공작물충돌,안전운전불이행,건조,흐림,교차로 - 교차로부근,승용,남,26세,상해없음,,,,
2012053100100054,2012년 5월 31일 03시,목요일,경상북도 포항시 남구 해도동,경상사고,0,0,1,0,차대차 - 추돌 - 진행중,안전운전불이행,건조,맑음,교차로 - 교차로안,화물,남,76세,상해없음,승용,남,41세,상해없음
2012053100100079,2012년 5월 31일 06시,목요일,경상북도 김천시 지좌동,경상사고,0,0,1,0,차대차 - 측면직각충돌,안전운전불이행,건조,맑음,단일로 - 기타,승합,남,41세,상해없음,승용,남,49세,경상
2012053100100080,2012년 5월 31일 06시,목요일,경상북도 경산시 신교동,경상사고,0,0,1,0,차대차 - 기타,신호위반,건조,기타,교차로 - 교차로안,승용,남,38세,상해없음,승합,남,56세,경상
2012053100100081,2012년 5월 31일 06시,목요일,경상북도 구미시 황상동,경상사고,0,0,1,0,차대차 - 측면직각충돌,안전운전불이행,건조,맑음,단일로 - 기타,화물,남,53세,상해없음,원동기,남,23세,경상
2012053100100101,2012년 5월 31일 07시,목요일,경상북도 포항시 남구 송도동,중상사고,0,1,0,0,차대차 - 기타,안전운전불이행,건조,맑음,단일로 - 기타,자전거,남,38세,상해없음,자전거,남,63세,중상
2012053100100129,2012년 5월 31일 08시,목요일,경상북도 김천시 어모면,중상사고,0,1,0,0,차대차 - 측면직각충돌,교차로운행방법위반,건조,맑음,교차로 - 교차로안,화물,여,41세,상해없음,이륜,남,67세,중상
2012053100100160,2012년 5월 31일 09시,목요일,경상북도 영천시 금호읍,경상사고,0,0,1,0,차대차 - 정면충돌,신호위반,건조,맑음,교차로 - 교차로안,승용,여,44세,상해없음,승용,남,23세,경상
2012053100100188,2012년 5월 31일 10시,목요일,경상북도 경주시 황성동,중상사고,0,1,0,0,차대사람 - 기타,안전운전불이행,건조,맑음,교차로 - 교차로안,화물,남,45세,상해없음,보행자,여,42세,중상
2012053100100189,2012년 5월 31일 10시,목요일,경상북도 포항시 북구 양덕동,경상사고,0,0,1,0,차대차 - 측면직각충돌,교차로운행방법위반,건조,맑음,교차로 - 교차로안,승용,여,41세,상해없음,자전거,남,44세,경상
2012053100100190,2012년 5월 31일 10시,목요일,경상북도 영주시 상망동,중상사고,0,1,0,0,차대사람 - 횡단중,안전운전불이행,건조,맑음,교차로 - 교차로안,승용,남,29세,상해없음,보행자,여,67세,중상
2012053100100248,2012년 5월 31일 12시,목요일,경상북도 경주시 동방동,경상사고,0,0,2,0,차대차 - 측면직각충돌,안전운전불이행,건조,맑음,교차로 - 교차로부근,승용,여,27세,상해없음,승용,남,42세,경상
2012053100100249,2012년 5월 31일 12시,목요일,경상북도 영주시 하망동,경상사고,0,0,1,0,차대차 - 측면직각충돌,안전운전불이행,건조,맑음,단일로 - 기타,승용,남,38세,상해없음,자전거,남,32세,경상
2012053100100250,2012년 5월 31일 12시,목요일,경상북도 영주시 영주동,경상사고,0,0,1,0,차대차 - 측면직각충돌,안전운전불이행,건조,맑음,교차로 - 교차로안,이륜,여,51세,상해없음,자전거,남,74세,경상
2012053100100251,2012년 5월 31일 12시,목요일,경상북도 영덕군 영해면,중상사고,0,1,2,0,차대차 - 정면충돌,신호위반,건조,맑음,교차로 - 교차로안,화물,여,60세,상해없음,승합,남,21세,경상
2012053100100252,2012년 5월 31일 12시,목요일,경상북도 청도군 청도읍,중상사고,0,3,1,0,차대차 - 정면충돌,중앙선침범,건조,맑음,단일로 - 기타,승용,남,65세,중상,화물,남,51세,경상
2012053100100278,2012년 5월 31일 13시,목요일,경상북도 울진군 북면,경상사고,0,0,1,0,차대사람 - 기타,안전운전불이행,건조,맑음,단일로 - 기타,화물,남,50세,상해없음,보행자,남,86세,경상
2012053100100279,2012년 5월 31일 13시,목요일,경상북도 구미시 광평동,경상사고,0,0,1,0,차대차 - 측면직각충돌,안전운전불이행,건조,맑음,기타 - 기타,원동기,남,49세,경상,승용,여,54세,상해없음
2012053100100280,2012년 5월 31일 13시,목요일,경상북도 구미시 인의동,경상사고,0,0,2,0,차대차 - 추돌 - 주정차중,안전운전불이행,건조,맑음,단일로 - 기타,승용,남,58세,상해없음,승용,남,45세,경상
2012053100100303,2012년 5월 31일 14시,목요일,경상북도 경주시 노동동,경상사고,0,0,1,0,차대차 - 기타,중앙선침범,건조,맑음,단일로 - 기타,승용,남,47세,상해없음,승용,여,26세,경상
2012053100100304,2012년 5월 31일 14시,목요일,경상북도 상주시 서성동,경상사고,0,0,1,0,차대사람 - 기타,안전운전불이행,건조,맑음,단일로 - 기타,승용,남,35세,상해없음,보행자,남,63세,경상
2012053100100305,2012년 5월 31일 14시,목요일,경상북도 구미시 공단동,경상사고,0,0,1,0,차대차 - 추돌 - 진행중,안전거리미확보,건조,맑음,교차로 - 교차로부근,화물,남,35세,기타불명,화물,남,47세,경상
2012053100100306,2012년 5월 31일 14시,목요일,경상북도 구미시 인의동,경상사고,0,0,1,0,차대차 - 기타,중앙선침범,습기,비,기타 - 기타,원동기,남,23세,경상,승용,남,43세,상해없음
2012053100100335,2012년 5월 31일 15시,목요일,경상북도 포항시 북구 신흥동,중상사고,0,1,0,0,차대사람 - 횡단중,중앙선침범,건조,맑음,단일로 - 기타,승용,여,29세,상해없음,보행자,여,40세,중상
2012053100100336,2012년 5월 31일 15시,목요일,경상북도 안동시 안막동,경상사고,0,0,2,0,차대차 - 측면직각충돌,안전운전불이행,건조,맑음,교차로 - 교차로안,화물,남,49세,상해없음,승용,남,43세,경상
2012053100100337,2012년 5월 31일 15시,목요일,경상북도 김천시 평화동,중상사고,0,1,0,0,차대차 - 측면직각충돌,직진우회전진행방해,건조,맑음,교차로 - 교차로안,승용,남,32세,상해없음,원동기,남,71세,중상
2012053100100338,2012년 5월 31일 15시,목요일,경상북도 김천시 개령면,중상사고,0,1,0,0,차대차 - 측면직각충돌,교차로운행방법위반,건조,맑음,교차로 - 교차로부근,화물,남,73세,상해없음,이륜,남,52세,중상
2012053100100368,2012년 5월 31일 16시,목요일,경상북도 경주시 노서동,중상사고,0,1,0,0,차대사람 - 길가장자리구역통행중,안전운전불이행,건조,맑음,기타 - 기타,승용,남,67세,상해없음,보행자,여,71세,중상
2012053100100369,2012년 5월 31일 16시,목요일,경상북도 경주시 건천읍,중상사고,0,1,0,0,차대차 - 측면직각충돌,안전운전불이행,건조,맑음,교차로 - 교차로안,화물,남,37세,상해없음,자전거,남,8세,중상
2012053100100370,2012년 5월 31일 16시,목요일,경상북도 안동시 송현동,경상사고,0,0,1,0,차대차 - 측면직각충돌,안전운전불이행,건조,맑음,교차로 - 교차로안,이륜,남,69세,경상,화물,남,50세,상해없음
2012053100100403,2012년 5월 31일 17시,목요일,경상북도 영천시 신령면,경상사고,0,0,1,0,차대차 - 정면충돌,안전운전불이행,건조,맑음,교차로 - 교차로안,승용,남,59세,상해없음,승용,남,40세,경상
2012053100100404,2012년 5월 31일 17시,목요일,경상북도 울진군 울진읍,경상사고,0,0,1,0,차대차 - 정면충돌,안전운전불이행,건조,맑음,단일로 - 기타,승용,남,43세,상해없음,승용,남,28세,경상
2012053100100405,2012년 5월 31일 17시,목요일,경상북도 고령군 쌍림면,중상사고,0,1,0,0,차량단독 - 기타,안전운전불이행,건조,맑음,단일로 - 기타,승용,남,48세,중상,,,,
2012053100100406,2012년 5월 31일 17시,목요일,경상북도 포항시 남구 오천읍,경상사고,0,0,2,0,차대차 - 추돌 - 진행중,안전운전불이행,건조,맑음,교차로 - 교차로부근,승용,남,48세,상해없음,승용,남,54세,경상
2012053100100450,2012년 5월 31일 18시,목요일,경상북도 경주시 황남동,중상사고,0,2,0,0,차대사람 - 기타,안전운전불이행,건조,맑음,교차로 - 교차로안,승용,남,30세,상해없음,보행자,여,51세,중상
2012053100100451,2012년 5월 31일 18시,목요일,경상북도 포항시 북구 죽도동,부상신고사고,0,0,0,1,차대사람 - 기타,안전운전불이행,건조,맑음,단일로 - 기타,승용,여,52세,상해없음,보행자,남,24세,부상신고
2012053100100452,2012년 5월 31일 18시,목요일,경상북도 영주시 휴천동,중상사고,0,1,0,0,차대사람 - 기타,안전운전불이행,건조,맑음,교차로 - 교차로안,승용,남,56세,상해없음,보행자,여,77세,중상
2012053100100453,2012년 5월 31일 18시,목요일,경상북도 구미시 신평동,경상사고,0,0,1,0,차대차 - 측면직각충돌,안전운전불이행,건조,맑음,교차로 - 교차로부근,화물,남,52세,상해없음,이륜,남,37세,경상
2012053100100485,2012년 5월 31일 19시,목요일,경상북도 포항시 남구 오천읍,경상사고,0,0,1,0,차대차 - 추돌 - 진행중,중앙선침범,건조,맑음,단일로 - 기타,승용,여,53세,상해없음,원동기,남,63세,경상
2012053100100486,2012년 5월 31일 19시,목요일,경상북도 포항시 남구 대도동,경상사고,0,0,1,0,차대사람 - 기타,안전운전불이행,건조,맑음,단일로 - 기타,승용,남,49세,상해없음,보행자,여,13세,경상
2012053100100521,2012년 5월 31일 20시,목요일,경상북도 경산시 삼풍동,경상사고,0,0,1,0,차대차 - 추돌 - 진행중,안전운전불이행,건조,맑음,단일로 - 기타,화물,남,53세,상해없음,승용,남,37세,경상
2012053100100571,2012년 5월 31일 21시,목요일,경상북도 경주시 외동읍,중상사고,0,1,3,0,차대차 - 추돌 - 진행중,안전운전불이행,건조,맑음,단일로 - 기타,승용,남,26세,경상,화물,남,34세,상해없음
2012053100100572,2012년 5월 31일 21시,목요일,경상북도 경주시 외동읍,경상사고,0,0,1,0,차대차 - 추돌 - 주정차중,안전운전불이행,건조,맑음,단일로 - 기타,승용,남,24세,상해없음,화물,남,60세,경상
2012053100100573,2012년 5월 31일 21시,목요일,경상북도 경주시 인왕동,중상사고,0,1,0,0,차대차 - 측면직각충돌,안전운전불이행,건조,맑음,교차로 - 교차로부근,승용,남,57세,상해없음,승용,남,57세,중상
2012053100100574,2012년 5월 31일 21시,목요일,경상북도 포항시 북구 동빈2가,경상사고,0,0,1,0,차대차 - 추돌 - 진행중,안전거리미확보,건조,맑음,단일로 - 기타,화물,남,49세,상해없음,승용,남,34세,경상
2012053100100575,2012년 5월 31일 21시,목요일,경상북도 고령군 고령읍,경상사고,0,0,1,0,차대차 - 측면직각충돌,교차로운행방법위반,건조,맑음,교차로 - 교차로안,건설기계,남,51세,상해없음,승용,여,45세,경상
2012053100100576,2012년 5월 31일 21시,목요일,경상북도 구미시 임은동,경상사고,0,0,1,0,차량단독 - 전도전복,안전운전불이행,건조,맑음,단일로 - 기타,이륜,남,56세,경상,,,,
2012053100100644,2012년 5월 31일 23시,목요일,경상북도 포항시 북구 우현동,중상사고,0,2,4,0,차대차 - 기타,안전운전불이행,건조,맑음,교차로 - 교차로부근,승용,남,57세,상해없음,승용,남,50세,중상
2012053100100645,2012년 5월 31일 23시,목요일,경상북도 경산시 상방동,경상사고,0,0,2,0,차대차 - 기타,안전운전불이행,건조,맑음,교차로 - 교차로안,승용,남,27세,상해없음,승용,남,38세,경상
2012060100100021,2012년 6월 1일 00시,금요일,경상북도 안동시 운안동,경상사고,0,0,1,0,차대차 - 정면충돌,중앙선침범,습기,비,단일로 - 기타,승용,남,25세,상해없음,승용,남,30세,경상
2012060100100022,2012년 6월 1일 00시,금요일,경상북도 구미시 진평동,중상사고,0,1,0,0,차대사람 - 기타,안전운전불이행,건조,맑음,단일로 - 횡단보도부근,이륜,남,41세,상해없음,보행자,남,21세,중상
2012060100100035,2012년 6월 1일 01시,금요일,경상북도 경주시 동부동,중상사고,0,1,0,0,차대사람 - 기타,안전운전불이행,건조,맑음,교차로 - 교차로안,승용,여,21세,상해없음,보행자,남,70세,중상
2012060100100064,2012년 6월 1일 03시,금요일,경상북도 칠곡군 석적읍,부상신고사고,0,0,0,1,차대차 - 기타,안전운전불이행,건조,맑음,교차로 - 교차로안,승용,여,32세,부상신고,화물,남,54세,상해없음
2012060100100065,2012년 6월 1일 03시,금요일,경상북도 문경시 불정동,중상사고,0,1,0,0,차대차 - 추돌 - 진행중,안전운전불이행,건조,맑음,단일로 - 기타,화물,남,44세,중상,화물,남,41세,상해없음
2012060100100072,2012년 6월 1일 04시,금요일,경상북도 김천시 부곡동,중상사고,0,1,1,0,차대차 - 측면직각충돌,안전거리미확보,건조,맑음,단일로 - 기타,승용,남,27세,경상,승용,남,31세,중상
2012060100100124,2012년 6월 1일 07시,금요일,경상북도 경주시 배반동,중상사고,0,1,0,0,차대차 - 측면직각충돌,신호위반,건조,맑음,교차로 - 교차로부근,승용,남,54세,상해없음,원동기,남,62세,중상
2012060100100163,2012년 6월 1일 08시,금요일,경상북도 포항시 북구 대흥동,경상사고,0,0,1,0,차대차 - 측면직각충돌,신호위반,건조,맑음,교차로 - 교차로안,승용,남,66세,상해없음,승용,남,55세,경상
2012060100100164,2012년 6월 1일 08시,금요일,경상북도 안동시 송천동,중상사고,0,1,1,0,차대차 - 측면직각충돌,기타,건조,맑음,교차로 - 교차로안,특수,남,35세,중상,승용,남,34세,경상
2012060100100165,2012년 6월 1일 08시,금요일,경상북도 구미시 원평동,경상사고,0,0,1,0,차대사람 - 횡단중,안전운전불이행,건조,맑음,단일로 - 기타,기타불명,기타불명,기타불명,기타불명,보행자,여,40세,경상
2012060100100202,2012년 6월 1일 09시,금요일,경상북도 영주시 봉현면,중상사고,0,1,0,0,차량단독 - 공작물충돌,안전운전불이행,습기,맑음,단일로 - 기타,승용,여,49세,중상,,,,
2012060100100235,2012년 6월 1일 10시,금요일,경상북도 청도군 청도읍,중상사고,0,1,0,0,차량단독 - 전도전복,안전운전불이행,건조,맑음,단일로 - 기타,원동기,여,32세,중상,,,,
2012060100100253,2012년 6월 1일 11시,금요일,경상북도 경주시 성동동,부상신고사고,0,0,0,1,차대차 - 측면직각충돌,안전운전불이행,건조,맑음,단일로 - 기타,원동기,남,23세,부상신고,승용,남,51세,상해없음
2012060100100254,2012년 6월 1일 11시,금요일,경상북도 포항시 북구 상원동,경상사고,0,0,2,0,차대차 - 측면직각충돌,신호위반,건조,맑음,교차로 - 교차로안,승용,여,64세,경상,승용,남,60세,상해없음
2012060100100255,2012년 6월 1일 11시,금요일,경상북도 영천시 고경면,중상사고,0,1,0,0,차대사람 - 기타,안전운전불이행,건조,맑음,단일로 - 기타,건설기계,남,53세,상해없음,보행자,남,30세,중상