사고번호,사고일시,요일,시군구,사고내용,사망자수,중상자수,경상자수,부상신고자수,사고유형,법규위반,노면상태,기상상태,도로형태,가해운전자 차종,가해운전자 성별,가해운전자 연령,가해운전자 상해정도,피해운전자 차종,피해운전자 성별,피해운전자 연령,피해운전자 상해정도
2012060100100284,2012년 6월 1일 12시,금요일,경상북도 의성군 의성읍,중상사고,0,1,0,0,차대사람 - 보도통행중,불법유턴,기타,맑음,기타 - 기타,화물,남,35세,상해없음,보행자,남,87세,중상
2012060100100285,2012년 6월 1일 12시,금요일,경상북도 영덕군 지품면,사망사고,1,0,0,0,차량단독 - 공작물충돌,안전운전불이행,건조,맑음,단일로 - 기타,승용,여,36세,사망,,,,
2012060100100314,2012년 6월 1일 13시,금요일,경상북도 영양군 영양읍,중상사고,0,1,0,0,차량단독 - 전도전복,안전운전불이행,건조,맑음,단일로 - 기타,농기계,남,72세,중상,,,,
2012060100100315,2012년 6월 1일 13시,금요일,경상북도 포항시 남구 호동,경상사고,0,0,1,0,차대차 - 추돌 - 진행중,중앙선침범,건조,맑음,교차로 - 교차로안,화물,기타불명,기타불명,기타불명,화물,남,44세,상해없음
2012060100100340,2012년 6월 1일 14시,금요일,경상북도 경주시 동부동,경상사고,0,0,1,0,차대사람 - 기타,안전운전불이행,건조,맑음,단일로 - 기타,승용,남,50세,상해없음,보행자,여,71세,경상
2012060100100341,2012년 6월 1일 14시,금요일,경상북도 포항시 북구 양덕동,중상사고,0,1,0,0,차대차 - 측면직각충돌,안전운전불이행,건조,맑음,교차로 - 교차로안,승용,여,28세,상해없음,원동기,남,72세,중상
2012060100100342,2012년 6월 1일 14시,금요일,경상북도 포항시 북구 기계면,중상사고,0,1,0,0,차대차 - 측면직각충돌,과속,건조,맑음,교차로 - 교차로부근,화물,남,39세,기타불명,농기계,남,68세,중상
2012060100100369,2012년 6월 1일 15시,금요일,경상북도 경주시 용강동,중상사고,0,1,0,0,차대차 - 측면직각충돌,안전운전불이행,건조,맑음,교차로 - 교차로부근,승용,남,68세,상해없음,원동기,남,79세,중상
2012060100100370,2012년 6월 1일 15시,금요일,경상북도 성주군 성주읍,경상사고,0,0,1,0,차대사람 - 횡단중,보행자보호의무위반,건조,맑음,교차로 - 교차로안,승합,남,46세,상해없음,보행자,남,8세,경상
2012060100100402,2012년 6월 1일 16시,금요일,경상북도 경산시 진량읍,경상사고,0,0,2,0,차대차 - 추돌 - 진행중,안전운전불이행,건조,맑음,교차로 - 교차로부근,승합,여,38세,상해없음,승용,여,54세,경상
2012060100100403,2012년 6월 1일 16시,금요일,경상북도 포항시 남구 해도동,경상사고,0,0,3,0,차대차 - 추돌 - 진행중,안전운전불이행,건조,맑음,교차로 - 교차로부근,승합,남,59세,상해없음,승용,남,26세,경상
2012060100100439,2012년 6월 1일 17시,금요일,경상북도 문경시 흥덕동,중상사고,0,1,0,0,차대차 - 기타,기타,건조,맑음,단일로 - 기타,화물,여,28세,상해없음,자전거,남,30세,중상
2012060100100440,2012년 6월 1일 17시,금요일,경상북도 성주군 성주읍,경상사고,0,0,1,0,차대차 - 기타,기타,건조,맑음,단일로 - 기타,승합,남,27세,상해없음,승용,남,56세,기타불명
2012060100100441,2012년 6월 1일 17시,금요일,경상북도 구미시 오태동,중상사고,0,1,0,0,차대사람 - 횡단중,안전운전불이행,건조,맑음,교차로 - 교차로부근,승용,남,51세,상해없음,보행자,여,81세,중상
2012060100100479,2012년 6월 1일 18시,금요일,경상북도 포항시 북구 죽도동,경상사고,0,0,1,0,차대차 - 측면직각충돌,직진우회전진행방해,건조,맑음,교차로 - 교차로안,원동기,여,25세,상해없음,원동기,남,23세,경상
2012060100100480,2012년 6월 1일 18시,금요일,경상북도 영주시 휴천동,경상사고,0,0,1,0,차대차 - 기타,교차로운행방법위반,건조,맑음,교차로 - 교차로안,승용,남,56세,상해없음,이륜,남,22세,경상
2012060100100481,2012년 6월 1일 18시,금요일,경상북도 예천군 감천면,경상사고,0,0,2,0,차대차 - 정면충돌,중앙선침범,건조,맑음,단일로 - 기타,화물,남,51세,경상,화물,남,25세,경상
2012060100100482,2012년 6월 1일 18시,금요일,경상북도 구미시 봉곡동,경상사고,0,0,1,0,차대차 - 측면직각충돌,안전운전불이행,건조,맑음,단일로 - 기타,승용,여,22세,상해없음,자전거,남,7세,경상
2012060100100514,2012년 6월 1일 19시,금요일,경상북도 칠곡군 북삼읍,중상사고,0,1,0,0,차대사람 - 보도통행중,안전운전불이행,건조,맑음,단일로 - 기타,승합,남,42세,상해없음,보행자,여,68세,중상
2012060100100554,2012년 6월 1일 20시,금요일,경상북도 포항시 북구 용흥동,경상사고,0,0,1,0,차대차 - 기타,안전운전불이행,건조,맑음,교차로 - 교차로안,승용,남,47세,상해없음,자전거,남,71세,경상
2012060100100555,2012년 6월 1일 20시,금요일,경상북도 칠곡군 왜관읍,경상사고,0,0,1,0,차대차 - 기타,안전운전불이행,건조,맑음,단일로 - 기타,승용,여,44세,상해없음,이륜,남,17세,경상
2012060100100556,2012년 6월 1일 20시,금요일,경상북도 영덕군 강구면,중상사고,0,1,0,0,차대차 - 측면직각충돌,신호위반,건조,맑음,교차로 - 교차로부근,승용,남,51세,상해없음,승용,여,42세,중상
2012060100100557,2012년 6월 1일 20시,금요일,경상북도 포항시 남구 오천읍,중상사고,0,1,0,0,차대차 - 측면직각충돌,안전운전불이행,건조,맑음,교차로 - 교차로부근,승용,여,39세,상해없음,이륜,남,19세,중상
2012060100100597,2012년 6월 1일 21시,금요일,경상북도 경산시 중방동,중상사고,0,1,0,0,차대사람 - 기타,보행자보호의무위반,건조,맑음,단일로 - 횡단보도상,화물,남,50세,기타불명,보행자,여,51세,중상
2012060100100599,2012년 6월 1일 21시,금요일,경상북도 포항시 남구 해도동,경상사고,0,0,1,0,차대차 - 추돌 - 진행중,신호위반,건조,맑음,교차로 - 교차로안,승용,여,51세,상해없음,원동기,여,26세,경상
2012060100100631,2012년 6월 1일 22시,금요일,경상북도 안동시 용상동,경상사고,0,0,1,0,차대차 - 추돌 - 주정차중,안전운전불이행,건조,맑음,교차로 - 교차로부근,승용,여,47세,상해없음,승용,남,30세,경상
2012060100100668,2012년 6월 1일 23시,금요일,경상북도 경주시 노서동,경상사고,0,0,1,0,차대사람 - 기타,안전운전불이행,건조,맑음,단일로 - 기타,승합,남,32세,상해없음,보행자,남,32세,경상
2012060100100669,2012년 6월 1일 23시,금요일,경상북도 경주시 천군동,경상사고,0,0,2,0,차대차 - 측면직각충돌,안전운전불이행,건조,맑음,교차로 - 교차로부근,승용,남,51세,상해없음,승용,남,22세,경상
2012060100100670,2012년 6월 1일 23시,금요일,경상북도 안동시 풍산읍,중상사고,0,1,1,0,차대차 - 추돌 - 진행중,안전운전불이행,건조,맑음,단일로 - 기타,승용,남,26세,중상,화물,남,51세,경상
2012060100100671,2012년 6월 1일 23시,금요일,경상북도 포항시 남구 연일읍,부상신고사고,0,0,0,1,차대차 - 추돌 - 주정차중,안전운전불이행,건조,맑음,단일로 - 기타,승용,남,34세,상해없음,승용,여,30세,부상신고
2012060200100028,2012년 6월 2일 00시,토요일,경상북도 영주시 문수면,중상사고,0,1,0,0,차량단독 - 도로외이탈 - 기타,중앙선침범,건조,맑음,단일로 - 기타,승용,남,53세,중상,,,,
2012060200100029,2012년 6월 2일 00시,토요일,경상북도 구미시 원평동,경상사고,0,0,1,0,차대차 - 기타,안전운전불이행,건조,맑음,단일로 - 기타,승용,남,30세,상해없음,이륜,남,36세,경상
2012060200100051,2012년 6월 2일 01시,토요일,경상북도 영덕군 영해면,경상사고,0,0,1,0,차대차 - 추돌 - 진행중,안전운전불이행,건조,맑음,단일로 - 기타,화물,남,58세,상해없음,농기계,남,44세,경상
2012060200100077,2012년 6월 2일 03시,토요일,경상북도 경산시 진량읍,경상사고,0,0,3,0,차대차 - 기타,안전운전불이행,건조,맑음,교차로 - 교차로부근,승용,남,15세,상해없음,승용,여,46세,경상
2012060200100078,2012년 6월 2일 03시,토요일,경상북도 구미시 공단동,경상사고,0,0,1,0,차대차 - 측면직각충돌,안전운전불이행,건조,맑음,단일로 - 기타,승용,남,23세,상해없음,승용,남,25세,경상
2012060200100098,2012년 6월 2일 04시,토요일,경상북도 포항시 북구 죽도동,경상사고,0,0,1,0,차대사람 - 횡단중,보행자보호의무위반,건조,맑음,교차로 - 교차로부근,승용,남,55세,상해없음,보행자,남,40세,경상
2012060200100118,2012년 6월 2일 06시,토요일,경상북도 영주시 풍기읍,중상사고,0,1,0,0,차대사람 - 기타,안전운전불이행,건조,맑음,단일로 - 기타,승용,남,65세,상해없음,보행자,여,57세,중상
2012060200100135,2012년 6월 2일 07시,토요일,경상북도 경산시 진량읍,중상사고,0,1,1,0,차대차 - 기타,중앙선침범,건조,맑음,단일로 - 기타,승용,남,24세,상해없음,승용,여,45세,중상
2012060200100136,2012년 6월 2일 07시,토요일,경상북도 경산시 중산동,중상사고,0,1,0,0,차대차 - 기타,안전운전불이행,건조,맑음,단일로 - 기타,승합,남,28세,상해없음,승용,남,45세,중상
2012060200100156,2012년 6월 2일 08시,토요일,경상북도 구미시 진평동,경상사고,0,0,1,0,차대차 - 기타,안전운전불이행,건조,맑음,교차로 - 교차로부근,승용,남,26세,기타불명,승용,남,28세,경상
2012060200100176,2012년 6월 2일 09시,토요일,경상북도 경주시 강동면,경상사고,0,0,2,0,차대차 - 기타,안전운전불이행,건조,맑음,단일로 - 기타,승용,남,28세,경상,승합,남,55세,상해없음
2012060200100177,2012년 6월 2일 09시,토요일,경상북도 포항시 북구 용흥동,경상사고,0,0,1,0,차대차 - 측면직각충돌,안전운전불이행,건조,맑음,교차로 - 교차로안,승용,남,24세,상해없음,자전거,여,45세,경상
2012060200100178,2012년 6월 2일 09시,토요일,경상북도 구미시 송정동,중상사고,0,1,0,0,차대사람 - 기타,안전운전불이행,건조,맑음,기타 - 기타,화물,남,45세,상해없음,보행자,남,1세,중상
2012060200100179,2012년 6월 2일 09시,토요일,경상북도 포항시 남구 연일읍,경상사고,0,0,1,0,차대차 - 추돌 - 진행중,안전운전불이행,건조,맑음,교차로 - 교차로부근,원동기,남,55세,경상,승용,여,52세,상해없음
2012060200100209,2012년 6월 2일 10시,토요일,경상북도 영천시 화북면,중상사고,0,1,0,0,차대차 - 추돌 - 진행중,안전운전불이행,건조,맑음,단일로 - 기타,승합,남,45세,상해없음,승용,여,39세,중상
2012060200100210,2012년 6월 2일 10시,토요일,경상북도 포항시 남구 오천읍,중상사고,0,3,0,0,차량단독 - 기타,안전운전불이행,건조,맑음,단일로 - 기타,승용,남,29세,중상,,,,
2012060200100211,2012년 6월 2일 10시,토요일,경상북도 포항시 남구 연일읍,경상사고,0,0,1,0,차대차 - 추돌 - 진행중,교차로운행방법위반,건조,맑음,교차로 - 교차로안,승용,여,28세,상해없음,자전거,남,8세,경상
2012060200100241,2012년 6월 2일 11시,토요일,경상북도 칠곡군 석적읍,중상사고,0,1,0,0,차대사람 - 길가장자리구역통행중,안전운전불이행,건조,맑음,단일로 - 기타,화물,남,54세,상해없음,보행자,여,83세,중상
2012060200100242,2012년 6월 2일 11시,토요일,경상북도 영덕군 영덕읍,중상사고,0,1,0,0,차대차 - 기타,안전운전불이행,건조,맑음,교차로 - 교차로부근,승용,여,49세,상해없음,이륜,남,77세,중상
2012060200100267,2012년 6월 2일 12시,토요일,경상북도 안동시 옥동,경상사고,0,0,1,0,차대차 - 기타,안전운전불이행,건조,맑음,교차로 - 교차로부근,승용,남,39세,상해없음,승용,남,32세,경상
2012060200100268,2012년 6월 2일 12시,토요일,경상북도 구미시 공단동,중상사고,0,1,3,0,차대차 - 정면충돌,안전운전불이행,건조,맑음,교차로 - 교차로안,승용,남,26세,경상,승용,남,39세,중상
2012060200100308,2012년 6월 2일 13시,토요일,경상북도 안동시 안흥동,경상사고,0,0,1,0,차대차 - 추돌 - 진행중,안전거리미확보,건조,맑음,교차로 - 교차로부근,승용,남,44세,상해없음,승용,남,34세,경상
2012060200100309,2012년 6월 2일 13시,토요일,경상북도 영천시 임고면,경상사고,0,0,1,0,차대차 - 기타,안전운전불이행,건조,맑음,단일로 - 기타,원동기,남,47세,경상,화물,남,78세,상해없음
2012060200100341,2012년 6월 2일 14시,토요일,경상북도 경주시 충효동,사망사고,1,0,0,0,차대사람 - 보도통행중,기타,건조,맑음,교차로 - 교차로부근,승용,남,39세,상해없음,보행자,남,21세,사망
2012060200100342,2012년 6월 2일 14시,토요일,경상북도 경주시 신평동,경상사고,0,0,3,0,차대차 - 기타,안전운전불이행,건조,맑음,교차로 - 교차로안,승용,남,61세,상해없음,승용,남,30세,경상
2012060200100343,2012년 6월 2일 14시,토요일,경상북도 영덕군 지품면,사망사고,1,0,0,0,차량단독 - 기타,안전운전불이행,건조,맑음,단일로 - 기타,농기계,남,64세,사망,,,,
2012060200100344,2012년 6월 2일 14시,토요일,경상북도 예천군 예천읍,중상사고,0,2,0,0,차대차 - 정면충돌,안전운전불이행,건조,맑음,교차로 - 교차로안,승용,여,46세,중상,승용,여,52세,중상
2012060200100387,2012년 6월 2일 15시,토요일,경상북도 안동시 정하동,경상사고,0,0,8,0,차대차 - 측면직각충돌,안전운전불이행,건조,맑음,단일로 - 기타,승용,여,23세,상해없음,승용,여,31세,경상
2012060200100388,2012년 6월 2일 15시,토요일,경상북도 구미시 오태동,중상사고,0,2,0,0,차대차 - 정면충돌,안전운전불이행,건조,맑음,교차로 - 교차로부근,승용,남,47세,상해없음,이륜,남,17세,중상
2012060200100431,2012년 6월 2일 16시,토요일,경상북도 경주시 안강읍,경상사고,0,0,4,0,차대차 - 측면직각충돌,안전운전불이행,건조,맑음,기타 - 기타,승용,남,30세,기타불명,승용,남,46세,경상
2012060200100432,2012년 6월 2일 16시,토요일,경상북도 구미시 오태동,경상사고,0,0,1,0,차대차 - 기타,안전운전불이행,습기,흐림,교차로 - 교차로부근,기타불명,기타불명,기타불명,기타불명,이륜,남,16세,경상
2012060200100462,2012년 6월 2일 17시,토요일,경상북도 안동시 용상동,경상사고,0,0,5,0,차대차 - 추돌 - 주정차중,안전운전불이행,건조,맑음,단일로 - 기타,화물,남,57세,상해없음,승용,남,44세,경상
2012060200100463,2012년 6월 2일 17시,토요일,경상북도 구미시 송정동,중상사고,0,1,0,0,차대차 - 추돌 - 주정차중,안전운전불이행,건조,맑음,단일로 - 기타,승용,남,44세,상해없음,승용,남,27세,중상
2012060200100500,2012년 6월 2일 18시,토요일,경상북도 김천시 부곡동,사망사고,1,0,0,0,차량단독 - 기타,안전운전불이행,건조,맑음,단일로 - 기타,원동기,남,64세,사망,,,,
2012060200100501,2012년 6월 2일 18시,토요일,경상북도 청송군 부동면,중상사고,0,1,0,0,차대차 - 기타,중앙선침범,건조,맑음,단일로 - 기타,승합,남,39세,상해없음,승용,남,39세,중상
2012060200100502,2012년 6월 2일 18시,토요일,경상북도 칠곡군 지천면,경상사고,0,0,2,0,차대차 - 측면직각충돌,안전운전불이행,건조,맑음,단일로 - 기타,승용,여,55세,상해없음,승용,남,45세,경상
2012060200100536,2012년 6월 2일 19시,토요일,경상북도 포항시 북구 우현동,경상사고,0,0,1,0,차대차 - 기타,안전거리미확보,건조,맑음,교차로 - 교차로부근,화물,남,57세,상해없음,승용,남,32세,경상
2012060200100537,2012년 6월 2일 19시,토요일,경상북도 안동시 화성동,경상사고,0,0,1,0,차대사람 - 횡단중,보행자보호의무위반,건조,맑음,단일로 - 횡단보도상,승용,여,45세,상해없음,보행자,남,9세,경상
2012060200100538,2012년 6월 2일 19시,토요일,경상북도 구미시 신평동,경상사고,0,0,1,0,차대차 - 추돌 - 주정차중,안전운전불이행,건조,맑음,교차로 - 교차로부근,화물,남,52세,상해없음,승용,남,27세,경상
2012060200100574,2012년 6월 2일 20시,토요일,경상북도 안동시 남문동,경상사고,0,0,1,0,차대차 - 측면직각충돌,중앙선침범,건조,맑음,교차로 - 교차로부근,승용,남,34세,상해없음,승용,남,44세,경상
2012060200100575,2012년 6월 2일 20시,토요일,경상북도 영천시 야사동,경상사고,0,0,1,0,차대사람 - 횡단중,보행자보호의무위반,건조,맑음,단일로 - 횡단보도상,화물,남,54세,상해없음,보행자,남,69세,경상
2012060200100576,2012년 6월 2일 20시,토요일,경상북도 구미시 신평동,중상사고,0,1,0,0,차대사람 - 기타,보행자보호의무위반,건조,맑음,교차로 - 교차로부근,승용,남,25세,상해없음,보행자,남,7세,중상
2012060200100601,2012년 6월 2일 21시,토요일,경상북도 영천시 도동,경상사고,0,0,3,0,차대차 - 정면충돌,안전운전불이행,건조,맑음,단일로 - 기타,승용,남,19세,경상,승용,여,41세,경상
2012060200100626,2012년 6월 2일 22시,토요일,경상북도 경주시 외동읍,중상사고,0,1,5,0,차대차 - 추돌 - 진행중,안전운전불이행,건조,맑음,단일로 - 기타,승용,남,54세,중상,승합,남,50세,경상
2012060200100627,2012년 6월 2일 22시,토요일,경상북도 포항시 북구 항구동,중상사고,0,1,0,0,차대차 - 기타,안전거리미확보,건조,맑음,단일로 - 기타,승용,남,24세,상해없음,원동기,남,16세,중상
2012060200100651,2012년 6월 2일 23시,토요일,경상북도 구미시 고아읍,중상사고,0,1,1,0,차대사람 - 보도통행중,기타,건조,맑음,단일로 - 기타,자전거,남,23세,경상,보행자,여,50세,중상
2012060200100652,2012년 6월 2일 23시,토요일,경상북도 의성군 안평면,중상사고,0,1,2,0,차대차 - 추돌 - 진행중,안전운전불이행,건조,맑음,단일로 - 기타,승용,여,20세,상해없음,화물,남,48세,경상
2012060300100028,2012년 6월 3일 01시,일요일,경상북도 구미시 남통동,경상사고,0,0,1,0,차대사람 - 기타,안전운전불이행,건조,맑음,기타 - 기타,기타불명,기타불명,기타불명,기타불명,보행자,남,38세,경상
2012060300100042,2012년 6월 3일 02시,일요일,경상북도 경주시 강동면,중상사고,0,3,0,1,차대차 - 추돌 - 진행중,안전운전불이행,건조,흐림,단일로 - 기타,화물,남,59세,부상신고,승용,여,28세,중상
2012060300100043,2012년 6월 3일 02시,일요일,경상북도 포항시 북구 장성동,경상사고,0,0,1,0,차대차 - 측면직각충돌,안전거리미확보,건조,맑음,교차로 - 교차로부근,승용,남,52세,상해없음,승용,남,55세,경상
2012060300100044,2012년 6월 3일 02시,일요일,경상북도 영천시 창구동,경상사고,0,0,1,0,차대차 - 추돌 - 주정차중,안전운전불이행,건조,맑음,단일로 - 기타,승용,남,37세,상해없음,승용,남,21세,기타불명
2012060300100072,2012년 6월 3일 04시,일요일,경상북도 영주시 가흥동,중상사고,0,2,0,0,차대차 - 측면직각충돌,직진우회전진행방해,건조,맑음,교차로 - 교차로안,화물,남,65세,중상,승용,남,62세,상해없음
2012060300100073,2012년 6월 3일 04시,일요일,경상북도 구미시 옥계동,경상사고,0,0,1,0,차량단독 - 공작물충돌,안전운전불이행,건조,맑음,교차로 - 교차로안,승용,남,30세,경상,,,,
2012060300100090,2012년 6월 3일 05시,일요일,경상북도 예천군 호명면,중상사고,0,1,0,0,차대차 - 정면충돌,안전운전불이행,건조,맑음,단일로 - 기타,화물,남,56세,상해없음,이륜,남,69세,중상
2012060300100103,2012년 6월 3일 06시,일요일,경상북도 안동시 목성동,경상사고,0,0,2,0,차대차 - 정면충돌,신호위반,건조,맑음,교차로 - 교차로안,승용,남,51세,경상,화물,남,47세,경상
2012060300100104,2012년 6월 3일 06시,일요일,경상북도 칠곡군 기산면,중상사고,0,1,1,1,차대차 - 추돌 - 진행중,안전운전불이행,건조,맑음,교차로 - 교차로안,승용,남,72세,부상신고,승용,남,26세,중상
2012060300100118,2012년 6월 3일 07시,일요일,경상북도 김천시 구성면,경상사고,0,0,1,0,차대차 - 측면직각충돌,교차로운행방법위반,건조,맑음,교차로 - 교차로안,승용,남,48세,상해없음,이륜,남,42세,경상
2012060300100119,2012년 6월 3일 07시,일요일,경상북도 구미시 산동면,중상사고,0,1,0,0,차대차 - 기타,신호위반,건조,맑음,교차로 - 교차로안,승용,남,26세,상해없음,승용,남,30세,중상
2012060300100149,2012년 6월 3일 09시,일요일,경상북도 경주시 구황동,경상사고,0,0,4,0,차대차 - 측면직각충돌,안전운전불이행,건조,맑음,교차로 - 교차로부근,승용,여,60세,상해없음,승용,남,21세,경상
2012060300100192,2012년 6월 3일 11시,일요일,경상북도 포항시 북구 흥해읍,경상사고,0,0,1,0,차대차 - 기타,안전운전불이행,건조,맑음,교차로 - 교차로안,승용,남,64세,상해없음,승용,남,37세,경상
2012060300100193,2012년 6월 3일 11시,일요일,경상북도 영천시 북안면,경상사고,0,0,1,0,차대차 - 측면직각충돌,중앙선침범,건조,맑음,단일로 - 기타,특수,남,54세,상해없음,화물,남,53세,경상
2012060300100239,2012년 6월 3일 13시,일요일,경상북도 경주시 남산동,중상사고,0,1,1,0,차대차 - 측면직각충돌,중앙선침범,건조,맑음,단일로 - 기타,화물,남,64세,상해없음,화물,남,46세,경상
2012060300100240,2012년 6월 3일 13시,일요일,경상북도 김천시 어모면,중상사고,0,2,1,0,차대차 - 측면직각충돌,직진우회전진행방해,건조,맑음,교차로 - 교차로안,화물,남,49세,상해없음,승용,남,27세,경상
2012060300100241,2012년 6월 3일 13시,일요일,경상북도 구미시 지산동,경상사고,0,0,6,0,차대차 - 기타,안전운전불이행,건조,맑음,교차로 - 교차로부근,승용,여,33세,상해없음,승용,남,35세,경상
2012060300100242,2012년 6월 3일 13시,일요일,경상북도 포항시 남구 오천읍,경상사고,0,0,1,0,차대사람 - 기타,안전운전불이행,건조,맑음,단일로 - 기타,승용,여,50세,상해없음,보행자,남,7세,경상
2012060300100277,2012년 6월 3일 14시,일요일,경상북도 의성군 단밀면,중상사고,0,1,0,0,차대사람 - 기타,안전운전불이행,건조,맑음,교차로 - 교차로부근,승용,여,31세,상해없음,보행자,여,73세,중상
2012060300100302,2012년 6월 3일 15시,일요일,경상북도 경주시 용강동,중상사고,0,1,0,0,차대차 - 측면직각충돌,안전운전불이행,건조,맑음,교차로 - 교차로안,승용,남,51세,상해없음,이륜,남,19세,중상
2012060300100303,2012년 6월 3일 15시,일요일,경상북도 경주시 사정동,중상사고,0,2,0,0,차대차 - 측면직각충돌,안전운전불이행,건조,맑음,교차로 - 교차로안,이륜,남,80세,중상,승용,남,52세,상해없음
2012060300100304,2012년 6월 3일 15시,일요일,경상북도 포항시 남구 효자동,경상사고,0,0,1,0,차대차 - 추돌 - 진행중,안전운전불이행,건조,맑음,단일로 - 기타,원동기,남,23세,경상,승용,여,41세,상해없음
2012060300100331,2012년 6월 3일 16시,일요일,경상북도 경주시 동천동,중상사고,0,1,0,0,차대차 - 측면직각충돌,중앙선침범,건조,맑음,교차로 - 교차로안,원동기,남,72세,중상,승용,여,31세,상해없음
2012060300100332,2012년 6월 3일 16시,일요일,경상북도 포항시 북구 죽도동,중상사고,0,1,1,0,차대차 - 기타,교차로운행방법위반,건조,맑음,교차로 - 교차로안,화물,남,50세,상해없음,승용,남,69세,상해없음
2012060300100367,2012년 6월 3일 17시,일요일,경상북도 칠곡군 석적읍,경상사고,0,0,1,0,차대차 - 추돌 - 진행중,안전운전불이행,건조,맑음,교차로 - 교차로안,승용,남,43세,상해없음,이륜,여,21세,경상
2012060300100396,2012년 6월 3일 18시,일요일,경상북도 경주시 동천동,경상사고,0,0,1,0,차대차 - 측면직각충돌,안전운전불이행,건조,맑음,교차로 - 교차로안,승용,남,42세,상해없음,자전거,남,5세,경상
2012060300100397,2012년 6월 3일 18시,일요일,경상북도 포항시 북구 두호동,중상사고,0,1,0,0,차대사람 - 보도통행중,기타,건조,맑음,교차로 - 교차로부근,승용,기타불명,기타불명,기타불명,보행자,남,9세,중상
2012060300100398,2012년 6월 3일 18시,일요일,경상북도 칠곡군 가산면,중상사고,0,1,0,0,차대차 - 추돌 - 주정차중,중앙선침범,건조,맑음,단일로 - 기타,화물,남,38세,상해없음,화물,남,34세,중상
2012060300100430,2012년 6월 3일 19시,일요일,경상북도 포항시 북구 장성동,경상사고,0,0,4,0,차대차 - 기타,교차로운행방법위반,건조,맑음,단일로 - 기타,승용,남,55세,상해없음,승용,남,49세,경상
2012060300100431,2012년 6월 3일 19시,일요일,경상북도 김천시 모암동,중상사고,0,1,0,0,차대사람 - 기타,보행자보호의무위반,건조,맑음,교차로 - 교차로부근,승용,남,66세,상해없음,보행자,여,65세,중상
2012060300100432,2012년 6월 3일 19시,일요일,경상북도 영천시 망정동,경상사고,0,0,2,0,차대차 - 측면직각충돌,신호위반,건조,맑음,교차로 - 교차로안,화물,남,68세,상해없음,승용,남,26세,상해없음
2012060300100465,2012년 6월 3일 20시,일요일,경상북도 경주시 안강읍,중상사고,0,1,0,0,차대사람 - 횡단중,보행자보호의무위반,건조,맑음,단일로 - 횡단보도상,승용,남,38세,상해없음,보행자,남,45세,중상
2012060300100466,2012년 6월 3일 20시,일요일,경상북도 칠곡군 석적읍,경상사고,0,0,1,0,차대사람 - 보도통행중,보행자보호의무위반,건조,맑음,단일로 - 횡단보도상,이륜,남,70세,상해없음,보행자,여,30세,경상
2012060300100467,2012년 6월 3일 20시,일요일,경상북도 영천시 문외동,경상사고,0,0,2,0,차대차 - 추돌 - 진행중,안전운전불이행,건조,맑음,단일로 - 기타,승용,남,44세,상해없음,승용,남,54세,경상
2012060300100468,2012년 6월 3일 20시,일요일,경상북도 문경시 모전동,경상사고,0,0,3,0,차대차 - 추돌 - 주정차중,안전거리미확보,건조,맑음,교차로 - 교차로부근,승용,남,48세,상해없음,승용,남,43세,경상
2012060300100469,2012년 6월 3일 20시,일요일,경상북도 영덕군 영해면,중상사고,0,1,0,0,차대사람 - 횡단중,안전운전불이행,건조,맑음,교차로 - 교차로안,화물,남,50세,상해없음,보행자,여,76세,중상
2012060300100470,2012년 6월 3일 20시,일요일,경상북도 성주군 초전면,경상사고,0,0,1,0,차대사람 - 횡단중,안전운전불이행,건조,맑음,단일로 - 기타,화물,남,38세,상해없음,보행자,여,46세,경상
2012060300100501,2012년 6월 3일 21시,일요일,경상북도 경주시 노서동,중상사고,0,1,0,0,차대차 - 측면직각충돌,안전운전불이행,건조,맑음,단일로 - 기타,승용,남,24세,상해없음,원동기,여,57세,중상
2012060300100502,2012년 6월 3일 21시,일요일,경상북도 포항시 남구 대도동,경상사고,0,0,1,0,차대차 - 측면직각충돌,중앙선침범,건조,맑음,단일로 - 기타,승용,여,54세,상해없음,원동기,여,25세,경상
2012060300100534,2012년 6월 3일 23시,일요일,경상북도 구미시 황상동,경상사고,0,0,1,0,차대차 - 기타,신호위반,건조,맑음,교차로 - 교차로안,원동기,여,25세,경상,승용,여,32세,상해없음
2012060300100535,2012년 6월 3일 23시,일요일,경상북도 포항시 남구 대잠동,경상사고,0,0,1,0,차대차 - 측면직각충돌,안전운전불이행,건조,맑음,교차로 - 교차로부근,승용,여,33세,상해없음,화물,남,41세,경상
2012060400100011,2012년 6월 4일 00시,월요일,경상북도 경산시 중산동,경상사고,0,0,1,0,차대사람 - 기타,안전운전불이행,건조,맑음,교차로 - 교차로부근,승용,남,42세,상해없음,보행자,여,37세,경상
2012060400100047,2012년 6월 4일 06시,월요일,경상북도 구미시 지산동,중상사고,0,1,0,0,차대차 - 기타,안전운전불이행,건조,맑음,교차로 - 교차로안,승합,여,51세,상해없음,자전거,남,50세,중상
2012060400100074,2012년 6월 4일 07시,월요일,경상북도 경주시 산내면,경상사고,0,0,1,0,차대차 - 측면직각충돌,안전운전불이행,건조,맑음,단일로 - 기타,승용,여,36세,상해없음,승용,여,49세,경상
2012060400100139,2012년 6월 4일 09시,월요일,경상북도 경주시 안강읍,경상사고,0,0,1,0,차대차 - 측면직각충돌,안전운전불이행,건조,맑음,교차로 - 교차로안,화물,남,64세,상해없음,승합,남,51세,상해없음
2012060400100140,2012년 6월 4일 09시,월요일,경상북도 안동시 태화동,경상사고,0,0,2,0,차대차 - 측면직각충돌,안전운전불이행,건조,맑음,교차로 - 교차로안,승용,남,63세,상해없음,승용,여,41세,경상