사고번호,사고일시,요일,시군구,사고내용,사망자수,중상자수,경상자수,부상신고자수,사고유형,법규위반,노면상태,기상상태,도로형태,가해운전자 차종,가해운전자 성별,가해운전자 연령,가해운전자 상해정도,피해운전자 차종,피해운전자 성별,피해운전자 연령,피해운전자 상해정도
2012060900100178,2012년 6월 9일 09시,토요일,경상북도 안동시 안기동,중상사고,0,1,0,0,차대차 - 측면직각충돌,안전운전불이행,건조,맑음,단일로 - 기타,승용,남,43세,상해없음,승용,남,53세,중상
2012060900100179,2012년 6월 9일 09시,토요일,경상북도 상주시 남성동,경상사고,0,0,1,0,차대사람 - 기타,안전운전불이행,건조,맑음,교차로 - 교차로안,승용,여,30세,상해없음,보행자,여,16세,경상
2012060900100209,2012년 6월 9일 10시,토요일,경상북도 구미시 고아읍,경상사고,0,0,1,0,차대차 - 측면직각충돌,신호위반,건조,맑음,교차로 - 교차로안,이륜,남,72세,경상,화물,남,51세,상해없음
2012060900100210,2012년 6월 9일 10시,토요일,경상북도 포항시 남구 대도동,중상사고,0,1,0,0,차대사람 - 기타,안전운전불이행,건조,맑음,단일로 - 기타,승용,남,40세,상해없음,보행자,남,5세,중상
2012060900100211,2012년 6월 9일 10시,토요일,경상북도 영천시 임고면,중상사고,0,1,0,0,차량단독 - 공작물충돌,안전운전불이행,건조,맑음,단일로 - 기타,화물,남,53세,상해없음,,,,
2012060900100248,2012년 6월 9일 11시,토요일,경상북도 안동시 안막동,중상사고,0,1,2,0,차대차 - 측면직각충돌,안전운전불이행,건조,맑음,기타 - 기타,승용,남,51세,중상,화물,남,36세,상해없음
2012060900100249,2012년 6월 9일 11시,토요일,경상북도 포항시 남구 연일읍,경상사고,0,0,1,0,차대차 - 측면직각충돌,중앙선침범,건조,맑음,단일로 - 기타,승용,남,42세,상해없음,원동기,남,16세,경상
2012060900100285,2012년 6월 9일 12시,토요일,경상북도 경주시 동천동,경상사고,0,0,1,0,차대차 - 기타,안전운전불이행,건조,맑음,교차로 - 교차로안,승용,여,29세,상해없음,자전거,남,11세,경상
2012060900100286,2012년 6월 9일 12시,토요일,경상북도 포항시 북구 흥해읍,중상사고,0,2,2,0,차대차 - 추돌 - 주정차중,안전운전불이행,건조,맑음,교차로 - 교차로부근,건설기계,남,51세,상해없음,승용,남,24세,중상
2012060900100287,2012년 6월 9일 12시,토요일,경상북도 김천시 개령면,경상사고,0,0,1,0,차대차 - 측면직각충돌,교차로운행방법위반,건조,맑음,교차로 - 교차로안,건설기계,남,29세,상해없음,화물,남,39세,경상
2012060900100288,2012년 6월 9일 12시,토요일,경상북도 영주시 평은면,중상사고,0,1,0,0,차대차 - 측면직각충돌,안전운전불이행,건조,맑음,단일로 - 기타,화물,남,54세,상해없음,승용,남,48세,상해없음
2012060900100319,2012년 6월 9일 13시,토요일,경상북도 고령군 고령읍,중상사고,0,1,0,0,차량단독 - 도로외이탈 - 추락,안전운전불이행,건조,맑음,단일로 - 기타,화물,남,46세,중상,,,,
2012060900100320,2012년 6월 9일 13시,토요일,경상북도 구미시 진평동,경상사고,0,0,1,0,차대차 - 측면직각충돌,안전운전불이행,건조,맑음,단일로 - 기타,승용,남,43세,상해없음,자전거,여,8세,경상
2012060900100348,2012년 6월 9일 14시,토요일,경상북도 경주시 신평동,경상사고,0,0,2,0,차대차 - 추돌 - 주정차중,안전운전불이행,건조,맑음,교차로 - 교차로부근,화물,남,64세,상해없음,승용,남,31세,경상
2012060900100349,2012년 6월 9일 14시,토요일,경상북도 경주시 인왕동,경상사고,0,0,4,0,차대차 - 추돌 - 주정차중,안전운전불이행,건조,맑음,단일로 - 기타,승합,남,26세,상해없음,승용,여,48세,경상
2012060900100350,2012년 6월 9일 14시,토요일,경상북도 김천시 구성면,경상사고,0,0,1,0,차대차 - 측면직각충돌,중앙선침범,건조,맑음,단일로 - 기타,승용,여,48세,경상,건설기계,남,59세,상해없음
2012060900100351,2012년 6월 9일 14시,토요일,경상북도 영덕군 영덕읍,중상사고,0,1,0,0,차대차 - 정면충돌,직진우회전진행방해,건조,맑음,교차로 - 교차로안,승용,남,60세,상해없음,이륜,남,53세,중상
2012060900100352,2012년 6월 9일 14시,토요일,경상북도 포항시 남구 지곡동,경상사고,0,0,1,0,차대차 - 추돌 - 진행중,안전운전불이행,건조,맑음,단일로 - 기타,승용,남,42세,상해없음,원동기,남,30세,경상
2012060900100385,2012년 6월 9일 15시,토요일,경상북도 경산시 중산동,중상사고,0,2,3,0,차대차 - 기타,안전운전불이행,건조,맑음,단일로 - 기타,건설기계,남,43세,상해없음,승용,여,36세,중상
2012060900100386,2012년 6월 9일 15시,토요일,경상북도 구미시 공단동,경상사고,0,0,2,0,차대차 - 추돌 - 주정차중,안전운전불이행,건조,맑음,교차로 - 교차로부근,승용,남,53세,상해없음,승합,남,30세,경상
2012060900100451,2012년 6월 9일 17시,토요일,경상북도 경주시 성건동,부상신고사고,0,0,0,1,차대차 - 기타,안전운전불이행,건조,맑음,교차로 - 교차로안,승합,남,50세,상해없음,자전거,여,64세,부상신고
2012060900100484,2012년 6월 9일 18시,토요일,경상북도 영주시 영주동,경상사고,0,0,2,0,차대차 - 측면직각충돌,안전운전불이행,건조,맑음,단일로 - 기타,승용,여,44세,경상,이륜,남,23세,경상
2012060900100485,2012년 6월 9일 18시,토요일,경상북도 영천시 화룡동,중상사고,0,1,0,0,차대사람 - 기타,안전운전불이행,건조,맑음,교차로 - 교차로안,화물,남,50세,상해없음,보행자,여,76세,중상
2012060900100486,2012년 6월 9일 18시,토요일,경상북도 군위군 효령면,중상사고,0,1,1,0,차대차 - 측면직각충돌,안전운전불이행,건조,맑음,교차로 - 교차로부근,승용,남,44세,상해없음,승용,남,43세,중상
2012060900100487,2012년 6월 9일 18시,토요일,경상북도 구미시 사곡동,경상사고,0,0,1,0,차대차 - 측면직각충돌,안전운전불이행,건조,맑음,단일로 - 기타,이륜,남,24세,경상,승용,남,50세,상해없음
2012060900100488,2012년 6월 9일 18시,토요일,경상북도 포항시 남구 연일읍,중상사고,0,1,0,0,차대사람 - 기타,신호위반,건조,맑음,교차로 - 교차로안,승용,남,68세,상해없음,보행자,여,79세,중상
2012060900100523,2012년 6월 9일 19시,토요일,경상북도 상주시 청리면,중상사고,0,1,0,0,차대차 - 기타,교차로운행방법위반,건조,맑음,교차로 - 교차로안,승용,남,31세,상해없음,이륜,남,30세,중상
2012060900100546,2012년 6월 9일 20시,토요일,경상북도 경주시 동천동,경상사고,0,0,2,0,차대차 - 추돌 - 주정차중,안전운전불이행,건조,맑음,교차로 - 교차로안,승용,남,51세,상해없음,승용,남,33세,경상
2012060900100547,2012년 6월 9일 20시,토요일,경상북도 경주시 건천읍,중상사고,0,1,0,0,차대사람 - 기타,안전운전불이행,건조,맑음,단일로 - 기타,승용,여,52세,상해없음,보행자,남,50세,중상
2012060900100548,2012년 6월 9일 20시,토요일,경상북도 안동시 화성동,경상사고,0,0,1,0,차대사람 - 횡단중,보행자보호의무위반,건조,맑음,단일로 - 기타,이륜,남,16세,상해없음,보행자,여,62세,경상
2012060900100574,2012년 6월 9일 21시,토요일,경상북도 경주시 안강읍,경상사고,0,0,2,0,차대차 - 측면직각충돌,안전운전불이행,건조,맑음,교차로 - 교차로안,승용,여,38세,경상,승용,남,41세,경상
2012060900100575,2012년 6월 9일 21시,토요일,경상북도 구미시 원평동,중상사고,0,2,1,0,차대차 - 추돌 - 주정차중,안전운전불이행,건조,맑음,교차로 - 교차로부근,승용,남,25세,경상,승용,여,32세,중상
2012060900100610,2012년 6월 9일 22시,토요일,경상북도 포항시 남구 오천읍,경상사고,0,0,1,0,차대사람 - 기타,안전운전불이행,건조,맑음,단일로 - 기타,승용,남,49세,상해없음,보행자,여,16세,경상
2012060900100641,2012년 6월 9일 23시,토요일,경상북도 포항시 북구 우현동,중상사고,0,1,0,0,차대차 - 기타,안전거리미확보,건조,맑음,교차로 - 교차로부근,승용,여,34세,상해없음,승용,남,44세,중상
2012061000100059,2012년 6월 10일 02시,일요일,경상북도 구미시 봉곡동,중상사고,0,1,0,0,차대차 - 측면직각충돌,교차로운행방법위반,건조,맑음,교차로 - 교차로안,승용,남,48세,상해없음,이륜,남,28세,중상
2012061000100060,2012년 6월 10일 02시,일요일,경상북도 구미시 임수동,경상사고,0,0,2,0,차대차 - 추돌 - 진행중,안전운전불이행,건조,맑음,미분류 - 미분류,기타불명,기타불명,기타불명,기타불명,승합,남,55세,상해없음
2012061000100101,2012년 6월 10일 06시,일요일,경상북도 칠곡군 왜관읍,부상신고사고,0,0,0,1,차대차 - 추돌 - 주정차중,안전운전불이행,건조,맑음,단일로 - 기타,승용,여,45세,부상신고,화물,남,53세,기타불명
2012061000100102,2012년 6월 10일 06시,일요일,경상북도 문경시 문경읍,경상사고,0,0,1,0,차대차 - 기타,안전운전불이행,건조,맑음,단일로 - 기타,화물,남,41세,상해없음,화물,남,51세,기타불명
2012061000100103,2012년 6월 10일 06시,일요일,경상북도 경산시 용성면,경상사고,0,0,1,0,차대차 - 측면직각충돌,안전운전불이행,건조,맑음,교차로 - 교차로안,승용,남,29세,상해없음,화물,남,70세,경상
2012061000100116,2012년 6월 10일 07시,일요일,경상북도 경주시 성건동,경상사고,0,0,1,0,차대차 - 측면직각충돌,안전운전불이행,건조,맑음,교차로 - 교차로안,승용,남,67세,상해없음,자전거,남,22세,경상
2012061000100117,2012년 6월 10일 07시,일요일,경상북도 포항시 북구 죽도동,경상사고,0,0,2,0,차대차 - 측면직각충돌,신호위반,건조,맑음,교차로 - 교차로안,승합,남,51세,상해없음,승합,남,43세,경상
2012061000100118,2012년 6월 10일 07시,일요일,경상북도 안동시 옥동,경상사고,0,0,3,0,차대차 - 측면직각충돌,직진우회전진행방해,건조,맑음,교차로 - 교차로안,승용,남,48세,상해없음,특수,남,45세,경상
2012061000100133,2012년 6월 10일 08시,일요일,경상북도 김천시 백옥동,경상사고,0,0,2,0,차량단독 - 기타,안전운전불이행,건조,흐림,단일로 - 기타,승용,남,21세,상해없음,,,,
2012061000100134,2012년 6월 10일 08시,일요일,경상북도 고령군 우곡면,부상신고사고,0,0,0,1,차대차 - 측면직각충돌,중앙선침범,건조,맑음,단일로 - 기타,농기계,남,81세,부상신고,승용,여,47세,상해없음
2012061000100135,2012년 6월 10일 08시,일요일,경상북도 구미시 진평동,경상사고,0,0,2,1,차대차 - 측면직각충돌,직진우회전진행방해,건조,맑음,교차로 - 교차로안,승용,남,27세,부상신고,승용,남,35세,경상
2012061000100147,2012년 6월 10일 09시,일요일,경상북도 봉화군 봉화읍,중상사고,0,1,0,0,차량단독 - 전도전복,안전운전불이행,건조,맑음,교차로 - 교차로안,이륜,여,69세,중상,,,,
2012061000100172,2012년 6월 10일 10시,일요일,경상북도 경주시 감포읍,중상사고,0,1,0,0,차대사람 - 기타,안전운전불이행,건조,맑음,단일로 - 기타,화물,남,44세,상해없음,보행자,여,60세,중상
2012061000100198,2012년 6월 10일 11시,일요일,경상북도 경주시 동천동,경상사고,0,0,2,0,차대차 - 측면직각충돌,안전운전불이행,건조,맑음,단일로 - 기타,기타불명,기타불명,기타불명,기타불명,승용,남,28세,경상
2012061000100199,2012년 6월 10일 11시,일요일,경상북도 울진군 근남면,중상사고,0,1,1,0,차대차 - 정면충돌,중앙선침범,건조,맑음,단일로 - 기타,이륜,남,33세,중상,건설기계,남,52세,상해없음
2012061000100200,2012년 6월 10일 11시,일요일,경상북도 구미시 비산동,중상사고,0,1,0,0,차대차 - 기타,신호위반,건조,맑음,단일로 - 교량,화물,남,54세,상해없음,자전거,남,41세,중상
2012061000100222,2012년 6월 10일 12시,일요일,경상북도 경주시 안강읍,중상사고,0,1,0,0,차량단독 - 공작물충돌,안전운전불이행,건조,맑음,단일로 - 기타,화물,여,62세,상해없음,,,,
2012061000100223,2012년 6월 10일 12시,일요일,경상북도 경산시 진량읍,경상사고,0,0,1,0,차대차 - 기타,안전운전불이행,건조,맑음,교차로 - 교차로부근,승용,남,27세,기타불명,화물,남,42세,경상
2012061000100224,2012년 6월 10일 12시,일요일,경상북도 청도군 화양읍,중상사고,0,1,0,0,차대차 - 측면직각충돌,중앙선침범,건조,맑음,단일로 - 기타,화물,남,68세,상해없음,승용,여,54세,중상
2012061000100225,2012년 6월 10일 12시,일요일,경상북도 포항시 남구 동해면,중상사고,0,2,0,0,차대차 - 추돌 - 진행중,중앙선침범,건조,맑음,단일로 - 기타,승용,여,52세,상해없음,승용,남,35세,중상
2012061000100342,2012년 6월 10일 16시,일요일,경상북도 경주시 마동,중상사고,0,2,0,0,차대차 - 추돌 - 진행중,안전운전불이행,건조,맑음,단일로 - 기타,이륜,남,32세,중상,승용,남,38세,상해없음
2012061000100343,2012년 6월 10일 16시,일요일,경상북도 포항시 북구 두호동,경상사고,0,0,2,0,차대차 - 기타,안전운전불이행,건조,맑음,단일로 - 기타,승용,남,31세,상해없음,승용,남,54세,경상
2012061000100344,2012년 6월 10일 16시,일요일,경상북도 상주시 냉림동,중상사고,0,2,0,0,차대차 - 기타,중앙선침범,건조,맑음,단일로 - 기타,승용,남,32세,상해없음,승용,남,55세,중상
2012061000100345,2012년 6월 10일 16시,일요일,경상북도 문경시 영순면,사망사고,1,0,0,0,차대사람 - 기타,안전운전불이행,건조,맑음,단일로 - 기타,화물,남,76세,상해없음,보행자,여,82세,사망
2012061000100346,2012년 6월 10일 16시,일요일,경상북도 칠곡군 지천면,경상사고,0,0,1,0,차대차 - 추돌 - 진행중,안전거리미확보,건조,맑음,단일로 - 기타,화물,남,61세,상해없음,승용,여,46세,경상
2012061000100387,2012년 6월 10일 17시,일요일,경상북도 칠곡군 동명면,중상사고,0,2,6,0,차대차 - 측면직각충돌,중앙선침범,건조,맑음,단일로 - 기타,승용,남,22세,경상,승용,남,49세,경상
2012061000100422,2012년 6월 10일 18시,일요일,경상북도 칠곡군 동명면,중상사고,0,1,0,0,차량단독 - 기타,안전운전불이행,건조,맑음,단일로 - 기타,이륜,남,36세,중상,,,,
2012061000100423,2012년 6월 10일 18시,일요일,경상북도 구미시 송정동,중상사고,0,2,2,0,차대차 - 기타,안전운전불이행,건조,맑음,단일로 - 기타,이륜,남,16세,경상,승용,남,34세,경상
2012061000100424,2012년 6월 10일 18시,일요일,경상북도 포항시 남구 장기면,경상사고,0,0,1,0,차대차 - 추돌 - 진행중,안전운전불이행,건조,맑음,교차로 - 교차로부근,승용,남,31세,상해없음,화물,남,47세,상해없음
2012061000100456,2012년 6월 10일 19시,일요일,경상북도 예천군 예천읍,중상사고,0,2,0,0,차대차 - 측면직각충돌,안전운전불이행,건조,맑음,교차로 - 교차로안,승용,남,54세,상해없음,화물,남,40세,중상
2012061000100485,2012년 6월 10일 20시,일요일,경상북도 경주시 외동읍,중상사고,0,1,0,0,차대차 - 측면직각충돌,안전운전불이행,건조,맑음,교차로 - 교차로안,승용,여,43세,상해없음,승용,여,50세,중상
2012061000100486,2012년 6월 10일 20시,일요일,경상북도 포항시 북구 죽도동,경상사고,0,0,1,0,차대차 - 기타,안전운전불이행,건조,맑음,단일로 - 기타,기타불명,기타불명,기타불명,기타불명,자전거,여,67세,경상
2012061000100487,2012년 6월 10일 20시,일요일,경상북도 경산시 중방동,경상사고,0,0,1,0,차대차 - 추돌 - 주정차중,안전운전불이행,건조,맑음,단일로 - 기타,승용,남,51세,상해없음,승용,남,46세,경상
2012061000100526,2012년 6월 10일 21시,일요일,경상북도 경산시 와촌면,중상사고,0,1,1,0,차대차 - 기타,안전운전불이행,건조,기타,단일로 - 기타,승용,남,38세,상해없음,승용,남,59세,중상
2012061000100548,2012년 6월 10일 22시,일요일,경상북도 의성군 봉양면,중상사고,0,1,0,0,차대차 - 측면직각충돌,중앙선침범,건조,맑음,단일로 - 기타,승용,여,33세,상해없음,이륜,남,67세,중상
2012061000100572,2012년 6월 10일 23시,일요일,경상북도 경주시 성건동,경상사고,0,0,1,0,차대사람 - 기타,안전운전불이행,건조,맑음,단일로 - 기타,승용,남,23세,상해없음,보행자,남,31세,경상
2012061000100573,2012년 6월 10일 23시,일요일,경상북도 구미시 인의동,경상사고,0,0,2,0,차대차 - 추돌 - 주정차중,안전운전불이행,건조,맑음,교차로 - 교차로부근,승용,남,45세,상해없음,승용,남,30세,경상
2012061100100012,2012년 6월 11일 00시,월요일,경상북도 구미시 진평동,중상사고,0,1,1,0,차대차 - 추돌 - 주정차중,안전운전불이행,건조,맑음,교차로 - 교차로부근,승용,여,39세,상해없음,승용,여,42세,중상
2012061100100013,2012년 6월 11일 00시,월요일,경상북도 구미시 봉곡동,중상사고,0,1,0,0,차대차 - 기타,안전운전불이행,건조,맑음,단일로 - 기타,승용,여,41세,기타불명,이륜,남,18세,중상
2012061100100039,2012년 6월 11일 02시,월요일,경상북도 영천시 오수동,중상사고,0,1,0,0,차량단독 - 공작물충돌,안전운전불이행,건조,맑음,단일로 - 기타,승용,남,52세,중상,,,,
2012061100100098,2012년 6월 11일 07시,월요일,경상북도 포항시 북구 동빈1가,경상사고,0,0,1,0,차대차 - 기타,신호위반,건조,맑음,교차로 - 교차로안,기타불명,기타불명,기타불명,기타불명,화물,남,50세,경상
2012061100100099,2012년 6월 11일 07시,월요일,경상북도 성주군 선남면,중상사고,0,1,0,0,차량단독 - 전도전복,안전운전불이행,건조,맑음,단일로 - 기타,승용,남,39세,중상,,,,
2012061100100132,2012년 6월 11일 08시,월요일,경상북도 영덕군 영해면,사망사고,1,0,0,0,차대차 - 측면직각충돌,안전운전불이행,건조,맑음,단일로 - 기타,화물,남,78세,상해없음,이륜,남,84세,사망
2012061100100151,2012년 6월 11일 09시,월요일,경상북도 상주시 사벌면,경상사고,0,0,1,0,차대차 - 정면충돌,중앙선침범,건조,맑음,단일로 - 기타,화물,남,37세,상해없음,승용,남,63세,상해없음
2012061100100182,2012년 6월 11일 10시,월요일,경상북도 경주시 용강동,경상사고,0,0,1,0,차대차 - 측면직각충돌,안전운전불이행,건조,맑음,단일로 - 기타,승용,남,28세,상해없음,승용,남,34세,경상
2012061100100227,2012년 6월 11일 12시,월요일,경상북도 상주시 내서면,중상사고,0,1,0,0,차량단독 - 공작물충돌,안전운전불이행,건조,맑음,단일로 - 기타,승용,남,64세,상해없음,,,,
2012061100100250,2012년 6월 11일 13시,월요일,경상북도 영주시 휴천동,경상사고,0,0,1,1,차대차 - 추돌 - 진행중,안전운전불이행,건조,맑음,교차로 - 교차로부근,이륜,남,74세,부상신고,승용,여,39세,상해없음
2012061100100251,2012년 6월 11일 13시,월요일,경상북도 경산시 진량읍,경상사고,0,0,1,0,차대차 - 기타,안전운전불이행,건조,맑음,단일로 - 기타,승용,남,29세,상해없음,승용,남,33세,경상
2012061100100252,2012년 6월 11일 13시,월요일,경상북도 구미시 형곡동,경상사고,0,0,1,0,차대사람 - 횡단중,안전운전불이행,건조,맑음,교차로 - 교차로부근,기타불명,기타불명,기타불명,기타불명,보행자,여,58세,경상
2012061100100280,2012년 6월 11일 14시,월요일,경상북도 경주시 용강동,경상사고,0,0,1,0,차대차 - 측면직각충돌,안전운전불이행,건조,맑음,교차로 - 교차로부근,승용,여,55세,상해없음,자전거,남,38세,경상
2012061100100281,2012년 6월 11일 14시,월요일,경상북도 김천시 모암동,중상사고,0,1,0,0,차대사람 - 기타,안전운전불이행,건조,맑음,단일로 - 횡단보도상,화물,남,65세,상해없음,보행자,여,62세,중상
2012061100100282,2012년 6월 11일 14시,월요일,경상북도 경산시 조영동,경상사고,0,0,1,0,차대차 - 기타,안전운전불이행,건조,맑음,교차로 - 교차로안,승용,여,57세,상해없음,승용,남,28세,경상
2012061100100311,2012년 6월 11일 15시,월요일,경상북도 포항시 북구 남빈동,경상사고,0,0,2,0,차대차 - 측면직각충돌,교차로운행방법위반,건조,흐림,교차로 - 교차로안,승용,남,73세,상해없음,승용,남,42세,경상
2012061100100347,2012년 6월 11일 16시,월요일,경상북도 안동시 태화동,사망사고,1,0,0,0,차량단독 - 전도전복,안전운전불이행,건조,맑음,단일로 - 기타,원동기,남,56세,사망,,,,
2012061100100348,2012년 6월 11일 16시,월요일,경상북도 포항시 남구 오천읍,중상사고,0,1,0,0,차대사람 - 기타,안전운전불이행,건조,맑음,교차로 - 교차로부근,승용,남,51세,상해없음,보행자,여,72세,중상
2012061100100384,2012년 6월 11일 17시,월요일,경상북도 영주시 가흥동,경상사고,0,0,1,0,차대사람 - 기타,안전운전불이행,건조,맑음,교차로 - 교차로부근,승용,남,33세,상해없음,보행자,남,77세,경상
2012061100100385,2012년 6월 11일 17시,월요일,경상북도 경산시 진량읍,경상사고,0,0,1,0,차대차 - 추돌 - 진행중,안전운전불이행,건조,맑음,단일로 - 기타,이륜,남,32세,상해없음,이륜,남,16세,경상
2012061100100428,2012년 6월 11일 18시,월요일,경상북도 경주시 동천동,경상사고,0,0,1,0,차대차 - 측면직각충돌,안전운전불이행,건조,맑음,교차로 - 교차로안,원동기,남,36세,상해없음,자전거,여,47세,경상
2012061100100551,2012년 6월 11일 22시,월요일,경상북도 경산시 옥산동,중상사고,0,1,0,0,차대사람 - 기타,안전운전불이행,건조,맑음,단일로 - 기타,승용,남,48세,상해없음,보행자,여,66세,중상
2012061100100552,2012년 6월 11일 22시,월요일,경상북도 성주군 선남면,경상사고,0,0,2,0,차대차 - 추돌 - 주정차중,안전운전불이행,건조,맑음,단일로 - 기타,승용,남,52세,상해없음,승용,남,44세,경상
2012061200100027,2012년 6월 12일 01시,화요일,경상북도 영천시 문외동,경상사고,0,0,3,0,차대차 - 측면직각충돌,신호위반,건조,맑음,교차로 - 교차로안,승용,남,21세,상해없음,승용,남,33세,경상
2012061200100028,2012년 6월 12일 01시,화요일,경상북도 구미시 인의동,경상사고,0,0,1,0,차대차 - 기타,안전운전불이행,건조,맑음,기타 - 기타,승용,여,32세,기타불명,승용,여,33세,경상
2012061200100070,2012년 6월 12일 05시,화요일,경상북도 포항시 북구 청하면,중상사고,0,2,0,0,차대차 - 기타,신호위반,건조,맑음,교차로 - 교차로안,화물,남,54세,기타불명,승용,여,33세,중상
2012061200100083,2012년 6월 12일 06시,화요일,경상북도 경주시 현곡면,중상사고,0,1,0,0,차대차 - 측면직각충돌,안전운전불이행,건조,맑음,단일로 - 기타,화물,남,43세,중상,승용,남,43세,상해없음
2012061200100084,2012년 6월 12일 06시,화요일,경상북도 영천시 임고면,중상사고,0,1,1,0,차대차 - 기타,신호위반,건조,맑음,교차로 - 교차로안,농기계,남,72세,중상,화물,남,51세,상해없음
2012061200100102,2012년 6월 12일 07시,화요일,경상북도 포항시 북구 용흥동,중상사고,0,1,2,0,차대차 - 기타,안전거리미확보,건조,맑음,교차로 - 교차로부근,승용,남,39세,상해없음,승용,남,37세,중상
2012061200100103,2012년 6월 12일 07시,화요일,경상북도 안동시 정하동,중상사고,0,1,1,0,차대차 - 기타,직진우회전진행방해,건조,맑음,교차로 - 교차로안,화물,남,56세,경상,승용,여,49세,중상
2012061200100104,2012년 6월 12일 07시,화요일,경상북도 김천시 덕곡동,중상사고,0,1,0,0,차대차 - 측면직각충돌,안전운전불이행,건조,맑음,단일로 - 기타,승용,남,29세,상해없음,승용,여,56세,중상
2012061200100105,2012년 6월 12일 07시,화요일,경상북도 문경시 산양면,경상사고,0,0,2,0,차대차 - 기타,신호위반,건조,맑음,교차로 - 교차로안,승용,남,50세,경상,승용,남,58세,경상
2012061200100106,2012년 6월 12일 07시,화요일,경상북도 영양군 일월면,경상사고,0,0,1,0,차대차 - 기타,중앙선침범,건조,맑음,단일로 - 기타,승용,여,53세,상해없음,화물,남,44세,경상
2012061200100172,2012년 6월 12일 09시,화요일,경상북도 경주시 도지동,부상신고사고,0,0,0,1,차대차 - 기타,안전운전불이행,건조,맑음,교차로 - 교차로부근,승합,여,50세,부상신고,화물,남,55세,상해없음
2012061200100173,2012년 6월 12일 09시,화요일,경상북도 칠곡군 가산면,중상사고,0,1,0,1,차대차 - 기타,중앙선침범,건조,맑음,교차로 - 교차로부근,승용,여,41세,부상신고,승합,남,51세,중상
2012061200100198,2012년 6월 12일 10시,화요일,경상북도 포항시 북구 덕산동,경상사고,0,0,2,0,차대사람 - 기타,안전운전불이행,건조,맑음,단일로 - 기타,승용,남,41세,상해없음,보행자,남,27세,경상
2012061200100199,2012년 6월 12일 10시,화요일,경상북도 구미시 고아읍,중상사고,0,1,0,0,차대차 - 측면직각충돌,중앙선침범,건조,맑음,교차로 - 교차로부근,자전거,남,76세,중상,승용,여,38세,상해없음
2012061200100227,2012년 6월 12일 11시,화요일,경상북도 영천시 창구동,중상사고,0,1,0,0,차대차 - 기타,신호위반,건조,맑음,교차로 - 교차로안,이륜,여,64세,중상,승용,남,53세,상해없음
2012061200100228,2012년 6월 12일 11시,화요일,경상북도 영천시 괴연동,경상사고,0,0,3,0,차대차 - 기타,안전운전불이행,건조,맑음,단일로 - 기타,승용,남,63세,경상,승합,남,41세,경상
2012061200100229,2012년 6월 12일 11시,화요일,경상북도 포항시 남구 송도동,부상신고사고,0,0,0,1,차대차 - 기타,안전운전불이행,건조,맑음,단일로 - 기타,승용,여,50세,상해없음,자전거,남,88세,부상신고
2012061200100230,2012년 6월 12일 11시,화요일,경상북도 포항시 남구 상도동,중상사고,0,1,0,0,차대차 - 측면직각충돌,안전운전불이행,건조,맑음,단일로 - 기타,원동기,남,54세,중상,승용,남,49세,상해없음
2012061200100251,2012년 6월 12일 12시,화요일,경상북도 경주시 동천동,경상사고,0,0,1,0,차대차 - 측면직각충돌,안전운전불이행,건조,맑음,교차로 - 교차로부근,승용,여,50세,상해없음,자전거,여,30세,경상
2012061200100252,2012년 6월 12일 12시,화요일,경상북도 의성군 사곡면,중상사고,0,1,0,0,차대차 - 측면직각충돌,안전운전불이행,건조,맑음,교차로 - 교차로부근,화물,남,57세,상해없음,이륜,남,82세,중상
2012061200100339,2012년 6월 12일 15시,화요일,경상북도 경주시 사정동,부상신고사고,0,0,0,1,차대차 - 측면직각충돌,신호위반,건조,맑음,교차로 - 교차로안,원동기,남,64세,부상신고,승용,여,40세,상해없음
2012061200100340,2012년 6월 12일 15시,화요일,경상북도 포항시 북구 동빈1가,경상사고,0,0,1,0,차대사람 - 횡단중,신호위반,건조,맑음,단일로 - 횡단보도상,원동기,여,21세,상해없음,보행자,여,6세,경상
2012061200100341,2012년 6월 12일 15시,화요일,경상북도 예천군 예천읍,사망사고,1,1,1,0,차대차 - 정면충돌,중앙선침범,건조,맑음,교차로 - 교차로안,승용,남,47세,경상,이륜,남,63세,사망
2012061200100342,2012년 6월 12일 15시,화요일,경상북도 청도군 이서면,중상사고,0,1,0,0,차대차 - 측면직각충돌,교차로운행방법위반,건조,맑음,단일로 - 기타,화물,남,54세,상해없음,승용,남,61세,상해없음
2012061200100343,2012년 6월 12일 15시,화요일,경상북도 울진군 서면,경상사고,0,0,2,0,차대사람 - 기타,안전운전불이행,건조,맑음,단일로 - 기타,건설기계,남,62세,경상,보행자,여,47세,경상
2012061200100374,2012년 6월 12일 16시,화요일,경상북도 경산시 중방동,경상사고,0,0,1,0,차대사람 - 기타,안전운전불이행,건조,기타,단일로 - 기타,승용,남,63세,상해없음,보행자,여,76세,경상
2012061200100375,2012년 6월 12일 16시,화요일,경상북도 포항시 남구 청림동,중상사고,0,1,0,0,차대사람 - 기타,안전운전불이행,건조,맑음,기타 - 기타,승용,남,38세,상해없음,보행자,남,71세,중상
2012061200100403,2012년 6월 12일 17시,화요일,경상북도 경주시 성건동,경상사고,0,0,2,0,차대차 - 기타,안전운전불이행,건조,맑음,교차로 - 교차로안,기타불명,기타불명,기타불명,기타불명,이륜,남,16세,경상
2012061200100404,2012년 6월 12일 17시,화요일,경상북도 포항시 남구 연일읍,경상사고,0,0,2,0,차대차 - 추돌 - 진행중,안전운전불이행,건조,흐림,단일로 - 기타,승용,남,27세,상해없음,승용,여,51세,경상