사고번호,사고일시,요일,시군구,사고내용,사망자수,중상자수,경상자수,부상신고자수,사고유형,법규위반,노면상태,기상상태,도로형태,가해운전자 차종,가해운전자 성별,가해운전자 연령,가해운전자 상해정도,피해운전자 차종,피해운전자 성별,피해운전자 연령,피해운전자 상해정도
2012061500100266,2012년 6월 15일 12시,금요일,경상북도 포항시 북구 흥해읍,경상사고,0,0,1,0,차대사람 - 기타,안전운전불이행,건조,맑음,교차로 - 교차로부근,승합,남,59세,상해없음,보행자,여,71세,경상
2012061500100267,2012년 6월 15일 12시,금요일,경상북도 포항시 남구 연일읍,경상사고,0,0,1,0,차대차 - 기타,안전운전불이행,건조,맑음,단일로 - 기타,기타불명,기타불명,기타불명,기타불명,승용,남,34세,경상
2012061500100289,2012년 6월 15일 13시,금요일,경상북도 칠곡군 약목면,경상사고,0,0,2,0,차대차 - 추돌 - 진행중,안전운전불이행,습기,비,교차로 - 교차로부근,화물,남,46세,상해없음,승용,남,40세,경상
2012061500100290,2012년 6월 15일 13시,금요일,경상북도 영양군 석보면,부상신고사고,0,0,0,1,차대차 - 추돌 - 주정차중,안전운전불이행,건조,흐림,단일로 - 기타,승용,남,75세,상해없음,화물,남,45세,기타불명
2012061500100328,2012년 6월 15일 14시,금요일,경상북도 김천시 구성면,중상사고,0,2,1,0,차대차 - 측면직각충돌,안전운전불이행,습기,비,단일로 - 기타,화물,남,52세,상해없음,화물,남,45세,중상
2012061500100329,2012년 6월 15일 14시,금요일,경상북도 경산시 옥산동,경상사고,0,0,1,0,차대차 - 기타,안전거리미확보,습기,비,교차로 - 교차로부근,승용,여,25세,상해없음,승용,남,62세,상해없음
2012061500100371,2012년 6월 15일 15시,금요일,경상북도 칠곡군 왜관읍,경상사고,0,0,1,1,차대차 - 추돌 - 진행중,중앙선침범,습기,비,단일로 - 기타,승용,남,34세,부상신고,승합,남,64세,경상
2012061500100407,2012년 6월 15일 16시,금요일,경상북도 안동시 당북동,중상사고,0,1,0,0,차량단독 - 전도전복,안전운전불이행,습기,비,교차로 - 교차로부근,이륜,남,76세,중상,,,,
2012061500100408,2012년 6월 15일 16시,금요일,경상북도 안동시 태화동,경상사고,0,0,1,0,차대사람 - 기타,보행자보호의무위반,건조,맑음,단일로 - 횡단보도상,승용,남,30세,상해없음,보행자,남,19세,경상
2012061500100409,2012년 6월 15일 16시,금요일,경상북도 상주시 계산동,경상사고,0,0,1,0,차대차 - 추돌 - 주정차중,안전운전불이행,습기,흐림,교차로 - 교차로부근,화물,남,50세,상해없음,화물,남,49세,경상
2012061500100410,2012년 6월 15일 16시,금요일,경상북도 영천시 과전동,중상사고,0,1,1,0,차대사람 - 횡단중,안전운전불이행,습기,비,단일로 - 기타,이륜,남,76세,경상,보행자,여,74세,중상
2012061500100411,2012년 6월 15일 16시,금요일,경상북도 문경시 산양면,경상사고,0,0,2,0,차대차 - 기타,중앙선침범,습기,비,교차로 - 교차로안,화물,남,59세,상해없음,승용,남,79세,경상
2012061500100412,2012년 6월 15일 16시,금요일,경상북도 성주군 선남면,경상사고,0,0,2,0,차대차 - 측면직각충돌,중앙선침범,습기,비,단일로 - 기타,승용,남,45세,상해없음,승용,여,42세,경상
2012061500100413,2012년 6월 15일 16시,금요일,경상북도 구미시 구평동,중상사고,0,2,0,0,차대차 - 측면직각충돌,안전운전불이행,습기,비,교차로 - 교차로부근,승용,남,30세,상해없음,승용,남,23세,중상
2012061500100453,2012년 6월 15일 17시,금요일,경상북도 김천시 평화동,경상사고,0,0,1,0,차대차 - 측면직각충돌,안전운전불이행,습기,비,단일로 - 기타,이륜,남,15세,상해없음,승용,여,53세,상해없음
2012061500100454,2012년 6월 15일 17시,금요일,경상북도 문경시 모전동,경상사고,0,0,1,0,차대차 - 기타,직진우회전진행방해,건조,맑음,교차로 - 교차로안,승용,여,42세,상해없음,이륜,남,17세,경상
2012061500100455,2012년 6월 15일 17시,금요일,경상북도 고령군 고령읍,중상사고,0,1,0,0,차대차 - 정면충돌,중앙선침범,건조,맑음,교차로 - 교차로부근,자전거,남,64세,중상,화물,남,47세,상해없음
2012061500100456,2012년 6월 15일 17시,금요일,경상북도 구미시 사곡동,경상사고,0,0,1,0,차대차 - 측면직각충돌,교차로운행방법위반,건조,맑음,교차로 - 교차로안,승용,남,52세,상해없음,이륜,남,45세,경상
2012061500100457,2012년 6월 15일 17시,금요일,경상북도 포항시 남구 청림동,경상사고,0,0,2,0,차대차 - 추돌 - 진행중,안전거리미확보,습기,비,교차로 - 교차로부근,승용,남,61세,상해없음,승용,남,64세,경상
2012061500100503,2012년 6월 15일 18시,금요일,경상북도 영주시 풍기읍,경상사고,0,0,3,0,차대차 - 측면직각충돌,안전운전불이행,습기,비,교차로 - 교차로안,화물,남,68세,상해없음,승용,여,22세,경상
2012061500100504,2012년 6월 15일 18시,금요일,경상북도 경산시 삼남동,경상사고,0,0,5,0,차대차 - 기타,교차로운행방법위반,습기,비,교차로 - 교차로안,승용,여,46세,상해없음,화물,남,51세,경상
2012061500100505,2012년 6월 15일 18시,금요일,경상북도 구미시 도량동,중상사고,0,1,0,0,차대사람 - 차도통행중,안전운전불이행,습기,비,단일로 - 기타,이륜,남,22세,상해없음,보행자,남,14세,중상
2012061500100506,2012년 6월 15일 18시,금요일,경상북도 포항시 남구 해도동,중상사고,0,1,0,0,차대차 - 추돌 - 진행중,안전운전불이행,습기,비,교차로 - 교차로부근,승용,여,38세,상해없음,자전거,여,57세,중상
2012061500100507,2012년 6월 15일 18시,금요일,경상북도 포항시 남구 인덕동,경상사고,0,0,2,0,차대차 - 측면직각충돌,안전운전불이행,습기,비,교차로 - 교차로안,승용,여,48세,경상,승용,남,39세,경상
2012061500100541,2012년 6월 15일 19시,금요일,경상북도 예천군 예천읍,경상사고,0,0,1,0,차대차 - 정면충돌,안전운전불이행,습기,비,단일로 - 기타,화물,여,56세,상해없음,승용,남,37세,경상
2012061500100591,2012년 6월 15일 20시,금요일,경상북도 경주시 노서동,부상신고사고,0,0,0,1,차대사람 - 기타,안전운전불이행,습기,비,단일로 - 기타,원동기,여,26세,상해없음,보행자,여,71세,부상신고
2012061500100592,2012년 6월 15일 20시,금요일,경상북도 경주시 동천동,중상사고,0,1,0,0,차대사람 - 횡단중,안전운전불이행,습기,비,단일로 - 기타,승용,남,60세,상해없음,보행자,남,15세,중상
2012061500100593,2012년 6월 15일 20시,금요일,경상북도 포항시 북구 죽도동,중상사고,0,1,0,0,차대사람 - 기타,안전운전불이행,습기,비,단일로 - 기타,승용,남,43세,상해없음,보행자,남,63세,중상
2012061500100594,2012년 6월 15일 20시,금요일,경상북도 구미시 원평동,중상사고,0,1,0,0,차대사람 - 기타,안전운전불이행,건조,맑음,기타 - 기타,기타불명,기타불명,기타불명,기타불명,보행자,여,58세,중상
2012061500100649,2012년 6월 15일 21시,금요일,경상북도 경주시 구황동,경상사고,0,0,1,0,차대차 - 기타,안전운전불이행,건조,맑음,교차로 - 교차로부근,승용,남,46세,상해없음,승용,여,26세,경상
2012061500100650,2012년 6월 15일 21시,금요일,경상북도 영천시 문외동,부상신고사고,0,0,0,1,차량단독 - 공작물충돌,안전운전불이행,습기,흐림,단일로 - 기타,승용,남,52세,부상신고,,,,
2012061500100651,2012년 6월 15일 21시,금요일,경상북도 구미시 송정동,경상사고,0,0,2,0,차대차 - 추돌 - 진행중,안전운전불이행,습기,비,단일로 - 기타,승용,남,50세,경상,승용,남,26세,경상
2012061500100652,2012년 6월 15일 21시,금요일,경상북도 포항시 남구 오천읍,경상사고,0,0,4,0,차대차 - 측면직각충돌,교차로운행방법위반,습기,비,교차로 - 교차로안,승합,여,39세,경상,승합,남,37세,경상
2012061500100653,2012년 6월 15일 21시,금요일,경상북도 포항시 남구 대도동,경상사고,0,0,1,0,차대사람 - 기타,안전운전불이행,습기,비,단일로 - 기타,승용,남,35세,상해없음,보행자,남,35세,경상
2012061500100701,2012년 6월 15일 22시,금요일,경상북도 청도군 화양읍,경상사고,0,0,4,0,차대차 - 추돌 - 주정차중,안전운전불이행,습기,비,교차로 - 교차로안,승용,남,41세,상해없음,승용,여,44세,경상
2012061500100702,2012년 6월 15일 22시,금요일,경상북도 구미시 인의동,경상사고,0,0,1,0,차대사람 - 횡단중,안전운전불이행,습기,비,교차로 - 교차로부근,화물,남,42세,상해없음,보행자,여,40세,경상
2012061500100703,2012년 6월 15일 22시,금요일,경상북도 포항시 남구 구룡포읍,중상사고,0,2,1,0,차대차 - 추돌 - 진행중,교차로운행방법위반,습기,비,교차로 - 교차로안,승용,남,30세,경상,화물,남,74세,중상
2012061500100743,2012년 6월 15일 23시,금요일,경상북도 경주시 동천동,경상사고,0,0,3,0,차대차 - 기타,교차로운행방법위반,습기,비,교차로 - 교차로안,승용,남,62세,상해없음,승용,남,47세,경상
2012061500100744,2012년 6월 15일 23시,금요일,경상북도 경산시 사동,경상사고,0,0,1,0,차대사람 - 기타,안전운전불이행,건조,맑음,단일로 - 기타,이륜,남,23세,상해없음,보행자,남,50세,경상
2012061600100025,2012년 6월 16일 00시,토요일,경상북도 경주시 안강읍,경상사고,0,0,1,0,차대사람 - 기타,안전운전불이행,습기,비,단일로 - 기타,승용,남,46세,상해없음,보행자,여,47세,경상
2012061600100026,2012년 6월 16일 00시,토요일,경상북도 경주시 동천동,경상사고,0,0,1,0,차대사람 - 기타,안전운전불이행,습기,비,단일로 - 기타,승용,남,54세,상해없음,보행자,남,54세,경상
2012061600100027,2012년 6월 16일 00시,토요일,경상북도 경주시 황성동,중상사고,0,1,0,0,차대사람 - 기타,보행자보호의무위반,습기,비,단일로 - 횡단보도상,승용,남,45세,상해없음,보행자,남,49세,중상
2012061600100028,2012년 6월 16일 00시,토요일,경상북도 안동시 태화동,경상사고,0,0,2,0,차대차 - 측면직각충돌,중앙선침범,습기,비,교차로 - 교차로부근,이륜,남,17세,경상,승용,남,32세,경상
2012061600100029,2012년 6월 16일 00시,토요일,경상북도 포항시 남구 동해면,경상사고,0,0,1,0,차대사람 - 기타,안전운전불이행,습기,비,단일로 - 기타,화물,남,29세,상해없음,보행자,남,17세,경상
2012061600100070,2012년 6월 16일 01시,토요일,경상북도 포항시 북구 용흥동,경상사고,0,0,1,0,차대차 - 추돌 - 주정차중,안전거리미확보,습기,비,단일로 - 기타,승용,남,72세,상해없음,승용,남,49세,상해없음
2012061600100071,2012년 6월 16일 01시,토요일,경상북도 포항시 남구 해도동,경상사고,0,0,1,0,차대차 - 추돌 - 진행중,안전운전불이행,습기,비,교차로 - 교차로안,승용,남,48세,상해없음,승용,여,39세,경상
2012061600100099,2012년 6월 16일 02시,토요일,경상북도 경주시 노서동,경상사고,0,0,1,0,차대차 - 기타,안전운전불이행,습기,비,교차로 - 교차로부근,승용,남,28세,상해없음,승용,남,55세,경상
2012061600100172,2012년 6월 16일 07시,토요일,경상북도 포항시 북구 용흥동,경상사고,0,0,1,0,차대사람 - 기타,안전운전불이행,건조,맑음,교차로 - 교차로안,승용,남,36세,상해없음,보행자,남,61세,경상
2012061600100173,2012년 6월 16일 07시,토요일,경상북도 구미시 진평동,중상사고,0,2,0,0,차대차 - 측면직각충돌,직진우회전진행방해,건조,맑음,교차로 - 교차로안,승용,남,18세,기타불명,승용,남,26세,중상
2012061600100197,2012년 6월 16일 08시,토요일,경상북도 봉화군 물야면,경상사고,0,0,1,0,차대차 - 측면직각충돌,안전운전불이행,건조,맑음,단일로 - 기타,화물,남,38세,상해없음,자전거,남,7세,경상
2012061600100222,2012년 6월 16일 09시,토요일,경상북도 김천시 봉산면,중상사고,0,1,1,0,차대차 - 추돌 - 진행중,안전운전불이행,건조,맑음,단일로 - 기타,화물,남,40세,경상,화물,남,48세,중상
2012061600100247,2012년 6월 16일 10시,토요일,경상북도 포항시 북구 장성동,경상사고,0,0,2,0,차대차 - 기타,안전운전불이행,건조,맑음,교차로 - 교차로부근,승용,남,29세,상해없음,승용,여,39세,경상
2012061600100280,2012년 6월 16일 11시,토요일,경상북도 상주시 낙동면,사망사고,1,1,0,0,차대차 - 측면직각충돌,기타,건조,맑음,교차로 - 교차로안,건설기계,남,53세,상해없음,승용,남,54세,사망
2012061600100315,2012년 6월 16일 12시,토요일,경상북도 경주시 안강읍,경상사고,0,0,1,0,차대사람 - 기타,안전운전불이행,건조,맑음,기타 - 기타,승용,남,30세,기타불명,보행자,여,36세,경상
2012061600100316,2012년 6월 16일 12시,토요일,경상북도 영주시 상망동,경상사고,0,0,3,0,차대차 - 추돌 - 진행중,안전운전불이행,건조,맑음,교차로 - 교차로부근,승용,남,64세,상해없음,승용,남,30세,경상
2012061600100317,2012년 6월 16일 12시,토요일,경상북도 청송군 청송읍,중상사고,0,1,0,0,차대차 - 측면직각충돌,안전운전불이행,건조,맑음,단일로 - 기타,화물,남,29세,상해없음,자전거,남,14세,중상
2012061600100349,2012년 6월 16일 13시,토요일,경상북도 경주시 동천동,경상사고,0,0,1,0,차대차 - 기타,안전운전불이행,건조,맑음,교차로 - 교차로부근,승용,여,44세,상해없음,자전거,남,13세,경상
2012061600100350,2012년 6월 16일 13시,토요일,경상북도 안동시 수상동,중상사고,0,1,0,0,차대차 - 추돌 - 진행중,안전운전불이행,건조,맑음,단일로 - 교량,승용,남,34세,상해없음,화물,남,59세,중상
2012061600100351,2012년 6월 16일 13시,토요일,경상북도 칠곡군 약목면,중상사고,0,1,1,0,차대차 - 추돌 - 진행중,안전거리미확보,건조,맑음,교차로 - 교차로부근,화물,남,54세,상해없음,승용,남,31세,중상
2012061600100352,2012년 6월 16일 13시,토요일,경상북도 경산시 중방동,중상사고,0,1,0,0,차대사람 - 기타,안전운전불이행,건조,맑음,단일로 - 기타,화물,남,50세,상해없음,보행자,여,51세,중상
2012061600100353,2012년 6월 16일 13시,토요일,경상북도 포항시 남구 오천읍,중상사고,0,1,0,0,차대사람 - 기타,보행자보호의무위반,건조,맑음,단일로 - 기타,승합,남,32세,상해없음,보행자,남,70세,중상
2012061600100424,2012년 6월 16일 15시,토요일,경상북도 문경시 문경읍,경상사고,0,0,1,0,차대차 - 기타,안전운전불이행,건조,맑음,단일로 - 기타,화물,남,49세,상해없음,승용,여,32세,경상
2012061600100425,2012년 6월 16일 15시,토요일,경상북도 청도군 풍각면,중상사고,0,1,1,0,차대차 - 정면충돌,교차로운행방법위반,건조,맑음,교차로 - 교차로안,화물,남,27세,중상,화물,남,27세,경상
2012061600100447,2012년 6월 16일 16시,토요일,경상북도 경주시 성동동,경상사고,0,0,1,0,차대차 - 기타,안전운전불이행,건조,맑음,교차로 - 교차로안,승용,남,71세,상해없음,승용,여,36세,경상
2012061600100448,2012년 6월 16일 16시,토요일,경상북도 상주시 사벌면,중상사고,0,1,1,0,차대차 - 측면직각충돌,교차로운행방법위반,건조,맑음,교차로 - 교차로안,승용,남,25세,상해없음,승용,남,60세,중상
2012061600100485,2012년 6월 16일 17시,토요일,경상북도 경주시 외동읍,경상사고,0,0,2,0,차대차 - 측면직각충돌,안전운전불이행,건조,맑음,단일로 - 기타,승용,남,45세,상해없음,원동기,남,32세,경상
2012061600100486,2012년 6월 16일 17시,토요일,경상북도 경주시 배반동,경상사고,0,0,1,0,차대차 - 기타,안전운전불이행,건조,맑음,교차로 - 교차로부근,기타불명,기타불명,기타불명,기타불명,승용,여,28세,상해없음
2012061600100487,2012년 6월 16일 17시,토요일,경상북도 울진군 죽변면,중상사고,0,1,0,0,차대사람 - 보도통행중,보행자보호의무위반,건조,맑음,단일로 - 횡단보도상,승용,여,49세,상해없음,보행자,여,15세,중상
2012061600100522,2012년 6월 16일 18시,토요일,경상북도 안동시 용상동,경상사고,0,0,1,0,차대차 - 측면직각충돌,직진우회전진행방해,건조,맑음,교차로 - 교차로안,승용,여,44세,상해없음,이륜,남,18세,경상
2012061600100523,2012년 6월 16일 18시,토요일,경상북도 경산시 사정동,중상사고,0,1,0,0,차대사람 - 횡단중,안전운전불이행,건조,맑음,단일로 - 기타,승용,여,30세,기타불명,보행자,여,18세,중상
2012061600100524,2012년 6월 16일 18시,토요일,경상북도 경산시 옥산동,경상사고,0,0,2,0,차대차 - 기타,안전운전불이행,건조,기타,교차로 - 교차로부근,승용,남,49세,경상,승합,남,58세,경상
2012061600100525,2012년 6월 16일 18시,토요일,경상북도 포항시 남구 인덕동,중상사고,0,1,0,0,차대차 - 추돌 - 진행중,교차로운행방법위반,건조,맑음,교차로 - 교차로안,승용,남,57세,상해없음,원동기,남,52세,중상
2012061600100553,2012년 6월 16일 19시,토요일,경상북도 포항시 북구 청하면,경상사고,0,0,1,0,차대사람 - 기타,안전운전불이행,건조,맑음,단일로 - 기타,승용,남,71세,상해없음,보행자,여,1세,경상
2012061600100554,2012년 6월 16일 19시,토요일,경상북도 영주시 휴천동,경상사고,0,0,1,0,차대차 - 측면직각충돌,안전운전불이행,건조,맑음,교차로 - 교차로안,승용,남,44세,상해없음,승합,남,48세,상해없음
2012061600100555,2012년 6월 16일 19시,토요일,경상북도 청도군 각남면,중상사고,0,3,0,0,차대차 - 정면충돌,안전운전불이행,건조,맑음,단일로 - 기타,화물,남,47세,상해없음,원동기,여,44세,중상
2012061600100556,2012년 6월 16일 19시,토요일,경상북도 구미시 원평동,경상사고,0,0,1,0,차대차 - 측면직각충돌,안전운전불이행,건조,맑음,교차로 - 교차로안,승용,남,41세,기타불명,이륜,남,17세,경상
2012061600100579,2012년 6월 16일 20시,토요일,경상북도 경주시 황남동,경상사고,0,0,1,1,차대차 - 기타,신호위반,건조,맑음,교차로 - 교차로안,이륜,남,50세,부상신고,승용,남,34세,경상
2012061600100580,2012년 6월 16일 20시,토요일,경상북도 영천시 금호읍,중상사고,0,1,0,0,차대차 - 측면직각충돌,교차로운행방법위반,건조,맑음,교차로 - 교차로안,화물,남,52세,상해없음,이륜,남,37세,중상
2012061600100581,2012년 6월 16일 20시,토요일,경상북도 구미시 진평동,중상사고,0,2,0,0,차대차 - 측면직각충돌,안전운전불이행,건조,맑음,단일로 - 기타,화물,남,60세,상해없음,승용,남,22세,중상
2012061600100582,2012년 6월 16일 20시,토요일,경상북도 포항시 남구 오천읍,경상사고,0,0,2,0,차대차 - 추돌 - 진행중,안전운전불이행,건조,맑음,교차로 - 교차로안,승용,남,27세,상해없음,승용,남,30세,경상
2012061600100614,2012년 6월 16일 21시,토요일,경상북도 김천시 백옥동,중상사고,0,1,0,0,차대사람 - 기타,안전운전불이행,건조,맑음,단일로 - 기타,이륜,남,35세,상해없음,보행자,여,56세,중상
2012061600100615,2012년 6월 16일 21시,토요일,경상북도 봉화군 물야면,경상사고,0,0,7,0,차대차 - 측면직각충돌,안전운전불이행,건조,맑음,단일로 - 기타,승용,여,35세,경상,승용,여,28세,경상
2012061600100616,2012년 6월 16일 21시,토요일,경상북도 청도군 청도읍,중상사고,0,1,1,0,차대차 - 추돌 - 진행중,안전운전불이행,건조,맑음,단일로 - 기타,승용,여,54세,상해없음,승용,남,62세,경상
2012061600100643,2012년 6월 16일 22시,토요일,경상북도 경산시 중방동,경상사고,0,0,1,0,차대차 - 기타,안전운전불이행,건조,맑음,교차로 - 교차로안,승용,남,48세,상해없음,승용,남,43세,경상
2012061600100644,2012년 6월 16일 22시,토요일,경상북도 군위군 고로면,중상사고,0,1,0,0,차대차 - 추돌 - 주정차중,안전운전불이행,습기,비,단일로 - 교량,화물,남,46세,상해없음,승용,남,36세,중상
2012061600100645,2012년 6월 16일 22시,토요일,경상북도 구미시 원평동,중상사고,0,1,0,0,차대사람 - 기타,안전운전불이행,건조,맑음,기타 - 기타,승용,남,53세,상해없음,보행자,여,5세,중상
2012061600100672,2012년 6월 16일 23시,토요일,경상북도 구미시 시미동,중상사고,0,2,1,0,차대차 - 측면직각충돌,교차로운행방법위반,건조,맑음,교차로 - 교차로안,승용,여,46세,경상,승용,남,51세,중상
2012061600100673,2012년 6월 16일 23시,토요일,경상북도 포항시 남구 해도동,경상사고,0,0,2,0,차대차 - 측면직각충돌,교차로운행방법위반,건조,맑음,교차로 - 교차로부근,승용,남,49세,경상,승용,남,36세,경상
2012061700100017,2012년 6월 17일 00시,일요일,경상북도 경산시 사동,중상사고,0,1,0,0,차대차 - 측면직각충돌,안전운전불이행,건조,맑음,단일로 - 기타,기타불명,기타불명,기타불명,기타불명,이륜,남,21세,중상
2012061700100018,2012년 6월 17일 00시,일요일,경상북도 구미시 도량동,중상사고,0,1,1,0,차대차 - 기타,안전운전불이행,건조,맑음,단일로 - 기타,승용,여,34세,중상,승용,미분류,기타불명,기타불명
2012061700100043,2012년 6월 17일 01시,일요일,경상북도 경주시 안강읍,중상사고,0,1,0,0,차대차 - 기타,안전운전불이행,건조,맑음,단일로 - 기타,승용,남,30세,상해없음,승용,남,34세,중상
2012061700100071,2012년 6월 17일 03시,일요일,경상북도 경산시 진량읍,경상사고,0,0,1,0,차대차 - 추돌 - 진행중,안전운전불이행,건조,맑음,단일로 - 기타,승용,남,27세,상해없음,화물,남,38세,경상
2012061700100087,2012년 6월 17일 04시,일요일,경상북도 구미시 원평동,경상사고,0,0,1,0,차대사람 - 기타,안전운전불이행,건조,맑음,기타 - 기타,승용,남,26세,상해없음,보행자,남,28세,경상
2012061700100134,2012년 6월 17일 08시,일요일,경상북도 경주시 외동읍,중상사고,0,1,1,0,차대차 - 추돌 - 진행중,안전운전불이행,건조,맑음,단일로 - 기타,화물,남,55세,상해없음,승용,남,31세,상해없음
2012061700100135,2012년 6월 17일 08시,일요일,경상북도 칠곡군 북삼읍,중상사고,0,1,0,0,차대차 - 추돌 - 진행중,안전운전불이행,건조,기타,단일로 - 기타,화물,남,48세,상해없음,승합,남,48세,상해없음
2012061700100136,2012년 6월 17일 08시,일요일,경상북도 봉화군 법전면,부상신고사고,0,0,0,1,차대차 - 기타,안전운전불이행,건조,맑음,단일로 - 기타,자전거,남,47세,부상신고,승용,남,38세,상해없음
2012061700100152,2012년 6월 17일 09시,일요일,경상북도 울진군 울진읍,경상사고,0,0,1,0,차대차 - 측면직각충돌,직진우회전진행방해,건조,맑음,교차로 - 교차로안,이륜,남,78세,경상,승용,여,25세,상해없음
2012061700100190,2012년 6월 17일 11시,일요일,경상북도 영천시 완산동,경상사고,0,0,1,0,차대사람 - 길가장자리구역통행중,안전운전불이행,건조,맑음,단일로 - 기타,승용,남,61세,상해없음,보행자,여,50세,경상
2012061700100191,2012년 6월 17일 11시,일요일,경상북도 포항시 남구 동해면,경상사고,0,0,1,0,차대차 - 추돌 - 진행중,안전운전불이행,건조,맑음,기타 - 기타,자전거,여,24세,경상,승용,남,47세,상해없음
2012061700100216,2012년 6월 17일 12시,일요일,경상북도 안동시 금곡동,중상사고,0,1,0,0,차대사람 - 횡단중,보행자보호의무위반,건조,맑음,교차로 - 교차로안,이륜,남,28세,상해없음,보행자,남,73세,중상
2012061700100217,2012년 6월 17일 12시,일요일,경상북도 영주시 가흥동,부상신고사고,0,0,0,1,차량단독 - 기타,안전운전불이행,건조,맑음,교차로 - 교차로부근,자전거,여,15세,부상신고,,,,
2012061700100218,2012년 6월 17일 12시,일요일,경상북도 성주군 성주읍,중상사고,0,2,1,0,차대차 - 측면직각충돌,직진우회전진행방해,건조,맑음,교차로 - 교차로안,원동기,남,74세,중상,이륜,남,70세,경상
2012061700100239,2012년 6월 17일 13시,일요일,경상북도 김천시 양천동,경상사고,0,0,3,0,차대차 - 측면직각충돌,중앙선침범,건조,맑음,단일로 - 기타,화물,남,68세,상해없음,승용,남,32세,경상
2012061700100240,2012년 6월 17일 13시,일요일,경상북도 구미시 진평동,경상사고,0,0,1,0,차대차 - 측면직각충돌,기타,건조,맑음,단일로 - 기타,이륜,남,31세,경상,승용,남,23세,상해없음
2012061700100267,2012년 6월 17일 14시,일요일,경상북도 성주군 금수면,중상사고,0,1,0,0,차량단독 - 공작물충돌,안전운전불이행,건조,맑음,단일로 - 기타,원동기,남,62세,중상,,,,
2012061700100268,2012년 6월 17일 14시,일요일,경상북도 구미시 원평동,중상사고,0,2,0,0,차대차 - 측면직각충돌,안전운전불이행,건조,맑음,단일로 - 기타,승용,남,52세,상해없음,승용,여,65세,중상
2012061700100294,2012년 6월 17일 15시,일요일,경상북도 경주시 강동면,중상사고,0,1,1,0,차대차 - 기타,안전운전불이행,건조,맑음,단일로 - 기타,승용,남,48세,상해없음,승용,남,56세,경상
2012061700100295,2012년 6월 17일 15시,일요일,경상북도 청송군 진보면,경상사고,0,0,3,0,차대차 - 측면직각충돌,안전운전불이행,건조,맑음,단일로 - 기타,승합,남,40세,상해없음,승용,남,43세,상해없음
2012061700100296,2012년 6월 17일 15시,일요일,경상북도 구미시 인의동,경상사고,0,0,1,0,차대사람 - 횡단중,기타,건조,맑음,단일로 - 기타,승용,남,40세,상해없음,보행자,여,3세,경상
2012061700100352,2012년 6월 17일 17시,일요일,경상북도 의성군 안계면,중상사고,0,1,7,0,차대차 - 정면충돌,중앙선침범,건조,맑음,단일로 - 기타,화물,남,45세,상해없음,승용,남,45세,경상
2012061700100353,2012년 6월 17일 17시,일요일,경상북도 구미시 옥성면,경상사고,0,0,1,0,차대사람 - 기타,안전운전불이행,건조,맑음,기타 - 기타,승합,남,41세,상해없음,보행자,남,60세,경상
2012061700100371,2012년 6월 17일 18시,일요일,경상북도 경주시 황남동,중상사고,0,1,0,0,차대차 - 추돌 - 진행중,안전운전불이행,건조,맑음,교차로 - 교차로부근,화물,남,55세,상해없음,승용,여,56세,중상
2012061700100372,2012년 6월 17일 18시,일요일,경상북도 안동시 당북동,중상사고,0,1,0,0,차대차 - 기타,안전운전불이행,건조,맑음,교차로 - 교차로부근,승용,여,29세,상해없음,자전거,남,33세,중상
2012061700100373,2012년 6월 17일 18시,일요일,경상북도 칠곡군 왜관읍,경상사고,0,0,1,0,차대차 - 추돌 - 진행중,안전운전불이행,건조,맑음,교차로 - 교차로안,화물,남,55세,상해없음,이륜,남,45세,경상
2012061700100374,2012년 6월 17일 18시,일요일,경상북도 경산시 진량읍,중상사고,0,1,2,0,차대차 - 측면직각충돌,안전운전불이행,건조,맑음,교차로 - 교차로부근,원동기,남,48세,중상,승용,남,23세,경상
2012061700100375,2012년 6월 17일 18시,일요일,경상북도 구미시 옥계동,경상사고,0,0,1,0,차대사람 - 횡단중,신호위반,건조,맑음,교차로 - 교차로안,이륜,남,17세,상해없음,보행자,여,38세,경상
2012061700100376,2012년 6월 17일 18시,일요일,경상북도 경산시 남천면,중상사고,0,2,0,0,차대차 - 측면직각충돌,안전운전불이행,건조,맑음,단일로 - 기타,승용,남,28세,상해없음,승용,여,25세,중상
2012061700100407,2012년 6월 17일 19시,일요일,경상북도 구미시 진평동,경상사고,0,0,1,0,차대사람 - 기타,안전운전불이행,건조,맑음,단일로 - 기타,승용,남,51세,상해없음,보행자,여,26세,경상
2012061700100436,2012년 6월 17일 20시,일요일,경상북도 경주시 안강읍,중상사고,0,1,0,0,차대차 - 측면직각충돌,안전운전불이행,건조,맑음,교차로 - 교차로안,화물,남,51세,상해없음,승용,남,32세,중상
2012061700100437,2012년 6월 17일 20시,일요일,경상북도 김천시 덕곡동,경상사고,0,0,1,0,차대차 - 측면직각충돌,교차로운행방법위반,건조,맑음,교차로 - 교차로안,승용,여,46세,상해없음,승용,남,45세,경상
2012061700100438,2012년 6월 17일 20시,일요일,경상북도 구미시 선기동,중상사고,0,1,0,0,차대사람 - 횡단중,안전운전불이행,건조,맑음,단일로 - 기타,화물,남,70세,상해없음,보행자,여,26세,중상
2012061700100463,2012년 6월 17일 21시,일요일,경상북도 경산시 임당동,중상사고,0,1,0,0,차대차 - 추돌 - 진행중,안전운전불이행,건조,맑음,교차로 - 교차로부근,승용,남,61세,상해없음,화물,남,52세,중상