사고번호,사고일시,요일,시군구,사고내용,사망자수,중상자수,경상자수,부상신고자수,사고유형,법규위반,노면상태,기상상태,도로형태,가해운전자 차종,가해운전자 성별,가해운전자 연령,가해운전자 상해정도,피해운전자 차종,피해운전자 성별,피해운전자 연령,피해운전자 상해정도
2012061700100464,2012년 6월 17일 21시,일요일,경상북도 경산시 하양읍,중상사고,0,1,4,0,차대차 - 기타,중앙선침범,건조,맑음,단일로 - 기타,승용,남,31세,상해없음,승용,여,44세,중상
2012061700100496,2012년 6월 17일 22시,일요일,경상북도 포항시 북구 청하면,사망사고,1,0,0,0,차대사람 - 횡단중,안전운전불이행,건조,맑음,교차로 - 교차로안,승용,남,35세,상해없음,보행자,남,62세,사망
2012061700100497,2012년 6월 17일 22시,일요일,경상북도 경산시 하양읍,경상사고,0,0,1,0,차대사람 - 기타,안전운전불이행,건조,맑음,기타 - 기타,승용,남,50세,상해없음,보행자,남,57세,경상
2012061700100514,2012년 6월 17일 23시,일요일,경상북도 칠곡군 가산면,부상신고사고,0,0,0,1,차대차 - 추돌 - 진행중,안전운전불이행,건조,맑음,단일로 - 기타,승용,여,44세,부상신고,승용,남,42세,상해없음
2012061800100010,2012년 6월 18일 00시,월요일,경상북도 김천시 신음동,중상사고,0,1,0,0,차대차 - 측면직각충돌,안전운전불이행,건조,맑음,교차로 - 교차로부근,승용,남,52세,상해없음,자전거,남,18세,중상
2012061800100011,2012년 6월 18일 00시,월요일,경상북도 문경시 모전동,중상사고,0,1,1,0,차대사람 - 기타,안전운전불이행,건조,맑음,단일로 - 기타,이륜,남,30세,경상,보행자,남,41세,중상
2012061800100041,2012년 6월 18일 04시,월요일,경상북도 포항시 북구 용흥동,경상사고,0,0,1,0,차대차 - 측면직각충돌,교차로운행방법위반,건조,맑음,교차로 - 교차로안,승용,남,39세,상해없음,승용,남,59세,경상
2012061800100048,2012년 6월 18일 05시,월요일,경상북도 문경시 영신동,중상사고,0,1,0,0,차대차 - 기타,안전운전불이행,건조,맑음,기타 - 기타,자전거,여,67세,중상,이륜,남,77세,기타불명
2012061800100049,2012년 6월 18일 05시,월요일,경상북도 울릉군 울릉읍,사망사고,1,0,0,0,차량단독 - 기타,안전운전불이행,건조,맑음,단일로 - 기타,화물,남,67세,사망,,,,
2012061800100061,2012년 6월 18일 06시,월요일,경상북도 안동시 율세동,중상사고,0,1,0,0,차대차 - 측면직각충돌,안전운전불이행,건조,맑음,단일로 - 기타,승용,남,52세,상해없음,자전거,남,74세,중상
2012061800100086,2012년 6월 18일 07시,월요일,경상북도 경주시 시래동,경상사고,0,0,1,0,차대차 - 추돌 - 진행중,안전운전불이행,건조,맑음,단일로 - 기타,화물,남,67세,상해없음,승용,남,32세,경상
2012061800100087,2012년 6월 18일 07시,월요일,경상북도 안동시 옥동,경상사고,0,0,1,0,차대차 - 측면직각충돌,안전운전불이행,건조,맑음,단일로 - 기타,승용,남,49세,상해없음,승용,여,25세,경상
2012061800100118,2012년 6월 18일 08시,월요일,경상북도 안동시 남후면,경상사고,0,0,1,0,차량단독 - 기타,안전운전불이행,건조,맑음,교차로 - 교차로부근,자전거,남,52세,경상,,,,
2012061800100119,2012년 6월 18일 08시,월요일,경상북도 의성군 금성면,중상사고,0,1,0,0,차대차 - 측면직각충돌,기타,건조,맑음,교차로 - 교차로안,화물,남,65세,상해없음,농기계,남,77세,중상
2012061800100120,2012년 6월 18일 08시,월요일,경상북도 영주시 부석면,중상사고,0,1,0,0,차대차 - 측면직각충돌,중앙선침범,건조,맑음,단일로 - 기타,승용,남,51세,상해없음,이륜,남,65세,중상
2012061800100121,2012년 6월 18일 08시,월요일,경상북도 영주시 상망동,중상사고,0,1,0,0,차대차 - 추돌 - 주정차중,안전운전불이행,건조,맑음,단일로 - 기타,이륜,남,54세,중상,승용,여,41세,상해없음
2012061800100122,2012년 6월 18일 08시,월요일,경상북도 성주군 성주읍,중상사고,0,2,0,0,차대사람 - 보도통행중,안전운전불이행,건조,맑음,단일로 - 교량,승용,여,53세,상해없음,보행자,여,79세,중상
2012061800100123,2012년 6월 18일 08시,월요일,경상북도 구미시 진평동,경상사고,0,0,1,0,차대사람 - 횡단중,안전운전불이행,건조,맑음,단일로 - 기타,승용,여,42세,상해없음,보행자,여,12세,경상
2012061800100124,2012년 6월 18일 08시,월요일,경상북도 구미시 진평동,경상사고,0,0,2,0,차대차 - 측면직각충돌,교차로운행방법위반,건조,맑음,교차로 - 교차로안,승용,남,21세,상해없음,승합,남,31세,경상
2012061800100186,2012년 6월 18일 10시,월요일,경상북도 안동시 태화동,중상사고,0,2,1,0,차대차 - 추돌 - 진행중,안전거리미확보,건조,맑음,교차로 - 교차로부근,승용,남,32세,상해없음,승용,여,52세,중상
2012061800100187,2012년 6월 18일 10시,월요일,경상북도 칠곡군 동명면,경상사고,0,0,1,0,차대차 - 추돌 - 진행중,안전운전불이행,건조,맑음,단일로 - 기타,승용,남,65세,상해없음,승용,여,51세,경상
2012061800100188,2012년 6월 18일 10시,월요일,경상북도 영천시 교촌동,중상사고,0,1,0,0,차대차 - 측면직각충돌,중앙선침범,건조,맑음,단일로 - 기타,승용,남,64세,상해없음,승용,여,31세,중상
2012061800100189,2012년 6월 18일 10시,월요일,경상북도 영덕군 남정면,경상사고,0,0,1,0,차량단독 - 공작물충돌,안전운전불이행,건조,맑음,단일로 - 기타,건설기계,남,51세,경상,,,,
2012061800100214,2012년 6월 18일 11시,월요일,경상북도 경산시 삼남동,중상사고,0,1,0,0,차대사람 - 보도통행중,보행자보호의무위반,건조,맑음,교차로 - 교차로부근,승용,남,63세,상해없음,보행자,여,71세,중상
2012061800100215,2012년 6월 18일 11시,월요일,경상북도 군위군 군위읍,중상사고,0,1,0,0,차대차 - 기타,안전운전불이행,건조,맑음,교차로 - 교차로부근,이륜,남,74세,상해없음,자전거,여,67세,중상
2012061800100254,2012년 6월 18일 13시,월요일,경상북도 성주군 성주읍,중상사고,0,1,0,0,차대차 - 추돌 - 진행중,안전운전불이행,건조,맑음,단일로 - 기타,승용,남,54세,상해없음,이륜,남,71세,중상
2012061800100271,2012년 6월 18일 14시,월요일,경상북도 영주시 상망동,중상사고,0,1,9,0,차대차 - 추돌 - 주정차중,안전운전불이행,건조,맑음,교차로 - 교차로부근,승용,남,70세,상해없음,승용,남,50세,경상
2012061800100272,2012년 6월 18일 14시,월요일,경상북도 칠곡군 왜관읍,부상신고사고,0,0,0,2,차대차 - 추돌 - 진행중,안전운전불이행,건조,맑음,단일로 - 기타,이륜,남,26세,부상신고,승용,남,35세,상해없음
2012061800100273,2012년 6월 18일 14시,월요일,경상북도 영양군 입암면,중상사고,0,1,0,0,차대차 - 기타,안전운전불이행,건조,맑음,교차로 - 교차로부근,이륜,남,58세,중상,승용,남,46세,상해없음
2012061800100303,2012년 6월 18일 15시,월요일,경상북도 경주시 안강읍,경상사고,0,0,1,0,차대차 - 측면직각충돌,안전운전불이행,건조,맑음,교차로 - 교차로안,화물,남,66세,상해없음,원동기,남,72세,경상
2012061800100304,2012년 6월 18일 15시,월요일,경상북도 경주시 성동동,경상사고,0,0,2,0,차대사람 - 기타,기타,건조,맑음,기타 - 기타,승용,남,55세,상해없음,보행자,여,73세,경상
2012061800100330,2012년 6월 18일 16시,월요일,경상북도 경주시 외동읍,중상사고,0,1,0,0,차대차 - 측면직각충돌,중앙선침범,습기,비,단일로 - 기타,건설기계,남,59세,상해없음,화물,남,45세,중상
2012061800100331,2012년 6월 18일 16시,월요일,경상북도 상주시 은척면,경상사고,0,0,1,0,차량단독 - 기타,안전운전불이행,건조,맑음,교차로 - 교차로부근,승용,남,59세,상해없음,,,,
2012061800100332,2012년 6월 18일 16시,월요일,경상북도 영주시 순흥면,부상신고사고,0,0,0,1,차량단독 - 공작물충돌,안전운전불이행,건조,맑음,단일로 - 기타,화물,남,59세,부상신고,,,,
2012061800100333,2012년 6월 18일 16시,월요일,경상북도 구미시 해평면,사망사고,1,0,0,0,차대차 - 기타,안전운전불이행,건조,맑음,기타 - 기타,화물,남,51세,상해없음,농기계,남,64세,사망
2012061800100372,2012년 6월 18일 17시,월요일,경상북도 경주시 성동동,중상사고,0,1,0,0,차대차 - 측면직각충돌,안전운전불이행,건조,맑음,단일로 - 기타,승용,여,35세,상해없음,승용,남,50세,중상
2012061800100373,2012년 6월 18일 17시,월요일,경상북도 칠곡군 약목면,중상사고,0,1,0,0,차량단독 - 공작물충돌,기타,건조,맑음,단일로 - 기타,승합,남,49세,상해없음,,,,
2012061800100374,2012년 6월 18일 17시,월요일,경상북도 문경시 문경읍,중상사고,0,1,0,0,차량단독 - 공작물충돌,안전운전불이행,건조,맑음,교차로 - 교차로부근,승용,여,39세,중상,,,,
2012061800100375,2012년 6월 18일 17시,월요일,경상북도 포항시 남구 동촌동,중상사고,0,1,0,0,차대차 - 기타,안전운전불이행,건조,맑음,단일로 - 기타,승용,남,20세,상해없음,원동기,남,54세,중상
2012061800100420,2012년 6월 18일 18시,월요일,경상북도 경주시 사정동,경상사고,0,0,1,0,차대차 - 측면직각충돌,안전운전불이행,건조,맑음,교차로 - 교차로안,승용,여,44세,상해없음,승용,남,52세,경상
2012061800100421,2012년 6월 18일 18시,월요일,경상북도 안동시 북후면,중상사고,0,1,0,0,차대사람 - 기타,안전운전불이행,건조,맑음,단일로 - 기타,이륜,남,61세,상해없음,보행자,남,49세,중상
2012061800100422,2012년 6월 18일 18시,월요일,경상북도 안동시 용상동,경상사고,0,0,2,0,차대차 - 기타,안전운전불이행,건조,맑음,단일로 - 기타,승용,남,15세,상해없음,승용,여,44세,상해없음
2012061800100423,2012년 6월 18일 18시,월요일,경상북도 영천시 야사동,경상사고,0,0,2,0,차대차 - 기타,안전운전불이행,습기,흐림,교차로 - 교차로안,화물,남,53세,상해없음,승용,여,31세,경상
2012061800100424,2012년 6월 18일 18시,월요일,경상북도 구미시 신평동,경상사고,0,0,1,0,차대사람 - 보도통행중,안전운전불이행,건조,맑음,교차로 - 교차로안,기타불명,기타불명,기타불명,기타불명,보행자,남,16세,경상
2012061800100462,2012년 6월 18일 19시,월요일,경상북도 경주시 석장동,경상사고,0,0,1,0,차대차 - 측면직각충돌,교차로운행방법위반,습기,비,교차로 - 교차로안,화물,남,57세,상해없음,이륜,남,16세,경상
2012061800100463,2012년 6월 18일 19시,월요일,경상북도 영주시 풍기읍,중상사고,0,1,0,0,차대차 - 측면직각충돌,기타,건조,맑음,단일로 - 기타,화물,여,42세,중상,승용,여,33세,상해없음
2012061800100464,2012년 6월 18일 19시,월요일,경상북도 구미시 황상동,중상사고,0,1,0,0,차대사람 - 기타,신호위반,건조,맑음,교차로 - 교차로부근,승용,남,54세,상해없음,보행자,여,35세,중상
2012061800100465,2012년 6월 18일 19시,월요일,경상북도 포항시 남구 대도동,경상사고,0,0,1,0,차대차 - 측면직각충돌,안전운전불이행,건조,맑음,단일로 - 기타,승용,남,55세,상해없음,승합,남,32세,경상
2012061800100500,2012년 6월 18일 20시,월요일,경상북도 안동시 송현동,중상사고,0,1,0,0,차대차 - 추돌 - 주정차중,안전운전불이행,건조,맑음,단일로 - 기타,승용,여,43세,상해없음,승용,여,43세,중상
2012061800100501,2012년 6월 18일 20시,월요일,경상북도 영덕군 축산면,중상사고,0,1,0,0,차대사람 - 기타,안전운전불이행,건조,맑음,단일로 - 기타,승용,남,52세,상해없음,보행자,여,50세,중상
2012061800100502,2012년 6월 18일 20시,월요일,경상북도 청송군 파천면,중상사고,0,3,0,0,차대차 - 기타,불법유턴,건조,맑음,단일로 - 기타,화물,남,28세,상해없음,승용,남,54세,상해없음
2012061800100503,2012년 6월 18일 20시,월요일,경상북도 구미시 도량동,경상사고,0,0,2,0,차량단독 - 공작물충돌,안전운전불이행,건조,맑음,단일로 - 기타,원동기,남,15세,경상,,,,
2012061800100543,2012년 6월 18일 21시,월요일,경상북도 의성군 비안면,사망사고,2,1,1,0,차대차 - 정면충돌,중앙선침범,건조,맑음,단일로 - 기타,이륜,남,75세,사망,화물,남,65세,경상
2012061800100544,2012년 6월 18일 21시,월요일,경상북도 경산시 옥곡동,중상사고,0,1,0,0,차대사람 - 기타,보행자보호의무위반,습기,비,단일로 - 기타,승용,남,29세,상해없음,보행자,남,51세,중상
2012061800100545,2012년 6월 18일 21시,월요일,경상북도 포항시 남구 해도동,경상사고,0,0,1,0,차대차 - 기타,안전운전불이행,건조,맑음,교차로 - 교차로안,승합,남,52세,상해없음,자전거,남,52세,경상
2012061800100585,2012년 6월 18일 22시,월요일,경상북도 포항시 남구 대송면,중상사고,0,1,0,0,차대차 - 추돌 - 진행중,교차로운행방법위반,습기,비,교차로 - 교차로안,승용,남,57세,상해없음,승용,여,27세,중상
2012061800100586,2012년 6월 18일 22시,월요일,경상북도 포항시 남구 동해면,경상사고,0,0,2,0,차대차 - 추돌 - 진행중,중앙선침범,건조,맑음,교차로 - 교차로안,승용,남,53세,상해없음,승용,남,58세,경상
2012061800100617,2012년 6월 18일 23시,월요일,경상북도 경주시 황오동,중상사고,0,1,0,0,차대사람 - 기타,안전운전불이행,습기,비,단일로 - 기타,화물,남,30세,상해없음,보행자,남,47세,중상
2012061800100618,2012년 6월 18일 23시,월요일,경상북도 경주시 배반동,경상사고,0,0,1,0,차대차 - 측면직각충돌,안전운전불이행,습기,비,교차로 - 교차로부근,승용,여,23세,상해없음,승용,남,54세,경상
2012061800100619,2012년 6월 18일 23시,월요일,경상북도 영천시 화남면,중상사고,0,1,0,0,차량단독 - 공작물충돌,안전운전불이행,습기,비,단일로 - 기타,승용,여,50세,중상,,,,
2012061800100620,2012년 6월 18일 23시,월요일,경상북도 구미시 진평동,경상사고,0,0,1,0,차대사람 - 기타,안전운전불이행,건조,흐림,기타 - 기타,승용,여,41세,상해없음,보행자,남,27세,경상
2012061800100621,2012년 6월 18일 23시,월요일,경상북도 포항시 남구 오천읍,중상사고,0,1,0,0,차대차 - 측면직각충돌,중앙선침범,습기,비,단일로 - 기타,승합,남,33세,상해없음,원동기,남,41세,중상
2012061900100014,2012년 6월 19일 00시,화요일,경상북도 포항시 북구 항구동,경상사고,0,0,1,0,차대사람 - 기타,안전운전불이행,습기,맑음,교차로 - 교차로부근,승용,남,48세,상해없음,보행자,남,30세,경상
2012061900100015,2012년 6월 19일 00시,화요일,경상북도 경산시 중방동,중상사고,0,1,0,0,차대차 - 측면직각충돌,안전거리미확보,습기,비,단일로 - 기타,승용,남,24세,상해없음,승용,남,53세,상해없음
2012061900100016,2012년 6월 19일 00시,화요일,경상북도 고령군 쌍림면,중상사고,0,3,1,0,차대차 - 추돌 - 주정차중,안전운전불이행,습기,비,단일로 - 기타,화물,남,49세,중상,화물,남,50세,중상
2012061900100041,2012년 6월 19일 01시,화요일,경상북도 포항시 남구 상도동,경상사고,0,0,1,0,차대차 - 추돌 - 진행중,안전운전불이행,건조,맑음,단일로 - 기타,승용,남,31세,상해없음,승용,남,54세,경상
2012061900100072,2012년 6월 19일 03시,화요일,경상북도 경주시 성건동,중상사고,0,1,0,0,차대차 - 측면직각충돌,안전운전불이행,습기,비,교차로 - 교차로안,승용,여,40세,상해없음,승용,남,53세,중상
2012061900100126,2012년 6월 19일 07시,화요일,경상북도 영천시 금노동,중상사고,0,1,0,0,차대사람 - 횡단중,안전운전불이행,습기,비,교차로 - 교차로부근,승합,남,51세,상해없음,보행자,여,57세,중상
2012061900100156,2012년 6월 19일 08시,화요일,경상북도 포항시 북구 대신동,경상사고,0,0,1,0,차대사람 - 기타,안전운전불이행,습기,비,단일로 - 기타,승용,남,49세,상해없음,보행자,남,12세,경상
2012061900100157,2012년 6월 19일 08시,화요일,경상북도 포항시 북구 우현동,중상사고,0,1,0,0,차대사람 - 기타,안전운전불이행,건조,맑음,교차로 - 교차로안,승용,남,65세,상해없음,보행자,여,13세,중상
2012061900100158,2012년 6월 19일 08시,화요일,경상북도 포항시 북구 두호동,중상사고,0,1,0,0,차대사람 - 횡단중,안전운전불이행,건조,맑음,단일로 - 기타,승용,여,53세,상해없음,보행자,여,43세,중상
2012061900100159,2012년 6월 19일 08시,화요일,경상북도 상주시 신봉동,경상사고,0,0,1,0,차대차 - 추돌 - 진행중,안전운전불이행,건조,맑음,교차로 - 교차로안,승용,여,56세,상해없음,자전거,남,14세,경상
2012061900100193,2012년 6월 19일 09시,화요일,경상북도 문경시 산양면,중상사고,0,1,0,0,차대사람 - 기타,중앙선침범,건조,맑음,교차로 - 교차로부근,승용,여,53세,상해없음,보행자,여,72세,중상
2012061900100226,2012년 6월 19일 10시,화요일,경상북도 경주시 동부동,경상사고,0,0,2,0,차대차 - 측면직각충돌,안전운전불이행,습기,흐림,교차로 - 교차로안,승용,남,39세,경상,승용,남,70세,경상
2012061900100273,2012년 6월 19일 12시,화요일,경상북도 포항시 북구 죽도동,경상사고,0,0,1,0,차대차 - 추돌 - 진행중,안전운전불이행,건조,맑음,단일로 - 기타,승용,남,63세,상해없음,원동기,남,66세,경상
2012061900100328,2012년 6월 19일 14시,화요일,경상북도 김천시 감문면,중상사고,0,2,0,0,차대차 - 측면직각충돌,안전운전불이행,건조,맑음,단일로 - 기타,특수,남,20세,상해없음,이륜,남,89세,중상
2012061900100330,2012년 6월 19일 14시,화요일,경상북도 봉화군 석포면,경상사고,0,0,2,0,차대차 - 측면직각충돌,중앙선침범,건조,맑음,단일로 - 기타,승용,남,67세,상해없음,화물,남,55세,상해없음
2012061900100331,2012년 6월 19일 14시,화요일,경상북도 구미시 임은동,중상사고,0,1,1,0,차대차 - 추돌 - 주정차중,안전운전불이행,건조,맑음,교차로 - 교차로안,승용,여,38세,경상,승용,여,28세,중상
2012061900100354,2012년 6월 19일 15시,화요일,경상북도 의성군 의성읍,중상사고,0,1,0,0,차대사람 - 횡단중,보행자보호의무위반,건조,맑음,단일로 - 횡단보도상,승용,남,51세,상해없음,보행자,여,70세,중상
2012061900100355,2012년 6월 19일 15시,화요일,경상북도 영천시 금호읍,경상사고,0,0,1,0,차대차 - 추돌 - 진행중,안전운전불이행,건조,맑음,단일로 - 기타,승용,남,27세,상해없음,화물,남,36세,경상
2012061900100356,2012년 6월 19일 15시,화요일,경상북도 구미시 황상동,중상사고,0,1,5,0,차대차 - 추돌 - 진행중,안전운전불이행,건조,맑음,교차로 - 교차로부근,승용,남,27세,상해없음,승용,여,44세,경상
2012061900100374,2012년 6월 19일 16시,화요일,경상북도 포항시 남구 송내동,경상사고,0,0,2,0,차대차 - 추돌 - 진행중,안전운전불이행,건조,맑음,교차로 - 교차로부근,화물,남,43세,상해없음,승용,남,33세,경상
2012061900100419,2012년 6월 19일 17시,화요일,경상북도 영주시 영주동,중상사고,0,2,1,0,차대차 - 측면직각충돌,신호위반,건조,맑음,교차로 - 교차로안,승합,남,50세,상해없음,화물,여,49세,중상
2012061900100420,2012년 6월 19일 17시,화요일,경상북도 경산시 진량읍,경상사고,0,0,1,0,차대차 - 기타,안전운전불이행,건조,맑음,교차로 - 교차로안,승용,남,26세,상해없음,승용,남,42세,경상
2012061900100455,2012년 6월 19일 18시,화요일,경상북도 경주시 용강동,경상사고,0,0,3,0,차대차 - 추돌 - 주정차중,안전운전불이행,건조,맑음,단일로 - 기타,승용,남,33세,상해없음,승용,남,46세,경상
2012061900100456,2012년 6월 19일 18시,화요일,경상북도 안동시 금곡동,경상사고,0,0,1,0,차대차 - 기타,중앙선침범,건조,맑음,단일로 - 기타,승용,남,26세,상해없음,이륜,남,16세,경상
2012061900100487,2012년 6월 19일 19시,화요일,경상북도 포항시 북구 죽도동,경상사고,0,0,3,0,차대차 - 추돌 - 진행중,안전거리미확보,건조,맑음,단일로 - 기타,승용,남,63세,상해없음,승용,여,51세,경상
2012061900100488,2012년 6월 19일 19시,화요일,경상북도 포항시 북구 장성동,경상사고,0,0,1,0,차대차 - 측면직각충돌,안전거리미확보,건조,맑음,교차로 - 교차로안,승용,남,36세,상해없음,승용,남,33세,경상
2012061900100489,2012년 6월 19일 19시,화요일,경상북도 안동시 안막동,중상사고,0,2,0,0,차대차 - 추돌 - 진행중,안전거리미확보,건조,맑음,교차로 - 교차로부근,승용,여,57세,상해없음,승용,여,43세,중상
2012061900100490,2012년 6월 19일 19시,화요일,경상북도 영천시 야사동,경상사고,0,0,1,0,차대사람 - 횡단중,안전운전불이행,건조,맑음,단일로 - 기타,승용,여,49세,상해없음,보행자,여,5세,경상
2012061900100525,2012년 6월 19일 20시,화요일,경상북도 영천시 완산동,경상사고,0,0,1,0,차대차 - 측면직각충돌,신호위반,건조,맑음,교차로 - 교차로안,승용,남,54세,상해없음,승용,남,29세,경상
2012061900100526,2012년 6월 19일 20시,화요일,경상북도 영천시 화남면,경상사고,0,0,1,0,차대차 - 측면직각충돌,안전운전불이행,건조,맑음,단일로 - 기타,화물,남,60세,상해없음,화물,여,47세,경상
2012061900100560,2012년 6월 19일 21시,화요일,경상북도 포항시 북구 장성동,경상사고,0,0,1,0,차대차 - 측면직각충돌,안전거리미확보,건조,맑음,단일로 - 기타,승용,남,51세,상해없음,승용,여,52세,경상
2012061900100561,2012년 6월 19일 21시,화요일,경상북도 구미시 공단동,경상사고,0,0,1,0,차량단독 - 공작물충돌,안전운전불이행,건조,맑음,단일로 - 기타,승용,남,47세,경상,,,,
2012061900100562,2012년 6월 19일 21시,화요일,경상북도 구미시 공단동,경상사고,0,0,1,0,차대차 - 추돌 - 주정차중,안전운전불이행,건조,흐림,교차로 - 교차로부근,승용,남,26세,상해없음,승용,남,42세,경상
2012061900100616,2012년 6월 19일 23시,화요일,경상북도 칠곡군 석적읍,부상신고사고,0,0,0,1,차대차 - 추돌 - 주정차중,안전운전불이행,건조,맑음,단일로 - 기타,승용,남,29세,부상신고,승용,남,29세,기타불명
2012062000100015,2012년 6월 20일 00시,수요일,경상북도 포항시 남구 이동,중상사고,0,1,0,0,차대차 - 측면직각충돌,신호위반,건조,흐림,교차로 - 교차로안,승용,남,23세,상해없음,화물,남,39세,중상
2012062000100048,2012년 6월 20일 03시,수요일,경상북도 포항시 남구 연일읍,경상사고,0,0,1,0,차량단독 - 기타,안전운전불이행,건조,맑음,단일로 - 기타,승용,남,34세,상해없음,,,,
2012062000100080,2012년 6월 20일 06시,수요일,경상북도 봉화군 춘양면,중상사고,0,1,1,0,차대차 - 추돌 - 진행중,안전운전불이행,건조,맑음,단일로 - 기타,화물,남,58세,중상,화물,남,66세,경상
2012062000100103,2012년 6월 20일 07시,수요일,경상북도 포항시 북구 득량동,경상사고,0,0,3,0,차대차 - 기타,안전거리미확보,건조,맑음,단일로 - 기타,승용,남,27세,경상,승용,남,56세,상해없음
2012062000100104,2012년 6월 20일 07시,수요일,경상북도 구미시 옥계동,중상사고,0,1,0,0,차대사람 - 횡단중,안전운전불이행,건조,맑음,교차로 - 교차로부근,승용,남,45세,상해없음,보행자,남,15세,중상
2012062000100165,2012년 6월 20일 09시,수요일,경상북도 상주시 복룡동,중상사고,0,1,0,0,차대사람 - 길가장자리구역통행중,안전운전불이행,건조,맑음,단일로 - 기타,승용,여,29세,상해없음,보행자,여,73세,중상
2012062000100166,2012년 6월 20일 09시,수요일,경상북도 영천시 완산동,경상사고,0,0,2,0,차대차 - 추돌 - 주정차중,안전거리미확보,건조,맑음,교차로 - 교차로부근,승용,여,46세,상해없음,승용,남,59세,경상
2012062000100167,2012년 6월 20일 09시,수요일,경상북도 구미시 고아읍,중상사고,0,1,0,0,차대차 - 측면직각충돌,신호위반,건조,맑음,교차로 - 교차로안,승용,남,31세,상해없음,승용,여,52세,중상
2012062000100198,2012년 6월 20일 10시,수요일,경상북도 경산시 진량읍,중상사고,0,1,0,0,차대사람 - 횡단중,안전운전불이행,건조,맑음,단일로 - 기타,승용,남,61세,상해없음,보행자,여,30세,중상
2012062000100199,2012년 6월 20일 10시,수요일,경상북도 경산시 진량읍,경상사고,0,0,2,0,차대차 - 기타,중앙선침범,건조,맑음,단일로 - 기타,승용,남,18세,상해없음,승용,남,28세,경상
2012062000100200,2012년 6월 20일 10시,수요일,경상북도 포항시 남구 연일읍,경상사고,0,0,1,0,차대차 - 기타,안전운전불이행,건조,맑음,교차로 - 교차로부근,승용,남,40세,상해없음,특수,남,41세,경상
2012062000100219,2012년 6월 20일 11시,수요일,경상북도 경주시 서부동,중상사고,0,1,2,0,차대차 - 측면직각충돌,안전운전불이행,건조,맑음,교차로 - 교차로안,승용,남,63세,경상,승용,남,51세,중상
2012062000100220,2012년 6월 20일 11시,수요일,경상북도 경주시 안강읍,경상사고,0,0,1,0,차량단독 - 공작물충돌,안전운전불이행,건조,맑음,단일로 - 기타,승합,여,44세,경상,,,,
2012062000100221,2012년 6월 20일 11시,수요일,경상북도 경주시 사정동,부상신고사고,0,0,0,1,차대차 - 측면직각충돌,안전운전불이행,건조,맑음,단일로 - 기타,이륜,남,66세,부상신고,승용,남,27세,상해없음
2012062000100222,2012년 6월 20일 11시,수요일,경상북도 포항시 북구 우현동,경상사고,0,0,1,0,차대차 - 기타,안전거리미확보,건조,맑음,교차로 - 교차로부근,승용,여,53세,상해없음,승용,남,42세,상해없음
2012062000100223,2012년 6월 20일 11시,수요일,경상북도 청도군 금천면,경상사고,0,0,1,0,차대차 - 측면직각충돌,안전운전불이행,건조,맑음,교차로 - 교차로부근,화물,남,25세,상해없음,원동기,남,69세,경상
2012062000100251,2012년 6월 20일 12시,수요일,경상북도 경주시 탑동,경상사고,0,0,1,0,차대차 - 측면직각충돌,신호위반,건조,맑음,교차로 - 교차로안,특수,남,46세,상해없음,건설기계,남,44세,경상
2012062000100252,2012년 6월 20일 12시,수요일,경상북도 구미시 구평동,경상사고,0,0,1,0,차대차 - 측면직각충돌,교차로운행방법위반,건조,맑음,교차로 - 교차로안,승용,남,48세,상해없음,원동기,남,31세,경상
2012062000100288,2012년 6월 20일 13시,수요일,경상북도 상주시 함창읍,경상사고,0,0,1,0,차대차 - 측면직각충돌,교차로운행방법위반,건조,맑음,교차로 - 교차로안,승용,남,60세,상해없음,화물,남,54세,경상
2012062000100289,2012년 6월 20일 13시,수요일,경상북도 예천군 유천면,중상사고,0,1,0,0,차대차 - 정면충돌,신호위반,건조,맑음,교차로 - 교차로안,화물,남,67세,상해없음,승용,여,59세,중상
2012062000100290,2012년 6월 20일 13시,수요일,경상북도 고령군 우곡면,경상사고,0,0,2,0,차대차 - 정면충돌,중앙선침범,건조,맑음,단일로 - 기타,화물,남,52세,상해없음,화물,남,50세,경상
2012062000100291,2012년 6월 20일 13시,수요일,경상북도 김천시 봉산면,경상사고,0,0,1,0,차대차 - 측면직각충돌,안전운전불이행,건조,맑음,기타 - 기타,화물,남,46세,상해없음,승용,남,65세,상해없음
2012062000100315,2012년 6월 20일 14시,수요일,경상북도 구미시 형곡동,경상사고,0,0,1,0,차대사람 - 기타,안전운전불이행,건조,맑음,단일로 - 기타,기타불명,기타불명,기타불명,기타불명,보행자,남,11세,경상
2012062000100345,2012년 6월 20일 15시,수요일,경상북도 상주시 서성동,중상사고,0,1,0,0,차대차 - 기타,교차로운행방법위반,건조,맑음,교차로 - 교차로안,승용,여,48세,상해없음,자전거,여,55세,중상
2012062000100375,2012년 6월 20일 16시,수요일,경상북도 경산시 진량읍,경상사고,0,0,1,0,차대차 - 기타,안전운전불이행,건조,맑음,단일로 - 기타,화물,남,37세,상해없음,승용,남,29세,경상
2012062000100407,2012년 6월 20일 17시,수요일,경상북도 경산시 진량읍,중상사고,0,1,0,0,차대차 - 기타,안전운전불이행,건조,맑음,단일로 - 기타,기타불명,기타불명,기타불명,기타불명,승용,여,54세,중상
2012062000100475,2012년 6월 20일 19시,수요일,경상북도 포항시 북구 흥해읍,중상사고,0,2,0,0,차대차 - 기타,중앙선침범,건조,맑음,단일로 - 기타,승용,남,65세,중상,승용,남,26세,중상