사고번호,사고일시,요일,시군구,사고내용,사망자수,중상자수,경상자수,부상신고자수,사고유형,법규위반,노면상태,기상상태,도로형태,가해운전자 차종,가해운전자 성별,가해운전자 연령,가해운전자 상해정도,피해운전자 차종,피해운전자 성별,피해운전자 연령,피해운전자 상해정도
2012062000100503,2012년 6월 20일 20시,수요일,경상북도 의성군 금성면,사망사고,1,0,0,0,차량단독 - 공작물충돌,안전운전불이행,건조,기타,단일로 - 기타,화물,남,56세,사망,,,,
2012062000100504,2012년 6월 20일 20시,수요일,경상북도 영천시 야사동,경상사고,0,0,1,0,차대차 - 측면직각충돌,신호위반,건조,맑음,교차로 - 교차로부근,이륜,남,16세,경상,승용,여,40세,상해없음
2012062000100545,2012년 6월 20일 21시,수요일,경상북도 경주시 황오동,중상사고,0,1,0,0,차대차 - 기타,중앙선침범,건조,맑음,단일로 - 기타,원동기,남,49세,중상,승용,남,61세,상해없음
2012062000100546,2012년 6월 20일 21시,수요일,경상북도 영주시 영주동,중상사고,0,1,0,0,차대차 - 정면충돌,안전운전불이행,건조,맑음,교차로 - 교차로안,승용,남,34세,상해없음,이륜,남,42세,중상
2012062000100547,2012년 6월 20일 21시,수요일,경상북도 구미시 공단동,경상사고,0,0,2,0,차대차 - 측면직각충돌,안전운전불이행,건조,맑음,교차로 - 교차로안,승용,남,30세,경상,승용,남,27세,경상
2012062000100548,2012년 6월 20일 21시,수요일,경상북도 구미시 도량동,경상사고,0,0,2,0,차대차 - 측면직각충돌,안전운전불이행,건조,맑음,단일로 - 기타,승용,남,43세,상해없음,승합,여,33세,기타불명
2012062000100569,2012년 6월 20일 22시,수요일,경상북도 김천시 신음동,경상사고,0,0,3,0,차대차 - 측면직각충돌,안전운전불이행,건조,맑음,교차로 - 교차로안,화물,남,37세,상해없음,승용,여,42세,경상
2012062000100570,2012년 6월 20일 22시,수요일,경상북도 경산시 옥산동,경상사고,0,0,1,0,차대사람 - 기타,안전운전불이행,건조,맑음,교차로 - 교차로안,승용,남,22세,기타불명,보행자,남,39세,경상
2012062000100571,2012년 6월 20일 22시,수요일,경상북도 구미시 공단동,경상사고,0,0,1,0,차대차 - 추돌 - 진행중,안전운전불이행,건조,맑음,교차로 - 교차로부근,승용,남,39세,상해없음,승용,남,45세,경상
2012062000100615,2012년 6월 20일 23시,수요일,경상북도 경주시 석장동,중상사고,0,1,0,0,차대차 - 기타,직진우회전진행방해,건조,맑음,교차로 - 교차로안,승용,여,40세,상해없음,이륜,남,46세,중상
2012062100100038,2012년 6월 21일 02시,목요일,경상북도 경산시 자인면,중상사고,0,1,0,0,차량단독 - 전도전복,안전운전불이행,건조,맑음,단일로 - 기타,승용,남,21세,상해없음,,,,
2012062100100061,2012년 6월 21일 04시,목요일,경상북도 경산시 사동,경상사고,0,0,1,0,차대사람 - 횡단중,안전운전불이행,건조,맑음,단일로 - 기타,승용,남,63세,상해없음,보행자,여,52세,경상
2012062100100109,2012년 6월 21일 07시,목요일,경상북도 포항시 남구 송도동,중상사고,0,1,0,0,차대차 - 추돌 - 진행중,직진우회전진행방해,건조,맑음,교차로 - 교차로안,원동기,남,54세,중상,승용,남,51세,상해없음
2012062100100147,2012년 6월 21일 08시,목요일,경상북도 경주시 현곡면,부상신고사고,0,0,0,1,차량단독 - 공작물충돌,안전운전불이행,건조,맑음,단일로 - 기타,특수,남,41세,부상신고,,,,
2012062100100148,2012년 6월 21일 08시,목요일,경상북도 김천시 대덕면,중상사고,0,1,1,0,차대차 - 측면직각충돌,교차로운행방법위반,건조,맑음,교차로 - 교차로안,화물,남,49세,상해없음,화물,남,53세,경상
2012062100100149,2012년 6월 21일 08시,목요일,경상북도 구미시 임수동,경상사고,0,0,3,0,차대차 - 추돌 - 진행중,안전운전불이행,건조,맑음,기타 - 기타,기타불명,기타불명,기타불명,기타불명,승용,남,29세,경상
2012062100100178,2012년 6월 21일 09시,목요일,경상북도 경산시 진량읍,경상사고,0,0,1,0,차대차 - 기타,안전운전불이행,건조,맑음,교차로 - 교차로안,화물,남,42세,상해없음,승합,남,46세,경상
2012062100100179,2012년 6월 21일 09시,목요일,경상북도 영덕군 영덕읍,중상사고,0,1,0,0,차대차 - 추돌 - 주정차중,안전운전불이행,건조,맑음,단일로 - 기타,화물,남,36세,상해없음,화물,남,71세,상해없음
2012062100100208,2012년 6월 21일 10시,목요일,경상북도 청송군 파천면,사망사고,1,0,0,0,차량단독 - 전도전복,기타,건조,맑음,단일로 - 기타,화물,남,32세,사망,,,,
2012062100100231,2012년 6월 21일 11시,목요일,경상북도 봉화군 춘양면,중상사고,0,1,0,0,차대차 - 기타,기타,건조,맑음,단일로 - 기타,화물,남,49세,상해없음,자전거,여,57세,중상
2012062100100259,2012년 6월 21일 12시,목요일,경상북도 경주시 성동동,중상사고,0,1,0,0,차대사람 - 기타,안전운전불이행,건조,맑음,단일로 - 기타,승용,남,56세,상해없음,보행자,여,89세,중상
2012062100100260,2012년 6월 21일 12시,목요일,경상북도 영천시 망정동,중상사고,0,1,0,0,차대사람 - 기타,안전운전불이행,건조,맑음,단일로 - 기타,화물,남,47세,상해없음,보행자,여,78세,중상
2012062100100284,2012년 6월 21일 13시,목요일,경상북도 경주시 용강동,경상사고,0,0,1,0,차대차 - 측면직각충돌,안전운전불이행,건조,맑음,단일로 - 기타,승용,남,39세,상해없음,자전거,남,78세,경상
2012062100100285,2012년 6월 21일 13시,목요일,경상북도 구미시 원평동,경상사고,0,0,1,0,차대사람 - 횡단중,안전운전불이행,건조,맑음,단일로 - 기타,승용,여,58세,상해없음,보행자,남,50세,경상
2012062100100380,2012년 6월 21일 16시,목요일,경상북도 경주시 성동동,중상사고,0,1,0,0,차대차 - 기타,안전운전불이행,건조,맑음,기타 - 기타,승용,여,36세,기타불명,자전거,남,20세,중상
2012062100100381,2012년 6월 21일 16시,목요일,경상북도 경주시 황남동,경상사고,0,0,1,0,차대차 - 측면직각충돌,안전운전불이행,건조,맑음,단일로 - 기타,승용,남,38세,상해없음,승용,남,43세,경상
2012062100100382,2012년 6월 21일 16시,목요일,경상북도 포항시 북구 양덕동,중상사고,0,1,1,0,차대차 - 측면직각충돌,안전거리미확보,건조,맑음,단일로 - 기타,승용,여,53세,경상,승용,남,23세,중상
2012062100100383,2012년 6월 21일 16시,목요일,경상북도 구미시 봉곡동,경상사고,0,0,2,0,차대사람 - 기타,안전운전불이행,건조,맑음,단일로 - 기타,승용,여,51세,상해없음,보행자,여,18세,경상
2012062100100384,2012년 6월 21일 16시,목요일,경상북도 포항시 남구 장기면,사망사고,1,0,0,0,차대차 - 측면직각충돌,안전운전불이행,건조,맑음,단일로 - 기타,화물,남,26세,상해없음,원동기,남,51세,사망
2012062100100426,2012년 6월 21일 17시,목요일,경상북도 상주시 낙양동,중상사고,0,1,0,0,차대차 - 기타,교차로운행방법위반,건조,맑음,교차로 - 교차로안,승용,남,73세,상해없음,자전거,남,9세,중상
2012062100100427,2012년 6월 21일 17시,목요일,경상북도 칠곡군 왜관읍,경상사고,0,0,2,0,차대차 - 기타,중앙선침범,건조,맑음,단일로 - 기타,화물,남,40세,상해없음,화물,남,54세,경상
2012062100100428,2012년 6월 21일 17시,목요일,경상북도 구미시 봉곡동,경상사고,0,0,1,0,차대차 - 측면직각충돌,신호위반,건조,맑음,교차로 - 교차로안,승용,여,60세,상해없음,승용,여,32세,경상
2012062100100473,2012년 6월 21일 18시,목요일,경상북도 상주시 서성동,중상사고,0,2,0,0,차대차 - 측면직각충돌,교차로운행방법위반,건조,맑음,교차로 - 교차로안,승용,남,39세,상해없음,자전거,남,24세,중상
2012062100100474,2012년 6월 21일 18시,목요일,경상북도 울진군 북면,사망사고,1,0,0,0,차량단독 - 도로외이탈 - 기타,안전운전불이행,건조,맑음,단일로 - 기타,농기계,남,52세,사망,,,,
2012062100100475,2012년 6월 21일 18시,목요일,경상북도 고령군 고령읍,중상사고,0,2,0,0,차대차 - 기타,교차로운행방법위반,건조,맑음,교차로 - 교차로안,승용,남,41세,기타불명,원동기,남,80세,중상
2012062100100476,2012년 6월 21일 18시,목요일,경상북도 구미시 오태동,중상사고,0,1,0,0,차대차 - 측면직각충돌,기타,건조,맑음,교차로 - 교차로안,승용,남,51세,상해없음,자전거,남,12세,중상
2012062100100508,2012년 6월 21일 19시,목요일,경상북도 영천시 창구동,경상사고,0,0,1,0,차대사람 - 횡단중,안전운전불이행,건조,맑음,교차로 - 교차로안,승용,남,40세,상해없음,보행자,남,19세,경상
2012062100100539,2012년 6월 21일 20시,목요일,경상북도 경산시 사동,경상사고,0,0,3,0,차대차 - 추돌 - 주정차중,안전거리미확보,건조,맑음,교차로 - 교차로안,화물,남,30세,상해없음,화물,남,53세,경상
2012062100100582,2012년 6월 21일 21시,목요일,경상북도 경주시 외동읍,중상사고,0,1,0,0,차대차 - 측면직각충돌,안전운전불이행,건조,맑음,단일로 - 기타,화물,여,57세,상해없음,원동기,남,37세,중상
2012062100100583,2012년 6월 21일 21시,목요일,경상북도 구미시 형곡동,경상사고,0,0,2,0,차대차 - 측면직각충돌,중앙선침범,건조,맑음,교차로 - 교차로부근,화물,남,62세,상해없음,승용,남,28세,경상
2012062100100613,2012년 6월 21일 22시,목요일,경상북도 포항시 남구 동해면,경상사고,0,0,2,0,차대차 - 추돌 - 진행중,안전운전불이행,건조,맑음,단일로 - 기타,승용,남,37세,상해없음,승용,여,53세,경상
2012062100100639,2012년 6월 21일 23시,목요일,경상북도 경주시 성건동,경상사고,0,0,1,0,차대차 - 추돌 - 진행중,안전운전불이행,건조,맑음,단일로 - 기타,승용,남,28세,상해없음,승용,남,76세,상해없음
2012062100100640,2012년 6월 21일 23시,목요일,경상북도 경주시 외동읍,중상사고,0,1,0,0,차대사람 - 기타,안전운전불이행,건조,맑음,단일로 - 기타,승용,기타불명,기타불명,기타불명,보행자,남,33세,중상
2012062100100641,2012년 6월 21일 23시,목요일,경상북도 포항시 북구 죽도동,중상사고,0,1,0,0,차대사람 - 기타,안전운전불이행,건조,맑음,단일로 - 기타,원동기,남,23세,상해없음,보행자,남,61세,중상
2012062100100642,2012년 6월 21일 23시,목요일,경상북도 김천시 봉산면,중상사고,0,1,0,0,차대차 - 추돌 - 진행중,안전운전불이행,건조,맑음,단일로 - 기타,화물,남,41세,상해없음,화물,남,59세,중상
2012062100100643,2012년 6월 21일 23시,목요일,경상북도 칠곡군 왜관읍,중상사고,0,1,0,0,차대차 - 추돌 - 진행중,안전운전불이행,건조,맑음,단일로 - 기타,화물,남,46세,상해없음,화물,남,44세,중상
2012062200100017,2012년 6월 22일 00시,금요일,경상북도 경주시 외동읍,경상사고,0,0,2,0,차대차 - 측면직각충돌,안전운전불이행,건조,맑음,단일로 - 기타,화물,남,41세,상해없음,승용,남,28세,경상
2012062200100018,2012년 6월 22일 00시,금요일,경상북도 경산시 정평동,경상사고,0,0,5,0,차대차 - 기타,안전운전불이행,건조,맑음,단일로 - 기타,화물,남,41세,상해없음,화물,남,35세,경상
2012062200100019,2012년 6월 22일 00시,금요일,경상북도 구미시 원평동,경상사고,0,0,3,0,차대차 - 기타,안전운전불이행,건조,맑음,단일로 - 기타,승용,남,54세,상해없음,승용,남,23세,경상
2012062200100041,2012년 6월 22일 01시,금요일,경상북도 포항시 북구 양덕동,경상사고,0,0,2,0,차대차 - 기타,교차로운행방법위반,건조,맑음,교차로 - 교차로안,승용,여,22세,상해없음,승용,여,32세,경상
2012062200100056,2012년 6월 22일 02시,금요일,경상북도 경주시 배반동,경상사고,0,0,1,0,차량단독 - 공작물충돌,안전운전불이행,건조,맑음,교차로 - 교차로부근,승용,남,26세,경상,,,,
2012062200100057,2012년 6월 22일 02시,금요일,경상북도 성주군 용암면,중상사고,0,1,0,0,차량단독 - 도로외이탈 - 기타,안전운전불이행,건조,맑음,단일로 - 기타,승용,남,43세,중상,,,,
2012062200100104,2012년 6월 22일 06시,금요일,경상북도 경산시 사동,중상사고,0,1,1,0,차대차 - 기타,교차로운행방법위반,건조,맑음,교차로 - 교차로안,승용,여,42세,상해없음,화물,남,55세,경상
2012062200100105,2012년 6월 22일 06시,금요일,경상북도 구미시 진평동,경상사고,0,0,1,0,차대차 - 측면직각충돌,안전운전불이행,건조,맑음,교차로 - 교차로안,승용,남,49세,상해없음,승용,여,24세,경상
2012062200100133,2012년 6월 22일 07시,금요일,경상북도 영주시 휴천동,경상사고,0,0,2,0,차대차 - 측면직각충돌,교차로운행방법위반,건조,맑음,교차로 - 교차로안,승용,남,25세,경상,승용,여,56세,경상
2012062200100134,2012년 6월 22일 07시,금요일,경상북도 영덕군 영해면,경상사고,0,0,1,0,차대사람 - 기타,안전운전불이행,건조,맑음,교차로 - 교차로안,승용,남,50세,상해없음,보행자,남,67세,경상
2012062200100164,2012년 6월 22일 08시,금요일,경상북도 안동시 당북동,경상사고,0,0,2,0,차대차 - 측면직각충돌,안전운전불이행,건조,맑음,교차로 - 교차로부근,화물,남,76세,상해없음,승용,여,46세,경상
2012062200100165,2012년 6월 22일 08시,금요일,경상북도 안동시 남후면,중상사고,0,1,2,0,차대차 - 추돌 - 주정차중,안전운전불이행,건조,맑음,기타 - 기타,승용,여,37세,상해없음,승용,여,31세,중상
2012062200100166,2012년 6월 22일 08시,금요일,경상북도 영주시 휴천동,중상사고,0,1,0,0,차대사람 - 기타,안전운전불이행,건조,맑음,교차로 - 교차로안,승용,남,39세,상해없음,보행자,남,55세,중상
2012062200100167,2012년 6월 22일 08시,금요일,경상북도 칠곡군 가산면,중상사고,0,1,0,0,차대차 - 추돌 - 진행중,교차로운행방법위반,건조,맑음,교차로 - 교차로안,승합,남,35세,상해없음,농기계,남,73세,상해없음
2012062200100168,2012년 6월 22일 08시,금요일,경상북도 칠곡군 북삼읍,부상신고사고,0,0,0,1,차대차 - 기타,안전운전불이행,건조,맑음,교차로 - 교차로안,건설기계,남,51세,기타불명,승용,여,27세,부상신고
2012062200100169,2012년 6월 22일 08시,금요일,경상북도 영천시 북안면,경상사고,0,0,1,0,차대차 - 측면직각충돌,안전운전불이행,건조,맑음,교차로 - 교차로안,승용,남,53세,상해없음,승용,남,54세,상해없음
2012062200100170,2012년 6월 22일 08시,금요일,경상북도 문경시 문경읍,경상사고,0,0,1,1,차대차 - 기타,기타,건조,맑음,교차로 - 교차로안,승용,여,57세,부상신고,승용,여,32세,경상
2012062200100171,2012년 6월 22일 08시,금요일,경상북도 경산시 평산동,경상사고,0,0,3,0,차대차 - 기타,안전운전불이행,건조,맑음,단일로 - 기타,화물,남,63세,상해없음,승용,여,20세,경상
2012062200100172,2012년 6월 22일 08시,금요일,경상북도 고령군 고령읍,중상사고,0,1,0,0,차대차 - 측면직각충돌,안전운전불이행,건조,맑음,교차로 - 교차로안,원동기,남,73세,중상,승용,여,33세,상해없음
2012062200100173,2012년 6월 22일 08시,금요일,경상북도 구미시 임은동,중상사고,0,1,0,0,차대차 - 기타,안전운전불이행,건조,맑음,교차로 - 교차로안,승용,여,54세,상해없음,이륜,남,36세,중상
2012062200100216,2012년 6월 22일 09시,금요일,경상북도 김천시 지좌동,경상사고,0,0,1,0,차대차 - 측면직각충돌,안전거리미확보,건조,맑음,단일로 - 기타,화물,남,55세,상해없음,승용,여,44세,경상
2012062200100217,2012년 6월 22일 09시,금요일,경상북도 영천시 북안면,중상사고,0,1,0,0,차대차 - 추돌 - 진행중,안전운전불이행,건조,맑음,단일로 - 터널,화물,남,50세,상해없음,화물,남,61세,중상
2012062200100218,2012년 6월 22일 09시,금요일,경상북도 문경시 영순면,중상사고,0,1,0,0,차대사람 - 횡단중,안전운전불이행,건조,맑음,교차로 - 교차로안,승용,여,27세,상해없음,보행자,남,54세,중상
2012062200100219,2012년 6월 22일 09시,금요일,경상북도 구미시 인의동,중상사고,0,1,0,0,차대차 - 측면직각충돌,신호위반,건조,맑음,교차로 - 교차로안,자전거,남,71세,중상,승용,남,25세,상해없음
2012062200100248,2012년 6월 22일 10시,금요일,경상북도 경주시 천군동,중상사고,0,2,1,0,차대차 - 측면직각충돌,안전운전불이행,건조,맑음,교차로 - 교차로부근,승합,남,71세,경상,화물,남,40세,중상
2012062200100249,2012년 6월 22일 10시,금요일,경상북도 성주군 수륜면,중상사고,0,1,0,0,차대차 - 측면직각충돌,직진우회전진행방해,건조,맑음,교차로 - 교차로안,승용,남,70세,상해없음,농기계,남,80세,중상
2012062200100273,2012년 6월 22일 11시,금요일,경상북도 경주시 구황동,경상사고,0,0,2,0,차대차 - 측면직각충돌,안전운전불이행,건조,맑음,단일로 - 기타,승용,여,52세,상해없음,승용,남,45세,경상
2012062200100274,2012년 6월 22일 11시,금요일,경상북도 상주시 함창읍,중상사고,0,2,0,0,차대차 - 측면직각충돌,교차로운행방법위반,건조,맑음,교차로 - 교차로안,승용,남,22세,상해없음,승용,남,66세,중상
2012062200100275,2012년 6월 22일 11시,금요일,경상북도 문경시 공평동,경상사고,0,0,1,0,차대차 - 기타,불법유턴,건조,맑음,단일로 - 기타,원동기,여,52세,경상,화물,남,62세,상해없음
2012062200100276,2012년 6월 22일 11시,금요일,경상북도 성주군 대가면,경상사고,0,0,1,0,차대차 - 측면직각충돌,안전운전불이행,건조,맑음,기타 - 기타,승용,남,47세,상해없음,승용,남,70세,경상
2012062200100277,2012년 6월 22일 11시,금요일,경상북도 포항시 남구 인덕동,중상사고,0,1,2,0,차대차 - 기타,안전운전불이행,건조,맑음,단일로 - 기타,승용,여,26세,경상,승용,여,30세,중상
2012062200100291,2012년 6월 22일 12시,금요일,경상북도 문경시 점촌동,중상사고,0,1,0,0,차대차 - 기타,직진우회전진행방해,건조,맑음,교차로 - 교차로안,이륜,남,72세,상해없음,승용,남,31세,상해없음
2012062200100292,2012년 6월 22일 12시,금요일,경상북도 포항시 남구 대도동,경상사고,0,0,1,0,차대차 - 추돌 - 주정차중,안전운전불이행,건조,맑음,교차로 - 교차로안,승용,남,28세,상해없음,승용,여,59세,경상
2012062200100315,2012년 6월 22일 13시,금요일,경상북도 포항시 북구 흥해읍,중상사고,0,1,0,0,차대차 - 기타,중앙선침범,건조,맑음,단일로 - 기타,승용,남,63세,상해없음,승용,남,59세,중상
2012062200100316,2012년 6월 22일 13시,금요일,경상북도 상주시 인봉동,경상사고,0,0,1,0,차대차 - 기타,교차로운행방법위반,건조,맑음,교차로 - 교차로안,승용,남,52세,상해없음,원동기,여,69세,경상
2012062200100348,2012년 6월 22일 14시,금요일,경상북도 포항시 북구 환호동,경상사고,0,0,2,0,차대차 - 기타,기타,건조,맑음,단일로 - 기타,승용,여,44세,상해없음,자전거,남,75세,경상
2012062200100349,2012년 6월 22일 14시,금요일,경상북도 청도군 청도읍,경상사고,0,0,1,0,차대차 - 기타,안전운전불이행,건조,맑음,단일로 - 기타,승합,남,40세,상해없음,원동기,여,68세,경상
2012062200100350,2012년 6월 22일 14시,금요일,경상북도 포항시 남구 오천읍,경상사고,0,0,1,0,차대사람 - 기타,기타,건조,맑음,단일로 - 기타,승용,남,70세,상해없음,보행자,남,42세,경상
2012062200100379,2012년 6월 22일 15시,금요일,경상북도 영주시 휴천동,경상사고,0,0,1,0,차대차 - 기타,안전운전불이행,건조,맑음,교차로 - 교차로안,승용,남,61세,상해없음,자전거,남,66세,경상
2012062200100452,2012년 6월 22일 17시,금요일,경상북도 칠곡군 북삼읍,중상사고,0,1,0,0,차대차 - 기타,교차로운행방법위반,건조,맑음,교차로 - 교차로안,승용,여,59세,상해없음,승용,남,32세,중상
2012062200100453,2012년 6월 22일 17시,금요일,경상북도 영천시 북안면,경상사고,0,0,1,0,차대차 - 측면직각충돌,안전운전불이행,건조,맑음,단일로 - 기타,승용,남,28세,경상,화물,남,38세,상해없음
2012062200100454,2012년 6월 22일 17시,금요일,경상북도 경산시 남산면,경상사고,0,0,1,0,차대차 - 기타,안전운전불이행,건조,맑음,단일로 - 기타,승용,여,75세,기타불명,이륜,남,73세,경상
2012062200100455,2012년 6월 22일 17시,금요일,경상북도 청도군 청도읍,중상사고,0,1,0,0,차대사람 - 횡단중,안전운전불이행,건조,맑음,교차로 - 교차로안,승용,남,33세,상해없음,보행자,여,5세,중상
2012062200100495,2012년 6월 22일 18시,금요일,경상북도 경주시 노동동,중상사고,0,1,0,1,차대사람 - 기타,안전운전불이행,건조,맑음,단일로 - 기타,원동기,남,18세,부상신고,보행자,여,57세,중상
2012062200100496,2012년 6월 22일 18시,금요일,경상북도 경주시 구정동,경상사고,0,0,1,0,차대차 - 기타,안전운전불이행,건조,맑음,교차로 - 교차로부근,승용,남,49세,상해없음,승용,남,51세,경상
2012062200100497,2012년 6월 22일 18시,금요일,경상북도 상주시 복룡동,중상사고,0,1,0,0,차대차 - 정면충돌,교차로운행방법위반,건조,맑음,교차로 - 교차로부근,승용,남,38세,상해없음,원동기,남,77세,중상
2012062200100498,2012년 6월 22일 18시,금요일,경상북도 영천시 화북면,사망사고,1,0,0,0,차대차 - 정면충돌,중앙선침범,건조,맑음,교차로 - 교차로안,이륜,남,61세,사망,승용,남,28세,상해없음
2012062200100499,2012년 6월 22일 18시,금요일,경상북도 경산시 자인면,경상사고,0,0,1,0,차대사람 - 기타,안전운전불이행,건조,맑음,교차로 - 교차로안,화물,남,59세,상해없음,보행자,여,5세,경상
2012062200100501,2012년 6월 22일 18시,금요일,경상북도 포항시 남구 해도동,경상사고,0,0,1,0,차대차 - 측면직각충돌,교차로운행방법위반,건조,맑음,교차로 - 교차로안,승용,여,46세,상해없음,원동기,남,55세,경상
2012062200100533,2012년 6월 22일 19시,금요일,경상북도 상주시 가장동,경상사고,0,0,2,0,차대차 - 기타,안전운전불이행,건조,맑음,단일로 - 기타,승용,여,55세,상해없음,화물,남,59세,경상
2012062200100534,2012년 6월 22일 19시,금요일,경상북도 구미시 신평동,경상사고,0,0,1,0,차대차 - 추돌 - 주정차중,안전거리미확보,건조,맑음,교차로 - 교차로안,승용,여,28세,상해없음,승용,여,31세,경상
2012062200100571,2012년 6월 22일 20시,금요일,경상북도 안동시 풍산읍,사망사고,1,0,0,0,차대사람 - 길가장자리구역통행중,안전운전불이행,습기,비,단일로 - 기타,승용,여,34세,상해없음,보행자,여,71세,사망
2012062200100572,2012년 6월 22일 20시,금요일,경상북도 상주시 중덕동,중상사고,0,1,0,0,차대차 - 추돌 - 진행중,안전운전불이행,건조,맑음,단일로 - 기타,화물,남,43세,상해없음,자전거,남,72세,중상
2012062200100573,2012년 6월 22일 20시,금요일,경상북도 경산시 서상동,중상사고,0,1,0,0,차대차 - 추돌 - 진행중,안전운전불이행,건조,맑음,교차로 - 교차로안,승용,여,26세,상해없음,승용,남,23세,중상
2012062200100574,2012년 6월 22일 20시,금요일,경상북도 구미시 선산읍,중상사고,0,1,1,0,차대차 - 측면직각충돌,안전운전불이행,건조,맑음,단일로 - 기타,농기계,여,69세,경상,승용,남,53세,중상
2012062200100612,2012년 6월 22일 21시,금요일,경상북도 안동시 풍천면,중상사고,0,1,0,0,차대사람 - 차도통행중,안전운전불이행,건조,맑음,단일로 - 기타,승용,남,29세,상해없음,보행자,남,65세,중상
2012062200100613,2012년 6월 22일 21시,금요일,경상북도 안동시 법흥동,경상사고,0,0,4,0,차대차 - 추돌 - 주정차중,안전운전불이행,습기,비,교차로 - 교차로부근,승용,남,32세,상해없음,승용,남,46세,경상
2012062200100614,2012년 6월 22일 21시,금요일,경상북도 영천시 문외동,중상사고,0,2,0,0,차대사람 - 기타,과속,건조,맑음,교차로 - 교차로안,승용,남,42세,상해없음,보행자,여,50세,중상
2012062200100615,2012년 6월 22일 21시,금요일,경상북도 경산시 중방동,경상사고,0,0,1,0,차대차 - 측면직각충돌,직진우회전진행방해,건조,맑음,교차로 - 교차로안,승용,남,42세,상해없음,자전거,남,17세,경상
2012062200100616,2012년 6월 22일 21시,금요일,경상북도 봉화군 봉화읍,중상사고,0,1,0,0,차대차 - 측면직각충돌,직진우회전진행방해,건조,맑음,교차로 - 교차로안,승용,남,57세,상해없음,승용,여,39세,중상
2012062200100617,2012년 6월 22일 21시,금요일,경상북도 구미시 원평동,중상사고,0,1,0,0,차대차 - 추돌 - 주정차중,안전운전불이행,건조,맑음,단일로 - 기타,기타불명,기타불명,기타불명,기타불명,승용,남,42세,중상
2012062200100618,2012년 6월 22일 21시,금요일,경상북도 포항시 남구 오천읍,경상사고,0,0,1,0,차대사람 - 기타,안전운전불이행,건조,맑음,교차로 - 교차로부근,원동기,남,16세,상해없음,보행자,남,50세,경상
2012062200100657,2012년 6월 22일 22시,금요일,경상북도 경주시 구정동,사망사고,1,0,0,0,차대사람 - 기타,안전운전불이행,건조,맑음,교차로 - 교차로안,승용,여,42세,상해없음,보행자,여,44세,사망
2012062300100016,2012년 6월 23일 00시,토요일,경상북도 경주시 충효동,중상사고,0,2,1,0,차대차 - 기타,안전운전불이행,건조,맑음,교차로 - 교차로부근,승용,남,52세,상해없음,승용,남,59세,중상
2012062300100048,2012년 6월 23일 01시,토요일,경상북도 포항시 북구 장성동,경상사고,0,0,2,0,차대차 - 기타,중앙선침범,건조,맑음,교차로 - 교차로부근,승용,남,43세,상해없음,승용,남,31세,경상
2012062300100049,2012년 6월 23일 01시,토요일,경상북도 영천시 대전동,사망사고,1,0,0,0,차량단독 - 공작물충돌,안전운전불이행,건조,맑음,단일로 - 기타,승용,여,37세,사망,,,,
2012062300100050,2012년 6월 23일 01시,토요일,경상북도 구미시 구평동,중상사고,0,1,0,0,차대차 - 측면직각충돌,신호위반,건조,맑음,교차로 - 교차로안,승용,남,26세,상해없음,승용,여,54세,중상
2012062300100065,2012년 6월 23일 02시,토요일,경상북도 구미시 공단동,중상사고,0,1,1,0,차대차 - 측면직각충돌,신호위반,건조,맑음,교차로 - 교차로안,승용,남,35세,중상,화물,남,23세,경상
2012062300100117,2012년 6월 23일 05시,토요일,경상북도 경산시 진량읍,중상사고,0,2,1,0,차량단독 - 공작물충돌,안전운전불이행,건조,맑음,단일로 - 기타,승용,기타불명,17세,기타불명,,,,
2012062300100137,2012년 6월 23일 06시,토요일,경상북도 경산시 중방동,경상사고,0,0,1,0,차대사람 - 보도통행중,보행자보호의무위반,건조,맑음,단일로 - 교량,승용,여,29세,상해없음,보행자,여,23세,경상
2012062300100138,2012년 6월 23일 06시,토요일,경상북도 예천군 예천읍,경상사고,0,0,3,0,차대차 - 정면충돌,안전운전불이행,건조,맑음,교차로 - 교차로안,승용,여,32세,경상,화물,남,55세,경상
2012062300100171,2012년 6월 23일 08시,토요일,경상북도 상주시 냉림동,경상사고,0,0,1,0,차대사람 - 횡단중,교차로운행방법위반,건조,맑음,교차로 - 교차로안,이륜,남,72세,상해없음,보행자,여,75세,경상
2012062300100172,2012년 6월 23일 08시,토요일,경상북도 김천시 아포읍,경상사고,0,0,2,0,차대차 - 기타,안전거리미확보,건조,맑음,단일로 - 기타,승용,기타불명,기타불명,기타불명,승용,여,29세,경상
2012062300100198,2012년 6월 23일 09시,토요일,경상북도 상주시 외남면,중상사고,0,1,0,0,차대사람 - 기타,안전운전불이행,건조,맑음,단일로 - 기타,화물,남,50세,상해없음,보행자,남,69세,중상
2012062300100199,2012년 6월 23일 09시,토요일,경상북도 구미시 오태동,중상사고,0,1,0,0,차대차 - 측면직각충돌,안전운전불이행,건조,맑음,기타 - 기타,승용,여,28세,중상,승용,여,41세,상해없음
2012062300100221,2012년 6월 23일 10시,토요일,경상북도 구미시 봉곡동,경상사고,0,0,1,0,차대차 - 측면직각충돌,기타,건조,맑음,교차로 - 교차로안,승용,여,41세,상해없음,승용,남,24세,경상
2012062300100222,2012년 6월 23일 10시,토요일,경상북도 포항시 남구 대도동,경상사고,0,0,1,0,차대차 - 추돌 - 진행중,안전운전불이행,건조,맑음,단일로 - 기타,화물,남,59세,상해없음,원동기,남,59세,경상