사고번호,사고일시,요일,시군구,사고내용,사망자수,중상자수,경상자수,부상신고자수,사고유형,법규위반,노면상태,기상상태,도로형태,가해운전자 차종,가해운전자 성별,가해운전자 연령,가해운전자 상해정도,피해운전자 차종,피해운전자 성별,피해운전자 연령,피해운전자 상해정도
2012062600100338,2012년 6월 26일 15시,화요일,경상북도 포항시 북구 장성동,경상사고,0,0,1,0,차대차 - 측면직각충돌,신호위반,건조,맑음,교차로 - 교차로안,승용,여,46세,상해없음,승합,남,55세,상해없음
2012062600100339,2012년 6월 26일 15시,화요일,경상북도 구미시 신평동,경상사고,0,0,1,0,차대차 - 측면직각충돌,신호위반,건조,맑음,교차로 - 교차로안,승용,남,62세,상해없음,이륜,남,42세,경상
2012062600100369,2012년 6월 26일 16시,화요일,경상북도 영천시 완산동,중상사고,0,1,0,0,차대사람 - 횡단중,보행자보호의무위반,건조,맑음,교차로 - 교차로부근,승용,남,56세,상해없음,보행자,남,82세,중상
2012062600100404,2012년 6월 26일 17시,화요일,경상북도 안동시 금곡동,경상사고,0,0,2,0,차대차 - 측면직각충돌,중앙선침범,건조,맑음,단일로 - 기타,자전거,남,17세,경상,원동기,여,72세,경상
2012062600100405,2012년 6월 26일 17시,화요일,경상북도 영덕군 영덕읍,경상사고,0,0,1,0,차대차 - 기타,안전운전불이행,건조,흐림,단일로 - 기타,승용,여,46세,상해없음,자전거,남,70세,경상
2012062600100406,2012년 6월 26일 17시,화요일,경상북도 포항시 남구 대도동,경상사고,0,0,1,0,차대차 - 측면직각충돌,교차로운행방법위반,건조,맑음,교차로 - 교차로안,승용,남,58세,상해없음,승합,남,45세,경상
2012062600100453,2012년 6월 26일 18시,화요일,경상북도 경주시 석장동,중상사고,0,1,1,0,차대차 - 기타,안전운전불이행,건조,맑음,단일로 - 기타,승용,남,56세,상해없음,승용,여,46세,중상
2012062600100454,2012년 6월 26일 18시,화요일,경상북도 포항시 북구 동빈1가,경상사고,0,0,2,0,차대차 - 기타,안전운전불이행,건조,맑음,교차로 - 교차로부근,승용,여,43세,상해없음,승용,남,35세,경상
2012062600100455,2012년 6월 26일 18시,화요일,경상북도 포항시 북구 항구동,경상사고,0,0,1,0,차대사람 - 기타,안전운전불이행,건조,맑음,단일로 - 기타,승용,남,59세,상해없음,보행자,여,25세,경상
2012062600100456,2012년 6월 26일 18시,화요일,경상북도 영주시 휴천동,경상사고,0,0,1,0,차대차 - 추돌 - 진행중,안전운전불이행,건조,맑음,교차로 - 교차로부근,승용,남,41세,상해없음,승용,남,46세,경상
2012062600100457,2012년 6월 26일 18시,화요일,경상북도 포항시 남구 청림동,경상사고,0,0,1,0,차대차 - 측면직각충돌,신호위반,건조,맑음,교차로 - 교차로안,이륜,남,56세,경상,승용,남,40세,상해없음
2012062600100480,2012년 6월 26일 19시,화요일,경상북도 칠곡군 왜관읍,경상사고,0,0,2,0,차대차 - 추돌 - 주정차중,안전거리미확보,건조,맑음,단일로 - 기타,화물,남,64세,상해없음,승합,남,49세,경상
2012062600100502,2012년 6월 26일 20시,화요일,경상북도 안동시 태화동,중상사고,0,1,0,0,차대사람 - 횡단중,보행자보호의무위반,건조,맑음,교차로 - 교차로부근,승용,남,22세,상해없음,보행자,남,63세,중상
2012062600100503,2012년 6월 26일 20시,화요일,경상북도 영덕군 강구면,중상사고,0,2,0,0,차대차 - 정면충돌,중앙선침범,건조,맑음,단일로 - 기타,승용,남,63세,상해없음,이륜,남,60세,중상
2012062600100504,2012년 6월 26일 20시,화요일,경상북도 구미시 신평동,경상사고,0,0,1,0,차대차 - 측면직각충돌,안전운전불이행,건조,맑음,단일로 - 기타,승용,여,53세,상해없음,승용,남,55세,경상
2012062600100506,2012년 6월 26일 20시,화요일,경상북도 포항시 남구 대도동,경상사고,0,0,1,0,차대차 - 기타,신호위반,건조,흐림,교차로 - 교차로안,이륜,남,56세,경상,승용,남,23세,상해없음
2012062600100532,2012년 6월 26일 21시,화요일,경상북도 경산시 압량면,경상사고,0,0,1,0,차대사람 - 기타,신호위반,건조,맑음,교차로 - 교차로안,승용,남,22세,상해없음,보행자,남,22세,경상
2012062600100533,2012년 6월 26일 21시,화요일,경상북도 구미시 송정동,중상사고,0,1,1,0,차대차 - 기타,안전운전불이행,건조,맑음,기타 - 기타,승용,남,42세,상해없음,자전거,남,13세,중상
2012062600100534,2012년 6월 26일 21시,화요일,경상북도 포항시 남구 송도동,중상사고,0,1,0,0,차대사람 - 기타,안전운전불이행,습기,비,단일로 - 기타,이륜,남,18세,상해없음,보행자,여,39세,중상
2012062600100574,2012년 6월 26일 22시,화요일,경상북도 구미시 송정동,중상사고,0,1,0,0,차대사람 - 기타,안전운전불이행,건조,맑음,단일로 - 기타,기타불명,기타불명,기타불명,기타불명,보행자,남,17세,중상
2012062600100613,2012년 6월 26일 23시,화요일,경상북도 경주시 강동면,경상사고,0,0,1,0,차대사람 - 기타,안전운전불이행,건조,맑음,단일로 - 기타,승용,남,31세,상해없음,보행자,여,57세,경상
2012062600100614,2012년 6월 26일 23시,화요일,경상북도 포항시 북구 득량동,중상사고,0,1,0,0,차량단독 - 기타,안전운전불이행,건조,흐림,단일로 - 기타,화물,남,65세,상해없음,,,,
2012062600100615,2012년 6월 26일 23시,화요일,경상북도 구미시 황상동,경상사고,0,0,1,0,차대차 - 기타,안전운전불이행,건조,맑음,교차로 - 교차로부근,승용,여,41세,상해없음,이륜,남,42세,경상
2012062700100082,2012년 6월 27일 04시,수요일,경상북도 포항시 남구 상도동,중상사고,0,1,1,0,차량단독 - 공작물충돌,안전운전불이행,건조,맑음,교차로 - 교차로안,승용,남,26세,경상,,,,
2012062700100096,2012년 6월 27일 05시,수요일,경상북도 구미시 송정동,중상사고,0,1,1,0,차대차 - 정면충돌,안전운전불이행,건조,맑음,단일로 - 기타,승용,남,33세,상해없음,승용,남,34세,경상
2012062700100099,2012년 6월 27일 06시,수요일,경상북도 성주군 수륜면,중상사고,0,1,0,0,차대차 - 기타,안전운전불이행,건조,맑음,단일로 - 기타,이륜,남,64세,중상,화물,남,63세,상해없음
2012062700100129,2012년 6월 27일 07시,수요일,경상북도 경주시 외동읍,중상사고,0,1,0,0,차대차 - 측면직각충돌,안전운전불이행,습기,비,교차로 - 교차로안,승용,여,54세,상해없음,이륜,여,28세,중상
2012062700100130,2012년 6월 27일 07시,수요일,경상북도 안동시 용상동,경상사고,0,0,1,0,차대차 - 정면충돌,안전운전불이행,건조,맑음,단일로 - 기타,승용,여,47세,상해없음,승용,여,50세,경상
2012062700100166,2012년 6월 27일 08시,수요일,경상북도 영주시 상망동,경상사고,0,0,1,0,차대사람 - 횡단중,안전운전불이행,건조,맑음,교차로 - 교차로안,승용,남,40세,상해없음,보행자,여,75세,경상
2012062700100167,2012년 6월 27일 08시,수요일,경상북도 칠곡군 동명면,중상사고,0,1,0,0,차대차 - 추돌 - 진행중,중앙선침범,건조,맑음,단일로 - 기타,승용,남,43세,상해없음,승용,남,48세,중상
2012062700100168,2012년 6월 27일 08시,수요일,경상북도 영덕군 병곡면,부상신고사고,0,0,0,1,차량단독 - 전도전복,안전운전불이행,건조,흐림,기타 - 기타,자전거,남,12세,부상신고,,,,
2012062700100169,2012년 6월 27일 08시,수요일,경상북도 구미시 구포동,경상사고,0,0,1,0,차대차 - 측면직각충돌,안전운전불이행,건조,맑음,교차로 - 교차로부근,승용,남,46세,상해없음,승용,여,52세,경상
2012062700100201,2012년 6월 27일 09시,수요일,경상북도 경산시 압량면,경상사고,0,0,1,0,차대차 - 기타,신호위반,건조,기타,교차로 - 교차로안,승용,남,33세,상해없음,승용,여,50세,경상
2012062700100202,2012년 6월 27일 09시,수요일,경상북도 구미시 원평동,중상사고,0,1,0,0,차대사람 - 횡단중,안전운전불이행,건조,흐림,단일로 - 기타,승용,남,51세,상해없음,보행자,여,49세,중상
2012062700100203,2012년 6월 27일 09시,수요일,경상북도 구미시 인의동,중상사고,0,2,0,0,차대차 - 측면직각충돌,안전운전불이행,건조,맑음,교차로 - 교차로안,승용,여,51세,상해없음,원동기,남,78세,중상
2012062700100204,2012년 6월 27일 09시,수요일,경상북도 포항시 남구 인덕동,중상사고,0,1,3,0,차대차 - 기타,안전운전불이행,건조,맑음,교차로 - 교차로부근,승용,남,62세,경상,승용,남,63세,중상
2012062700100239,2012년 6월 27일 10시,수요일,경상북도 포항시 북구 학산동,중상사고,0,1,0,0,차대차 - 기타,안전운전불이행,건조,맑음,단일로 - 기타,승용,여,49세,상해없음,자전거,남,77세,중상
2012062700100240,2012년 6월 27일 10시,수요일,경상북도 안동시 옥야동,경상사고,0,0,1,0,차대사람 - 차도통행중,안전운전불이행,건조,맑음,단일로 - 기타,승용,여,55세,상해없음,보행자,남,29세,경상
2012062700100241,2012년 6월 27일 10시,수요일,경상북도 칠곡군 지천면,중상사고,0,1,0,0,차대사람 - 기타,안전운전불이행,건조,맑음,단일로 - 기타,화물,남,69세,상해없음,보행자,남,54세,중상
2012062700100242,2012년 6월 27일 10시,수요일,경상북도 예천군 지보면,중상사고,0,1,0,0,차대차 - 기타,안전운전불이행,건조,흐림,단일로 - 기타,이륜,남,71세,상해없음,승용,남,30세,중상
2012062700100264,2012년 6월 27일 11시,수요일,경상북도 칠곡군 왜관읍,사망사고,1,0,0,0,차대차 - 추돌 - 진행중,안전운전불이행,건조,맑음,교차로 - 교차로부근,승용,남,52세,상해없음,이륜,남,79세,사망
2012062700100265,2012년 6월 27일 11시,수요일,경상북도 영천시 망정동,경상사고,0,0,3,0,차대차 - 측면직각충돌,교차로운행방법위반,건조,맑음,교차로 - 교차로안,승용,남,56세,상해없음,승용,여,39세,경상
2012062700100266,2012년 6월 27일 11시,수요일,경상북도 구미시 옥계동,중상사고,0,1,0,0,차대차 - 기타,안전운전불이행,건조,맑음,교차로 - 교차로안,승용,여,54세,상해없음,승용,여,31세,중상
2012062700100281,2012년 6월 27일 12시,수요일,경상북도 포항시 남구 오천읍,중상사고,0,1,0,0,차대사람 - 기타,안전운전불이행,습기,비,교차로 - 교차로안,화물,남,53세,상해없음,보행자,남,57세,중상
2012062700100304,2012년 6월 27일 13시,수요일,경상북도 포항시 남구 대잠동,중상사고,0,1,0,0,차대사람 - 기타,기타,건조,맑음,단일로 - 기타,화물,남,34세,상해없음,보행자,남,60세,중상
2012062700100338,2012년 6월 27일 14시,수요일,경상북도 경주시 외동읍,사망사고,1,0,3,0,차대차 - 측면직각충돌,안전운전불이행,건조,맑음,단일로 - 기타,승용,남,48세,경상,화물,남,47세,상해없음
2012062700100339,2012년 6월 27일 14시,수요일,경상북도 울진군 북면,경상사고,0,0,1,0,차대차 - 추돌 - 진행중,안전운전불이행,건조,맑음,교차로 - 교차로안,승용,남,35세,상해없음,자전거,남,30세,경상
2012062700100340,2012년 6월 27일 14시,수요일,경상북도 구미시 봉곡동,경상사고,0,0,1,0,차대사람 - 횡단중,안전운전불이행,건조,맑음,기타 - 기타,기타불명,기타불명,기타불명,기타불명,보행자,남,7세,경상
2012062700100377,2012년 6월 27일 15시,수요일,경상북도 영주시 하망동,경상사고,0,0,1,0,차대차 - 기타,직진우회전진행방해,건조,맑음,교차로 - 교차로안,화물,남,34세,상해없음,자전거,여,50세,경상
2012062700100378,2012년 6월 27일 15시,수요일,경상북도 경산시 진량읍,중상사고,0,1,3,0,차량단독 - 공작물충돌,안전운전불이행,건조,흐림,단일로 - 기타,승용,남,24세,상해없음,,,,
2012062700100379,2012년 6월 27일 15시,수요일,경상북도 경산시 하양읍,경상사고,0,0,1,0,차대차 - 기타,안전운전불이행,건조,맑음,기타 - 기타,이륜,남,40세,경상,승용,남,45세,상해없음
2012062700100380,2012년 6월 27일 15시,수요일,경상북도 경산시 중방동,중상사고,0,1,0,0,차대차 - 기타,안전운전불이행,건조,맑음,교차로 - 교차로안,승용,여,34세,상해없음,이륜,남,38세,중상
2012062700100415,2012년 6월 27일 16시,수요일,경상북도 영주시 휴천동,경상사고,0,0,2,0,차대차 - 측면직각충돌,중앙선침범,건조,맑음,교차로 - 교차로부근,승용,남,19세,상해없음,화물,남,52세,상해없음
2012062700100416,2012년 6월 27일 16시,수요일,경상북도 영주시 풍기읍,중상사고,0,1,0,0,차대사람 - 기타,안전운전불이행,건조,맑음,단일로 - 기타,승용,여,61세,상해없음,보행자,여,55세,중상
2012062700100417,2012년 6월 27일 16시,수요일,경상북도 성주군 성주읍,중상사고,0,1,0,0,차대차 - 추돌 - 주정차중,안전운전불이행,건조,맑음,단일로 - 기타,승용,남,39세,중상,화물,남,56세,기타불명
2012062700100418,2012년 6월 27일 16시,수요일,경상북도 구미시 고아읍,경상사고,0,0,1,0,차대차 - 측면직각충돌,교차로운행방법위반,건조,맑음,교차로 - 교차로안,승용,여,49세,경상,승합,남,49세,상해없음
2012062700100452,2012년 6월 27일 17시,수요일,경상북도 예천군 예천읍,중상사고,0,1,0,0,차대차 - 추돌 - 주정차중,안전운전불이행,건조,맑음,단일로 - 기타,승용,남,38세,상해없음,승용,남,40세,중상
2012062700100453,2012년 6월 27일 17시,수요일,경상북도 구미시 진평동,중상사고,0,1,0,0,차대사람 - 횡단중,안전운전불이행,건조,맑음,기타 - 기타,승용,남,28세,상해없음,보행자,여,47세,중상
2012062700100487,2012년 6월 27일 18시,수요일,경상북도 경주시 황오동,중상사고,0,1,0,0,차대사람 - 횡단중,안전운전불이행,건조,흐림,단일로 - 기타,승용,여,56세,상해없음,보행자,남,13세,중상
2012062700100488,2012년 6월 27일 18시,수요일,경상북도 칠곡군 지천면,부상신고사고,0,0,0,1,차량단독 - 공작물충돌,안전운전불이행,건조,맑음,단일로 - 기타,승용,남,30세,부상신고,,,,
2012062700100521,2012년 6월 27일 19시,수요일,경상북도 칠곡군 가산면,중상사고,0,1,0,0,차대차 - 기타,중앙선침범,건조,맑음,교차로 - 교차로부근,화물,남,70세,상해없음,이륜,남,50세,중상
2012062700100522,2012년 6월 27일 19시,수요일,경상북도 구미시 진평동,경상사고,0,0,1,0,차대차 - 측면직각충돌,교차로운행방법위반,건조,맑음,교차로 - 교차로안,승합,남,48세,상해없음,승용,남,61세,상해없음
2012062700100565,2012년 6월 27일 20시,수요일,경상북도 성주군 성주읍,경상사고,0,0,1,0,차대차 - 추돌 - 주정차중,안전운전불이행,건조,맑음,단일로 - 기타,이륜,남,73세,경상,승용,남,56세,상해없음
2012062700100598,2012년 6월 27일 21시,수요일,경상북도 포항시 북구 창포동,중상사고,0,1,0,0,차대사람 - 횡단중,보행자보호의무위반,습기,흐림,단일로 - 횡단보도상,원동기,남,16세,상해없음,보행자,여,48세,중상
2012062700100599,2012년 6월 27일 21시,수요일,경상북도 고령군 성산면,사망사고,1,0,0,0,차량단독 - 도로외이탈 - 추락,안전운전불이행,건조,맑음,단일로 - 기타,승용,남,34세,사망,,,,
2012062700100631,2012년 6월 27일 22시,수요일,경상북도 포항시 북구 청하면,중상사고,0,2,0,0,차대차 - 추돌 - 진행중,안전운전불이행,건조,맑음,단일로 - 기타,화물,남,55세,중상,특수,남,45세,중상
2012062700100662,2012년 6월 27일 23시,수요일,경상북도 구미시 옥계동,경상사고,0,0,2,0,차대차 - 측면직각충돌,안전운전불이행,건조,맑음,단일로 - 기타,승용,남,43세,상해없음,승용,남,29세,경상
2012062800100018,2012년 6월 28일 00시,목요일,경상북도 경주시 외동읍,경상사고,0,0,1,0,차대차 - 기타,안전운전불이행,건조,맑음,교차로 - 교차로안,화물,남,53세,상해없음,화물,남,32세,경상
2012062800100019,2012년 6월 28일 00시,목요일,경상북도 구미시 신평동,경상사고,0,0,1,0,차대차 - 측면직각충돌,안전운전불이행,건조,맑음,교차로 - 교차로안,승용,남,50세,상해없음,승용,남,27세,경상
2012062800100050,2012년 6월 28일 02시,목요일,경상북도 포항시 북구 대흥동,경상사고,0,0,2,0,차대차 - 측면직각충돌,안전운전불이행,건조,맑음,교차로 - 교차로부근,승용,남,27세,상해없음,승용,남,46세,경상
2012062800100051,2012년 6월 28일 02시,목요일,경상북도 안동시 안막동,경상사고,0,0,3,0,차대차 - 측면직각충돌,안전운전불이행,건조,맑음,교차로 - 교차로안,승용,여,40세,경상,승용,남,21세,경상
2012062800100095,2012년 6월 28일 06시,목요일,경상북도 칠곡군 북삼읍,경상사고,0,0,1,0,차대차 - 기타,신호위반,건조,맑음,교차로 - 교차로부근,승용,남,50세,상해없음,자전거,남,12세,경상
2012062800100096,2012년 6월 28일 06시,목요일,경상북도 문경시 문경읍,중상사고,0,2,6,0,차량단독 - 전도전복,안전운전불이행,건조,맑음,단일로 - 기타,승합,남,67세,경상,,,,
2012062800100114,2012년 6월 28일 07시,목요일,경상북도 구미시 공단동,경상사고,0,0,1,0,차대차 - 기타,기타,건조,맑음,교차로 - 교차로안,승합,남,61세,상해없음,자전거,남,24세,경상
2012062800100115,2012년 6월 28일 07시,목요일,경상북도 구미시 진평동,경상사고,0,0,2,0,차대차 - 추돌 - 주정차중,안전운전불이행,건조,맑음,단일로 - 기타,승용,남,58세,상해없음,승용,남,30세,경상
2012062800100168,2012년 6월 28일 08시,목요일,경상북도 구미시 신평동,중상사고,0,1,0,0,차대사람 - 횡단중,안전운전불이행,기타,기타,교차로 - 교차로부근,이륜,남,44세,상해없음,보행자,여,51세,중상
2012062800100205,2012년 6월 28일 09시,목요일,경상북도 경주시 건천읍,중상사고,0,2,0,0,차대차 - 측면직각충돌,교차로운행방법위반,건조,맑음,교차로 - 교차로부근,승용,남,52세,상해없음,이륜,남,68세,중상
2012062800100230,2012년 6월 28일 10시,목요일,경상북도 경주시 성건동,경상사고,0,0,1,0,차대차 - 측면직각충돌,안전운전불이행,건조,맑음,교차로 - 교차로부근,승용,남,62세,상해없음,자전거,남,51세,경상
2012062800100231,2012년 6월 28일 10시,목요일,경상북도 구미시 구포동,경상사고,0,0,2,0,차대차 - 측면직각충돌,안전운전불이행,건조,맑음,교차로 - 교차로안,승용,여,39세,경상,승용,여,32세,경상
2012062800100257,2012년 6월 28일 11시,목요일,경상북도 의성군 금성면,사망사고,1,0,0,0,차량단독 - 기타,안전운전불이행,건조,흐림,단일로 - 기타,농기계,남,76세,사망,,,,
2012062800100258,2012년 6월 28일 11시,목요일,경상북도 포항시 남구 이동,경상사고,0,0,3,0,차대차 - 기타,안전운전불이행,건조,맑음,교차로 - 교차로부근,특수,남,49세,상해없음,화물,남,36세,경상
2012062800100279,2012년 6월 28일 12시,목요일,경상북도 상주시 공검면,중상사고,0,1,1,0,차대차 - 기타,중앙선침범,건조,맑음,단일로 - 기타,화물,남,50세,상해없음,승합,남,49세,상해없음
2012062800100280,2012년 6월 28일 12시,목요일,경상북도 영천시 신령면,중상사고,0,1,0,0,차대차 - 추돌 - 진행중,안전운전불이행,건조,맑음,교차로 - 교차로안,화물,남,56세,상해없음,화물,남,66세,중상
2012062800100304,2012년 6월 28일 13시,목요일,경상북도 의성군 안평면,중상사고,0,1,0,0,차대사람 - 길가장자리구역통행중,안전운전불이행,건조,맑음,단일로 - 기타,건설기계,남,27세,상해없음,보행자,여,69세,중상
2012062800100305,2012년 6월 28일 13시,목요일,경상북도 경산시 정평동,경상사고,0,0,1,0,차대차 - 기타,차로위반,건조,맑음,교차로 - 교차로부근,기타불명,기타불명,기타불명,기타불명,승용,여,40세,경상
2012062800100306,2012년 6월 28일 13시,목요일,경상북도 구미시 임수동,경상사고,0,0,7,0,차대차 - 기타,안전운전불이행,건조,맑음,교차로 - 교차로안,화물,남,49세,상해없음,승용,남,30세,경상
2012062800100355,2012년 6월 28일 15시,목요일,경상북도 안동시 수상동,경상사고,0,0,3,0,차대차 - 추돌 - 진행중,안전운전불이행,건조,맑음,단일로 - 교량,화물,남,36세,경상,승용,여,36세,경상
2012062800100356,2012년 6월 28일 15시,목요일,경상북도 문경시 모전동,경상사고,0,0,1,0,차대차 - 기타,안전운전불이행,건조,맑음,교차로 - 교차로안,승용,여,46세,상해없음,자전거,남,83세,경상
2012062800100383,2012년 6월 28일 16시,목요일,경상북도 포항시 북구 용흥동,경상사고,0,0,1,0,차대사람 - 기타,안전운전불이행,건조,맑음,단일로 - 기타,원동기,남,21세,상해없음,보행자,남,50세,경상
2012062800100384,2012년 6월 28일 16시,목요일,경상북도 구미시 광평동,경상사고,0,0,1,0,차대차 - 측면직각충돌,안전운전불이행,건조,맑음,기타 - 기타,승용,남,40세,상해없음,자전거,남,23세,경상
2012062800100405,2012년 6월 28일 17시,목요일,경상북도 경주시 안강읍,경상사고,0,0,1,0,차대사람 - 횡단중,안전운전불이행,건조,맑음,단일로 - 기타,원동기,남,41세,상해없음,보행자,여,9세,경상
2012062800100433,2012년 6월 28일 18시,목요일,경상북도 포항시 북구 두호동,중상사고,0,1,0,0,차대차 - 기타,안전운전불이행,건조,맑음,교차로 - 교차로부근,승용,여,44세,상해없음,자전거,남,73세,중상
2012062800100434,2012년 6월 28일 18시,목요일,경상북도 경산시 와촌면,경상사고,0,0,2,0,차대차 - 추돌 - 주정차중,안전거리미확보,건조,맑음,교차로 - 교차로부근,승합,남,45세,상해없음,승용,여,59세,경상
2012062800100435,2012년 6월 28일 18시,목요일,경상북도 구미시 상모동,부상신고사고,0,0,0,1,차대차 - 기타,차로위반,건조,맑음,단일로 - 기타,이륜,남,16세,부상신고,승용,여,33세,상해없음
2012062800100461,2012년 6월 28일 19시,목요일,경상북도 경주시 동천동,경상사고,0,0,1,0,차대사람 - 기타,안전운전불이행,건조,맑음,단일로 - 기타,승용,여,34세,상해없음,보행자,여,38세,경상
2012062800100462,2012년 6월 28일 19시,목요일,경상북도 구미시 선산읍,경상사고,0,0,1,0,차대차 - 기타,중앙선침범,건조,맑음,단일로 - 기타,이륜,남,70세,경상,승용,남,45세,상해없음
2012062800100495,2012년 6월 28일 20시,목요일,경상북도 안동시 풍천면,중상사고,0,1,0,0,차대차 - 측면직각충돌,안전운전불이행,건조,맑음,단일로 - 기타,이륜,남,65세,중상,승용,여,47세,상해없음
2012062800100496,2012년 6월 28일 20시,목요일,경상북도 구미시 사곡동,경상사고,0,0,1,0,차대사람 - 기타,안전운전불이행,건조,맑음,교차로 - 교차로부근,승용,여,55세,상해없음,보행자,여,51세,경상
2012062800100526,2012년 6월 28일 21시,목요일,경상북도 안동시 금곡동,경상사고,0,0,1,0,차대사람 - 보도통행중,안전운전불이행,건조,맑음,기타 - 기타,자전거,남,14세,상해없음,보행자,여,64세,경상
2012062800100528,2012년 6월 28일 21시,목요일,경상북도 칠곡군 석적읍,경상사고,0,0,2,0,차대차 - 추돌 - 진행중,신호위반,건조,맑음,교차로 - 교차로부근,승용,남,22세,상해없음,승용,남,32세,기타불명
2012062800100562,2012년 6월 28일 22시,목요일,경상북도 경주시 동천동,중상사고,0,1,0,0,차대차 - 측면직각충돌,중앙선침범,습기,흐림,단일로 - 기타,승용,남,34세,상해없음,원동기,남,18세,중상
2012062800100563,2012년 6월 28일 22시,목요일,경상북도 포항시 북구 항구동,중상사고,0,3,0,0,차대차 - 기타,중앙선침범,건조,맑음,단일로 - 기타,승용,남,28세,상해없음,승용,남,59세,중상
2012062800100564,2012년 6월 28일 22시,목요일,경상북도 영주시 휴천동,중상사고,0,1,1,0,차대차 - 측면직각충돌,직진우회전진행방해,건조,맑음,교차로 - 교차로안,승용,남,57세,중상,승용,남,59세,경상
2012062800100565,2012년 6월 28일 22시,목요일,경상북도 포항시 남구 송도동,경상사고,0,0,1,0,차대차 - 기타,안전운전불이행,건조,맑음,교차로 - 교차로부근,원동기,남,16세,경상,승합,남,64세,상해없음
2012062800100591,2012년 6월 28일 23시,목요일,경상북도 구미시 지산동,중상사고,0,1,0,0,차대차 - 기타,안전운전불이행,건조,맑음,교차로 - 교차로안,승용,남,49세,상해없음,승용,여,51세,중상
2012062800100592,2012년 6월 28일 23시,목요일,경상북도 구미시 오태동,경상사고,0,0,4,0,차대차 - 기타,중앙선침범,건조,맑음,교차로 - 교차로부근,승용,남,45세,상해없음,승용,남,41세,경상
2012062900100021,2012년 6월 29일 00시,금요일,경상북도 포항시 북구 흥해읍,경상사고,0,0,2,0,차대차 - 측면직각충돌,교차로운행방법위반,건조,맑음,교차로 - 교차로안,승용,남,52세,상해없음,승용,여,39세,경상
2012062900100022,2012년 6월 29일 00시,금요일,경상북도 구미시 양호동,경상사고,0,0,1,0,차량단독 - 공작물충돌,안전운전불이행,건조,흐림,단일로 - 기타,승용,여,28세,경상,,,,
2012062900100089,2012년 6월 29일 03시,금요일,경상북도 경주시 용강동,중상사고,0,1,0,0,차대사람 - 기타,안전운전불이행,건조,맑음,기타 - 기타,화물,남,52세,상해없음,보행자,남,39세,중상
2012062900100116,2012년 6월 29일 06시,금요일,경상북도 구미시 진평동,경상사고,0,0,3,0,차대차 - 측면직각충돌,안전운전불이행,건조,맑음,교차로 - 교차로안,승용,남,18세,상해없음,승용,남,43세,경상
2012062900100136,2012년 6월 29일 07시,금요일,경상북도 경주시 성건동,사망사고,1,0,0,0,차대차 - 기타,안전운전불이행,건조,맑음,교차로 - 교차로안,화물,남,49세,상해없음,자전거,남,93세,사망
2012062900100137,2012년 6월 29일 07시,금요일,경상북도 안동시 운흥동,경상사고,0,0,1,0,차대차 - 기타,중앙선침범,건조,맑음,단일로 - 기타,승용,남,38세,상해없음,승용,여,41세,경상
2012062900100138,2012년 6월 29일 07시,금요일,경상북도 영덕군 강구면,중상사고,0,1,0,0,차대차 - 측면직각충돌,안전운전불이행,건조,맑음,기타 - 기타,승용,남,44세,상해없음,자전거,남,72세,중상
2012062900100139,2012년 6월 29일 07시,금요일,경상북도 성주군 선남면,경상사고,0,0,1,0,차대차 - 기타,안전거리미확보,건조,맑음,단일로 - 기타,기타불명,기타불명,기타불명,기타불명,승용,여,51세,경상
2012062900100171,2012년 6월 29일 08시,금요일,경상북도 경주시 황성동,경상사고,0,0,2,0,차대차 - 측면직각충돌,안전운전불이행,건조,맑음,교차로 - 교차로안,화물,남,29세,상해없음,승합,남,76세,경상
2012062900100204,2012년 6월 29일 09시,금요일,경상북도 안동시 풍산읍,경상사고,0,0,1,0,차대차 - 측면직각충돌,안전운전불이행,건조,맑음,교차로 - 교차로안,농기계,남,76세,경상,승용,남,41세,상해없음
2012062900100205,2012년 6월 29일 09시,금요일,경상북도 안동시 용상동,중상사고,0,1,1,0,차대차 - 측면직각충돌,중앙선침범,건조,맑음,단일로 - 기타,승용,남,36세,상해없음,승용,여,30세,중상
2012062900100206,2012년 6월 29일 09시,금요일,경상북도 상주시 중덕동,중상사고,0,1,0,0,차대차 - 측면직각충돌,교차로운행방법위반,건조,맑음,교차로 - 교차로안,승용,남,38세,상해없음,자전거,여,76세,중상
2012062900100207,2012년 6월 29일 09시,금요일,경상북도 의성군 다인면,중상사고,0,1,0,0,차대사람 - 횡단중,안전운전불이행,건조,맑음,교차로 - 교차로안,화물,남,47세,상해없음,보행자,남,85세,중상
2012062900100208,2012년 6월 29일 09시,금요일,경상북도 칠곡군 동명면,사망사고,1,1,0,0,차량단독 - 전도전복,안전운전불이행,건조,맑음,단일로 - 기타,화물,남,47세,사망,,,,
2012062900100209,2012년 6월 29일 09시,금요일,경상북도 포항시 남구 대송면,중상사고,0,1,0,0,차대차 - 측면직각충돌,안전운전불이행,건조,맑음,교차로 - 교차로안,승용,남,55세,상해없음,원동기,남,47세,중상
2012062900100264,2012년 6월 29일 11시,금요일,경상북도 안동시 옥동,중상사고,0,2,0,0,차대차 - 정면충돌,교차로운행방법위반,건조,맑음,교차로 - 교차로부근,승합,남,33세,상해없음,승용,남,26세,중상
2012062900100291,2012년 6월 29일 12시,금요일,경상북도 경주시 안강읍,중상사고,0,1,0,0,차대차 - 측면직각충돌,안전운전불이행,건조,맑음,교차로 - 교차로부근,원동기,여,64세,중상,화물,남,63세,상해없음