사고번호,사고일시,요일,시군구,사고내용,사망자수,중상자수,경상자수,부상신고자수,사고유형,법규위반,노면상태,기상상태,도로형태,가해운전자 차종,가해운전자 성별,가해운전자 연령,가해운전자 상해정도,피해운전자 차종,피해운전자 성별,피해운전자 연령,피해운전자 상해정도
2012070100100509,2012년 7월 1일 23시,일요일,경상북도 구미시 인의동,경상사고,0,0,2,0,차대차 - 정면충돌,안전운전불이행,건조,맑음,교차로 - 교차로부근,승용,남,34세,상해없음,승용,남,26세,경상
2012070200100008,2012년 7월 2일 00시,월요일,경상북도 포항시 남구 오천읍,중상사고,0,1,1,0,차대사람 - 기타,안전운전불이행,건조,맑음,교차로 - 교차로부근,승용,남,19세,상해없음,보행자,남,52세,중상
2012070200100062,2012년 7월 2일 06시,월요일,경상북도 구미시 광평동,부상신고사고,0,0,0,1,차량단독 - 전도전복,안전운전불이행,건조,맑음,교차로 - 교차로부근,원동기,남,53세,부상신고,,,,
2012070200100079,2012년 7월 2일 07시,월요일,경상북도 예천군 풍양면,경상사고,0,0,1,0,차대사람 - 횡단중,보행자보호의무위반,건조,맑음,단일로 - 기타,이륜,남,53세,상해없음,보행자,남,9세,경상
2012070200100108,2012년 7월 2일 08시,월요일,경상북도 포항시 북구 흥해읍,경상사고,0,0,1,0,차대차 - 기타,안전운전불이행,건조,맑음,교차로 - 교차로안,승용,남,69세,상해없음,승용,남,36세,경상
2012070200100136,2012년 7월 2일 09시,월요일,경상북도 영주시 가흥동,중상사고,0,1,0,0,차대차 - 측면직각충돌,안전운전불이행,건조,맑음,교차로 - 교차로부근,승용,여,36세,상해없음,자전거,남,79세,중상
2012070200100162,2012년 7월 2일 10시,월요일,경상북도 경주시 안강읍,경상사고,0,0,1,0,차대차 - 측면직각충돌,안전운전불이행,건조,맑음,교차로 - 교차로안,원동기,남,70세,경상,화물,남,32세,상해없음
2012070200100163,2012년 7월 2일 10시,월요일,경상북도 안동시 옥동,경상사고,0,0,1,0,차대차 - 정면충돌,중앙선침범,건조,맑음,단일로 - 기타,승용,남,30세,상해없음,화물,남,31세,경상
2012070200100164,2012년 7월 2일 10시,월요일,경상북도 문경시 산양면,경상사고,0,0,1,0,차대차 - 기타,교차로운행방법위반,건조,맑음,교차로 - 교차로안,원동기,남,77세,경상,승용,여,36세,상해없음
2012070200100225,2012년 7월 2일 12시,월요일,경상북도 포항시 북구 흥해읍,중상사고,0,1,0,0,차대차 - 기타,안전운전불이행,건조,맑음,단일로 - 기타,승용,여,35세,상해없음,자전거,남,92세,중상
2012070200100226,2012년 7월 2일 12시,월요일,경상북도 문경시 흥덕동,부상신고사고,0,0,0,1,차대차 - 기타,직진우회전진행방해,건조,맑음,교차로 - 교차로안,이륜,남,67세,부상신고,화물,남,43세,상해없음
2012070200100227,2012년 7월 2일 12시,월요일,경상북도 울진군 후포면,경상사고,0,0,2,0,차량단독 - 공작물충돌,안전운전불이행,건조,맑음,단일로 - 기타,화물,여,66세,경상,,,,
2012070200100228,2012년 7월 2일 12시,월요일,경상북도 구미시 형곡동,경상사고,0,0,2,0,차대차 - 측면직각충돌,교차로운행방법위반,건조,맑음,교차로 - 교차로안,승용,남,55세,상해없음,승용,남,49세,경상
2012070200100257,2012년 7월 2일 13시,월요일,경상북도 의성군 의성읍,경상사고,0,0,1,0,차대차 - 측면직각충돌,교차로운행방법위반,건조,맑음,교차로 - 교차로안,이륜,남,72세,경상,화물,남,61세,상해없음
2012070200100258,2012년 7월 2일 13시,월요일,경상북도 영주시 영주동,경상사고,0,0,1,0,차대사람 - 길가장자리구역통행중,안전운전불이행,건조,맑음,교차로 - 교차로부근,승용,남,49세,상해없음,보행자,남,49세,경상
2012070200100259,2012년 7월 2일 13시,월요일,경상북도 칠곡군 왜관읍,중상사고,0,1,0,0,차대차 - 추돌 - 진행중,교차로운행방법위반,건조,맑음,교차로 - 교차로안,승용,여,40세,상해없음,이륜,남,34세,중상
2012070200100291,2012년 7월 2일 14시,월요일,경상북도 경주시 황성동,경상사고,0,0,1,0,차대사람 - 기타,안전운전불이행,건조,맑음,단일로 - 기타,승용,여,29세,상해없음,보행자,여,43세,경상
2012070200100292,2012년 7월 2일 14시,월요일,경상북도 청송군 파천면,중상사고,0,1,0,0,차대차 - 추돌 - 진행중,안전거리미확보,건조,맑음,단일로 - 기타,화물,남,74세,상해없음,원동기,남,62세,중상
2012070200100293,2012년 7월 2일 14시,월요일,경상북도 포항시 남구 송내동,경상사고,0,0,2,0,차대차 - 추돌 - 진행중,신호위반,건조,맑음,교차로 - 교차로안,승용,남,34세,상해없음,승용,남,44세,경상
2012070200100363,2012년 7월 2일 16시,월요일,경상북도 경주시 건천읍,경상사고,0,0,1,0,차대차 - 측면직각충돌,안전운전불이행,건조,맑음,교차로 - 교차로안,승용,여,29세,상해없음,화물,남,57세,경상
2012070200100364,2012년 7월 2일 16시,월요일,경상북도 영주시 휴천동,경상사고,0,0,2,0,차대차 - 측면직각충돌,안전운전불이행,건조,맑음,교차로 - 교차로안,화물,남,57세,상해없음,승합,남,52세,상해없음
2012070200100365,2012년 7월 2일 16시,월요일,경상북도 칠곡군 왜관읍,중상사고,0,1,0,0,차대사람 - 횡단중,보행자보호의무위반,건조,맑음,단일로 - 횡단보도상,승용,남,61세,상해없음,보행자,여,64세,중상
2012070200100366,2012년 7월 2일 16시,월요일,경상북도 예천군 예천읍,중상사고,0,1,0,0,차대차 - 정면충돌,안전운전불이행,건조,맑음,교차로 - 교차로안,화물,남,61세,상해없음,이륜,남,74세,중상
2012070200100407,2012년 7월 2일 17시,월요일,경상북도 포항시 남구 대잠동,경상사고,0,0,2,0,차대차 - 측면직각충돌,교차로운행방법위반,건조,맑음,교차로 - 교차로안,승용,남,47세,상해없음,승용,남,58세,경상
2012070200100445,2012년 7월 2일 18시,월요일,경상북도 울진군 울진읍,부상신고사고,0,0,0,1,차대차 - 기타,안전운전불이행,건조,맑음,교차로 - 교차로부근,원동기,남,49세,부상신고,승용,여,45세,상해없음
2012070200100477,2012년 7월 2일 19시,월요일,경상북도 안동시 안막동,중상사고,0,1,3,0,차대차 - 측면직각충돌,중앙선침범,건조,맑음,단일로 - 기타,승용,여,54세,중상,화물,남,34세,경상
2012070200100478,2012년 7월 2일 19시,월요일,경상북도 상주시 낙동면,경상사고,0,0,1,0,차대차 - 추돌 - 주정차중,기타,건조,맑음,단일로 - 기타,화물,여,38세,상해없음,승용,남,30세,경상
2012070200100511,2012년 7월 2일 20시,월요일,경상북도 칠곡군 가산면,부상신고사고,0,0,0,1,차량단독 - 도로외이탈 - 추락,안전운전불이행,건조,맑음,단일로 - 기타,승합,남,60세,부상신고,,,,
2012070200100512,2012년 7월 2일 20시,월요일,경상북도 영천시 야사동,경상사고,0,0,1,0,차대사람 - 기타,안전운전불이행,건조,맑음,교차로 - 교차로부근,승용,남,35세,상해없음,보행자,여,62세,경상
2012070200100513,2012년 7월 2일 20시,월요일,경상북도 구미시 신평동,경상사고,0,0,1,0,차대차 - 측면직각충돌,안전운전불이행,건조,맑음,교차로 - 교차로안,승용,남,53세,상해없음,자전거,여,24세,경상
2012070200100553,2012년 7월 2일 21시,월요일,경상북도 경주시 충효동,중상사고,0,1,3,0,차대차 - 측면직각충돌,신호위반,건조,맑음,교차로 - 교차로안,승용,여,44세,경상,승용,남,47세,중상
2012070200100554,2012년 7월 2일 21시,월요일,경상북도 포항시 북구 장성동,중상사고,0,1,0,0,차대차 - 측면직각충돌,안전거리미확보,건조,맑음,단일로 - 기타,승용,남,53세,상해없음,원동기,남,53세,중상
2012070200100555,2012년 7월 2일 21시,월요일,경상북도 문경시 점촌동,경상사고,0,0,1,0,차대차 - 기타,직진우회전진행방해,건조,맑음,교차로 - 교차로안,승합,남,56세,상해없음,이륜,남,27세,경상
2012070200100586,2012년 7월 2일 22시,월요일,경상북도 영천시 망정동,경상사고,0,0,1,0,차대사람 - 기타,보행자보호의무위반,건조,맑음,교차로 - 교차로안,이륜,남,16세,상해없음,보행자,남,55세,경상
2012070200100610,2012년 7월 2일 23시,월요일,경상북도 포항시 북구 양덕동,사망사고,1,0,1,0,차대차 - 측면직각충돌,신호위반,건조,맑음,교차로 - 교차로안,원동기,남,19세,사망,승용,남,19세,경상
2012070200100611,2012년 7월 2일 23시,월요일,경상북도 안동시 태화동,경상사고,0,0,1,0,차대사람 - 기타,안전운전불이행,건조,맑음,기타 - 기타,승용,남,25세,상해없음,보행자,남,26세,경상
2012070300100009,2012년 7월 3일 00시,화요일,경상북도 구미시 송정동,경상사고,0,0,1,0,차대차 - 측면직각충돌,안전운전불이행,건조,맑음,단일로 - 기타,승용,남,42세,상해없음,승용,남,53세,경상
2012070300100045,2012년 7월 3일 03시,화요일,경상북도 영주시 가흥동,중상사고,0,1,0,0,차대차 - 측면직각충돌,안전운전불이행,건조,기타,교차로 - 교차로안,승용,남,23세,기타불명,승용,남,58세,중상
2012070300100046,2012년 7월 3일 03시,화요일,경상북도 경산시 압량면,중상사고,0,1,1,0,차대차 - 기타,안전운전불이행,건조,맑음,교차로 - 교차로부근,승용,남,30세,상해없음,승용,남,21세,경상
2012070300100054,2012년 7월 3일 04시,화요일,경상북도 경산시 조영동,경상사고,0,0,2,0,차대사람 - 차도통행중,안전운전불이행,건조,맑음,교차로 - 교차로안,승용,남,41세,상해없음,보행자,남,23세,경상
2012070300100060,2012년 7월 3일 05시,화요일,경상북도 포항시 북구 죽도동,경상사고,0,0,1,0,차대차 - 추돌 - 주정차중,안전운전불이행,건조,맑음,단일로 - 기타,승용,남,27세,상해없음,승용,남,45세,경상
2012070300100061,2012년 7월 3일 05시,화요일,경상북도 구미시 상모동,경상사고,0,0,1,0,차대차 - 기타,안전운전불이행,건조,맑음,교차로 - 교차로안,승용,남,28세,상해없음,승용,남,39세,경상
2012070300100075,2012년 7월 3일 06시,화요일,경상북도 포항시 남구 연일읍,경상사고,0,0,1,0,차대차 - 추돌 - 진행중,안전운전불이행,건조,맑음,교차로 - 교차로안,이륜,남,68세,경상,화물,남,62세,상해없음
2012070300100126,2012년 7월 3일 08시,화요일,경상북도 경주시 충효동,경상사고,0,0,2,0,차대차 - 측면직각충돌,신호위반,건조,맑음,교차로 - 교차로부근,승용,여,51세,상해없음,승용,여,30세,경상
2012070300100127,2012년 7월 3일 08시,화요일,경상북도 안동시 서후면,중상사고,0,1,0,0,차대차 - 측면직각충돌,교차로운행방법위반,건조,맑음,교차로 - 교차로안,승용,여,41세,상해없음,승용,여,42세,중상
2012070300100128,2012년 7월 3일 08시,화요일,경상북도 구미시 인의동,경상사고,0,0,1,0,차대차 - 측면직각충돌,안전운전불이행,건조,맑음,단일로 - 기타,자전거,남,14세,경상,승용,남,42세,상해없음
2012070300100129,2012년 7월 3일 08시,화요일,경상북도 포항시 남구 효자동,경상사고,0,0,1,0,차대차 - 추돌 - 진행중,안전운전불이행,건조,맑음,교차로 - 교차로부근,건설기계,남,41세,상해없음,승용,남,23세,경상
2012070300100159,2012년 7월 3일 09시,화요일,경상북도 포항시 북구 창포동,경상사고,0,0,4,0,차대차 - 기타,안전거리미확보,건조,맑음,교차로 - 교차로부근,승용,남,31세,상해없음,승용,여,26세,경상
2012070300100160,2012년 7월 3일 09시,화요일,경상북도 안동시 안기동,경상사고,0,0,1,0,차대차 - 측면직각충돌,직진우회전진행방해,건조,맑음,교차로 - 교차로안,승용,남,63세,상해없음,이륜,남,65세,경상
2012070300100161,2012년 7월 3일 09시,화요일,경상북도 영천시 금호읍,부상신고사고,0,0,0,1,차대차 - 추돌 - 주정차중,안전운전불이행,건조,맑음,교차로 - 교차로부근,승용,남,23세,상해없음,화물,남,43세,부상신고
2012070300100189,2012년 7월 3일 10시,화요일,경상북도 상주시 낙동면,경상사고,0,0,2,0,차대차 - 기타,신호위반,건조,맑음,단일로 - 기타,건설기계,남,42세,상해없음,화물,남,60세,경상
2012070300100190,2012년 7월 3일 10시,화요일,경상북도 문경시 모전동,중상사고,0,1,0,0,차대차 - 기타,안전운전불이행,건조,맑음,교차로 - 교차로안,승용,남,42세,상해없음,자전거,여,50세,중상
2012070300100215,2012년 7월 3일 11시,화요일,경상북도 영주시 휴천동,경상사고,0,0,1,0,차대차 - 측면직각충돌,직진우회전진행방해,건조,맑음,교차로 - 교차로안,승용,남,76세,상해없음,이륜,남,45세,경상
2012070300100245,2012년 7월 3일 12시,화요일,경상북도 영천시 청통면,중상사고,0,1,1,0,차대차 - 정면충돌,중앙선침범,건조,맑음,단일로 - 기타,화물,남,64세,경상,승용,여,47세,중상
2012070300100246,2012년 7월 3일 12시,화요일,경상북도 구미시 원평동,중상사고,0,1,0,0,차대사람 - 횡단중,신호위반,건조,맑음,교차로 - 교차로부근,승용,여,37세,상해없음,보행자,여,52세,중상
2012070300100274,2012년 7월 3일 13시,화요일,경상북도 경주시 외동읍,경상사고,0,0,1,0,차대차 - 측면직각충돌,안전운전불이행,건조,맑음,교차로 - 교차로안,화물,여,57세,상해없음,화물,남,49세,경상
2012070300100308,2012년 7월 3일 14시,화요일,경상북도 포항시 북구 신흥동,경상사고,0,0,1,0,차대차 - 측면직각충돌,안전거리미확보,건조,맑음,교차로 - 교차로부근,승용,여,23세,상해없음,승용,여,51세,경상
2012070300100309,2012년 7월 3일 14시,화요일,경상북도 상주시 남성동,중상사고,0,1,0,0,차대차 - 측면직각충돌,교차로운행방법위반,건조,맑음,교차로 - 교차로안,승합,남,55세,상해없음,이륜,여,61세,중상
2012070300100336,2012년 7월 3일 15시,화요일,경상북도 경주시 동천동,중상사고,0,1,1,1,차대차 - 측면직각충돌,신호위반,건조,맑음,교차로 - 교차로안,승용,여,43세,부상신고,승용,여,55세,중상
2012070300100337,2012년 7월 3일 15시,화요일,경상북도 경주시 양북면,중상사고,0,1,0,0,차대사람 - 기타,안전운전불이행,건조,맑음,기타 - 기타,건설기계,남,46세,상해없음,보행자,남,52세,중상
2012070300100338,2012년 7월 3일 15시,화요일,경상북도 안동시 남후면,중상사고,0,1,1,0,차량단독 - 도로외이탈 - 기타,안전운전불이행,건조,맑음,단일로 - 기타,승용,남,49세,경상,,,,
2012070300100339,2012년 7월 3일 15시,화요일,경상북도 김천시 신음동,중상사고,0,2,0,0,차대차 - 측면직각충돌,기타,건조,맑음,단일로 - 교량,화물,남,52세,상해없음,이륜,남,68세,중상
2012070300100340,2012년 7월 3일 15시,화요일,경상북도 상주시 인평동,중상사고,0,1,0,0,차대차 - 측면직각충돌,중앙선침범,건조,맑음,단일로 - 기타,승용,남,57세,상해없음,승용,남,63세,중상
2012070300100341,2012년 7월 3일 15시,화요일,경상북도 경산시 자인면,중상사고,0,1,0,0,차대사람 - 기타,안전운전불이행,건조,기타,단일로 - 기타,승용,남,40세,상해없음,보행자,여,73세,중상
2012070300100342,2012년 7월 3일 15시,화요일,경상북도 포항시 남구 대도동,경상사고,0,0,1,0,차대차 - 기타,안전운전불이행,건조,맑음,단일로 - 기타,자전거,남,13세,경상,승용,남,48세,상해없음
2012070300100384,2012년 7월 3일 16시,화요일,경상북도 안동시 용상동,중상사고,0,1,4,0,차대차 - 추돌 - 진행중,안전운전불이행,건조,맑음,단일로 - 교량,승용,남,59세,상해없음,승용,여,41세,경상
2012070300100385,2012년 7월 3일 16시,화요일,경상북도 포항시 남구 대송면,경상사고,0,0,1,0,차대차 - 기타,안전운전불이행,건조,맑음,단일로 - 기타,특수,남,62세,상해없음,화물,남,68세,경상
2012070300100425,2012년 7월 3일 17시,화요일,경상북도 경주시 인왕동,중상사고,0,1,0,0,차대차 - 기타,안전운전불이행,건조,맑음,단일로 - 기타,승합,남,57세,상해없음,원동기,남,78세,중상
2012070300100426,2012년 7월 3일 17시,화요일,경상북도 영주시 풍기읍,경상사고,0,0,1,0,차대사람 - 길가장자리구역통행중,안전운전불이행,건조,맑음,단일로 - 기타,화물,남,66세,상해없음,보행자,남,15세,경상
2012070300100427,2012년 7월 3일 17시,화요일,경상북도 칠곡군 약목면,경상사고,0,0,1,0,차대차 - 기타,안전운전불이행,건조,맑음,단일로 - 기타,화물,남,37세,상해없음,승용,여,56세,경상
2012070300100428,2012년 7월 3일 17시,화요일,경상북도 성주군 성주읍,경상사고,0,0,1,0,차대차 - 측면직각충돌,안전운전불이행,건조,맑음,단일로 - 기타,승용,남,26세,상해없음,원동기,남,23세,경상
2012070300100429,2012년 7월 3일 17시,화요일,경상북도 구미시 인의동,경상사고,0,0,1,0,차대차 - 측면직각충돌,안전운전불이행,건조,맑음,교차로 - 교차로부근,승용,남,33세,상해없음,자전거,남,12세,경상
2012070300100455,2012년 7월 3일 18시,화요일,경상북도 포항시 북구 기계면,경상사고,0,0,1,0,차대사람 - 기타,보행자보호의무위반,건조,맑음,교차로 - 교차로부근,승용,여,40세,상해없음,보행자,남,50세,경상
2012070300100456,2012년 7월 3일 18시,화요일,경상북도 포항시 북구 양덕동,중상사고,0,1,0,0,차대사람 - 횡단중,보행자보호의무위반,건조,맑음,단일로 - 횡단보도상,승용,남,68세,상해없음,보행자,남,8세,중상
2012070300100457,2012년 7월 3일 18시,화요일,경상북도 김천시 남면,부상신고사고,0,0,0,1,차량단독 - 기타,안전운전불이행,건조,맑음,교차로 - 교차로안,자전거,남,13세,부상신고,,,,
2012070300100458,2012년 7월 3일 18시,화요일,경상북도 영천시 망정동,중상사고,0,1,0,0,차대사람 - 기타,안전운전불이행,건조,맑음,기타 - 기타,화물,남,40세,상해없음,보행자,남,26세,중상
2012070300100459,2012년 7월 3일 18시,화요일,경상북도 구미시 인의동,경상사고,0,0,1,0,차대차 - 측면직각충돌,교차로운행방법위반,건조,맑음,교차로 - 교차로안,이륜,남,64세,경상,승합,남,43세,상해없음
2012070300100460,2012년 7월 3일 18시,화요일,경상북도 포항시 남구 오천읍,경상사고,0,0,2,0,차대차 - 추돌 - 진행중,안전운전불이행,건조,맑음,단일로 - 기타,승용,남,41세,상해없음,승용,남,41세,경상
2012070300100492,2012년 7월 3일 19시,화요일,경상북도 포항시 북구 용흥동,중상사고,0,1,0,0,차대사람 - 기타,안전운전불이행,건조,맑음,단일로 - 기타,승용,여,43세,상해없음,보행자,남,5세,중상
2012070300100493,2012년 7월 3일 19시,화요일,경상북도 안동시 안기동,경상사고,0,0,1,0,차량단독 - 공작물충돌,안전운전불이행,건조,맑음,단일로 - 기타,이륜,남,15세,경상,,,,
2012070300100494,2012년 7월 3일 19시,화요일,경상북도 포항시 남구 대잠동,경상사고,0,0,1,0,차대차 - 추돌 - 주정차중,안전운전불이행,건조,맑음,단일로 - 기타,승용,남,56세,상해없음,승용,여,45세,경상
2012070300100521,2012년 7월 3일 20시,화요일,경상북도 안동시 운흥동,경상사고,0,0,1,0,차대차 - 측면직각충돌,직진우회전진행방해,건조,맑음,교차로 - 교차로안,승용,남,61세,상해없음,승용,남,50세,경상
2012070300100566,2012년 7월 3일 21시,화요일,경상북도 구미시 인의동,경상사고,0,0,1,0,차대사람 - 횡단중,안전운전불이행,건조,맑음,기타 - 기타,기타불명,기타불명,기타불명,기타불명,보행자,여,16세,경상
2012070300100600,2012년 7월 3일 22시,화요일,경상북도 구미시 원평동,중상사고,0,1,0,0,차대차 - 추돌 - 주정차중,안전운전불이행,건조,맑음,단일로 - 기타,원동기,남,52세,중상,승용,남,47세,상해없음
2012070300100631,2012년 7월 3일 23시,화요일,경상북도 경산시 옥산동,중상사고,0,1,0,0,차대사람 - 기타,보행자보호의무위반,건조,맑음,교차로 - 교차로안,승용,남,20세,상해없음,보행자,여,58세,중상
2012070300100632,2012년 7월 3일 23시,화요일,경상북도 영양군 일월면,경상사고,0,0,4,0,차량단독 - 기타,안전운전불이행,건조,맑음,단일로 - 터널,승용,남,33세,경상,,,,
2012070300100633,2012년 7월 3일 23시,화요일,경상북도 구미시 신평동,사망사고,1,0,0,0,차대차 - 측면직각충돌,중앙선침범,건조,맑음,단일로 - 교량,화물,남,46세,상해없음,이륜,남,19세,사망
2012070400100013,2012년 7월 4일 00시,수요일,경상북도 경산시 와촌면,경상사고,0,0,1,0,차대차 - 추돌 - 진행중,안전운전불이행,건조,맑음,단일로 - 기타,승용,남,22세,상해없음,화물,남,58세,상해없음
2012070400100058,2012년 7월 4일 04시,수요일,경상북도 경산시 하양읍,중상사고,0,1,1,0,차대차 - 기타,안전운전불이행,건조,맑음,단일로 - 기타,승용,남,28세,중상,화물,남,57세,경상
2012070400100069,2012년 7월 4일 06시,수요일,경상북도 포항시 북구 창포동,경상사고,0,0,1,0,차대차 - 측면직각충돌,중앙선침범,건조,맑음,교차로 - 교차로부근,승용,남,58세,상해없음,화물,남,38세,경상
2012070400100070,2012년 7월 4일 06시,수요일,경상북도 칠곡군 석적읍,중상사고,0,2,0,0,차대차 - 추돌 - 진행중,안전운전불이행,건조,맑음,교차로 - 교차로안,승합,남,31세,중상,화물,남,44세,중상
2012070400100113,2012년 7월 4일 08시,수요일,경상북도 김천시 신음동,경상사고,0,0,1,0,차대사람 - 기타,보행자보호의무위반,건조,맑음,교차로 - 교차로안,승용,남,44세,상해없음,보행자,여,60세,경상
2012070400100114,2012년 7월 4일 08시,수요일,경상북도 칠곡군 가산면,경상사고,0,0,1,0,차대차 - 기타,안전운전불이행,건조,맑음,단일로 - 기타,화물,남,72세,상해없음,건설기계,남,32세,경상
2012070400100115,2012년 7월 4일 08시,수요일,경상북도 구미시 선산읍,중상사고,0,1,1,0,차대차 - 기타,안전운전불이행,건조,맑음,교차로 - 교차로안,승용,남,24세,상해없음,승용,여,46세,경상
2012070400100141,2012년 7월 4일 09시,수요일,경상북도 경산시 중방동,중상사고,0,1,0,0,차대차 - 기타,안전운전불이행,건조,맑음,교차로 - 교차로부근,승용,여,58세,상해없음,이륜,남,72세,중상
2012070400100142,2012년 7월 4일 09시,수요일,경상북도 울진군 울진읍,경상사고,0,0,1,0,차대차 - 추돌 - 주정차중,안전운전불이행,건조,맑음,단일로 - 기타,건설기계,남,42세,상해없음,승용,남,55세,경상
2012070400100143,2012년 7월 4일 09시,수요일,경상북도 구미시 옥계동,중상사고,0,1,0,0,차대사람 - 횡단중,중앙선침범,건조,맑음,단일로 - 기타,승합,여,44세,상해없음,보행자,여,75세,중상
2012070400100183,2012년 7월 4일 11시,수요일,경상북도 안동시 운흥동,부상신고사고,0,0,0,1,차대차 - 정면충돌,안전운전불이행,건조,맑음,교차로 - 교차로안,승용,여,54세,부상신고,승용,남,48세,상해없음
2012070400100209,2012년 7월 4일 12시,수요일,경상북도 영주시 가흥동,경상사고,0,0,1,0,차대차 - 정면충돌,중앙선침범,건조,맑음,교차로 - 교차로안,화물,남,69세,상해없음,화물,남,59세,경상
2012070400100210,2012년 7월 4일 12시,수요일,경상북도 예천군 예천읍,중상사고,0,1,0,0,차량단독 - 공작물충돌,안전운전불이행,건조,맑음,단일로 - 기타,화물,여,51세,중상,,,,
2012070400100211,2012년 7월 4일 12시,수요일,경상북도 포항시 남구 대도동,경상사고,0,0,1,0,차대차 - 추돌 - 진행중,기타,건조,맑음,기타 - 기타,원동기,남,26세,경상,승용,남,55세,상해없음
2012070400100231,2012년 7월 4일 13시,수요일,경상북도 경주시 천군동,경상사고,0,0,1,0,차대차 - 추돌 - 주정차중,안전운전불이행,건조,맑음,교차로 - 교차로부근,화물,남,57세,상해없음,승합,남,38세,경상
2012070400100232,2012년 7월 4일 13시,수요일,경상북도 칠곡군 왜관읍,경상사고,0,0,1,0,차대사람 - 횡단중,신호위반,건조,맑음,단일로 - 횡단보도상,승용,여,49세,상해없음,보행자,여,9세,경상
2012070400100233,2012년 7월 4일 13시,수요일,경상북도 경산시 진량읍,경상사고,0,0,1,0,차대차 - 기타,안전운전불이행,습기,기타,단일로 - 기타,승용,남,74세,상해없음,화물,남,51세,경상
2012070400100265,2012년 7월 4일 14시,수요일,경상북도 안동시 임동면,사망사고,2,1,3,0,차대차 - 정면충돌,중앙선침범,건조,맑음,기타 - 기타,화물,남,45세,사망,건설기계,남,53세,경상
2012070400100266,2012년 7월 4일 14시,수요일,경상북도 칠곡군 왜관읍,경상사고,0,0,1,0,차대차 - 추돌 - 진행중,안전운전불이행,건조,맑음,단일로 - 기타,기타불명,기타불명,기타불명,기타불명,자전거,남,12세,경상
2012070400100267,2012년 7월 4일 14시,수요일,경상북도 영천시 망정동,중상사고,0,1,0,0,차대차 - 추돌 - 진행중,안전운전불이행,건조,맑음,교차로 - 교차로부근,화물,남,52세,상해없음,승용,남,47세,중상
2012070400100268,2012년 7월 4일 14시,수요일,경상북도 포항시 남구 대도동,경상사고,0,0,1,0,차량단독 - 기타,안전운전불이행,건조,맑음,교차로 - 교차로안,승합,남,42세,상해없음,,,,
2012070400100269,2012년 7월 4일 14시,수요일,경상북도 경주시 율동,중상사고,0,1,0,0,차대차 - 추돌 - 주정차중,안전운전불이행,건조,맑음,단일로 - 기타,승용,남,21세,상해없음,승용,남,49세,상해없음
2012070400100296,2012년 7월 4일 15시,수요일,경상북도 경주시 안강읍,중상사고,0,1,0,0,차대차 - 측면직각충돌,교차로운행방법위반,건조,맑음,교차로 - 교차로안,승용,남,46세,상해없음,이륜,남,69세,중상
2012070400100297,2012년 7월 4일 15시,수요일,경상북도 포항시 남구 해도동,경상사고,0,0,1,0,차대차 - 기타,안전운전불이행,건조,맑음,교차로 - 교차로부근,화물,남,50세,상해없음,승용,남,28세,경상
2012070400100325,2012년 7월 4일 16시,수요일,경상북도 예천군 예천읍,중상사고,0,1,0,0,차대사람 - 횡단중,안전운전불이행,건조,맑음,단일로 - 기타,승용,여,30세,상해없음,보행자,남,8세,중상
2012070400100357,2012년 7월 4일 17시,수요일,경상북도 상주시 냉림동,경상사고,0,0,1,0,차대사람 - 기타,안전운전불이행,건조,맑음,단일로 - 기타,승용,남,58세,상해없음,보행자,남,65세,경상
2012070400100358,2012년 7월 4일 17시,수요일,경상북도 의성군 봉양면,중상사고,0,1,0,0,차대차 - 측면직각충돌,교차로운행방법위반,건조,맑음,교차로 - 교차로안,승용,여,28세,상해없음,이륜,남,72세,중상
2012070400100429,2012년 7월 4일 19시,수요일,경상북도 경주시 성건동,중상사고,0,1,0,0,차대차 - 측면직각충돌,안전운전불이행,건조,맑음,교차로 - 교차로안,원동기,남,48세,중상,승용,여,32세,상해없음
2012070400100430,2012년 7월 4일 19시,수요일,경상북도 영천시 금호읍,부상신고사고,0,0,0,1,차대차 - 측면직각충돌,중앙선침범,건조,흐림,단일로 - 기타,이륜,남,78세,부상신고,승용,여,39세,상해없음
2012070400100431,2012년 7월 4일 19시,수요일,경상북도 경산시 하양읍,경상사고,0,0,1,0,차대사람 - 기타,기타,건조,맑음,교차로 - 교차로부근,자전거,남,17세,상해없음,보행자,여,47세,경상
2012070400100464,2012년 7월 4일 20시,수요일,경상북도 포항시 남구 해도동,경상사고,0,0,2,0,차대차 - 추돌 - 진행중,안전운전불이행,건조,맑음,단일로 - 기타,승용,남,51세,상해없음,승용,남,39세,상해없음
2012070400100493,2012년 7월 4일 21시,수요일,경상북도 경주시 동천동,경상사고,0,0,1,1,차대차 - 측면직각충돌,중앙선침범,건조,맑음,단일로 - 기타,승용,여,30세,부상신고,승용,남,54세,경상
2012070400100494,2012년 7월 4일 21시,수요일,경상북도 포항시 남구 청림동,중상사고,0,1,0,0,차대사람 - 기타,신호위반,건조,맑음,교차로 - 교차로안,승용,남,48세,상해없음,보행자,남,44세,중상
2012070400100553,2012년 7월 4일 23시,수요일,경상북도 경주시 성건동,중상사고,0,1,0,0,차대사람 - 기타,안전운전불이행,건조,흐림,단일로 - 기타,기타불명,기타불명,기타불명,기타불명,보행자,남,65세,중상
2012070400100554,2012년 7월 4일 23시,수요일,경상북도 경주시 성동동,경상사고,0,0,1,0,차대차 - 측면직각충돌,안전운전불이행,습기,맑음,단일로 - 기타,승용,남,48세,상해없음,이륜,남,19세,경상
2012070500100036,2012년 7월 5일 01시,목요일,경상북도 안동시 풍천면,사망사고,1,1,0,0,차량단독 - 공작물충돌,안전운전불이행,건조,맑음,단일로 - 기타,승용,남,25세,중상,,,,