사고번호,사고일시,요일,시군구,사고내용,사망자수,중상자수,경상자수,부상신고자수,사고유형,법규위반,노면상태,기상상태,도로형태,가해운전자 차종,가해운전자 성별,가해운전자 연령,가해운전자 상해정도,피해운전자 차종,피해운전자 성별,피해운전자 연령,피해운전자 상해정도
2012070500100037,2012년 7월 5일 01시,목요일,경상북도 칠곡군 왜관읍,중상사고,0,1,0,0,차대차 - 정면충돌,중앙선침범,건조,맑음,단일로 - 기타,원동기,남,37세,중상,승용,여,47세,상해없음
2012070500100038,2012년 7월 5일 01시,목요일,경상북도 청송군 현서면,중상사고,0,1,0,1,차량단독 - 전도전복,안전운전불이행,건조,맑음,단일로 - 기타,승용,남,54세,부상신고,,,,
2012070500100055,2012년 7월 5일 02시,목요일,경상북도 경주시 황오동,중상사고,0,1,0,0,차대사람 - 기타,안전운전불이행,건조,맑음,단일로 - 기타,이륜,남,29세,상해없음,보행자,여,49세,중상
2012070500100066,2012년 7월 5일 03시,목요일,경상북도 경주시 강동면,중상사고,0,1,0,0,차대차 - 기타,안전운전불이행,건조,맑음,단일로 - 기타,화물,남,46세,상해없음,화물,남,34세,중상
2012070500100075,2012년 7월 5일 04시,목요일,경상북도 김천시 농소면,사망사고,1,0,0,0,차대차 - 추돌 - 진행중,안전운전불이행,건조,흐림,단일로 - 기타,화물,남,41세,상해없음,화물,남,64세,사망
2012070500100098,2012년 7월 5일 06시,목요일,경상북도 안동시 운안동,중상사고,0,1,0,0,차대차 - 측면직각충돌,신호위반,건조,맑음,교차로 - 교차로안,승용,남,46세,상해없음,승용,여,48세,중상
2012070500100118,2012년 7월 5일 07시,목요일,경상북도 칠곡군 석적읍,부상신고사고,0,0,0,1,차량단독 - 공작물충돌,안전운전불이행,습기,비,단일로 - 기타,승용,남,40세,부상신고,,,,
2012070500100119,2012년 7월 5일 07시,목요일,경상북도 경산시 진량읍,경상사고,0,0,1,0,차대차 - 기타,안전운전불이행,건조,맑음,교차로 - 교차로안,승용,남,61세,상해없음,자전거,남,45세,경상
2012070500100120,2012년 7월 5일 07시,목요일,경상북도 구미시 시미동,경상사고,0,0,1,0,차대차 - 추돌 - 진행중,안전운전불이행,습기,비,단일로 - 기타,승용,여,51세,상해없음,승용,남,31세,경상
2012070500100149,2012년 7월 5일 08시,목요일,경상북도 영천시 자양면,경상사고,0,0,1,0,차대차 - 측면직각충돌,안전운전불이행,건조,맑음,교차로 - 교차로안,농기계,남,45세,상해없음,화물,남,47세,상해없음
2012070500100150,2012년 7월 5일 08시,목요일,경상북도 문경시 영신동,경상사고,0,0,2,1,차대차 - 기타,직진우회전진행방해,습기,비,교차로 - 교차로안,승용,남,54세,부상신고,승용,남,45세,경상
2012070500100151,2012년 7월 5일 08시,목요일,경상북도 경산시 진량읍,경상사고,0,0,3,0,차대차 - 기타,안전거리미확보,건조,맑음,기타 - 기타,승용,여,25세,경상,화물,남,50세,상해없음
2012070500100152,2012년 7월 5일 08시,목요일,경상북도 청도군 청도읍,경상사고,0,0,2,0,차대차 - 측면직각충돌,중앙선침범,습기,비,단일로 - 기타,화물,남,53세,경상,승합,남,44세,경상
2012070500100153,2012년 7월 5일 08시,목요일,경상북도 포항시 남구 상도동,경상사고,0,0,2,0,차대차 - 추돌 - 주정차중,안전운전불이행,건조,맑음,교차로 - 교차로부근,승용,남,25세,상해없음,승용,여,60세,경상
2012070500100188,2012년 7월 5일 09시,목요일,경상북도 영천시 화산면,중상사고,0,1,5,0,차대차 - 기타,안전운전불이행,습기,비,교차로 - 교차로안,화물,남,52세,상해없음,승합,남,53세,경상
2012070500100189,2012년 7월 5일 09시,목요일,경상북도 경산시 진량읍,중상사고,0,1,0,0,차대사람 - 기타,신호위반,습기,비,단일로 - 기타,승용,남,36세,상해없음,보행자,여,73세,중상
2012070500100190,2012년 7월 5일 09시,목요일,경상북도 성주군 대가면,경상사고,0,0,2,0,차대차 - 측면직각충돌,안전운전불이행,습기,비,단일로 - 기타,농기계,남,50세,경상,승용,여,57세,경상
2012070500100191,2012년 7월 5일 09시,목요일,경상북도 고령군 운수면,중상사고,0,1,0,0,차대차 - 기타,직진우회전진행방해,습기,비,교차로 - 교차로안,승합,여,39세,상해없음,원동기,여,70세,중상
2012070500100219,2012년 7월 5일 10시,목요일,경상북도 포항시 북구 용흥동,경상사고,0,0,1,0,차대차 - 기타,신호위반,건조,맑음,교차로 - 교차로안,승용,여,41세,경상,승용,남,33세,상해없음
2012070500100220,2012년 7월 5일 10시,목요일,경상북도 고령군 고령읍,중상사고,0,1,0,0,차대사람 - 횡단중,보행자보호의무위반,습기,비,단일로 - 횡단보도상,화물,남,63세,상해없음,보행자,여,67세,중상
2012070500100241,2012년 7월 5일 11시,목요일,경상북도 경주시 도지동,중상사고,0,1,2,0,차대차 - 측면직각충돌,안전운전불이행,습기,비,교차로 - 교차로부근,화물,남,54세,상해없음,승용,남,33세,경상
2012070500100242,2012년 7월 5일 11시,목요일,경상북도 포항시 북구 환호동,경상사고,0,0,1,0,차대차 - 측면직각충돌,교차로운행방법위반,건조,맑음,교차로 - 교차로안,승용,남,57세,상해없음,승합,남,33세,상해없음
2012070500100243,2012년 7월 5일 11시,목요일,경상북도 영천시 완산동,경상사고,0,0,1,0,차대차 - 추돌 - 주정차중,안전운전불이행,습기,비,단일로 - 기타,승용,남,70세,상해없음,화물,남,51세,상해없음
2012070500100244,2012년 7월 5일 11시,목요일,경상북도 구미시 부곡동,경상사고,0,0,1,0,차대차 - 추돌 - 주정차중,안전운전불이행,습기,비,교차로 - 교차로부근,화물,남,62세,상해없음,승용,여,32세,경상
2012070500100245,2012년 7월 5일 11시,목요일,경상북도 포항시 남구 괴동동,중상사고,0,1,0,0,차대차 - 추돌 - 진행중,안전운전불이행,습기,비,단일로 - 기타,승용,남,66세,상해없음,승용,여,38세,중상
2012070500100272,2012년 7월 5일 12시,목요일,경상북도 경주시 인왕동,부상신고사고,0,0,0,1,차량단독 - 기타,안전운전불이행,습기,비,단일로 - 기타,승용,남,31세,부상신고,,,,
2012070500100273,2012년 7월 5일 12시,목요일,경상북도 영천시 금노동,경상사고,0,0,2,1,차대차 - 추돌 - 주정차중,안전운전불이행,습기,비,교차로 - 교차로부근,승용,남,42세,상해없음,승용,남,42세,경상
2012070500100274,2012년 7월 5일 12시,목요일,경상북도 청도군 매전면,중상사고,0,1,0,0,차대차 - 측면직각충돌,안전운전불이행,습기,비,단일로 - 기타,화물,여,63세,상해없음,농기계,남,76세,중상
2012070500100275,2012년 7월 5일 12시,목요일,경상북도 구미시 구포동,경상사고,0,0,2,0,차대차 - 추돌 - 주정차중,안전운전불이행,습기,비,교차로 - 교차로부근,승용,남,42세,상해없음,승용,여,37세,경상
2012070500100276,2012년 7월 5일 12시,목요일,경상북도 구미시 봉곡동,중상사고,0,1,0,0,차대차 - 측면직각충돌,교차로운행방법위반,습기,비,교차로 - 교차로안,승합,남,51세,상해없음,이륜,남,17세,중상
2012070500100303,2012년 7월 5일 13시,목요일,경상북도 포항시 북구 죽도동,경상사고,0,0,1,0,차대차 - 측면직각충돌,안전거리미확보,습기,비,단일로 - 기타,승용,남,73세,상해없음,승용,남,26세,상해없음
2012070500100304,2012년 7월 5일 13시,목요일,경상북도 영천시 북안면,중상사고,0,1,0,0,차량단독 - 기타,안전운전불이행,습기,비,교차로 - 교차로부근,승합,남,60세,상해없음,,,,
2012070500100305,2012년 7월 5일 13시,목요일,경상북도 고령군 쌍림면,부상신고사고,0,0,0,1,차량단독 - 기타,안전운전불이행,습기,비,단일로 - 기타,화물,남,43세,부상신고,,,,
2012070500100331,2012년 7월 5일 14시,목요일,경상북도 포항시 남구 오천읍,경상사고,0,0,1,0,차대차 - 추돌 - 진행중,안전운전불이행,습기,비,교차로 - 교차로안,승용,남,52세,기타불명,승용,여,39세,경상
2012070500100367,2012년 7월 5일 15시,목요일,경상북도 포항시 남구 오천읍,경상사고,0,0,1,0,차대차 - 추돌 - 진행중,안전운전불이행,습기,맑음,교차로 - 교차로안,특수,남,60세,상해없음,승용,여,32세,경상
2012070500100402,2012년 7월 5일 16시,목요일,경상북도 경주시 안강읍,경상사고,0,0,2,0,차대차 - 측면직각충돌,안전운전불이행,습기,비,교차로 - 교차로안,화물,남,32세,경상,승용,여,30세,경상
2012070500100403,2012년 7월 5일 16시,목요일,경상북도 경주시 안강읍,경상사고,0,0,8,1,차대차 - 측면직각충돌,중앙선침범,습기,비,단일로 - 기타,화물,여,54세,경상,승합,남,47세,상해없음
2012070500100404,2012년 7월 5일 16시,목요일,경상북도 포항시 북구 창포동,경상사고,0,0,1,0,차대차 - 추돌 - 주정차중,안전운전불이행,건조,흐림,단일로 - 기타,승용,남,43세,상해없음,승용,여,48세,경상
2012070500100405,2012년 7월 5일 16시,목요일,경상북도 상주시 복룡동,중상사고,0,2,0,0,차대차 - 측면직각충돌,안전운전불이행,습기,비,교차로 - 교차로안,화물,남,58세,상해없음,승용,남,35세,중상
2012070500100406,2012년 7월 5일 16시,목요일,경상북도 영주시 하망동,중상사고,0,1,0,0,차대차 - 측면직각충돌,신호위반,습기,비,교차로 - 교차로안,이륜,남,76세,중상,승용,남,44세,상해없음
2012070500100407,2012년 7월 5일 16시,목요일,경상북도 칠곡군 북삼읍,경상사고,0,0,3,1,차대차 - 추돌 - 진행중,안전거리미확보,습기,비,단일로 - 기타,화물,남,36세,부상신고,화물,남,37세,경상
2012070500100450,2012년 7월 5일 17시,목요일,경상북도 포항시 북구 두호동,경상사고,0,0,1,0,차대차 - 기타,안전거리미확보,습기,비,교차로 - 교차로부근,승용,남,30세,상해없음,승용,여,40세,경상
2012070500100451,2012년 7월 5일 17시,목요일,경상북도 예천군 풍양면,중상사고,0,10,4,0,차량단독 - 도로외이탈 - 추락,안전운전불이행,습기,비,단일로 - 기타,승합,남,24세,상해없음,,,,
2012070500100487,2012년 7월 5일 18시,목요일,경상북도 김천시 지례면,경상사고,0,0,4,0,차량단독 - 기타,안전운전불이행,건조,흐림,단일로 - 기타,승용,남,16세,경상,,,,
2012070500100510,2012년 7월 5일 19시,목요일,경상북도 경산시 옥산동,경상사고,0,0,1,0,차대차 - 기타,안전운전불이행,습기,비,교차로 - 교차로안,승용,남,32세,상해없음,이륜,남,18세,경상
2012070500100511,2012년 7월 5일 19시,목요일,경상북도 구미시 원평동,중상사고,0,1,0,0,차대사람 - 기타,보행자보호의무위반,습기,비,단일로 - 기타,승합,남,19세,상해없음,보행자,남,15세,중상
2012070500100554,2012년 7월 5일 20시,목요일,경상북도 경주시 노서동,중상사고,0,1,0,0,차대차 - 기타,안전운전불이행,건조,맑음,단일로 - 기타,기타불명,기타불명,기타불명,기타불명,승용,여,60세,중상
2012070500100555,2012년 7월 5일 20시,목요일,경상북도 영덕군 강구면,경상사고,0,0,1,0,차대차 - 측면직각충돌,신호위반,습기,비,교차로 - 교차로안,승용,남,41세,상해없음,승용,남,57세,경상
2012070500100556,2012년 7월 5일 20시,목요일,경상북도 구미시 고아읍,중상사고,0,1,0,0,차대사람 - 기타,안전운전불이행,습기,비,단일로 - 기타,이륜,남,28세,상해없음,보행자,여,41세,중상
2012070500100557,2012년 7월 5일 20시,목요일,경상북도 구미시 옥계동,경상사고,0,0,1,0,차대사람 - 횡단중,안전운전불이행,습기,비,기타 - 기타,이륜,남,33세,상해없음,보행자,여,47세,경상
2012070500100558,2012년 7월 5일 20시,목요일,경상북도 포항시 남구 해도동,경상사고,0,0,1,0,차대사람 - 기타,보행자보호의무위반,습기,비,교차로 - 교차로부근,승용,남,44세,상해없음,보행자,여,19세,경상
2012070500100656,2012년 7월 5일 22시,목요일,경상북도 문경시 마성면,사망사고,1,1,1,0,차대차 - 추돌 - 진행중,안전운전불이행,습기,비,단일로 - 기타,화물,남,80세,사망,화물,남,61세,중상
2012070500100709,2012년 7월 5일 23시,목요일,경상북도 구미시 형곡동,중상사고,0,1,2,0,차대차 - 추돌 - 주정차중,안전운전불이행,습기,비,단일로 - 기타,승용,남,31세,상해없음,승합,남,42세,상해없음
2012070600100041,2012년 7월 6일 00시,금요일,경상북도 상주시 무양동,중상사고,0,1,0,0,차대차 - 기타,교차로운행방법위반,습기,흐림,교차로 - 교차로안,승합,남,52세,상해없음,원동기,남,16세,중상
2012070600100042,2012년 7월 6일 00시,금요일,경상북도 구미시 형곡동,중상사고,0,1,2,0,차대차 - 측면직각충돌,신호위반,습기,흐림,교차로 - 교차로안,승용,남,40세,경상,승용,남,51세,중상
2012070600100069,2012년 7월 6일 01시,금요일,경상북도 포항시 북구 두호동,중상사고,0,1,0,0,차대사람 - 기타,안전운전불이행,습기,비,단일로 - 기타,승용,남,43세,상해없음,보행자,남,22세,중상
2012070600100070,2012년 7월 6일 01시,금요일,경상북도 구미시 진평동,경상사고,0,0,2,0,차대차 - 측면직각충돌,안전운전불이행,건조,흐림,기타 - 기타,승용,남,34세,상해없음,승용,남,27세,경상
2012070600100178,2012년 7월 6일 07시,금요일,경상북도 구미시 광평동,중상사고,0,1,0,0,차대사람 - 기타,안전운전불이행,습기,비,교차로 - 교차로안,승용,여,47세,상해없음,보행자,남,17세,중상
2012070600100203,2012년 7월 6일 08시,금요일,경상북도 안동시 북후면,경상사고,0,0,1,0,차량단독 - 공작물충돌,안전운전불이행,습기,비,기타 - 기타,승용,남,22세,경상,,,,
2012070600100204,2012년 7월 6일 08시,금요일,경상북도 청도군 금천면,경상사고,0,0,1,1,차대차 - 측면직각충돌,중앙선침범,건조,맑음,단일로 - 기타,화물,여,64세,부상신고,화물,남,39세,경상
2012070600100205,2012년 7월 6일 08시,금요일,경상북도 구미시 공단동,경상사고,0,0,2,0,차대차 - 기타,안전운전불이행,습기,비,교차로 - 교차로안,승용,남,54세,경상,승합,여,46세,경상
2012070600100206,2012년 7월 6일 08시,금요일,경상북도 구미시 원평동,중상사고,0,1,0,0,차대차 - 기타,교차로운행방법위반,습기,비,교차로 - 교차로안,승용,남,56세,기타불명,승용,여,51세,중상
2012070600100230,2012년 7월 6일 09시,금요일,경상북도 안동시 당북동,경상사고,0,0,1,0,차대사람 - 기타,안전운전불이행,건조,맑음,단일로 - 기타,화물,남,46세,상해없음,보행자,남,46세,경상
2012070600100254,2012년 7월 6일 10시,금요일,경상북도 안동시 정하동,중상사고,0,1,0,0,차대차 - 추돌 - 진행중,안전거리미확보,습기,비,교차로 - 교차로안,화물,남,36세,상해없음,승용,여,51세,중상
2012070600100255,2012년 7월 6일 10시,금요일,경상북도 경산시 조영동,경상사고,0,0,1,0,차대사람 - 기타,안전운전불이행,습기,흐림,교차로 - 교차로부근,화물,남,50세,상해없음,보행자,여,25세,경상
2012070600100308,2012년 7월 6일 12시,금요일,경상북도 경주시 건천읍,중상사고,0,1,0,0,차대차 - 측면직각충돌,안전운전불이행,습기,비,단일로 - 기타,승용,여,29세,상해없음,승용,여,49세,중상
2012070600100309,2012년 7월 6일 12시,금요일,경상북도 영천시 언하동,경상사고,0,0,1,0,차대차 - 추돌 - 진행중,안전운전불이행,건조,맑음,교차로 - 교차로안,기타불명,기타불명,기타불명,기타불명,승용,남,69세,경상
2012070600100310,2012년 7월 6일 12시,금요일,경상북도 구미시 신평동,중상사고,0,1,1,0,차대차 - 기타,안전운전불이행,습기,비,단일로 - 기타,승용,남,30세,기타불명,화물,남,66세,중상
2012070600100334,2012년 7월 6일 13시,금요일,경상북도 성주군 성주읍,중상사고,0,1,5,0,차대차 - 측면직각충돌,중앙선침범,습기,비,단일로 - 기타,화물,여,49세,경상,승용,남,46세,경상
2012070600100335,2012년 7월 6일 13시,금요일,경상북도 포항시 남구 효자동,경상사고,0,0,2,0,차대차 - 측면직각충돌,직진우회전진행방해,습기,비,교차로 - 교차로안,승용,남,24세,경상,승합,남,44세,경상
2012070600100392,2012년 7월 6일 15시,금요일,경상북도 포항시 북구 두호동,경상사고,0,0,1,0,차대차 - 추돌 - 진행중,안전운전불이행,습기,비,단일로 - 기타,승용,남,49세,상해없음,승용,여,34세,경상
2012070600100393,2012년 7월 6일 15시,금요일,경상북도 포항시 북구 용흥동,경상사고,0,0,1,0,차대차 - 측면직각충돌,교차로운행방법위반,건조,맑음,교차로 - 교차로안,승용,여,39세,상해없음,승용,여,59세,경상
2012070600100394,2012년 7월 6일 15시,금요일,경상북도 안동시 옥동,중상사고,0,1,0,0,차대사람 - 기타,안전운전불이행,습기,비,단일로 - 횡단보도부근,화물,남,31세,상해없음,보행자,여,65세,중상
2012070600100395,2012년 7월 6일 15시,금요일,경상북도 문경시 영신동,중상사고,0,1,1,0,차대차 - 기타,직진우회전진행방해,건조,맑음,교차로 - 교차로안,승용,남,66세,경상,승용,여,52세,중상
2012070600100396,2012년 7월 6일 15시,금요일,경상북도 경산시 와촌면,경상사고,0,0,2,0,차대차 - 기타,중앙선침범,습기,비,단일로 - 기타,승용,여,39세,상해없음,화물,남,44세,경상
2012070600100397,2012년 7월 6일 15시,금요일,경상북도 구미시 원평동,경상사고,0,0,1,0,차대차 - 측면직각충돌,안전운전불이행,건조,맑음,교차로 - 교차로부근,승용,여,48세,상해없음,승용,여,56세,경상
2012070600100433,2012년 7월 6일 16시,금요일,경상북도 경주시 안강읍,경상사고,0,0,1,0,차대차 - 측면직각충돌,안전운전불이행,건조,맑음,교차로 - 교차로안,승용,남,51세,상해없음,자전거,남,12세,경상
2012070600100434,2012년 7월 6일 16시,금요일,경상북도 김천시 구성면,사망사고,1,0,0,0,차대차 - 정면충돌,안전운전불이행,건조,맑음,단일로 - 기타,승용,여,18세,상해없음,이륜,남,73세,사망
2012070600100435,2012년 7월 6일 16시,금요일,경상북도 구미시 선산읍,중상사고,0,1,0,0,차대차 - 기타,안전운전불이행,습기,비,교차로 - 교차로안,승용,남,42세,상해없음,이륜,남,24세,중상
2012070600100436,2012년 7월 6일 16시,금요일,경상북도 포항시 남구 동촌동,경상사고,0,0,2,1,차대차 - 추돌 - 진행중,안전운전불이행,습기,비,단일로 - 기타,승용,남,44세,상해없음,승용,남,58세,경상
2012070600100483,2012년 7월 6일 17시,금요일,경상북도 포항시 북구 덕수동,경상사고,0,0,5,0,차대차 - 측면직각충돌,안전거리미확보,건조,맑음,교차로 - 교차로안,승용,여,44세,경상,승용,남,39세,경상
2012070600100484,2012년 7월 6일 17시,금요일,경상북도 안동시 남후면,중상사고,0,1,0,0,차대차 - 추돌 - 진행중,안전운전불이행,습기,비,기타 - 기타,승용,남,51세,상해없음,승용,여,61세,중상
2012070600100485,2012년 7월 6일 17시,금요일,경상북도 안동시 금곡동,경상사고,0,0,1,0,차대차 - 측면직각충돌,안전운전불이행,습기,비,교차로 - 교차로안,이륜,남,21세,상해없음,승용,남,42세,경상
2012070600100519,2012년 7월 6일 18시,금요일,경상북도 영천시 야사동,경상사고,0,0,1,0,차대차 - 측면직각충돌,안전운전불이행,습기,비,단일로 - 기타,화물,남,35세,상해없음,이륜,남,18세,경상
2012070600100520,2012년 7월 6일 18시,금요일,경상북도 구미시 원평동,중상사고,0,1,0,0,차대사람 - 기타,안전운전불이행,습기,비,단일로 - 기타,승용,여,24세,상해없음,보행자,여,44세,중상
2012070600100591,2012년 7월 6일 20시,금요일,경상북도 경주시 성건동,경상사고,0,0,2,0,차대차 - 측면직각충돌,안전운전불이행,습기,맑음,교차로 - 교차로부근,승용,남,47세,상해없음,승용,여,40세,경상
2012070600100592,2012년 7월 6일 20시,금요일,경상북도 경산시 백천동,중상사고,0,1,0,0,차대사람 - 기타,안전운전불이행,건조,맑음,단일로 - 기타,기타불명,기타불명,기타불명,기타불명,보행자,남,52세,중상
2012070600100622,2012년 7월 6일 21시,금요일,경상북도 경주시 성건동,경상사고,0,0,1,0,차대사람 - 기타,안전운전불이행,습기,비,단일로 - 기타,승용,남,42세,상해없음,보행자,남,24세,경상
2012070600100623,2012년 7월 6일 21시,금요일,경상북도 영천시 북안면,부상신고사고,0,0,0,1,차량단독 - 공작물충돌,안전운전불이행,기타,비,기타 - 기타,승용,여,54세,부상신고,,,,
2012070600100624,2012년 7월 6일 21시,금요일,경상북도 예천군 예천읍,중상사고,0,2,0,0,차대차 - 정면충돌,안전운전불이행,습기,비,단일로 - 기타,승용,남,31세,상해없음,승용,남,57세,중상
2012070600100658,2012년 7월 6일 22시,금요일,경상북도 경주시 신평동,중상사고,0,1,2,0,차대차 - 기타,안전운전불이행,습기,비,교차로 - 교차로안,승용,여,29세,경상,승용,남,37세,경상
2012070600100701,2012년 7월 6일 23시,금요일,경상북도 안동시 옥동,경상사고,0,0,1,0,차대차 - 측면직각충돌,안전운전불이행,건조,맑음,단일로 - 기타,화물,남,54세,상해없음,승용,남,25세,경상
2012070600100702,2012년 7월 6일 23시,금요일,경상북도 경산시 하양읍,중상사고,0,1,0,0,차대사람 - 기타,신호위반,건조,맑음,교차로 - 교차로안,이륜,남,59세,상해없음,보행자,여,22세,중상
2012070600100703,2012년 7월 6일 23시,금요일,경상북도 경산시 계양동,경상사고,0,0,3,0,차대차 - 기타,중앙선침범,습기,비,교차로 - 교차로안,기타불명,기타불명,기타불명,기타불명,승용,여,46세,경상
2012070600100704,2012년 7월 6일 23시,금요일,경상북도 포항시 남구 오천읍,경상사고,0,0,1,0,차대차 - 측면직각충돌,중앙선침범,습기,비,단일로 - 기타,승용,여,35세,상해없음,원동기,남,41세,경상
2012070600100705,2012년 7월 6일 23시,금요일,경상북도 포항시 남구 오천읍,중상사고,0,1,0,0,차대사람 - 기타,안전운전불이행,습기,비,교차로 - 교차로안,승용,남,36세,상해없음,보행자,남,34세,중상
2012070700100026,2012년 7월 7일 00시,토요일,경상북도 포항시 북구 양덕동,경상사고,0,0,3,0,차대차 - 기타,교차로운행방법위반,건조,맑음,교차로 - 교차로안,승용,남,36세,상해없음,승용,남,23세,경상
2012070700100072,2012년 7월 7일 01시,토요일,경상북도 영천시 금노동,중상사고,0,1,2,0,차대차 - 측면직각충돌,교차로운행방법위반,건조,맑음,교차로 - 교차로안,승용,여,59세,중상,특수,남,32세,경상
2012070700100073,2012년 7월 7일 01시,토요일,경상북도 구미시 구평동,경상사고,0,0,1,0,차대차 - 기타,안전운전불이행,습기,비,교차로 - 교차로안,승용,남,41세,상해없음,이륜,남,34세,경상
2012070700100074,2012년 7월 7일 01시,토요일,경상북도 구미시 원평동,경상사고,0,0,2,2,차대차 - 측면직각충돌,교차로운행방법위반,습기,비,교차로 - 교차로안,승용,여,19세,부상신고,승용,남,46세,경상
2012070700100118,2012년 7월 7일 02시,토요일,경상북도 경산시 중방동,경상사고,0,0,1,0,차대차 - 기타,신호위반,습기,비,교차로 - 교차로안,승용,남,36세,상해없음,승용,남,46세,경상
2012070700100140,2012년 7월 7일 03시,토요일,경상북도 구미시 옥계동,사망사고,1,0,0,0,차대차 - 기타,중앙선침범,습기,비,단일로 - 기타,이륜,남,28세,사망,승합,남,35세,기타불명
2012070700100192,2012년 7월 7일 06시,토요일,경상북도 군위군 의흥면,중상사고,0,1,0,0,차량단독 - 도로외이탈 - 기타,안전운전불이행,습기,비,단일로 - 기타,승용,남,63세,중상,,,,
2012070700100203,2012년 7월 7일 07시,토요일,경상북도 포항시 북구 용흥동,중상사고,0,1,2,0,차대차 - 기타,안전거리미확보,습기,비,교차로 - 교차로부근,승용,남,24세,상해없음,승용,남,22세,중상
2012070700100204,2012년 7월 7일 07시,토요일,경상북도 구미시 황상동,경상사고,0,0,1,0,차대차 - 측면직각충돌,안전운전불이행,건조,맑음,단일로 - 기타,승합,남,52세,상해없음,자전거,남,45세,경상
2012070700100249,2012년 7월 7일 09시,토요일,경상북도 안동시 금곡동,경상사고,0,0,2,0,차대차 - 추돌 - 주정차중,안전운전불이행,건조,맑음,기타 - 기타,승용,남,71세,상해없음,승용,남,51세,상해없음
2012070700100250,2012년 7월 7일 09시,토요일,경상북도 안동시 임하면,경상사고,0,0,1,0,차대차 - 측면직각충돌,안전운전불이행,습기,흐림,단일로 - 기타,화물,남,54세,상해없음,자전거,남,20세,경상
2012070700100251,2012년 7월 7일 09시,토요일,경상북도 청도군 청도읍,중상사고,0,1,1,0,차대차 - 정면충돌,중앙선침범,습기,흐림,단일로 - 기타,화물,남,22세,경상,승합,남,62세,중상
2012070700100275,2012년 7월 7일 10시,토요일,경상북도 경주시 석장동,중상사고,0,1,0,0,차대사람 - 기타,안전운전불이행,건조,맑음,기타 - 기타,승용,여,57세,상해없음,보행자,여,53세,중상
2012070700100276,2012년 7월 7일 10시,토요일,경상북도 포항시 북구 창포동,경상사고,0,0,1,0,차대사람 - 횡단중,신호위반,건조,맑음,단일로 - 기타,화물,남,50세,상해없음,보행자,남,9세,경상
2012070700100277,2012년 7월 7일 10시,토요일,경상북도 안동시 용상동,경상사고,0,0,1,0,차대사람 - 기타,직진우회전진행방해,건조,맑음,교차로 - 교차로부근,승용,기타불명,기타불명,기타불명,보행자,남,82세,경상
2012070700100314,2012년 7월 7일 11시,토요일,경상북도 김천시 봉산면,경상사고,0,0,3,0,차대차 - 측면직각충돌,안전운전불이행,건조,흐림,교차로 - 교차로안,승용,남,19세,상해없음,승합,남,59세,상해없음
2012070700100348,2012년 7월 7일 12시,토요일,경상북도 영천시 오미동,중상사고,0,1,1,0,차대차 - 측면직각충돌,안전운전불이행,건조,맑음,단일로 - 기타,승용,남,25세,상해없음,화물,남,56세,중상
2012070700100385,2012년 7월 7일 13시,토요일,경상북도 경주시 천군동,중상사고,0,3,1,0,차대차 - 정면충돌,안전운전불이행,건조,맑음,교차로 - 교차로부근,승용,남,68세,상해없음,승용,여,36세,중상
2012070700100386,2012년 7월 7일 13시,토요일,경상북도 경산시 진량읍,경상사고,0,0,2,0,차대차 - 기타,안전운전불이행,건조,기타,단일로 - 기타,화물,남,46세,상해없음,승용,여,41세,경상
2012070700100421,2012년 7월 7일 14시,토요일,경상북도 경주시 석장동,경상사고,0,0,2,0,차대차 - 기타,안전운전불이행,건조,맑음,교차로 - 교차로부근,승용,남,27세,상해없음,승용,여,40세,경상
2012070700100422,2012년 7월 7일 14시,토요일,경상북도 김천시 지좌동,경상사고,0,0,3,0,차대차 - 측면직각충돌,안전운전불이행,건조,맑음,단일로 - 기타,화물,남,55세,상해없음,승용,여,34세,경상
2012070700100423,2012년 7월 7일 14시,토요일,경상북도 고령군 우곡면,중상사고,0,1,0,0,차대차 - 측면직각충돌,중앙선침범,건조,맑음,교차로 - 교차로안,화물,남,47세,상해없음,원동기,남,78세,중상
2012070700100424,2012년 7월 7일 14시,토요일,경상북도 포항시 남구 상도동,중상사고,0,1,0,0,차대차 - 기타,안전운전불이행,건조,맑음,교차로 - 교차로부근,원동기,남,38세,중상,승합,남,47세,상해없음
2012070700100425,2012년 7월 7일 14시,토요일,경상북도 포항시 남구 해도동,중상사고,0,1,0,0,차대차 - 추돌 - 진행중,중앙선침범,건조,맑음,단일로 - 기타,승용,여,56세,상해없음,승용,남,73세,중상
2012070700100426,2012년 7월 7일 14시,토요일,경상북도 칠곡군 가산면,중상사고,0,1,0,0,차대차 - 기타,안전운전불이행,건조,맑음,단일로 - 기타,화물,남,22세,상해없음,승합,여,30세,상해없음
2012070700100463,2012년 7월 7일 15시,토요일,경상북도 경주시 효현동,경상사고,0,0,1,0,차대차 - 측면직각충돌,중앙선침범,건조,맑음,기타 - 기타,화물,남,61세,경상,화물,남,45세,상해없음
2012070700100464,2012년 7월 7일 15시,토요일,경상북도 포항시 북구 죽도동,경상사고,0,0,2,0,차대차 - 기타,교차로운행방법위반,건조,맑음,교차로 - 교차로안,승용,남,23세,경상,승용,남,36세,경상
2012070700100465,2012년 7월 7일 15시,토요일,경상북도 구미시 형곡동,경상사고,0,0,1,0,차대사람 - 보도통행중,안전운전불이행,건조,맑음,단일로 - 기타,승용,남,30세,상해없음,보행자,여,31세,경상