사고번호,사고일시,요일,시군구,사고내용,사망자수,중상자수,경상자수,부상신고자수,사고유형,법규위반,노면상태,기상상태,도로형태,가해운전자 차종,가해운전자 성별,가해운전자 연령,가해운전자 상해정도,피해운전자 차종,피해운전자 성별,피해운전자 연령,피해운전자 상해정도
2012070700100466,2012년 7월 7일 15시,토요일,경상북도 포항시 남구 오천읍,중상사고,0,1,0,0,차대사람 - 기타,안전운전불이행,건조,맑음,단일로 - 기타,승합,남,38세,상해없음,보행자,여,67세,중상
2012070700100504,2012년 7월 7일 16시,토요일,경상북도 경주시 북군동,경상사고,0,0,4,0,차대차 - 추돌 - 주정차중,안전운전불이행,건조,맑음,단일로 - 기타,승용,남,64세,상해없음,승용,여,32세,경상
2012070700100505,2012년 7월 7일 16시,토요일,경상북도 경주시 성동동,중상사고,0,1,0,0,차대차 - 측면직각충돌,안전운전불이행,건조,맑음,교차로 - 교차로부근,승용,남,43세,상해없음,자전거,남,28세,중상
2012070700100506,2012년 7월 7일 16시,토요일,경상북도 포항시 북구 창포동,경상사고,0,0,1,0,차대차 - 기타,안전거리미확보,건조,맑음,단일로 - 기타,승용,여,55세,상해없음,원동기,남,18세,경상
2012070700100507,2012년 7월 7일 16시,토요일,경상북도 영천시 금호읍,경상사고,0,0,3,0,차대차 - 측면직각충돌,기타,건조,맑음,교차로 - 교차로안,승합,남,31세,경상,화물,남,53세,경상
2012070700100508,2012년 7월 7일 16시,토요일,경상북도 문경시 문경읍,경상사고,0,0,1,0,차대사람 - 차도통행중,안전운전불이행,건조,맑음,단일로 - 기타,자전거,남,55세,상해없음,보행자,여,80세,경상
2012070700100535,2012년 7월 7일 17시,토요일,경상북도 칠곡군 왜관읍,중상사고,0,1,0,0,차량단독 - 기타,안전운전불이행,건조,맑음,기타 - 기타,이륜,여,63세,상해없음,,,,
2012070700100536,2012년 7월 7일 17시,토요일,경상북도 구미시 진평동,경상사고,0,0,3,0,차대차 - 측면직각충돌,안전운전불이행,건조,맑음,교차로 - 교차로안,승용,여,40세,경상,승용,여,29세,경상
2012070700100568,2012년 7월 7일 18시,토요일,경상북도 구미시 송정동,경상사고,0,0,1,0,차대차 - 측면직각충돌,신호위반,건조,맑음,교차로 - 교차로안,승용,남,40세,상해없음,승용,남,32세,경상
2012070700100618,2012년 7월 7일 20시,토요일,경상북도 칠곡군 석적읍,중상사고,0,2,0,0,차대차 - 추돌 - 진행중,안전운전불이행,건조,맑음,단일로 - 기타,기타불명,기타불명,기타불명,기타불명,원동기,남,32세,중상
2012070700100619,2012년 7월 7일 20시,토요일,경상북도 경산시 갑제동,중상사고,0,1,0,0,차대차 - 기타,교차로운행방법위반,건조,맑음,교차로 - 교차로부근,승합,남,47세,상해없음,자전거,남,54세,중상
2012070700100620,2012년 7월 7일 20시,토요일,경상북도 영양군 입암면,경상사고,0,0,2,0,차대차 - 기타,중앙선침범,건조,맑음,단일로 - 기타,화물,남,49세,상해없음,승용,남,42세,경상
2012070700100658,2012년 7월 7일 21시,토요일,경상북도 청도군 풍각면,경상사고,0,0,1,0,차대차 - 추돌 - 주정차중,안전운전불이행,건조,맑음,단일로 - 기타,승용,남,49세,상해없음,승용,남,59세,경상
2012070700100689,2012년 7월 7일 22시,토요일,경상북도 칠곡군 약목면,경상사고,0,0,2,0,차대차 - 추돌 - 진행중,안전운전불이행,건조,맑음,교차로 - 교차로부근,승용,남,38세,상해없음,승용,남,32세,경상
2012070700100690,2012년 7월 7일 22시,토요일,경상북도 포항시 남구 오천읍,경상사고,0,0,3,0,차대차 - 추돌 - 주정차중,안전운전불이행,건조,맑음,단일로 - 기타,승용,여,48세,상해없음,승용,여,45세,경상
2012070700100711,2012년 7월 7일 23시,토요일,경상북도 경주시 외동읍,경상사고,0,0,2,0,차대차 - 추돌 - 주정차중,안전운전불이행,건조,맑음,교차로 - 교차로부근,승용,남,45세,상해없음,승용,남,34세,경상
2012070700100712,2012년 7월 7일 23시,토요일,경상북도 경산시 중방동,경상사고,0,0,1,0,차대차 - 기타,안전운전불이행,건조,맑음,단일로 - 기타,기타불명,기타불명,기타불명,기타불명,이륜,남,17세,경상
2012070800100010,2012년 7월 8일 00시,일요일,경상북도 포항시 북구 죽도동,경상사고,0,0,1,0,차대차 - 기타,안전거리미확보,건조,맑음,단일로 - 기타,승용,남,54세,상해없음,이륜,남,20세,경상
2012070800100043,2012년 7월 8일 01시,일요일,경상북도 영천시 문외동,경상사고,0,0,1,0,차대차 - 추돌 - 주정차중,안전운전불이행,건조,맑음,교차로 - 교차로부근,화물,남,42세,상해없음,화물,남,53세,경상
2012070800100044,2012년 7월 8일 01시,일요일,경상북도 구미시 임수동,경상사고,0,0,1,0,차대차 - 추돌 - 주정차중,안전운전불이행,건조,맑음,교차로 - 교차로부근,승용,남,37세,상해없음,승용,남,43세,경상
2012070800100045,2012년 7월 8일 01시,일요일,경상북도 구미시 봉곡동,중상사고,0,1,0,0,차량단독 - 전도전복,안전운전불이행,건조,맑음,단일로 - 횡단보도상,자전거,남,54세,중상,,,,
2012070800100070,2012년 7월 8일 02시,일요일,경상북도 칠곡군 가산면,부상신고사고,0,0,0,1,차대차 - 추돌 - 진행중,안전운전불이행,건조,맑음,단일로 - 기타,승용,남,51세,부상신고,승용,미분류,기타불명,기타불명
2012070800100098,2012년 7월 8일 04시,일요일,경상북도 포항시 북구 죽도동,경상사고,0,0,1,0,차대차 - 기타,안전운전불이행,건조,맑음,교차로 - 교차로부근,승용,여,21세,상해없음,승용,남,58세,경상
2012070800100115,2012년 7월 8일 05시,일요일,경상북도 경주시 배반동,중상사고,0,3,0,0,차대차 - 추돌 - 진행중,안전운전불이행,건조,맑음,단일로 - 기타,승용,남,30세,중상,화물,남,69세,중상
2012070800100183,2012년 7월 8일 10시,일요일,경상북도 영주시 문수면,경상사고,0,0,1,0,차대차 - 추돌 - 주정차중,안전운전불이행,건조,맑음,단일로 - 기타,농기계,남,18세,경상,화물,남,56세,기타불명
2012070800100204,2012년 7월 8일 11시,일요일,경상북도 경주시 양남면,중상사고,0,1,0,0,차대차 - 측면직각충돌,안전운전불이행,건조,맑음,교차로 - 교차로안,원동기,남,73세,중상,승용,여,38세,상해없음
2012070800100205,2012년 7월 8일 11시,일요일,경상북도 포항시 북구 신흥동,경상사고,0,0,5,0,차대차 - 추돌 - 주정차중,안전거리미확보,건조,맑음,단일로 - 기타,승용,남,41세,상해없음,승용,여,45세,경상
2012070800100206,2012년 7월 8일 11시,일요일,경상북도 포항시 북구 동빈1가,경상사고,0,0,1,0,차대차 - 추돌 - 주정차중,안전거리미확보,건조,맑음,교차로 - 교차로안,승용,남,53세,상해없음,승용,남,55세,상해없음
2012070800100207,2012년 7월 8일 11시,일요일,경상북도 상주시 외답동,중상사고,0,1,0,0,차량단독 - 공작물충돌,안전운전불이행,건조,맑음,단일로 - 기타,승용,남,50세,상해없음,,,,
2012070800100229,2012년 7월 8일 12시,일요일,경상북도 경주시 외동읍,중상사고,0,3,0,0,차대차 - 측면직각충돌,중앙선침범,건조,맑음,단일로 - 기타,화물,남,46세,상해없음,승용,남,36세,중상
2012070800100230,2012년 7월 8일 12시,일요일,경상북도 포항시 북구 창포동,중상사고,0,1,0,0,차대차 - 측면직각충돌,신호위반,건조,맑음,교차로 - 교차로안,승용,여,43세,상해없음,이륜,남,35세,중상
2012070800100231,2012년 7월 8일 12시,일요일,경상북도 안동시 광석동,경상사고,0,0,2,0,차대차 - 추돌 - 주정차중,안전운전불이행,건조,맑음,교차로 - 교차로부근,승용,남,45세,상해없음,승용,남,37세,경상
2012070800100232,2012년 7월 8일 12시,일요일,경상북도 영주시 가흥동,경상사고,0,0,1,0,차대사람 - 차도통행중,안전운전불이행,건조,맑음,교차로 - 교차로부근,승용,남,25세,상해없음,보행자,여,14세,경상
2012070800100233,2012년 7월 8일 12시,일요일,경상북도 영주시 풍기읍,중상사고,0,1,0,0,차대차 - 기타,중앙선침범,건조,맑음,교차로 - 교차로부근,자전거,남,16세,중상,승합,남,40세,상해없음
2012070800100260,2012년 7월 8일 13시,일요일,경상북도 영덕군 영해면,경상사고,0,0,1,0,차대사람 - 기타,안전운전불이행,건조,맑음,기타 - 기타,승용,남,69세,상해없음,보행자,남,30세,경상
2012070800100261,2012년 7월 8일 13시,일요일,경상북도 영덕군 병곡면,경상사고,0,0,2,0,차량단독 - 공작물충돌,안전운전불이행,건조,맑음,기타 - 기타,승용,여,53세,경상,,,,
2012070800100262,2012년 7월 8일 13시,일요일,경상북도 예천군 하리면,중상사고,0,1,0,0,차대차 - 정면충돌,안전운전불이행,건조,맑음,교차로 - 교차로안,화물,남,34세,상해없음,화물,남,24세,중상
2012070800100263,2012년 7월 8일 13시,일요일,경상북도 청도군 청도읍,경상사고,0,0,1,1,차대차 - 정면충돌,중앙선침범,건조,맑음,단일로 - 기타,승용,여,35세,부상신고,승용,남,36세,경상
2012070800100264,2012년 7월 8일 13시,일요일,경상북도 고령군 개진면,경상사고,0,0,1,0,차대차 - 기타,안전운전불이행,건조,맑음,단일로 - 기타,자전거,남,42세,경상,승용,남,49세,상해없음
2012070800100265,2012년 7월 8일 13시,일요일,경상북도 포항시 남구 대도동,경상사고,0,0,1,0,차대차 - 추돌 - 진행중,안전운전불이행,건조,맑음,교차로 - 교차로부근,승용,남,30세,상해없음,승용,남,66세,상해없음
2012070800100319,2012년 7월 8일 15시,일요일,경상북도 경주시 감포읍,중상사고,0,1,0,0,차대차 - 측면직각충돌,안전운전불이행,건조,맑음,교차로 - 교차로부근,원동기,여,57세,중상,승용,남,46세,상해없음
2012070800100320,2012년 7월 8일 15시,일요일,경상북도 성주군 월항면,중상사고,0,1,0,0,차량단독 - 공작물충돌,안전운전불이행,습기,맑음,단일로 - 기타,승용,남,50세,중상,,,,
2012070800100382,2012년 7월 8일 17시,일요일,경상북도 성주군 선남면,경상사고,0,0,3,0,차대차 - 추돌 - 주정차중,안전운전불이행,건조,맑음,단일로 - 교량,승용,여,56세,상해없음,승용,남,38세,경상
2012070800100410,2012년 7월 8일 18시,일요일,경상북도 경주시 보문동,경상사고,0,0,2,0,차대차 - 추돌 - 진행중,안전운전불이행,건조,맑음,단일로 - 기타,화물,남,67세,상해없음,화물,남,49세,상해없음
2012070800100411,2012년 7월 8일 18시,일요일,경상북도 포항시 남구 해도동,경상사고,0,0,1,0,차대차 - 추돌 - 주정차중,안전운전불이행,건조,맑음,단일로 - 기타,승용,남,51세,기타불명,승용,여,52세,경상
2012070800100441,2012년 7월 8일 19시,일요일,경상북도 포항시 북구 양덕동,중상사고,0,2,0,0,차대차 - 측면직각충돌,교차로운행방법위반,건조,맑음,교차로 - 교차로안,승용,여,45세,상해없음,승용,남,24세,중상
2012070800100442,2012년 7월 8일 19시,일요일,경상북도 포항시 북구 득량동,경상사고,0,0,1,0,차대차 - 기타,안전운전불이행,건조,맑음,단일로 - 기타,승용,기타불명,기타불명,기타불명,자전거,남,70세,경상
2012070800100475,2012년 7월 8일 20시,일요일,경상북도 경주시 탑동,경상사고,0,0,1,0,차대차 - 기타,안전운전불이행,건조,흐림,단일로 - 기타,이륜,남,72세,경상,이륜,남,55세,상해없음
2012070800100476,2012년 7월 8일 20시,일요일,경상북도 안동시 당북동,경상사고,0,0,5,0,차대차 - 측면직각충돌,신호위반,건조,맑음,교차로 - 교차로안,승용,남,36세,상해없음,승용,여,43세,경상
2012070800100477,2012년 7월 8일 20시,일요일,경상북도 칠곡군 석적읍,사망사고,1,0,0,0,차대사람 - 횡단중,과속,건조,맑음,교차로 - 교차로안,승용,남,51세,상해없음,보행자,남,71세,사망
2012070800100479,2012년 7월 8일 20시,일요일,경상북도 포항시 남구 이동,중상사고,0,1,0,0,차대차 - 측면직각충돌,안전운전불이행,건조,맑음,단일로 - 기타,승용,남,67세,상해없음,원동기,남,16세,중상
2012070800100510,2012년 7월 8일 21시,일요일,경상북도 칠곡군 석적읍,중상사고,0,1,0,0,차대차 - 추돌 - 주정차중,중앙선침범,건조,맑음,단일로 - 기타,승용,남,30세,상해없음,승용,남,40세,중상
2012070800100536,2012년 7월 8일 22시,일요일,경상북도 경주시 노서동,경상사고,0,0,1,0,차대차 - 측면직각충돌,안전운전불이행,건조,맑음,단일로 - 기타,승용,여,62세,상해없음,자전거,여,51세,경상
2012070800100555,2012년 7월 8일 23시,일요일,경상북도 포항시 북구 동빈1가,경상사고,0,0,1,0,차대차 - 기타,교차로운행방법위반,건조,맑음,교차로 - 교차로부근,승용,남,38세,상해없음,승용,남,53세,경상
2012070900100006,2012년 7월 9일 00시,월요일,경상북도 구미시 원평동,중상사고,0,2,0,0,차대차 - 추돌 - 주정차중,안전운전불이행,건조,맑음,단일로 - 기타,승용,남,53세,상해없음,승용,여,26세,중상
2012070900100030,2012년 7월 9일 03시,월요일,경상북도 김천시 신음동,중상사고,0,1,0,0,차대차 - 측면직각충돌,교차로운행방법위반,건조,맑음,교차로 - 교차로안,승용,남,18세,상해없음,승용,남,42세,중상
2012070900100036,2012년 7월 9일 04시,월요일,경상북도 김천시 부곡동,중상사고,0,1,0,0,차대사람 - 기타,신호위반,건조,맑음,단일로 - 횡단보도상,승용,남,24세,상해없음,보행자,남,79세,중상
2012070900100103,2012년 7월 9일 08시,월요일,경상북도 포항시 북구 흥해읍,중상사고,0,1,0,0,차대차 - 정면충돌,중앙선침범,건조,맑음,단일로 - 기타,승용,남,64세,상해없음,승용,남,78세,중상
2012070900100104,2012년 7월 9일 08시,월요일,경상북도 상주시 내서면,중상사고,0,1,0,0,차대차 - 정면충돌,중앙선침범,건조,맑음,단일로 - 기타,화물,여,53세,상해없음,승용,여,38세,중상
2012070900100105,2012년 7월 9일 08시,월요일,경상북도 포항시 남구 해도동,경상사고,0,0,1,0,차대사람 - 기타,신호위반,건조,맑음,단일로 - 횡단보도상,화물,남,34세,상해없음,보행자,여,55세,경상
2012070900100106,2012년 7월 9일 08시,월요일,경상북도 포항시 남구 해도동,경상사고,0,0,1,0,차대차 - 추돌 - 진행중,안전운전불이행,건조,맑음,단일로 - 기타,승용,여,40세,상해없음,자전거,남,58세,경상
2012070900100138,2012년 7월 9일 09시,월요일,경상북도 안동시 도산면,중상사고,0,2,0,0,차대차 - 추돌 - 진행중,안전운전불이행,건조,맑음,단일로 - 기타,건설기계,남,43세,상해없음,화물,남,74세,중상
2012070900100139,2012년 7월 9일 09시,월요일,경상북도 의성군 봉양면,중상사고,0,1,1,0,차대차 - 측면직각충돌,중앙선침범,건조,맑음,단일로 - 기타,승용,여,57세,경상,화물,남,62세,중상
2012070900100140,2012년 7월 9일 09시,월요일,경상북도 경산시 신교동,중상사고,0,1,0,0,차대차 - 기타,안전운전불이행,건조,맑음,단일로 - 기타,승용,여,38세,상해없음,이륜,남,62세,중상
2012070900100141,2012년 7월 9일 09시,월요일,경상북도 구미시 구평동,경상사고,0,0,1,0,차대차 - 측면직각충돌,신호위반,건조,맑음,교차로 - 교차로안,승합,남,34세,상해없음,승용,여,31세,경상
2012070900100142,2012년 7월 9일 09시,월요일,경상북도 포항시 남구 상도동,중상사고,0,1,0,0,차대차 - 기타,안전운전불이행,건조,맑음,단일로 - 기타,승합,남,53세,상해없음,자전거,여,46세,중상
2012070900100165,2012년 7월 9일 10시,월요일,경상북도 영덕군 강구면,중상사고,0,1,0,0,차대차 - 측면직각충돌,안전운전불이행,건조,맑음,단일로 - 기타,승용,남,48세,상해없음,이륜,남,72세,중상
2012070900100186,2012년 7월 9일 11시,월요일,경상북도 성주군 성주읍,중상사고,0,1,1,0,차대차 - 정면충돌,중앙선침범,건조,맑음,단일로 - 기타,승합,남,53세,상해없음,승용,여,39세,중상
2012070900100205,2012년 7월 9일 12시,월요일,경상북도 김천시 감문면,경상사고,0,0,2,0,차대차 - 측면직각충돌,안전운전불이행,건조,맑음,단일로 - 기타,승용,여,23세,상해없음,승합,여,38세,경상
2012070900100206,2012년 7월 9일 12시,월요일,경상북도 영주시 가흥동,중상사고,0,1,3,0,차대차 - 추돌 - 진행중,안전운전불이행,건조,맑음,교차로 - 교차로부근,화물,남,39세,상해없음,승용,남,62세,중상
2012070900100259,2012년 7월 9일 14시,월요일,경상북도 상주시 외남면,경상사고,0,0,1,0,차대차 - 기타,중앙선침범,건조,맑음,교차로 - 교차로안,화물,남,68세,상해없음,원동기,남,50세,경상
2012070900100260,2012년 7월 9일 14시,월요일,경상북도 칠곡군 왜관읍,중상사고,0,1,0,0,차대차 - 추돌 - 진행중,안전거리미확보,건조,맑음,교차로 - 교차로안,승용,남,57세,상해없음,자전거,여,68세,중상
2012070900100261,2012년 7월 9일 14시,월요일,경상북도 구미시 신평동,중상사고,0,1,1,0,차대차 - 측면직각충돌,안전거리미확보,건조,맑음,단일로 - 기타,승용,남,23세,경상,승용,여,43세,중상
2012070900100303,2012년 7월 9일 15시,월요일,경상북도 경주시 황남동,중상사고,0,1,0,0,차대사람 - 기타,안전운전불이행,건조,맑음,단일로 - 기타,승용,여,44세,상해없음,보행자,여,68세,중상
2012070900100304,2012년 7월 9일 15시,월요일,경상북도 안동시 옥동,중상사고,0,1,1,0,차대차 - 추돌 - 주정차중,안전운전불이행,건조,맑음,단일로 - 기타,승용,여,30세,상해없음,승용,여,41세,중상
2012070900100305,2012년 7월 9일 15시,월요일,경상북도 영천시 북안면,경상사고,0,0,2,0,차량단독 - 공작물충돌,안전운전불이행,건조,맑음,단일로 - 기타,승용,여,57세,상해없음,,,,
2012070900100306,2012년 7월 9일 15시,월요일,경상북도 경산시 진량읍,중상사고,0,2,0,0,차대차 - 기타,교차로운행방법위반,건조,맑음,교차로 - 교차로안,승용,남,64세,상해없음,승용,남,26세,중상
2012070900100307,2012년 7월 9일 15시,월요일,경상북도 경산시 진량읍,경상사고,0,0,1,0,차대차 - 기타,안전운전불이행,건조,맑음,단일로 - 기타,기타불명,기타불명,기타불명,기타불명,승용,남,24세,경상
2012070900100308,2012년 7월 9일 15시,월요일,경상북도 봉화군 춘양면,중상사고,0,1,0,0,차대사람 - 보도통행중,보행자보호의무위반,습기,비,교차로 - 교차로부근,화물,남,66세,상해없음,보행자,여,76세,중상
2012070900100353,2012년 7월 9일 16시,월요일,경상북도 김천시 성내동,경상사고,0,0,1,0,차대차 - 측면직각충돌,안전운전불이행,건조,맑음,단일로 - 기타,승용,남,65세,상해없음,승용,남,24세,경상
2012070900100354,2012년 7월 9일 16시,월요일,경상북도 칠곡군 지천면,중상사고,0,1,0,0,차대사람 - 횡단중,안전운전불이행,건조,맑음,단일로 - 기타,화물,남,47세,상해없음,보행자,남,53세,중상
2012070900100355,2012년 7월 9일 16시,월요일,경상북도 성주군 성주읍,중상사고,0,1,0,0,차대사람 - 횡단중,안전운전불이행,건조,맑음,단일로 - 기타,승용,여,47세,상해없음,보행자,여,7세,중상
2012070900100390,2012년 7월 9일 17시,월요일,경상북도 안동시 길안면,경상사고,0,0,1,0,차대차 - 측면직각충돌,직진우회전진행방해,건조,맑음,교차로 - 교차로안,승용,남,40세,상해없음,승용,여,49세,상해없음
2012070900100431,2012년 7월 9일 18시,월요일,경상북도 영주시 장수면,중상사고,0,1,0,0,차량단독 - 공작물충돌,안전운전불이행,건조,맑음,단일로 - 기타,화물,여,43세,중상,,,,
2012070900100432,2012년 7월 9일 18시,월요일,경상북도 경산시 백천동,중상사고,0,1,1,0,차대차 - 기타,안전운전불이행,건조,기타,교차로 - 교차로부근,승용,남,60세,상해없음,승용,남,39세,경상
2012070900100433,2012년 7월 9일 18시,월요일,경상북도 성주군 선남면,중상사고,0,1,0,0,차대차 - 추돌 - 진행중,안전운전불이행,건조,맑음,단일로 - 기타,화물,남,52세,중상,화물,남,42세,상해없음
2012070900100434,2012년 7월 9일 18시,월요일,경상북도 포항시 남구 오천읍,중상사고,0,1,0,0,차대차 - 기타,안전운전불이행,건조,맑음,단일로 - 기타,자전거,남,28세,중상,승용,남,58세,상해없음
2012070900100465,2012년 7월 9일 19시,월요일,경상북도 칠곡군 석적읍,경상사고,0,0,1,0,차대차 - 추돌 - 진행중,안전운전불이행,건조,맑음,단일로 - 기타,승용,여,30세,상해없음,자전거,남,7세,경상
2012070900100466,2012년 7월 9일 19시,월요일,경상북도 구미시 옥계동,경상사고,0,0,2,0,차대차 - 추돌 - 진행중,안전운전불이행,건조,맑음,교차로 - 교차로부근,승용,여,26세,상해없음,승용,남,42세,경상
2012070900100467,2012년 7월 9일 19시,월요일,경상북도 포항시 남구 대도동,경상사고,0,0,1,0,차대차 - 추돌 - 진행중,안전운전불이행,건조,맑음,교차로 - 교차로부근,원동기,남,46세,경상,승용,여,29세,상해없음
2012070900100501,2012년 7월 9일 20시,월요일,경상북도 안동시 당북동,중상사고,0,1,0,0,차대사람 - 횡단중,안전운전불이행,건조,맑음,단일로 - 기타,승용,남,57세,상해없음,보행자,여,77세,중상
2012070900100502,2012년 7월 9일 20시,월요일,경상북도 칠곡군 석적읍,중상사고,0,2,1,0,차대차 - 추돌 - 진행중,안전운전불이행,건조,맑음,단일로 - 기타,승용,여,20세,상해없음,승용,남,25세,중상
2012070900100503,2012년 7월 9일 20시,월요일,경상북도 구미시 부곡동,중상사고,0,2,0,0,차대차 - 측면직각충돌,안전운전불이행,건조,맑음,교차로 - 교차로안,승용,남,23세,상해없음,승용,남,25세,중상
2012070900100531,2012년 7월 9일 21시,월요일,경상북도 경산시 옥곡동,경상사고,0,0,2,0,차대차 - 기타,안전운전불이행,건조,맑음,교차로 - 교차로부근,화물,남,48세,상해없음,승합,남,40세,경상
2012070900100532,2012년 7월 9일 21시,월요일,경상북도 영양군 일월면,중상사고,0,1,0,0,차대차 - 기타,안전운전불이행,건조,맑음,단일로 - 기타,승용,남,34세,상해없음,이륜,남,42세,중상
2012070900100561,2012년 7월 9일 22시,월요일,경상북도 김천시 구성면,중상사고,0,1,0,0,차량단독 - 공작물충돌,안전운전불이행,건조,맑음,단일로 - 기타,이륜,남,56세,중상,,,,
2012070900100562,2012년 7월 9일 22시,월요일,경상북도 구미시 원평동,중상사고,0,1,0,0,차대차 - 기타,안전운전불이행,건조,맑음,교차로 - 교차로안,이륜,남,44세,중상,승용,여,39세,상해없음
2012071000100044,2012년 7월 10일 03시,화요일,경상북도 구미시 봉곡동,경상사고,0,0,3,0,차대차 - 측면직각충돌,안전운전불이행,건조,맑음,교차로 - 교차로부근,승용,남,26세,상해없음,승용,여,44세,경상
2012071000100057,2012년 7월 10일 05시,화요일,경상북도 영주시 상망동,중상사고,0,1,0,0,차대사람 - 기타,안전운전불이행,건조,맑음,단일로 - 기타,승용,여,43세,상해없음,보행자,여,59세,중상
2012071000100066,2012년 7월 10일 06시,화요일,경상북도 김천시 부곡동,중상사고,0,2,0,0,차대차 - 측면직각충돌,안전운전불이행,건조,맑음,교차로 - 교차로부근,승용,남,22세,상해없음,승용,남,44세,중상
2012071000100067,2012년 7월 10일 06시,화요일,경상북도 성주군 성주읍,중상사고,0,1,1,0,차량단독 - 도로외이탈 - 기타,안전운전불이행,건조,맑음,단일로 - 기타,화물,남,26세,중상,,,,
2012071000100091,2012년 7월 10일 07시,화요일,경상북도 포항시 북구 죽도동,중상사고,0,1,0,0,차대사람 - 기타,기타,건조,흐림,단일로 - 횡단보도부근,원동기,남,63세,상해없음,보행자,여,56세,중상
2012071000100092,2012년 7월 10일 07시,화요일,경상북도 영주시 가흥동,사망사고,1,0,0,0,차대차 - 측면직각충돌,신호위반,건조,맑음,교차로 - 교차로안,승용,여,33세,상해없음,자전거,남,69세,사망
2012071000100093,2012년 7월 10일 07시,화요일,경상북도 문경시 점촌동,경상사고,0,0,1,0,차대차 - 기타,안전운전불이행,건조,맑음,교차로 - 교차로안,승용,남,32세,상해없음,자전거,남,73세,경상
2012071000100094,2012년 7월 10일 07시,화요일,경상북도 봉화군 석포면,중상사고,0,1,1,0,차대차 - 측면직각충돌,중앙선침범,건조,맑음,단일로 - 기타,화물,남,53세,상해없음,승용,여,46세,중상
2012071000100096,2012년 7월 10일 07시,화요일,경상북도 포항시 남구 대도동,중상사고,0,1,0,0,차대차 - 기타,안전운전불이행,건조,맑음,단일로 - 기타,승용,남,62세,상해없음,자전거,남,60세,중상
2012071000100148,2012년 7월 10일 09시,화요일,경상북도 포항시 남구 호동,경상사고,0,0,2,0,차대차 - 기타,교차로운행방법위반,건조,맑음,교차로 - 교차로안,화물,남,52세,상해없음,승용,남,57세,상해없음
2012071000100181,2012년 7월 10일 10시,화요일,경상북도 경주시 양북면,경상사고,0,0,1,0,차대사람 - 기타,안전운전불이행,건조,맑음,단일로 - 기타,농기계,남,71세,상해없음,보행자,남,58세,경상
2012071000100182,2012년 7월 10일 10시,화요일,경상북도 경산시 옥산동,경상사고,0,0,1,0,차대차 - 기타,안전운전불이행,건조,맑음,기타 - 기타,이륜,남,70세,상해없음,승용,여,27세,경상
2012071000100206,2012년 7월 10일 11시,화요일,경상북도 포항시 북구 용흥동,중상사고,0,1,0,0,차대차 - 기타,중앙선침범,건조,맑음,단일로 - 기타,승용,남,63세,상해없음,원동기,남,75세,중상
2012071000100207,2012년 7월 10일 11시,화요일,경상북도 김천시 아포읍,중상사고,0,1,1,0,차대차 - 측면직각충돌,교차로운행방법위반,건조,맑음,교차로 - 교차로안,이륜,남,76세,경상,승용,남,42세,상해없음
2012071000100208,2012년 7월 10일 11시,화요일,경상북도 상주시 연원동,중상사고,0,1,0,0,차대차 - 기타,안전운전불이행,건조,맑음,단일로 - 기타,화물,여,42세,상해없음,이륜,남,81세,중상
2012071000100209,2012년 7월 10일 11시,화요일,경상북도 구미시 원평동,중상사고,0,1,0,0,차대차 - 측면직각충돌,안전운전불이행,건조,맑음,교차로 - 교차로안,승용,여,39세,상해없음,원동기,남,38세,중상
2012071000100227,2012년 7월 10일 12시,화요일,경상북도 경주시 외동읍,중상사고,0,2,0,0,차대차 - 측면직각충돌,안전운전불이행,건조,맑음,교차로 - 교차로부근,화물,남,56세,중상,화물,남,51세,중상
2012071000100228,2012년 7월 10일 12시,화요일,경상북도 안동시 수상동,경상사고,0,0,1,0,차대차 - 측면직각충돌,신호위반,건조,맑음,교차로 - 교차로안,화물,남,51세,상해없음,화물,남,50세,경상
2012071000100229,2012년 7월 10일 12시,화요일,경상북도 안동시 일직면,경상사고,0,0,1,0,차대차 - 측면직각충돌,안전운전불이행,건조,맑음,단일로 - 기타,원동기,남,56세,경상,승용,남,55세,상해없음
2012071000100274,2012년 7월 10일 14시,화요일,경상북도 영천시 금노동,경상사고,0,0,1,0,차대차 - 추돌 - 주정차중,안전운전불이행,건조,맑음,교차로 - 교차로부근,화물,남,59세,상해없음,승용,여,57세,경상
2012071000100275,2012년 7월 10일 14시,화요일,경상북도 울진군 울진읍,중상사고,0,2,0,0,차대차 - 정면충돌,중앙선침범,건조,맑음,단일로 - 기타,승용,남,51세,상해없음,승용,남,27세,중상
2012071000100276,2012년 7월 10일 14시,화요일,경상북도 고령군 고령읍,경상사고,0,0,1,0,차대차 - 정면충돌,중앙선침범,건조,맑음,단일로 - 기타,이륜,남,60세,경상,승용,여,53세,상해없음
2012071000100277,2012년 7월 10일 14시,화요일,경상북도 포항시 남구 연일읍,중상사고,0,1,0,0,차대차 - 추돌 - 진행중,기타,건조,맑음,기타 - 기타,화물,남,63세,상해없음,화물,남,50세,중상
2012071000100305,2012년 7월 10일 15시,화요일,경상북도 포항시 북구 창포동,중상사고,0,1,0,0,차대사람 - 기타,안전운전불이행,건조,맑음,단일로 - 기타,승용,남,69세,상해없음,보행자,여,6세,중상
2012071000100306,2012년 7월 10일 15시,화요일,경상북도 안동시 법흥동,중상사고,0,1,0,0,차대차 - 측면직각충돌,안전운전불이행,건조,맑음,단일로 - 기타,화물,남,43세,상해없음,승용,남,41세,중상
2012071000100307,2012년 7월 10일 15시,화요일,경상북도 영주시 영주동,중상사고,0,1,0,0,차대사람 - 횡단중,보행자보호의무위반,건조,맑음,단일로 - 기타,승용,여,62세,상해없음,보행자,여,67세,중상