사고번호,사고일시,요일,시군구,사고내용,사망자수,중상자수,경상자수,부상신고자수,사고유형,법규위반,노면상태,기상상태,도로형태,가해운전자 차종,가해운전자 성별,가해운전자 연령,가해운전자 상해정도,피해운전자 차종,피해운전자 성별,피해운전자 연령,피해운전자 상해정도
2012071000100308,2012년 7월 10일 15시,화요일,경상북도 영천시 화남면,중상사고,0,1,0,0,차대차 - 기타,안전운전불이행,건조,맑음,단일로 - 기타,화물,남,49세,상해없음,원동기,남,65세,중상
2012071000100309,2012년 7월 10일 15시,화요일,경상북도 영덕군 영해면,경상사고,0,0,1,0,차량단독 - 전도전복,안전운전불이행,건조,맑음,단일로 - 기타,이륜,남,80세,경상,,,,
2012071000100310,2012년 7월 10일 15시,화요일,경상북도 구미시 인의동,경상사고,0,0,1,0,차대차 - 측면직각충돌,안전운전불이행,건조,맑음,단일로 - 기타,자전거,남,31세,경상,승합,남,40세,상해없음
2012071000100344,2012년 7월 10일 16시,화요일,경상북도 경주시 석장동,경상사고,0,0,1,0,차대차 - 기타,안전운전불이행,건조,맑음,교차로 - 교차로부근,승용,여,43세,상해없음,승합,남,36세,상해없음
2012071000100345,2012년 7월 10일 16시,화요일,경상북도 영천시 북안면,사망사고,1,2,0,0,차대차 - 기타,과속,건조,흐림,교차로 - 교차로안,승용,여,60세,중상,이륜,여,80세,중상
2012071000100346,2012년 7월 10일 16시,화요일,경상북도 구미시 인의동,경상사고,0,0,2,0,차대차 - 측면직각충돌,직진우회전진행방해,건조,맑음,교차로 - 교차로안,화물,남,45세,경상,승용,남,45세,경상
2012071000100375,2012년 7월 10일 17시,화요일,경상북도 안동시 정하동,부상신고사고,0,0,0,1,차대차 - 기타,안전운전불이행,건조,맑음,교차로 - 교차로안,기타불명,기타불명,기타불명,기타불명,자전거,남,16세,부상신고
2012071000100376,2012년 7월 10일 17시,화요일,경상북도 상주시 냉림동,중상사고,0,1,0,0,차대차 - 측면직각충돌,교차로운행방법위반,건조,흐림,교차로 - 교차로안,승용,여,29세,상해없음,자전거,여,73세,중상
2012071000100377,2012년 7월 10일 17시,화요일,경상북도 의성군 사곡면,사망사고,1,0,0,0,차량단독 - 공작물충돌,안전운전불이행,건조,맑음,단일로 - 기타,화물,남,62세,사망,,,,
2012071000100378,2012년 7월 10일 17시,화요일,경상북도 문경시 모전동,중상사고,0,1,0,0,차대차 - 기타,직진우회전진행방해,건조,맑음,교차로 - 교차로안,승합,여,49세,상해없음,자전거,여,9세,중상
2012071000100470,2012년 7월 10일 19시,화요일,경상북도 구미시 사곡동,경상사고,0,0,1,0,차대사람 - 기타,안전운전불이행,기타,기타,기타 - 기타,이륜,남,38세,상해없음,보행자,남,30세,경상
2012071000100471,2012년 7월 10일 19시,화요일,경상북도 포항시 남구 오천읍,중상사고,0,1,0,0,차대사람 - 기타,안전운전불이행,건조,맑음,단일로 - 기타,원동기,남,16세,상해없음,보행자,남,8세,중상
2012071000100502,2012년 7월 10일 20시,화요일,경상북도 구미시 남통동,중상사고,0,2,1,1,차대차 - 측면직각충돌,안전운전불이행,건조,맑음,교차로 - 교차로부근,승용,여,46세,상해없음,승용,여,32세,중상
2012071000100551,2012년 7월 10일 21시,화요일,경상북도 고령군 고령읍,경상사고,0,0,1,0,차대사람 - 길가장자리구역통행중,안전운전불이행,습기,비,교차로 - 교차로부근,승용,남,42세,상해없음,보행자,여,52세,경상
2012071000100552,2012년 7월 10일 21시,화요일,경상북도 구미시 신평동,경상사고,0,0,1,0,차대차 - 측면직각충돌,안전운전불이행,습기,맑음,교차로 - 교차로부근,승용,남,34세,상해없음,승용,남,26세,경상
2012071000100599,2012년 7월 10일 22시,화요일,경상북도 칠곡군 왜관읍,부상신고사고,0,0,0,1,차량단독 - 공작물충돌,안전운전불이행,습기,비,단일로 - 기타,승용,남,46세,부상신고,,,,
2012071000100600,2012년 7월 10일 22시,화요일,경상북도 경산시 하양읍,경상사고,0,0,2,0,차대차 - 기타,안전운전불이행,습기,비,교차로 - 교차로부근,승용,남,56세,상해없음,승용,여,34세,경상
2012071000100647,2012년 7월 10일 23시,화요일,경상북도 포항시 남구 인덕동,경상사고,0,0,1,0,차대차 - 기타,안전운전불이행,습기,비,교차로 - 교차로안,승용,남,63세,상해없음,원동기,남,17세,경상
2012071100100129,2012년 7월 11일 05시,수요일,경상북도 칠곡군 동명면,중상사고,0,2,0,0,차량단독 - 기타,안전운전불이행,습기,비,단일로 - 기타,승용,남,52세,중상,,,,
2012071100100143,2012년 7월 11일 06시,수요일,경상북도 경주시 성건동,경상사고,0,0,2,0,차대차 - 측면직각충돌,안전운전불이행,습기,비,단일로 - 기타,승용,남,53세,상해없음,승용,여,33세,상해없음
2012071100100167,2012년 7월 11일 07시,수요일,경상북도 안동시 북후면,중상사고,0,1,1,2,차대차 - 측면직각충돌,안전운전불이행,습기,비,단일로 - 기타,승용,남,24세,상해없음,화물,남,46세,경상
2012071100100197,2012년 7월 11일 08시,수요일,경상북도 구미시 옥계동,경상사고,0,0,1,0,차대차 - 기타,안전운전불이행,습기,비,기타 - 기타,기타불명,기타불명,기타불명,기타불명,승용,여,31세,경상
2012071100100228,2012년 7월 11일 09시,수요일,경상북도 성주군 성주읍,경상사고,0,0,1,0,차대차 - 기타,중앙선침범,습기,비,단일로 - 기타,화물,남,44세,상해없음,승용,여,49세,경상
2012071100100267,2012년 7월 11일 11시,수요일,경상북도 칠곡군 동명면,경상사고,0,0,1,0,차대차 - 추돌 - 진행중,안전운전불이행,습기,비,단일로 - 기타,건설기계,남,50세,상해없음,승용,남,50세,경상
2012071100100268,2012년 7월 11일 11시,수요일,경상북도 영천시 오수동,경상사고,0,0,3,0,차대차 - 추돌 - 진행중,안전운전불이행,습기,비,교차로 - 교차로부근,승용,남,21세,상해없음,승용,여,49세,경상
2012071100100269,2012년 7월 11일 11시,수요일,경상북도 구미시 송정동,경상사고,0,0,1,0,차대차 - 추돌 - 진행중,안전운전불이행,건조,맑음,교차로 - 교차로안,화물,남,35세,상해없음,승용,남,46세,경상
2012071100100301,2012년 7월 11일 12시,수요일,경상북도 문경시 산양면,경상사고,0,0,2,0,차대차 - 기타,기타,습기,흐림,교차로 - 교차로안,화물,남,49세,상해없음,승용,여,24세,경상
2012071100100322,2012년 7월 11일 13시,수요일,경상북도 구미시 장천면,중상사고,0,1,0,0,차대차 - 측면직각충돌,교차로운행방법위반,습기,비,교차로 - 교차로안,승용,남,34세,상해없음,승합,여,44세,중상
2012071100100349,2012년 7월 11일 14시,수요일,경상북도 경주시 현곡면,중상사고,0,2,0,0,차대차 - 측면직각충돌,안전운전불이행,습기,흐림,교차로 - 교차로부근,승용,남,33세,상해없음,원동기,남,71세,중상
2012071100100350,2012년 7월 11일 14시,수요일,경상북도 영주시 가흥동,경상사고,0,0,1,0,차대차 - 기타,안전운전불이행,습기,비,단일로 - 기타,승용,남,43세,상해없음,승용,여,39세,경상
2012071100100351,2012년 7월 11일 14시,수요일,경상북도 포항시 남구 대잠동,경상사고,0,0,1,0,차대차 - 추돌 - 진행중,안전운전불이행,건조,맑음,단일로 - 기타,승합,남,59세,상해없음,승용,여,49세,경상
2012071100100376,2012년 7월 11일 15시,수요일,경상북도 김천시 구성면,중상사고,0,1,0,0,차대차 - 측면직각충돌,중앙선침범,습기,비,단일로 - 기타,승용,여,50세,상해없음,승용,남,57세,중상
2012071100100377,2012년 7월 11일 15시,수요일,경상북도 문경시 모전동,경상사고,0,0,1,0,차대차 - 기타,직진우회전진행방해,건조,흐림,교차로 - 교차로안,승용,남,56세,상해없음,원동기,남,38세,경상
2012071100100398,2012년 7월 11일 16시,수요일,경상북도 구미시 산동면,경상사고,0,0,3,0,차대차 - 기타,교차로운행방법위반,습기,비,교차로 - 교차로안,승용,여,48세,경상,승용,여,35세,경상
2012071100100434,2012년 7월 11일 17시,수요일,경상북도 안동시 운흥동,경상사고,0,0,2,0,차대차 - 측면직각충돌,직진우회전진행방해,습기,흐림,교차로 - 교차로안,승용,남,42세,상해없음,승용,남,62세,경상
2012071100100435,2012년 7월 11일 17시,수요일,경상북도 김천시 평화동,경상사고,0,0,2,0,차대차 - 측면직각충돌,직진우회전진행방해,건조,맑음,교차로 - 교차로안,승용,남,48세,경상,승용,여,19세,경상
2012071100100436,2012년 7월 11일 17시,수요일,경상북도 구미시 봉곡동,경상사고,0,0,1,0,차대차 - 추돌 - 주정차중,중앙선침범,습기,비,단일로 - 기타,자전거,남,17세,경상,승용,남,29세,상해없음
2012071100100474,2012년 7월 11일 18시,수요일,경상북도 경주시 현곡면,경상사고,0,0,1,0,차대차 - 측면직각충돌,안전운전불이행,건조,맑음,단일로 - 기타,화물,남,47세,상해없음,승용,여,43세,경상
2012071100100475,2012년 7월 11일 18시,수요일,경상북도 포항시 북구 죽도동,경상사고,0,0,1,0,차대차 - 기타,안전운전불이행,습기,비,단일로 - 기타,승용,남,54세,상해없음,원동기,남,36세,경상
2012071100100476,2012년 7월 11일 18시,수요일,경상북도 성주군 용암면,중상사고,0,1,0,0,차대차 - 측면직각충돌,직진우회전진행방해,건조,맑음,교차로 - 교차로안,이륜,남,69세,중상,승용,남,59세,상해없음
2012071100100511,2012년 7월 11일 19시,수요일,경상북도 경주시 구황동,중상사고,0,2,1,0,차량단독 - 공작물충돌,안전운전불이행,습기,비,단일로 - 기타,승용,남,30세,상해없음,,,,
2012071100100541,2012년 7월 11일 20시,수요일,경상북도 안동시 금곡동,경상사고,0,0,2,0,차대차 - 기타,안전운전불이행,건조,맑음,교차로 - 교차로부근,화물,남,65세,상해없음,승용,남,27세,경상
2012071100100542,2012년 7월 11일 20시,수요일,경상북도 경산시 옥곡동,경상사고,0,0,1,0,차대차 - 측면직각충돌,중앙선침범,습기,비,단일로 - 기타,승용,남,51세,상해없음,승용,남,36세,경상
2012071100100543,2012년 7월 11일 20시,수요일,경상북도 구미시 시미동,중상사고,0,1,0,0,차대차 - 추돌 - 진행중,안전운전불이행,건조,흐림,단일로 - 기타,승용,남,27세,상해없음,승용,여,48세,중상
2012071100100544,2012년 7월 11일 20시,수요일,경상북도 구미시 원평동,경상사고,0,0,1,0,차대차 - 측면직각충돌,중앙선침범,습기,비,단일로 - 기타,자전거,남,11세,경상,승용,남,43세,상해없음
2012071100100569,2012년 7월 11일 21시,수요일,경상북도 경주시 외동읍,중상사고,0,2,0,0,차대차 - 측면직각충돌,안전운전불이행,습기,흐림,교차로 - 교차로부근,승용,남,34세,중상,화물,남,39세,중상
2012071100100570,2012년 7월 11일 21시,수요일,경상북도 영천시 완산동,경상사고,0,0,1,0,차대차 - 추돌 - 주정차중,안전운전불이행,습기,비,교차로 - 교차로부근,승용,남,54세,상해없음,승용,남,35세,경상
2012071100100571,2012년 7월 11일 21시,수요일,경상북도 경산시 사동,중상사고,0,1,0,0,차대사람 - 기타,안전운전불이행,건조,맑음,단일로 - 기타,승용,남,58세,기타불명,보행자,남,65세,중상
2012071100100608,2012년 7월 11일 22시,수요일,경상북도 경주시 황성동,중상사고,0,1,0,1,차대사람 - 기타,안전운전불이행,습기,비,단일로 - 기타,이륜,남,16세,부상신고,보행자,여,14세,중상
2012071100100609,2012년 7월 11일 22시,수요일,경상북도 경주시 양북면,경상사고,0,0,1,0,차대차 - 측면직각충돌,안전운전불이행,건조,맑음,교차로 - 교차로안,화물,여,24세,상해없음,승용,남,43세,경상
2012071100100610,2012년 7월 11일 22시,수요일,경상북도 안동시 태화동,중상사고,0,1,0,0,차대차 - 측면직각충돌,안전운전불이행,건조,맑음,단일로 - 횡단보도상,승용,남,34세,상해없음,자전거,남,56세,중상
2012071100100611,2012년 7월 11일 22시,수요일,경상북도 칠곡군 북삼읍,중상사고,0,1,0,0,차대사람 - 차도통행중,안전운전불이행,건조,맑음,단일로 - 기타,기타불명,기타불명,기타불명,기타불명,보행자,여,73세,중상
2012071100100612,2012년 7월 11일 22시,수요일,경상북도 구미시 도량동,경상사고,0,0,1,1,차대차 - 측면직각충돌,기타,건조,맑음,단일로 - 기타,승용,남,51세,상해없음,이륜,남,16세,경상
2012071100100613,2012년 7월 11일 22시,수요일,경상북도 구미시 송정동,중상사고,0,1,0,0,차대차 - 추돌 - 진행중,안전운전불이행,건조,흐림,교차로 - 교차로부근,승합,남,43세,상해없음,승용,여,49세,중상
2012071100100646,2012년 7월 11일 23시,수요일,경상북도 성주군 선남면,중상사고,0,1,0,0,차량단독 - 전도전복,안전운전불이행,습기,비,단일로 - 기타,승용,여,46세,중상,,,,
2012071200100037,2012년 7월 12일 01시,목요일,경상북도 경산시 사동,중상사고,0,1,0,0,차대사람 - 기타,안전운전불이행,건조,흐림,단일로 - 기타,승용,여,47세,상해없음,보행자,남,41세,중상
2012071200100052,2012년 7월 12일 02시,목요일,경상북도 구미시 형곡동,경상사고,0,0,1,0,차대차 - 측면직각충돌,신호위반,건조,맑음,교차로 - 교차로안,승용,여,47세,상해없음,승용,여,42세,경상
2012071200100053,2012년 7월 12일 02시,목요일,경상북도 포항시 남구 연일읍,중상사고,0,1,0,0,차량단독 - 기타,안전운전불이행,건조,맑음,단일로 - 기타,승용,여,33세,중상,,,,
2012071200100060,2012년 7월 12일 03시,목요일,경상북도 문경시 흥덕동,사망사고,1,0,0,0,차대사람 - 기타,안전운전불이행,건조,맑음,단일로 - 기타,승용,여,40세,상해없음,보행자,남,56세,사망
2012071200100082,2012년 7월 12일 05시,목요일,경상북도 김천시 대덕면,중상사고,0,1,0,0,차량단독 - 기타,안전운전불이행,건조,맑음,단일로 - 기타,이륜,남,20세,중상,,,,
2012071200100093,2012년 7월 12일 06시,목요일,경상북도 경주시 강동면,중상사고,0,1,0,0,차량단독 - 공작물충돌,안전운전불이행,건조,맑음,단일로 - 교량,승용,남,36세,중상,,,,
2012071200100094,2012년 7월 12일 06시,목요일,경상북도 구미시 선산읍,사망사고,1,0,0,0,차량단독 - 공작물충돌,안전운전불이행,건조,맑음,교차로 - 교차로안,승용,남,52세,사망,,,,
2012071200100118,2012년 7월 12일 07시,목요일,경상북도 포항시 남구 해도동,중상사고,0,1,0,0,차대차 - 기타,신호위반,건조,맑음,교차로 - 교차로부근,승용,남,23세,상해없음,원동기,남,33세,중상
2012071200100147,2012년 7월 12일 08시,목요일,경상북도 경산시 압량면,경상사고,0,0,2,0,차대차 - 기타,중앙선침범,건조,기타,단일로 - 교량,승용,여,42세,상해없음,승용,남,29세,경상
2012071200100148,2012년 7월 12일 08시,목요일,경상북도 고령군 고령읍,경상사고,0,0,1,0,차대차 - 측면직각충돌,안전운전불이행,건조,맑음,교차로 - 교차로안,화물,남,55세,상해없음,자전거,남,8세,경상
2012071200100187,2012년 7월 12일 09시,목요일,경상북도 안동시 안막동,중상사고,0,1,1,0,차대차 - 정면충돌,중앙선침범,건조,흐림,단일로 - 기타,화물,남,71세,상해없음,화물,남,61세,중상
2012071200100203,2012년 7월 12일 10시,목요일,경상북도 포항시 남구 동촌동,중상사고,0,1,0,0,차대차 - 기타,안전운전불이행,건조,맑음,교차로 - 교차로안,건설기계,남,63세,상해없음,자전거,남,45세,중상
2012071200100226,2012년 7월 12일 11시,목요일,경상북도 안동시 송현동,경상사고,0,0,1,0,차대차 - 측면직각충돌,직진우회전진행방해,건조,맑음,교차로 - 교차로부근,승용,여,39세,경상,화물,남,25세,상해없음
2012071200100241,2012년 7월 12일 12시,목요일,경상북도 경산시 와촌면,경상사고,0,0,1,0,차대차 - 기타,안전운전불이행,건조,맑음,단일로 - 기타,승용,남,54세,상해없음,승용,남,29세,경상
2012071200100263,2012년 7월 12일 13시,목요일,경상북도 영천시 완산동,경상사고,0,0,1,0,차대차 - 기타,안전운전불이행,건조,맑음,교차로 - 교차로안,승용,여,45세,상해없음,승용,남,59세,경상
2012071200100298,2012년 7월 12일 14시,목요일,경상북도 영천시 청통면,경상사고,0,0,4,0,차대차 - 측면직각충돌,안전운전불이행,습기,흐림,교차로 - 교차로안,승용,여,27세,경상,승용,여,48세,경상
2012071200100299,2012년 7월 12일 14시,목요일,경상북도 구미시 봉곡동,경상사고,0,0,1,0,차대차 - 측면직각충돌,안전운전불이행,건조,맑음,단일로 - 기타,승용,남,73세,상해없음,승용,남,38세,경상
2012071200100325,2012년 7월 12일 15시,목요일,경상북도 청도군 각북면,중상사고,0,2,0,0,차대차 - 정면충돌,중앙선침범,건조,맑음,단일로 - 기타,승용,여,55세,상해없음,승용,여,45세,중상
2012071200100363,2012년 7월 12일 16시,목요일,경상북도 안동시 정하동,경상사고,0,0,2,0,차대차 - 측면직각충돌,직진우회전진행방해,건조,흐림,교차로 - 교차로안,승용,남,58세,경상,승용,남,57세,경상
2012071200100364,2012년 7월 12일 16시,목요일,경상북도 군위군 소보면,경상사고,0,0,1,0,차대사람 - 기타,안전운전불이행,건조,맑음,단일로 - 기타,승용,여,44세,상해없음,보행자,남,10세,경상
2012071200100365,2012년 7월 12일 16시,목요일,경상북도 구미시 신동,경상사고,0,0,1,0,차대차 - 측면직각충돌,안전운전불이행,건조,맑음,단일로 - 기타,승용,남,38세,상해없음,승용,남,24세,경상
2012071200100399,2012년 7월 12일 17시,목요일,경상북도 영주시 영주동,중상사고,0,1,0,0,차대차 - 측면직각충돌,직진우회전진행방해,건조,맑음,교차로 - 교차로안,화물,남,59세,상해없음,이륜,남,75세,중상
2012071200100400,2012년 7월 12일 17시,목요일,경상북도 예천군 예천읍,중상사고,0,1,0,0,차대차 - 정면충돌,안전운전불이행,건조,맑음,교차로 - 교차로안,승용,남,50세,상해없음,이륜,남,68세,중상
2012071200100426,2012년 7월 12일 18시,목요일,경상북도 경주시 용강동,경상사고,0,0,1,0,차대차 - 측면직각충돌,안전운전불이행,건조,맑음,교차로 - 교차로부근,승용,남,46세,상해없음,승용,남,36세,경상
2012071200100427,2012년 7월 12일 18시,목요일,경상북도 영주시 휴천동,중상사고,0,1,0,0,차대사람 - 횡단중,안전운전불이행,건조,맑음,교차로 - 교차로부근,화물,남,56세,상해없음,보행자,남,7세,중상
2012071200100428,2012년 7월 12일 18시,목요일,경상북도 경산시 진량읍,경상사고,0,0,1,0,차대사람 - 기타,안전운전불이행,건조,흐림,단일로 - 기타,승용,여,37세,상해없음,보행자,남,3세,경상
2012071200100429,2012년 7월 12일 18시,목요일,경상북도 포항시 남구 해도동,중상사고,0,1,0,0,차대사람 - 기타,안전운전불이행,건조,흐림,단일로 - 기타,원동기,남,22세,상해없음,보행자,남,17세,중상
2012071200100459,2012년 7월 12일 19시,목요일,경상북도 경주시 성건동,경상사고,0,0,1,0,차대사람 - 기타,안전운전불이행,건조,맑음,단일로 - 기타,화물,남,56세,상해없음,보행자,남,28세,경상
2012071200100460,2012년 7월 12일 19시,목요일,경상북도 포항시 북구 흥해읍,경상사고,0,0,1,0,차대차 - 기타,신호위반,건조,맑음,교차로 - 교차로안,승용,여,42세,상해없음,승용,여,28세,경상
2012071200100461,2012년 7월 12일 19시,목요일,경상북도 영양군 일월면,중상사고,0,1,0,0,차대차 - 기타,안전운전불이행,건조,맑음,단일로 - 기타,승용,남,57세,상해없음,이륜,남,68세,중상
2012071200100503,2012년 7월 12일 20시,목요일,경상북도 봉화군 봉화읍,경상사고,0,0,1,0,차대차 - 정면충돌,직진우회전진행방해,건조,맑음,교차로 - 교차로안,원동기,남,16세,경상,승용,남,46세,상해없음
2012071200100504,2012년 7월 12일 20시,목요일,경상북도 구미시 해평면,중상사고,0,3,0,0,차대차 - 추돌 - 진행중,안전운전불이행,건조,맑음,단일로 - 기타,화물,남,64세,중상,농기계,남,41세,중상
2012071200100537,2012년 7월 12일 21시,목요일,경상북도 구미시 임수동,중상사고,0,1,0,0,차대차 - 측면직각충돌,안전운전불이행,건조,맑음,교차로 - 교차로안,기타불명,기타불명,기타불명,기타불명,승용,남,38세,상해없음
2012071200100538,2012년 7월 12일 21시,목요일,경상북도 포항시 남구 대잠동,경상사고,0,0,2,0,차대차 - 측면직각충돌,중앙선침범,건조,맑음,단일로 - 기타,승용,남,51세,상해없음,승용,남,49세,상해없음
2012071200100573,2012년 7월 12일 22시,목요일,경상북도 경주시 성건동,경상사고,0,0,1,0,차대차 - 추돌 - 주정차중,안전운전불이행,건조,맑음,단일로 - 기타,승용,남,48세,상해없음,승용,남,37세,경상
2012071200100607,2012년 7월 12일 23시,목요일,경상북도 포항시 남구 해도동,경상사고,0,0,3,0,차대차 - 추돌 - 진행중,신호위반,건조,맑음,교차로 - 교차로안,승용,남,40세,상해없음,승용,남,42세,경상
2012071300100012,2012년 7월 13일 00시,금요일,경상북도 고령군 고령읍,중상사고,0,1,0,0,차대차 - 추돌 - 진행중,안전운전불이행,건조,맑음,단일로 - 기타,화물,남,63세,상해없음,자전거,남,50세,중상
2012071300100013,2012년 7월 13일 00시,금요일,경상북도 구미시 거의동,중상사고,0,1,0,0,차량단독 - 공작물충돌,안전운전불이행,건조,흐림,단일로 - 기타,승용,남,25세,기타불명,,,,
2012071300100089,2012년 7월 13일 04시,금요일,경상북도 포항시 남구 대도동,중상사고,0,1,0,0,차대사람 - 기타,안전운전불이행,습기,비,교차로 - 교차로안,승용,남,56세,상해없음,보행자,남,34세,중상
2012071300100090,2012년 7월 13일 04시,금요일,경상북도 구미시 신평동,사망사고,1,0,0,0,차대차 - 추돌 - 주정차중,안전운전불이행,습기,비,단일로 - 기타,승용,남,18세,사망,화물,남,66세,상해없음
2012071300100108,2012년 7월 13일 05시,금요일,경상북도 문경시 호계면,중상사고,0,1,0,0,차대차 - 기타,신호위반,습기,흐림,교차로 - 교차로안,화물,남,47세,상해없음,승용,여,32세,중상
2012071300100117,2012년 7월 13일 06시,금요일,경상북도 경주시 동방동,중상사고,0,1,2,0,차대차 - 기타,안전운전불이행,습기,맑음,단일로 - 기타,화물,남,45세,상해없음,승용,남,51세,경상
2012071300100170,2012년 7월 13일 08시,금요일,경상북도 상주시 신봉동,경상사고,0,0,1,0,차대차 - 측면직각충돌,안전운전불이행,건조,맑음,교차로 - 교차로안,승용,여,46세,상해없음,승용,여,31세,경상
2012071300100171,2012년 7월 13일 08시,금요일,경상북도 구미시 임은동,경상사고,0,0,2,0,차대차 - 측면직각충돌,신호위반,건조,맑음,교차로 - 교차로안,승용,여,44세,상해없음,승용,남,42세,경상
2012071300100196,2012년 7월 13일 09시,금요일,경상북도 청도군 이서면,경상사고,0,0,1,0,차대차 - 측면직각충돌,신호위반,건조,맑음,교차로 - 교차로안,화물,남,78세,상해없음,승용,남,58세,경상
2012071300100197,2012년 7월 13일 09시,금요일,경상북도 구미시 봉곡동,중상사고,0,2,0,0,차대차 - 측면직각충돌,교차로운행방법위반,건조,맑음,교차로 - 교차로안,승용,여,29세,상해없음,승합,남,56세,상해없음
2012071300100219,2012년 7월 13일 10시,금요일,경상북도 안동시 법흥동,중상사고,0,1,1,0,차대차 - 추돌 - 주정차중,안전운전불이행,건조,맑음,교차로 - 교차로부근,승용,남,54세,상해없음,승용,여,52세,중상
2012071300100238,2012년 7월 13일 11시,금요일,경상북도 김천시 모암동,중상사고,0,1,0,0,차대차 - 측면직각충돌,안전운전불이행,건조,맑음,단일로 - 기타,승용,남,74세,상해없음,이륜,남,75세,중상
2012071300100260,2012년 7월 13일 12시,금요일,경상북도 안동시 와룡면,경상사고,0,0,1,2,차대차 - 측면직각충돌,직진우회전진행방해,건조,맑음,교차로 - 교차로안,승합,남,63세,상해없음,화물,남,46세,경상
2012071300100261,2012년 7월 13일 12시,금요일,경상북도 경산시 대평동,중상사고,0,1,0,0,차대차 - 기타,안전운전불이행,건조,맑음,단일로 - 기타,승용,남,39세,기타불명,이륜,남,53세,중상
2012071300100262,2012년 7월 13일 12시,금요일,경상북도 구미시 고아읍,중상사고,0,1,0,0,차량단독 - 기타,안전운전불이행,건조,맑음,단일로 - 기타,이륜,남,49세,상해없음,,,,
2012071300100281,2012년 7월 13일 13시,금요일,경상북도 김천시 덕곡동,경상사고,0,0,1,0,차대차 - 측면직각충돌,안전운전불이행,건조,맑음,교차로 - 교차로부근,승용,남,32세,상해없음,이륜,남,27세,경상
2012071300100282,2012년 7월 13일 13시,금요일,경상북도 김천시 아포읍,중상사고,0,1,1,0,차대차 - 측면직각충돌,신호위반,건조,맑음,교차로 - 교차로안,승용,남,55세,상해없음,승용,남,75세,중상
2012071300100330,2012년 7월 13일 15시,금요일,경상북도 경주시 천북면,경상사고,0,0,1,0,차대차 - 측면직각충돌,안전운전불이행,건조,맑음,교차로 - 교차로안,승용,남,46세,상해없음,화물,남,42세,경상
2012071300100331,2012년 7월 13일 15시,금요일,경상북도 포항시 북구 양덕동,부상신고사고,0,0,0,1,차대사람 - 횡단중,안전운전불이행,건조,맑음,교차로 - 교차로안,기타불명,기타불명,기타불명,기타불명,보행자,남,9세,부상신고
2012071300100366,2012년 7월 13일 16시,금요일,경상북도 구미시 송정동,경상사고,0,0,3,0,차대차 - 측면직각충돌,안전운전불이행,습기,비,교차로 - 교차로안,승용,여,43세,경상,화물,남,41세,경상
2012071300100367,2012년 7월 13일 16시,금요일,경상북도 구미시 원평동,경상사고,0,0,2,0,차대차 - 측면직각충돌,안전운전불이행,습기,비,교차로 - 교차로부근,화물,남,43세,상해없음,승용,여,48세,경상
2012071300100368,2012년 7월 13일 16시,금요일,경상북도 포항시 남구 괴동동,경상사고,0,0,1,0,차대차 - 추돌 - 진행중,안전운전불이행,건조,흐림,교차로 - 교차로안,승용,남,28세,상해없음,승용,남,39세,경상
2012071300100404,2012년 7월 13일 17시,금요일,경상북도 경주시 양남면,중상사고,0,2,0,1,차대차 - 정면충돌,중앙선침범,건조,맑음,단일로 - 기타,승용,여,35세,중상,승용,남,74세,중상
2012071300100444,2012년 7월 13일 18시,금요일,경상북도 경주시 인왕동,경상사고,0,0,2,0,차대차 - 측면직각충돌,안전운전불이행,건조,맑음,교차로 - 교차로안,승합,남,63세,상해없음,화물,여,49세,경상
2012071300100445,2012년 7월 13일 18시,금요일,경상북도 포항시 북구 죽도동,경상사고,0,0,1,0,차대사람 - 기타,기타,습기,비,기타 - 기타,원동기,남,51세,상해없음,보행자,남,51세,경상
2012071300100446,2012년 7월 13일 18시,금요일,경상북도 구미시 공단동,중상사고,0,1,1,0,차대차 - 측면직각충돌,안전운전불이행,습기,흐림,교차로 - 교차로안,승용,남,22세,상해없음,승용,남,51세,중상
2012071300100447,2012년 7월 13일 18시,금요일,경상북도 포항시 남구 이동,경상사고,0,0,1,0,차대사람 - 기타,신호위반,습기,비,교차로 - 교차로안,승용,남,23세,상해없음,보행자,여,9세,경상
2012071300100448,2012년 7월 13일 18시,금요일,경상북도 영천시 임고면,경상사고,0,0,1,0,차대차 - 추돌 - 주정차중,안전운전불이행,습기,비,단일로 - 기타,승용,남,50세,상해없음,승용,남,35세,경상
2012071300100479,2012년 7월 13일 19시,금요일,경상북도 포항시 북구 장성동,중상사고,0,1,0,0,차대사람 - 기타,교차로운행방법위반,습기,비,교차로 - 교차로안,화물,남,27세,상해없음,보행자,남,71세,중상
2012071300100480,2012년 7월 13일 19시,금요일,경상북도 안동시 옥동,중상사고,0,1,0,0,차대차 - 측면직각충돌,기타,습기,흐림,교차로 - 교차로안,이륜,남,16세,중상,화물,남,28세,상해없음
2012071300100481,2012년 7월 13일 19시,금요일,경상북도 경산시 진량읍,중상사고,0,5,0,0,차대차 - 기타,교차로운행방법위반,습기,비,교차로 - 교차로안,승용,남,30세,상해없음,승용,남,35세,중상
2012071300100482,2012년 7월 13일 19시,금요일,경상북도 구미시 오태동,경상사고,0,0,1,0,차대사람 - 기타,안전운전불이행,습기,흐림,단일로 - 기타,승용,남,33세,상해없음,보행자,남,11세,경상
2012071300100524,2012년 7월 13일 20시,금요일,경상북도 포항시 북구 흥해읍,중상사고,0,1,0,0,차량단독 - 공작물충돌,안전운전불이행,습기,비,단일로 - 기타,승용,남,53세,중상,,,,