사고번호,사고일시,요일,시군구,사고내용,사망자수,중상자수,경상자수,부상신고자수,사고유형,법규위반,노면상태,기상상태,도로형태,가해운전자 차종,가해운전자 성별,가해운전자 연령,가해운전자 상해정도,피해운전자 차종,피해운전자 성별,피해운전자 연령,피해운전자 상해정도
2012071600100415,2012년 7월 16일 18시,월요일,경상북도 경주시 동천동,경상사고,0,0,1,0,차대차 - 측면직각충돌,안전운전불이행,건조,맑음,교차로 - 교차로안,승용,여,39세,상해없음,승용,여,56세,경상
2012071600100416,2012년 7월 16일 18시,월요일,경상북도 영주시 영주동,경상사고,0,0,1,0,차대사람 - 횡단중,보행자보호의무위반,습기,흐림,단일로 - 횡단보도상,화물,남,65세,상해없음,보행자,여,34세,경상
2012071600100417,2012년 7월 16일 18시,월요일,경상북도 문경시 영순면,중상사고,0,1,0,0,차량단독 - 공작물충돌,안전운전불이행,습기,비,단일로 - 기타,승합,남,45세,중상,,,,
2012071600100418,2012년 7월 16일 18시,월요일,경상북도 청송군 진보면,중상사고,0,1,0,0,차대차 - 기타,안전운전불이행,건조,맑음,단일로 - 기타,승용,남,48세,상해없음,농기계,남,46세,중상
2012071600100458,2012년 7월 16일 19시,월요일,경상북도 안동시 풍산읍,사망사고,1,0,0,0,차량단독 - 공작물충돌,안전운전불이행,건조,흐림,단일로 - 기타,화물,남,49세,상해없음,,,,
2012071600100485,2012년 7월 16일 20시,월요일,경상북도 안동시 풍산읍,중상사고,0,1,0,0,차량단독 - 전도전복,안전운전불이행,건조,맑음,단일로 - 기타,이륜,남,58세,중상,,,,
2012071600100486,2012년 7월 16일 20시,월요일,경상북도 김천시 부곡동,경상사고,0,0,1,0,차대차 - 측면직각충돌,교차로운행방법위반,건조,맑음,교차로 - 교차로안,승용,남,62세,상해없음,이륜,남,28세,경상
2012071600100487,2012년 7월 16일 20시,월요일,경상북도 경산시 중방동,경상사고,0,0,1,0,차대사람 - 기타,안전운전불이행,건조,기타,단일로 - 기타,승용,남,52세,상해없음,보행자,남,54세,경상
2012071600100516,2012년 7월 16일 21시,월요일,경상북도 포항시 남구 대도동,중상사고,0,1,0,0,차대사람 - 기타,안전운전불이행,건조,맑음,단일로 - 기타,승용,남,43세,상해없음,보행자,남,27세,중상
2012071600100575,2012년 7월 16일 23시,월요일,경상북도 안동시 남문동,중상사고,0,1,0,0,차대차 - 추돌 - 진행중,안전운전불이행,건조,맑음,단일로 - 기타,승용,남,26세,상해없음,승용,남,30세,중상
2012071600100576,2012년 7월 16일 23시,월요일,경상북도 상주시 가장동,중상사고,0,2,0,0,차량단독 - 공작물충돌,안전운전불이행,습기,비,단일로 - 기타,이륜,남,17세,중상,,,,
2012071600100577,2012년 7월 16일 23시,월요일,경상북도 영주시 가흥동,경상사고,0,0,2,0,차량단독 - 공작물충돌,안전운전불이행,건조,맑음,교차로 - 교차로안,승용,남,24세,경상,,,,
2012071700100020,2012년 7월 17일 00시,화요일,경상북도 포항시 북구 죽도동,경상사고,0,0,1,0,차대차 - 측면직각충돌,차로위반,건조,맑음,단일로 - 기타,승용,남,28세,상해없음,승용,남,31세,경상
2012071700100059,2012년 7월 17일 03시,화요일,경상북도 상주시 복룡동,경상사고,0,0,3,0,차대차 - 추돌 - 진행중,안전거리미확보,건조,흐림,단일로 - 기타,승용,남,48세,상해없음,승용,남,18세,경상
2012071700100102,2012년 7월 17일 07시,화요일,경상북도 영천시 도남동,경상사고,0,0,2,0,차대차 - 추돌 - 진행중,안전운전불이행,건조,맑음,교차로 - 교차로안,승용,여,56세,경상,승용,남,43세,경상
2012071700100103,2012년 7월 17일 07시,화요일,경상북도 구미시 원평동,중상사고,0,1,0,0,차대차 - 추돌 - 주정차중,안전운전불이행,습기,비,단일로 - 기타,승용,남,60세,기타불명,승용,남,48세,중상
2012071700100104,2012년 7월 17일 07시,화요일,경상북도 포항시 남구 대송면,중상사고,0,1,1,0,차대차 - 측면직각충돌,안전운전불이행,건조,맑음,단일로 - 기타,승용,남,59세,중상,화물,남,59세,경상
2012071700100124,2012년 7월 17일 08시,화요일,경상북도 구미시 임은동,경상사고,0,0,1,0,차대차 - 측면직각충돌,안전운전불이행,건조,맑음,교차로 - 교차로안,승용,남,52세,상해없음,승합,여,46세,경상
2012071700100147,2012년 7월 17일 09시,화요일,경상북도 성주군 성주읍,경상사고,0,0,1,0,차대차 - 추돌 - 진행중,안전운전불이행,습기,비,단일로 - 기타,화물,남,68세,상해없음,원동기,남,70세,경상
2012071700100167,2012년 7월 17일 10시,화요일,경상북도 경산시 옥산동,중상사고,0,1,0,0,차대차 - 기타,안전운전불이행,건조,맑음,단일로 - 기타,승용,여,51세,상해없음,승용,여,38세,중상
2012071700100190,2012년 7월 17일 11시,화요일,경상북도 청송군 진보면,사망사고,1,0,0,0,차대차 - 측면직각충돌,중앙선침범,습기,흐림,단일로 - 기타,승용,남,43세,상해없음,원동기,남,75세,사망
2012071700100250,2012년 7월 17일 14시,화요일,경상북도 포항시 남구 청림동,경상사고,0,0,1,0,차대차 - 추돌 - 진행중,안전운전불이행,건조,맑음,단일로 - 기타,화물,남,49세,상해없음,승용,남,61세,경상
2012071700100296,2012년 7월 17일 15시,화요일,경상북도 경주시 노서동,경상사고,0,0,1,0,차대사람 - 기타,안전운전불이행,건조,맑음,단일로 - 기타,승용,남,57세,상해없음,보행자,남,30세,경상
2012071700100326,2012년 7월 17일 16시,화요일,경상북도 칠곡군 약목면,경상사고,0,0,1,0,차대사람 - 기타,안전운전불이행,건조,흐림,단일로 - 기타,화물,남,42세,상해없음,보행자,여,74세,경상
2012071700100327,2012년 7월 17일 16시,화요일,경상북도 청송군 부동면,중상사고,0,1,0,0,차대사람 - 기타,안전운전불이행,건조,맑음,단일로 - 기타,승합,남,54세,상해없음,보행자,여,76세,중상
2012071700100357,2012년 7월 17일 17시,화요일,경상북도 포항시 북구 우현동,경상사고,0,0,2,0,차대차 - 측면직각충돌,안전거리미확보,건조,맑음,교차로 - 교차로부근,승용,남,58세,상해없음,승용,남,45세,경상
2012071700100397,2012년 7월 17일 18시,화요일,경상북도 칠곡군 북삼읍,경상사고,0,0,1,0,차대사람 - 기타,안전운전불이행,건조,흐림,단일로 - 횡단보도부근,승용,남,34세,상해없음,보행자,남,5세,경상
2012071700100399,2012년 7월 17일 18시,화요일,경상북도 포항시 남구 지곡동,경상사고,0,0,1,0,차대차 - 기타,안전운전불이행,건조,맑음,교차로 - 교차로안,자전거,남,11세,경상,승용,여,53세,상해없음
2012071700100428,2012년 7월 17일 19시,화요일,경상북도 영주시 풍기읍,중상사고,0,1,0,0,차대사람 - 기타,안전운전불이행,건조,흐림,교차로 - 교차로부근,화물,남,48세,상해없음,보행자,여,26세,중상
2012071700100429,2012년 7월 17일 19시,화요일,경상북도 영천시 완산동,경상사고,0,0,1,0,차대차 - 추돌 - 진행중,안전운전불이행,습기,맑음,교차로 - 교차로안,승합,남,66세,상해없음,승용,남,39세,경상
2012071700100460,2012년 7월 17일 20시,화요일,경상북도 영천시 대전동,중상사고,0,1,0,0,차량단독 - 공작물충돌,안전운전불이행,건조,맑음,단일로 - 기타,승용,남,46세,중상,,,,
2012071700100461,2012년 7월 17일 20시,화요일,경상북도 영천시 신령면,중상사고,0,1,0,0,차대차 - 정면충돌,안전운전불이행,건조,맑음,단일로 - 기타,이륜,여,59세,중상,화물,남,68세,상해없음
2012071700100462,2012년 7월 17일 20시,화요일,경상북도 경산시 와촌면,경상사고,0,0,1,0,차대차 - 기타,안전운전불이행,건조,맑음,단일로 - 기타,승용,남,36세,상해없음,승용,남,45세,경상
2012071700100488,2012년 7월 17일 21시,화요일,경상북도 경주시 신평동,중상사고,0,1,1,0,차대사람 - 기타,보행자보호의무위반,건조,흐림,단일로 - 기타,승용,남,74세,상해없음,보행자,남,50세,중상
2012071700100514,2012년 7월 17일 22시,화요일,경상북도 경산시 삼북동,경상사고,0,0,3,0,차대차 - 기타,안전운전불이행,건조,맑음,단일로 - 기타,승용,여,48세,상해없음,승용,남,39세,경상
2012071700100515,2012년 7월 17일 22시,화요일,경상북도 포항시 남구 호동,중상사고,0,1,0,0,차대차 - 측면직각충돌,안전운전불이행,습기,비,교차로 - 교차로부근,승용,남,19세,상해없음,화물,남,45세,중상
2012071700100545,2012년 7월 17일 23시,화요일,경상북도 상주시 냉림동,경상사고,0,0,1,0,차대차 - 측면직각충돌,교차로운행방법위반,건조,흐림,교차로 - 교차로안,승용,남,23세,상해없음,이륜,남,53세,경상
2012071800100036,2012년 7월 18일 01시,수요일,경상북도 포항시 북구 덕산동,경상사고,0,0,2,0,차대차 - 기타,교차로운행방법위반,건조,맑음,교차로 - 교차로안,승용,여,25세,경상,승용,남,65세,경상
2012071800100062,2012년 7월 18일 03시,수요일,경상북도 포항시 남구 연일읍,경상사고,0,0,1,0,차대차 - 추돌 - 주정차중,안전운전불이행,습기,비,교차로 - 교차로안,승용,남,32세,상해없음,승용,남,37세,경상
2012071800100076,2012년 7월 18일 05시,수요일,경상북도 영주시 가흥동,경상사고,0,0,1,0,차대차 - 측면직각충돌,불법유턴,습기,흐림,교차로 - 교차로안,승용,남,26세,상해없음,원동기,여,44세,경상
2012071800100104,2012년 7월 18일 07시,수요일,경상북도 경주시 성건동,사망사고,1,0,0,0,차대사람 - 횡단중,안전운전불이행,건조,맑음,교차로 - 교차로부근,화물,남,62세,상해없음,보행자,여,72세,사망
2012071800100105,2012년 7월 18일 07시,수요일,경상북도 포항시 남구 오천읍,경상사고,0,0,1,0,차대차 - 추돌 - 진행중,안전운전불이행,건조,맑음,교차로 - 교차로안,승용,남,25세,상해없음,승용,남,32세,경상
2012071800100135,2012년 7월 18일 08시,수요일,경상북도 김천시 대광동,경상사고,0,0,1,0,차대차 - 측면직각충돌,교차로운행방법위반,건조,흐림,교차로 - 교차로안,승용,여,36세,경상,건설기계,남,46세,상해없음
2012071800100136,2012년 7월 18일 08시,수요일,경상북도 김천시 성내동,경상사고,0,0,1,0,차대사람 - 기타,신호위반,건조,맑음,교차로 - 교차로부근,기타불명,기타불명,기타불명,기타불명,보행자,여,22세,경상
2012071800100137,2012년 7월 18일 08시,수요일,경상북도 영천시 교촌동,경상사고,0,0,2,0,차대차 - 측면직각충돌,안전운전불이행,건조,맑음,교차로 - 교차로부근,승용,남,53세,상해없음,승용,남,44세,경상
2012071800100138,2012년 7월 18일 08시,수요일,경상북도 경산시 중방동,사망사고,1,0,0,0,차량단독 - 공작물충돌,안전운전불이행,건조,흐림,단일로 - 기타,이륜,남,45세,사망,,,,
2012071800100139,2012년 7월 18일 08시,수요일,경상북도 경산시 옥산동,경상사고,0,0,1,0,차대차 - 기타,안전운전불이행,건조,맑음,교차로 - 교차로안,승용,여,32세,상해없음,자전거,남,14세,경상
2012071800100140,2012년 7월 18일 08시,수요일,경상북도 구미시 공단동,경상사고,0,0,1,0,차대차 - 추돌 - 진행중,안전거리미확보,건조,맑음,교차로 - 교차로안,화물,남,62세,상해없음,승용,여,48세,경상
2012071800100190,2012년 7월 18일 10시,수요일,경상북도 예천군 개포면,중상사고,0,1,0,0,차대차 - 추돌 - 진행중,안전운전불이행,건조,맑음,단일로 - 기타,화물,남,58세,상해없음,화물,남,37세,중상
2012071800100191,2012년 7월 18일 10시,수요일,경상북도 포항시 남구 효자동,경상사고,0,0,1,0,차대차 - 측면직각충돌,안전운전불이행,건조,맑음,교차로 - 교차로안,승용,여,28세,경상,화물,남,53세,상해없음
2012071800100233,2012년 7월 18일 11시,수요일,경상북도 예천군 감천면,사망사고,1,0,0,0,차량단독 - 기타,안전운전불이행,습기,흐림,단일로 - 기타,이륜,남,71세,사망,,,,
2012071800100262,2012년 7월 18일 12시,수요일,경상북도 포항시 북구 양덕동,경상사고,0,0,2,0,차대차 - 기타,신호위반,건조,맑음,교차로 - 교차로안,승용,남,24세,상해없음,승용,여,30세,경상
2012071800100263,2012년 7월 18일 12시,수요일,경상북도 안동시 정하동,경상사고,0,0,3,0,차대차 - 측면직각충돌,직진우회전진행방해,건조,맑음,교차로 - 교차로안,화물,남,60세,상해없음,승용,남,27세,경상
2012071800100264,2012년 7월 18일 12시,수요일,경상북도 의성군 가음면,중상사고,0,1,0,0,차대사람 - 기타,안전운전불이행,건조,맑음,단일로 - 기타,화물,남,29세,상해없음,보행자,여,72세,중상
2012071800100290,2012년 7월 18일 13시,수요일,경상북도 안동시 송현동,중상사고,0,1,1,0,차대차 - 측면직각충돌,안전운전불이행,건조,맑음,단일로 - 기타,승용,남,69세,상해없음,승합,남,63세,중상
2012071800100291,2012년 7월 18일 13시,수요일,경상북도 청도군 청도읍,부상신고사고,0,0,0,1,차량단독 - 전도전복,안전운전불이행,건조,흐림,단일로 - 기타,이륜,남,75세,부상신고,,,,
2012071800100292,2012년 7월 18일 13시,수요일,경상북도 포항시 남구 상도동,경상사고,0,0,1,0,차대차 - 추돌 - 진행중,안전운전불이행,건조,맑음,단일로 - 기타,승용,남,49세,상해없음,승용,남,51세,상해없음
2012071800100328,2012년 7월 18일 14시,수요일,경상북도 경주시 외동읍,경상사고,0,0,1,0,차대차 - 추돌 - 주정차중,안전운전불이행,건조,맑음,단일로 - 기타,화물,남,28세,상해없음,화물,남,30세,경상
2012071800100329,2012년 7월 18일 14시,수요일,경상북도 경주시 황성동,경상사고,0,0,1,0,차대사람 - 기타,기타,건조,맑음,단일로 - 기타,승합,여,39세,상해없음,보행자,남,12세,경상
2012071800100330,2012년 7월 18일 14시,수요일,경상북도 영덕군 강구면,경상사고,0,0,1,0,차대사람 - 길가장자리구역통행중,안전운전불이행,건조,흐림,단일로 - 기타,승용,여,62세,상해없음,보행자,여,51세,경상
2012071800100331,2012년 7월 18일 14시,수요일,경상북도 청송군 청송읍,중상사고,0,2,0,0,차대차 - 정면충돌,중앙선침범,습기,흐림,단일로 - 기타,승용,남,55세,상해없음,승용,여,51세,중상
2012071800100363,2012년 7월 18일 15시,수요일,경상북도 포항시 북구 양덕동,경상사고,0,0,1,0,차대차 - 기타,안전거리미확보,건조,맑음,단일로 - 기타,승용,남,57세,상해없음,승용,여,35세,경상
2012071800100364,2012년 7월 18일 15시,수요일,경상북도 김천시 평화동,경상사고,0,0,1,0,차대차 - 측면직각충돌,안전운전불이행,건조,맑음,단일로 - 기타,이륜,남,23세,상해없음,승용,남,53세,경상
2012071800100365,2012년 7월 18일 15시,수요일,경상북도 경산시 자인면,중상사고,0,1,0,0,차대차 - 기타,교차로운행방법위반,건조,맑음,교차로 - 교차로안,승용,남,22세,상해없음,이륜,남,52세,중상
2012071800100400,2012년 7월 18일 16시,수요일,경상북도 성주군 대가면,경상사고,0,0,1,0,차대차 - 측면직각충돌,중앙선침범,건조,맑음,단일로 - 횡단보도부근,이륜,남,75세,경상,화물,남,41세,상해없음
2012071800100401,2012년 7월 18일 16시,수요일,경상북도 청송군 안덕면,중상사고,0,1,0,1,차량단독 - 공작물충돌,안전운전불이행,습기,흐림,단일로 - 기타,화물,남,48세,부상신고,,,,
2012071800100402,2012년 7월 18일 16시,수요일,경상북도 구미시 상모동,중상사고,0,1,0,0,차대사람 - 기타,안전운전불이행,건조,맑음,단일로 - 횡단보도상,기타불명,기타불명,기타불명,기타불명,보행자,여,22세,중상
2012071800100433,2012년 7월 18일 17시,수요일,경상북도 포항시 북구 창포동,중상사고,0,1,0,0,차대사람 - 기타,기타,건조,맑음,단일로 - 기타,원동기,남,19세,상해없음,보행자,남,4세,중상
2012071800100434,2012년 7월 18일 17시,수요일,경상북도 경산시 사동,경상사고,0,0,1,0,차대차 - 기타,직진우회전진행방해,건조,맑음,교차로 - 교차로안,승용,남,49세,상해없음,승용,여,32세,경상
2012071800100470,2012년 7월 18일 18시,수요일,경상북도 영주시 안정면,경상사고,0,0,2,0,차대차 - 측면직각충돌,안전운전불이행,건조,흐림,교차로 - 교차로안,승합,남,55세,상해없음,승용,남,61세,경상
2012071800100471,2012년 7월 18일 18시,수요일,경상북도 고령군 우곡면,중상사고,0,1,0,0,차대차 - 측면직각충돌,안전운전불이행,건조,맑음,기타 - 기타,승용,남,29세,상해없음,화물,남,54세,중상
2012071800100472,2012년 7월 18일 18시,수요일,경상북도 구미시 신평동,경상사고,0,0,1,0,차대차 - 측면직각충돌,안전운전불이행,건조,흐림,교차로 - 교차로부근,승용,남,44세,상해없음,승용,남,50세,경상
2012071800100473,2012년 7월 18일 18시,수요일,경상북도 포항시 남구 해도동,경상사고,0,0,1,0,차대차 - 추돌 - 진행중,중앙선침범,건조,맑음,단일로 - 기타,승용,남,56세,상해없음,승용,여,59세,경상
2012071800100506,2012년 7월 18일 19시,수요일,경상북도 구미시 봉곡동,경상사고,0,0,1,0,차대차 - 측면직각충돌,중앙선침범,건조,맑음,교차로 - 교차로부근,승용,남,52세,상해없음,승합,남,47세,경상
2012071800100543,2012년 7월 18일 20시,수요일,경상북도 구미시 황상동,중상사고,0,2,1,0,차대차 - 측면직각충돌,교차로운행방법위반,습기,비,교차로 - 교차로안,승용,여,25세,상해없음,승용,여,36세,중상
2012071800100602,2012년 7월 18일 21시,수요일,경상북도 경주시 감포읍,부상신고사고,0,0,0,2,차대차 - 추돌 - 진행중,안전운전불이행,습기,비,단일로 - 기타,승용,남,56세,상해없음,승용,여,36세,부상신고
2012071800100603,2012년 7월 18일 21시,수요일,경상북도 영천시 문외동,경상사고,0,0,3,0,차대차 - 추돌 - 주정차중,교차로운행방법위반,습기,비,교차로 - 교차로안,승합,남,38세,상해없음,승용,남,55세,경상
2012071800100644,2012년 7월 18일 22시,수요일,경상북도 포항시 북구 장성동,경상사고,0,0,1,0,차대차 - 기타,안전운전불이행,건조,맑음,단일로 - 기타,승용,남,53세,상해없음,승용,여,27세,경상
2012071800100645,2012년 7월 18일 22시,수요일,경상북도 영주시 휴천동,중상사고,0,1,0,0,차대사람 - 횡단중,안전운전불이행,습기,비,단일로 - 기타,승용,남,59세,상해없음,보행자,남,59세,중상
2012071800100686,2012년 7월 18일 23시,수요일,경상북도 영주시 가흥동,사망사고,1,0,1,0,차대차 - 측면직각충돌,보행자보호의무위반,습기,비,단일로 - 횡단보도상,승용,남,51세,경상,승용,남,23세,상해없음
2012071800100687,2012년 7월 18일 23시,수요일,경상북도 구미시 산동면,경상사고,0,0,3,0,차대차 - 추돌 - 주정차중,안전운전불이행,건조,맑음,교차로 - 교차로부근,승용,남,25세,경상,승용,남,40세,경상
2012071900100081,2012년 7월 19일 04시,목요일,경상북도 구미시 임수동,경상사고,0,0,1,0,차대차 - 기타,안전운전불이행,습기,비,교차로 - 교차로안,승용,남,23세,상해없음,승용,남,32세,경상
2012071900100109,2012년 7월 19일 06시,목요일,경상북도 경주시 안강읍,경상사고,0,0,8,0,차대차 - 측면직각충돌,안전운전불이행,습기,비,교차로 - 교차로안,화물,남,58세,상해없음,승합,남,33세,경상
2012071900100168,2012년 7월 19일 08시,목요일,경상북도 경주시 안강읍,중상사고,0,1,0,0,차대차 - 측면직각충돌,안전운전불이행,습기,흐림,교차로 - 교차로안,승용,남,33세,상해없음,자전거,남,84세,중상
2012071900100169,2012년 7월 19일 08시,목요일,경상북도 포항시 북구 장성동,경상사고,0,0,2,0,차대차 - 측면직각충돌,교차로운행방법위반,건조,맑음,교차로 - 교차로안,승용,여,44세,상해없음,승용,남,52세,경상
2012071900100199,2012년 7월 19일 09시,목요일,경상북도 포항시 북구 우현동,중상사고,0,2,0,0,차대차 - 기타,중앙선침범,건조,맑음,교차로 - 교차로부근,화물,남,34세,상해없음,원동기,남,69세,중상
2012071900100200,2012년 7월 19일 09시,목요일,경상북도 영주시 가흥동,중상사고,0,1,0,0,차대사람 - 기타,안전운전불이행,습기,비,단일로 - 기타,승용,여,51세,상해없음,보행자,남,65세,중상
2012071900100241,2012년 7월 19일 11시,목요일,경상북도 경주시 동천동,중상사고,0,1,0,0,차대차 - 측면직각충돌,안전운전불이행,건조,맑음,교차로 - 교차로안,원동기,남,27세,중상,승용,남,30세,상해없음
2012071900100242,2012년 7월 19일 11시,목요일,경상북도 포항시 남구 대잠동,경상사고,0,0,1,0,차대사람 - 기타,안전운전불이행,건조,맑음,단일로 - 기타,승용,여,52세,상해없음,보행자,남,51세,경상
2012071900100258,2012년 7월 19일 12시,목요일,경상북도 경주시 용강동,중상사고,0,1,0,0,차대차 - 측면직각충돌,교차로운행방법위반,건조,맑음,교차로 - 교차로안,이륜,남,72세,중상,승용,여,40세,상해없음
2012071900100259,2012년 7월 19일 12시,목요일,경상북도 구미시 진평동,중상사고,0,2,0,0,차대차 - 측면직각충돌,안전운전불이행,건조,맑음,단일로 - 기타,자전거,남,12세,중상,승용,여,29세,상해없음
2012071900100288,2012년 7월 19일 13시,목요일,경상북도 경주시 현곡면,중상사고,0,1,0,1,차대차 - 측면직각충돌,안전운전불이행,건조,맑음,교차로 - 교차로안,승용,남,56세,부상신고,승용,남,43세,중상
2012071900100289,2012년 7월 19일 13시,목요일,경상북도 포항시 북구 죽도동,경상사고,0,0,1,0,차대차 - 기타,교차로운행방법위반,건조,맑음,교차로 - 교차로안,승용,남,36세,상해없음,자전거,여,61세,경상
2012071900100290,2012년 7월 19일 13시,목요일,경상북도 포항시 북구 우현동,사망사고,1,0,0,0,차대사람 - 기타,신호위반,건조,맑음,교차로 - 교차로안,승용,남,46세,상해없음,보행자,여,73세,사망
2012071900100291,2012년 7월 19일 13시,목요일,경상북도 상주시 외서면,중상사고,0,1,0,0,차대차 - 측면직각충돌,안전운전불이행,건조,맑음,교차로 - 교차로안,승용,남,64세,상해없음,이륜,남,72세,중상
2012071900100292,2012년 7월 19일 13시,목요일,경상북도 영천시 금호읍,경상사고,0,0,1,0,차대차 - 기타,안전운전불이행,건조,맑음,단일로 - 기타,승용,여,27세,경상,화물,남,45세,상해없음
2012071900100293,2012년 7월 19일 13시,목요일,경상북도 고령군 성산면,중상사고,0,1,1,0,차대차 - 측면직각충돌,중앙선침범,건조,맑음,단일로 - 기타,화물,남,47세,중상,화물,남,59세,경상
2012071900100316,2012년 7월 19일 14시,목요일,경상북도 포항시 북구 두호동,중상사고,0,3,2,0,차대차 - 기타,안전운전불이행,건조,맑음,단일로 - 기타,승용,남,45세,상해없음,화물,남,38세,경상
2012071900100317,2012년 7월 19일 14시,목요일,경상북도 김천시 감문면,중상사고,0,1,0,0,차대차 - 측면직각충돌,교차로운행방법위반,건조,맑음,단일로 - 기타,이륜,여,56세,중상,화물,남,75세,상해없음
2012071900100343,2012년 7월 19일 15시,목요일,경상북도 영주시 안정면,중상사고,0,2,1,0,차대차 - 추돌 - 진행중,안전운전불이행,건조,맑음,교차로 - 교차로안,승용,남,37세,중상,화물,남,51세,경상
2012071900100344,2012년 7월 19일 15시,목요일,경상북도 경산시 계양동,경상사고,0,0,1,0,차대사람 - 기타,안전운전불이행,건조,맑음,단일로 - 기타,승용,여,61세,상해없음,보행자,남,13세,경상
2012071900100377,2012년 7월 19일 16시,목요일,경상북도 영주시 가흥동,경상사고,0,0,5,0,차대차 - 측면직각충돌,교차로운행방법위반,건조,맑음,교차로 - 교차로안,승용,남,58세,경상,승용,여,58세,경상
2012071900100378,2012년 7월 19일 16시,목요일,경상북도 예천군 예천읍,중상사고,0,1,0,0,차대차 - 정면충돌,안전운전불이행,건조,맑음,교차로 - 교차로안,이륜,남,75세,중상,화물,남,46세,상해없음
2012071900100379,2012년 7월 19일 16시,목요일,경상북도 성주군 대가면,경상사고,0,0,1,0,차대차 - 기타,안전운전불이행,건조,맑음,단일로 - 기타,승용,남,71세,상해없음,이륜,여,53세,경상
2012071900100413,2012년 7월 19일 17시,목요일,경상북도 구미시 인의동,경상사고,0,0,1,0,차대차 - 측면직각충돌,교차로운행방법위반,건조,맑음,교차로 - 교차로안,이륜,남,53세,경상,승용,여,44세,상해없음
2012071900100444,2012년 7월 19일 18시,목요일,경상북도 포항시 북구 남빈동,경상사고,0,0,2,0,차대사람 - 기타,안전운전불이행,건조,맑음,단일로 - 기타,승용,남,28세,상해없음,보행자,여,24세,경상
2012071900100445,2012년 7월 19일 18시,목요일,경상북도 안동시 서후면,경상사고,0,0,2,0,차대차 - 측면직각충돌,안전운전불이행,건조,맑음,교차로 - 교차로부근,화물,남,52세,상해없음,화물,남,34세,경상
2012071900100446,2012년 7월 19일 18시,목요일,경상북도 상주시 서성동,중상사고,0,1,0,0,차대차 - 추돌 - 진행중,안전운전불이행,건조,맑음,교차로 - 교차로안,승용,남,26세,상해없음,승용,여,63세,중상
2012071900100447,2012년 7월 19일 18시,목요일,경상북도 영주시 가흥동,사망사고,1,0,0,0,차대사람 - 횡단중,안전운전불이행,건조,맑음,단일로 - 기타,화물,남,62세,상해없음,보행자,여,45세,사망
2012071900100448,2012년 7월 19일 18시,목요일,경상북도 영덕군 영해면,중상사고,0,1,0,0,차대차 - 기타,기타,건조,맑음,기타 - 기타,화물,남,39세,상해없음,이륜,여,30세,중상
2012071900100474,2012년 7월 19일 19시,목요일,경상북도 경주시 안강읍,경상사고,0,0,1,0,차대차 - 측면직각충돌,안전운전불이행,건조,맑음,교차로 - 교차로부근,승용,남,58세,상해없음,원동기,남,76세,경상
2012071900100475,2012년 7월 19일 19시,목요일,경상북도 상주시 이안면,중상사고,0,1,0,0,차대차 - 측면직각충돌,안전운전불이행,건조,맑음,단일로 - 기타,농기계,남,50세,상해없음,승합,남,55세,상해없음
2012071900100476,2012년 7월 19일 19시,목요일,경상북도 예천군 개포면,중상사고,0,1,0,0,차대차 - 기타,안전운전불이행,건조,맑음,교차로 - 교차로안,농기계,남,46세,상해없음,화물,남,47세,중상
2012071900100477,2012년 7월 19일 19시,목요일,경상북도 예천군 개포면,중상사고,0,1,0,0,차량단독 - 전도전복,안전운전불이행,건조,맑음,교차로 - 교차로안,화물,남,30세,중상,,,,
2012071900100504,2012년 7월 19일 20시,목요일,경상북도 구미시 임수동,경상사고,0,0,1,0,차대차 - 추돌 - 주정차중,안전운전불이행,건조,맑음,기타 - 기타,기타불명,기타불명,기타불명,기타불명,승용,남,46세,경상
2012071900100533,2012년 7월 19일 21시,목요일,경상북도 경주시 천북면,중상사고,0,2,1,0,차대차 - 기타,안전운전불이행,건조,맑음,단일로 - 기타,승용,남,35세,상해없음,건설기계,남,45세,경상
2012071900100534,2012년 7월 19일 21시,목요일,경상북도 구미시 공단동,중상사고,0,2,0,0,차대차 - 측면직각충돌,신호위반,건조,맑음,교차로 - 교차로안,승용,여,21세,상해없음,이륜,남,22세,중상
2012071900100556,2012년 7월 19일 22시,목요일,경상북도 경주시 구황동,경상사고,0,0,1,0,차대차 - 추돌 - 진행중,안전거리미확보,건조,맑음,단일로 - 기타,승용,남,51세,상해없음,승용,남,54세,경상
2012072000100027,2012년 7월 20일 00시,금요일,경상북도 포항시 남구 상도동,경상사고,0,0,2,0,차대차 - 측면직각충돌,교차로운행방법위반,건조,맑음,교차로 - 교차로안,승용,남,42세,상해없음,승용,남,52세,경상
2012072000100028,2012년 7월 20일 00시,금요일,경상북도 포항시 남구 청림동,경상사고,0,0,1,0,차량단독 - 전도전복,기타,건조,맑음,단일로 - 기타,원동기,남,48세,경상,,,,
2012072000100049,2012년 7월 20일 01시,금요일,경상북도 포항시 북구 죽도동,경상사고,0,0,1,0,차대차 - 추돌 - 주정차중,안전거리미확보,건조,맑음,단일로 - 횡단보도부근,승용,남,26세,상해없음,승용,남,67세,경상
2012072000100097,2012년 7월 20일 04시,금요일,경상북도 안동시 일직면,중상사고,0,1,0,0,차대차 - 추돌 - 진행중,안전운전불이행,습기,안개,단일로 - 기타,화물,남,55세,상해없음,농기계,남,76세,중상