사고번호,사고일시,요일,시군구,사고내용,사망자수,중상자수,경상자수,부상신고자수,사고유형,법규위반,노면상태,기상상태,도로형태,가해운전자 차종,가해운전자 성별,가해운전자 연령,가해운전자 상해정도,피해운전자 차종,피해운전자 성별,피해운전자 연령,피해운전자 상해정도
2012072300100074,2012년 7월 23일 07시,월요일,경상북도 안동시 일직면,경상사고,0,0,1,0,차량단독 - 공작물충돌,안전운전불이행,건조,맑음,단일로 - 기타,승용,남,65세,경상,,,,
2012072300100108,2012년 7월 23일 08시,월요일,경상북도 경산시 진량읍,중상사고,0,1,0,0,차대차 - 기타,중앙선침범,건조,맑음,단일로 - 기타,승용,남,44세,상해없음,승용,남,29세,중상
2012072300100139,2012년 7월 23일 09시,월요일,경상북도 포항시 남구 대도동,경상사고,0,0,2,0,차대차 - 추돌 - 진행중,신호위반,건조,맑음,교차로 - 교차로안,승용,남,59세,상해없음,화물,남,55세,경상
2012072300100167,2012년 7월 23일 10시,월요일,경상북도 경주시 황성동,중상사고,0,1,0,0,차대사람 - 기타,안전운전불이행,건조,맑음,단일로 - 기타,승용,남,50세,상해없음,보행자,여,20세,중상
2012072300100168,2012년 7월 23일 10시,월요일,경상북도 포항시 북구 죽도동,중상사고,0,1,0,0,차대사람 - 기타,보행자보호의무위반,건조,맑음,교차로 - 교차로안,승용,여,50세,상해없음,보행자,여,54세,중상
2012072300100169,2012년 7월 23일 10시,월요일,경상북도 김천시 성내동,경상사고,0,0,2,0,차대차 - 측면직각충돌,교차로운행방법위반,건조,맑음,교차로 - 교차로안,승용,남,23세,상해없음,이륜,남,68세,경상
2012072300100170,2012년 7월 23일 10시,월요일,경상북도 김천시 대항면,경상사고,0,0,1,0,차대차 - 측면직각충돌,교차로운행방법위반,건조,맑음,교차로 - 교차로안,화물,남,51세,상해없음,승용,남,29세,경상
2012072300100204,2012년 7월 23일 11시,월요일,경상북도 포항시 북구 남빈동,경상사고,0,0,1,0,차량단독 - 기타,안전운전불이행,건조,맑음,단일로 - 기타,승합,남,47세,상해없음,,,,
2012072300100205,2012년 7월 23일 11시,월요일,경상북도 안동시 옥동,중상사고,0,1,0,0,차대사람 - 보도통행중,신호위반,건조,맑음,기타 - 기타,승용,여,49세,상해없음,보행자,남,79세,중상
2012072300100206,2012년 7월 23일 11시,월요일,경상북도 영천시 자양면,경상사고,0,0,1,1,차량단독 - 공작물충돌,안전운전불이행,건조,맑음,단일로 - 기타,승합,남,54세,상해없음,,,,
2012072300100207,2012년 7월 23일 11시,월요일,경상북도 구미시 원평동,중상사고,0,1,0,0,차대사람 - 기타,중앙선침범,건조,맑음,단일로 - 기타,자전거,남,17세,상해없음,보행자,남,69세,중상
2012072300100245,2012년 7월 23일 12시,월요일,경상북도 영주시 봉현면,중상사고,0,1,0,0,차대차 - 추돌 - 진행중,안전운전불이행,건조,맑음,기타 - 기타,승용,남,77세,상해없음,승용,여,25세,중상
2012072300100246,2012년 7월 23일 12시,월요일,경상북도 성주군 성주읍,경상사고,0,0,2,0,차대차 - 기타,안전운전불이행,건조,맑음,교차로 - 교차로안,승용,여,44세,경상,승용,남,32세,경상
2012072300100274,2012년 7월 23일 13시,월요일,경상북도 청도군 청도읍,경상사고,0,0,2,0,차대차 - 정면충돌,안전운전불이행,건조,맑음,단일로 - 기타,승용,남,73세,상해없음,원동기,남,67세,경상
2012072300100275,2012년 7월 23일 13시,월요일,경상북도 포항시 남구 대잠동,경상사고,0,0,2,0,차대사람 - 기타,안전운전불이행,건조,맑음,교차로 - 교차로부근,승용,남,59세,상해없음,보행자,남,48세,경상
2012072300100345,2012년 7월 23일 15시,월요일,경상북도 포항시 북구 흥해읍,경상사고,0,0,1,0,차대차 - 측면직각충돌,차로위반,건조,맑음,단일로 - 기타,화물,남,47세,상해없음,승용,여,27세,경상
2012072300100346,2012년 7월 23일 15시,월요일,경상북도 영주시 휴천동,경상사고,0,0,2,1,차대차 - 추돌 - 진행중,안전운전불이행,건조,맑음,단일로 - 기타,화물,남,55세,상해없음,승용,남,31세,경상
2012072300100347,2012년 7월 23일 15시,월요일,경상북도 청도군 청도읍,사망사고,1,0,0,0,차량단독 - 전도전복,안전운전불이행,건조,맑음,단일로 - 기타,농기계,남,66세,사망,,,,
2012072300100348,2012년 7월 23일 15시,월요일,경상북도 포항시 남구 대도동,경상사고,0,0,1,0,차대차 - 기타,교차로운행방법위반,건조,맑음,교차로 - 교차로안,자전거,여,19세,경상,화물,남,65세,상해없음
2012072300100374,2012년 7월 23일 16시,월요일,경상북도 안동시 용상동,중상사고,0,1,0,0,차대사람 - 보도통행중,신호위반,건조,맑음,단일로 - 횡단보도상,화물,남,55세,상해없음,보행자,여,6세,중상
2012072300100375,2012년 7월 23일 16시,월요일,경상북도 구미시 신평동,중상사고,0,1,0,0,차대사람 - 횡단중,안전운전불이행,건조,맑음,교차로 - 교차로부근,승합,남,45세,상해없음,보행자,여,68세,중상
2012072300100404,2012년 7월 23일 17시,월요일,경상북도 영천시 오미동,부상신고사고,0,0,0,2,차대차 - 측면직각충돌,안전운전불이행,건조,맑음,교차로 - 교차로부근,승용,여,52세,부상신고,화물,남,60세,부상신고
2012072300100405,2012년 7월 23일 17시,월요일,경상북도 영천시 야사동,경상사고,0,0,1,0,차대사람 - 횡단중,안전운전불이행,건조,맑음,기타 - 기타,승용,남,63세,상해없음,보행자,남,13세,경상
2012072300100406,2012년 7월 23일 17시,월요일,경상북도 성주군 대가면,경상사고,0,0,1,0,차대차 - 측면직각충돌,기타,건조,맑음,교차로 - 교차로안,승용,여,56세,상해없음,원동기,남,71세,경상
2012072300100407,2012년 7월 23일 17시,월요일,경상북도 구미시 형곡동,중상사고,0,1,2,0,차대차 - 측면직각충돌,안전운전불이행,건조,맑음,교차로 - 교차로안,승용,여,45세,경상,승용,여,39세,중상
2012072300100447,2012년 7월 23일 18시,월요일,경상북도 경주시 황오동,중상사고,0,1,0,0,차대차 - 추돌 - 진행중,안전운전불이행,건조,맑음,기타 - 기타,승용,남,65세,상해없음,승용,남,60세,중상
2012072300100448,2012년 7월 23일 18시,월요일,경상북도 안동시 와룡면,중상사고,0,2,0,0,차대차 - 측면직각충돌,안전운전불이행,건조,맑음,단일로 - 기타,승용,남,64세,상해없음,화물,남,42세,중상
2012072300100449,2012년 7월 23일 18시,월요일,경상북도 문경시 영신동,중상사고,0,1,1,0,차대차 - 기타,안전운전불이행,건조,맑음,교차로 - 교차로안,이륜,남,77세,경상,자전거,남,36세,중상
2012072300100450,2012년 7월 23일 18시,월요일,경상북도 구미시 황상동,중상사고,0,1,0,0,차대차 - 측면직각충돌,기타,건조,맑음,교차로 - 교차로부근,승합,남,47세,상해없음,이륜,남,47세,상해없음
2012072300100507,2012년 7월 23일 20시,월요일,경상북도 경산시 옥산동,중상사고,0,1,0,0,차대차 - 기타,안전운전불이행,건조,맑음,교차로 - 교차로안,승용,여,51세,상해없음,이륜,여,60세,중상
2012072300100508,2012년 7월 23일 20시,월요일,경상북도 성주군 선남면,경상사고,0,0,1,0,차대차 - 추돌 - 진행중,안전운전불이행,건조,맑음,단일로 - 기타,승용,여,54세,상해없음,농기계,남,51세,상해없음
2012072300100509,2012년 7월 23일 20시,월요일,경상북도 구미시 지산동,경상사고,0,0,2,0,차대차 - 추돌 - 진행중,안전운전불이행,건조,맑음,단일로 - 기타,화물,남,49세,상해없음,승용,여,40세,경상
2012072300100510,2012년 7월 23일 20시,월요일,경상북도 구미시 송정동,경상사고,0,0,1,0,차대차 - 측면직각충돌,안전운전불이행,건조,맑음,단일로 - 기타,승용,남,27세,상해없음,자전거,남,43세,경상
2012072300100548,2012년 7월 23일 21시,월요일,경상북도 경주시 노서동,경상사고,0,0,4,1,차대차 - 측면직각충돌,안전운전불이행,건조,맑음,교차로 - 교차로안,승용,남,20세,경상,승용,여,25세,경상
2012072300100549,2012년 7월 23일 21시,월요일,경상북도 김천시 모암동,중상사고,0,1,0,0,차대사람 - 횡단중,안전운전불이행,건조,맑음,단일로 - 기타,승용,남,47세,상해없음,보행자,여,89세,중상
2012072300100550,2012년 7월 23일 21시,월요일,경상북도 구미시 송정동,중상사고,0,1,0,0,차대사람 - 횡단중,안전운전불이행,건조,맑음,교차로 - 교차로부근,승용,남,43세,상해없음,보행자,남,59세,중상
2012072300100551,2012년 7월 23일 21시,월요일,경상북도 김천시 봉산면,경상사고,0,0,2,0,차대차 - 추돌 - 진행중,안전운전불이행,건조,맑음,단일로 - 기타,화물,남,63세,상해없음,승용,남,33세,경상
2012072300100574,2012년 7월 23일 22시,월요일,경상북도 포항시 북구 우현동,경상사고,0,0,3,0,차대차 - 기타,안전거리미확보,건조,맑음,교차로 - 교차로부근,승용,남,37세,상해없음,승용,여,35세,경상
2012072300100575,2012년 7월 23일 22시,월요일,경상북도 상주시 남성동,중상사고,0,1,0,0,차대차 - 측면직각충돌,교차로운행방법위반,건조,맑음,교차로 - 교차로안,승용,여,23세,상해없음,자전거,여,62세,중상
2012072300100604,2012년 7월 23일 23시,월요일,경상북도 경주시 동방동,경상사고,0,0,2,0,차대차 - 추돌 - 주정차중,안전운전불이행,건조,맑음,교차로 - 교차로부근,기타불명,기타불명,기타불명,기타불명,승용,남,43세,경상
2012072300100605,2012년 7월 23일 23시,월요일,경상북도 경산시 진량읍,중상사고,0,1,0,0,차대사람 - 기타,안전운전불이행,건조,기타,단일로 - 기타,승용,남,41세,상해없음,보행자,남,37세,중상
2012072300100606,2012년 7월 23일 23시,월요일,경상북도 구미시 옥계동,중상사고,0,1,0,0,차대차 - 측면직각충돌,안전운전불이행,건조,맑음,단일로 - 기타,승용,남,31세,상해없음,자전거,남,28세,중상
2012072400100008,2012년 7월 24일 00시,화요일,경상북도 경주시 성동동,중상사고,0,1,0,0,차대사람 - 횡단중,안전운전불이행,건조,맑음,단일로 - 기타,승용,남,33세,상해없음,보행자,남,46세,중상
2012072400100009,2012년 7월 24일 00시,화요일,경상북도 경주시 하동,중상사고,0,1,0,0,차대차 - 기타,안전운전불이행,건조,맑음,기타 - 기타,승용,남,31세,상해없음,이륜,남,24세,중상
2012072400100010,2012년 7월 24일 00시,화요일,경상북도 경주시 성건동,부상신고사고,0,0,0,1,차대차 - 측면직각충돌,안전운전불이행,건조,맑음,단일로 - 기타,승용,남,43세,부상신고,화물,남,40세,기타불명
2012072400100011,2012년 7월 24일 00시,화요일,경상북도 구미시 광평동,중상사고,0,1,0,0,차대차 - 추돌 - 진행중,안전운전불이행,건조,맑음,단일로 - 기타,승용,남,42세,상해없음,승용,남,50세,중상
2012072400100012,2012년 7월 24일 00시,화요일,경상북도 칠곡군 가산면,사망사고,1,0,0,0,차대차 - 추돌 - 진행중,안전운전불이행,건조,맑음,단일로 - 기타,화물,남,58세,사망,화물,남,36세,상해없음
2012072400100050,2012년 7월 24일 03시,화요일,경상북도 경산시 옥산동,경상사고,0,0,1,0,차대차 - 기타,안전운전불이행,건조,맑음,교차로 - 교차로안,승용,남,34세,상해없음,승용,여,39세,경상
2012072400100051,2012년 7월 24일 03시,화요일,경상북도 구미시 옥성면,중상사고,0,1,0,0,차대차 - 추돌 - 진행중,안전운전불이행,건조,맑음,단일로 - 기타,화물,남,50세,상해없음,화물,남,60세,중상
2012072400100060,2012년 7월 24일 04시,화요일,경상북도 경산시 하양읍,경상사고,0,0,2,0,차대차 - 추돌 - 주정차중,안전운전불이행,건조,맑음,단일로 - 기타,승용,남,24세,경상,특수,남,53세,경상
2012072400100079,2012년 7월 24일 06시,화요일,경상북도 경주시 외동읍,중상사고,0,1,0,0,차대차 - 기타,안전운전불이행,건조,맑음,단일로 - 기타,승용,여,77세,중상,승합,남,57세,상해없음
2012072400100102,2012년 7월 24일 07시,화요일,경상북도 경주시 강동면,부상신고사고,0,0,0,1,차량단독 - 기타,안전운전불이행,건조,맑음,단일로 - 교량,승용,남,39세,부상신고,,,,
2012072400100103,2012년 7월 24일 07시,화요일,경상북도 경산시 자인면,사망사고,1,1,1,0,차대차 - 기타,안전운전불이행,건조,맑음,교차로 - 교차로부근,화물,남,61세,사망,화물,남,51세,경상
2012072400100104,2012년 7월 24일 07시,화요일,경상북도 경산시 압량면,경상사고,0,0,1,0,차대차 - 기타,안전운전불이행,건조,맑음,단일로 - 기타,승용,남,26세,상해없음,승용,남,28세,경상
2012072400100105,2012년 7월 24일 07시,화요일,경상북도 구미시 무을면,중상사고,0,1,0,0,차대사람 - 횡단중,안전운전불이행,건조,맑음,단일로 - 기타,화물,남,48세,상해없음,보행자,남,33세,중상
2012072400100106,2012년 7월 24일 07시,화요일,경상북도 구미시 송정동,경상사고,0,0,1,0,차대차 - 기타,안전운전불이행,건조,맑음,교차로 - 교차로부근,승용,남,35세,상해없음,승용,남,53세,경상
2012072400100140,2012년 7월 24일 08시,화요일,경상북도 영천시 청통면,중상사고,0,2,0,0,차대차 - 측면직각충돌,안전운전불이행,건조,맑음,교차로 - 교차로안,이륜,남,72세,중상,승합,남,56세,상해없음
2012072400100141,2012년 7월 24일 08시,화요일,경상북도 경산시 중방동,경상사고,0,0,1,0,차대사람 - 기타,기타,건조,기타,교차로 - 교차로부근,승용,남,64세,상해없음,보행자,여,13세,경상
2012072400100142,2012년 7월 24일 08시,화요일,경상북도 청도군 청도읍,사망사고,1,1,0,0,차량단독 - 공작물충돌,안전운전불이행,건조,맑음,단일로 - 기타,화물,남,52세,중상,,,,
2012072400100178,2012년 7월 24일 09시,화요일,경상북도 안동시 수상동,중상사고,0,5,1,0,차대차 - 추돌 - 진행중,안전운전불이행,건조,맑음,단일로 - 기타,화물,남,37세,상해없음,승용,남,47세,중상
2012072400100208,2012년 7월 24일 10시,화요일,경상북도 포항시 남구 오천읍,경상사고,0,0,2,0,차대차 - 추돌 - 진행중,기타,건조,맑음,교차로 - 교차로안,승용,남,43세,경상,승용,여,32세,경상
2012072400100230,2012년 7월 24일 11시,화요일,경상북도 경주시 현곡면,경상사고,0,0,1,0,차대차 - 기타,안전운전불이행,건조,맑음,교차로 - 교차로안,승용,남,58세,상해없음,화물,남,49세,경상
2012072400100231,2012년 7월 24일 11시,화요일,경상북도 상주시 남성동,중상사고,0,1,0,0,차대사람 - 기타,안전운전불이행,건조,맑음,단일로 - 기타,이륜,남,23세,상해없음,보행자,여,60세,중상
2012072400100232,2012년 7월 24일 11시,화요일,경상북도 영덕군 영덕읍,경상사고,0,0,1,0,차대차 - 측면직각충돌,안전운전불이행,건조,맑음,교차로 - 교차로안,기타불명,기타불명,기타불명,기타불명,자전거,남,14세,경상
2012072400100233,2012년 7월 24일 11시,화요일,경상북도 구미시 고아읍,경상사고,0,0,1,0,차대차 - 측면직각충돌,안전운전불이행,건조,맑음,단일로 - 기타,승용,남,62세,상해없음,이륜,남,74세,경상
2012072400100259,2012년 7월 24일 12시,화요일,경상북도 경산시 중방동,중상사고,0,3,0,0,차대차 - 기타,안전거리미확보,건조,맑음,단일로 - 기타,승합,남,49세,상해없음,화물,여,54세,중상
2012072400100260,2012년 7월 24일 12시,화요일,경상북도 포항시 남구 오천읍,경상사고,0,0,1,0,차대사람 - 기타,보행자보호의무위반,건조,맑음,교차로 - 교차로부근,승용,남,53세,상해없음,보행자,여,51세,경상
2012072400100295,2012년 7월 24일 13시,화요일,경상북도 경주시 현곡면,중상사고,0,1,2,0,차대차 - 추돌 - 주정차중,안전거리미확보,건조,맑음,단일로 - 기타,승용,여,46세,상해없음,승용,남,46세,중상
2012072400100296,2012년 7월 24일 13시,화요일,경상북도 청도군 각남면,중상사고,0,1,1,0,차대차 - 기타,안전운전불이행,건조,맑음,교차로 - 교차로부근,화물,남,64세,경상,승용,남,25세,중상
2012072400100367,2012년 7월 24일 15시,화요일,경상북도 경주시 서면,경상사고,0,0,13,0,차대차 - 추돌 - 주정차중,안전운전불이행,건조,맑음,단일로 - 기타,특수,남,41세,상해없음,승합,남,42세,경상
2012072400100405,2012년 7월 24일 16시,화요일,경상북도 예천군 예천읍,경상사고,0,0,1,0,차대차 - 기타,안전운전불이행,건조,맑음,단일로 - 기타,이륜,남,17세,경상,승용,여,47세,상해없음
2012072400100447,2012년 7월 24일 17시,화요일,경상북도 경주시 배반동,경상사고,0,0,3,0,차대차 - 기타,안전운전불이행,건조,맑음,단일로 - 기타,화물,남,52세,상해없음,승용,남,28세,경상
2012072400100448,2012년 7월 24일 17시,화요일,경상북도 의성군 봉양면,중상사고,0,1,1,0,차대차 - 추돌 - 주정차중,안전운전불이행,건조,맑음,교차로 - 교차로부근,승용,남,33세,상해없음,승용,남,42세,중상
2012072400100449,2012년 7월 24일 17시,화요일,경상북도 의성군 금성면,중상사고,0,1,0,0,차대차 - 추돌 - 진행중,안전운전불이행,건조,맑음,단일로 - 기타,승용,여,52세,상해없음,승용,여,27세,중상
2012072400100450,2012년 7월 24일 17시,화요일,경상북도 울진군 죽변면,중상사고,0,1,0,0,차대차 - 기타,안전운전불이행,건조,맑음,교차로 - 교차로안,승용,남,64세,상해없음,원동기,여,43세,중상
2012072400100451,2012년 7월 24일 17시,화요일,경상북도 구미시 상모동,경상사고,0,0,1,0,차대차 - 기타,중앙선침범,건조,맑음,단일로 - 기타,자전거,여,38세,경상,승용,남,38세,상해없음
2012072400100452,2012년 7월 24일 17시,화요일,경상북도 구미시 무을면,중상사고,0,1,0,0,차대차 - 측면직각충돌,안전운전불이행,건조,맑음,기타 - 기타,화물,남,35세,상해없음,농기계,남,65세,중상
2012072400100497,2012년 7월 24일 18시,화요일,경상북도 경주시 배반동,경상사고,0,0,3,0,차대차 - 기타,차로위반,건조,맑음,단일로 - 기타,승용,여,61세,상해없음,승용,여,41세,경상
2012072400100498,2012년 7월 24일 18시,화요일,경상북도 포항시 북구 양덕동,중상사고,0,1,0,0,차대사람 - 횡단중,보행자보호의무위반,건조,맑음,교차로 - 교차로부근,화물,남,43세,상해없음,보행자,여,22세,중상
2012072400100499,2012년 7월 24일 18시,화요일,경상북도 안동시 옥동,경상사고,0,0,3,1,차대차 - 추돌 - 주정차중,안전운전불이행,건조,맑음,단일로 - 기타,화물,남,62세,상해없음,승용,남,28세,경상
2012072400100500,2012년 7월 24일 18시,화요일,경상북도 경산시 압량면,중상사고,0,1,0,0,차대차 - 기타,안전운전불이행,건조,맑음,교차로 - 교차로안,기타불명,기타불명,기타불명,기타불명,이륜,남,27세,중상
2012072400100530,2012년 7월 24일 19시,화요일,경상북도 안동시 도산면,경상사고,0,0,1,0,차대차 - 정면충돌,안전운전불이행,건조,맑음,단일로 - 기타,승합,남,48세,상해없음,승용,남,52세,경상
2012072400100531,2012년 7월 24일 19시,화요일,경상북도 영주시 풍기읍,경상사고,0,0,1,0,차대사람 - 횡단중,안전운전불이행,건조,맑음,단일로 - 기타,화물,남,68세,상해없음,보행자,남,39세,경상
2012072400100532,2012년 7월 24일 19시,화요일,경상북도 영주시 가흥동,중상사고,0,1,1,0,차대차 - 측면직각충돌,직진우회전진행방해,건조,맑음,교차로 - 교차로안,승용,남,33세,경상,승용,여,41세,중상
2012072400100533,2012년 7월 24일 19시,화요일,경상북도 영주시 가흥동,중상사고,0,1,0,0,차대차 - 추돌 - 진행중,안전운전불이행,건조,맑음,단일로 - 기타,화물,남,28세,상해없음,원동기,남,19세,중상
2012072400100572,2012년 7월 24일 20시,화요일,경상북도 경산시 계양동,경상사고,0,0,1,0,차대차 - 기타,안전운전불이행,건조,맑음,교차로 - 교차로부근,기타불명,기타불명,기타불명,기타불명,화물,남,52세,경상
2012072400100573,2012년 7월 24일 20시,화요일,경상북도 구미시 옥계동,중상사고,0,1,0,0,차대차 - 측면직각충돌,안전운전불이행,건조,맑음,단일로 - 기타,승용,남,29세,상해없음,이륜,남,44세,중상
2012072400100606,2012년 7월 24일 21시,화요일,경상북도 경주시 노서동,중상사고,0,1,0,0,차대차 - 기타,안전운전불이행,건조,맑음,교차로 - 교차로안,이륜,남,18세,중상,승용,남,58세,상해없음
2012072400100607,2012년 7월 24일 21시,화요일,경상북도 경주시 노동동,중상사고,0,1,0,0,차대차 - 기타,신호위반,건조,맑음,단일로 - 횡단보도상,승용,남,60세,상해없음,자전거,여,24세,중상
2012072400100608,2012년 7월 24일 21시,화요일,경상북도 경주시 외동읍,중상사고,0,1,0,0,차량단독 - 전도전복,안전운전불이행,건조,맑음,단일로 - 기타,원동기,여,48세,중상,,,,
2012072400100609,2012년 7월 24일 21시,화요일,경상북도 구미시 지산동,경상사고,0,0,1,0,차대차 - 추돌 - 진행중,안전운전불이행,건조,맑음,교차로 - 교차로안,승합,남,48세,상해없음,승용,남,46세,경상
2012072400100642,2012년 7월 24일 22시,화요일,경상북도 경산시 중방동,경상사고,0,0,1,0,차대차 - 기타,중앙선침범,건조,맑음,단일로 - 기타,승용,남,43세,상해없음,이륜,남,17세,경상
2012072400100643,2012년 7월 24일 22시,화요일,경상북도 경산시 신교동,중상사고,0,1,0,0,차대차 - 기타,안전운전불이행,건조,맑음,교차로 - 교차로안,승용,남,53세,상해없음,이륜,남,67세,중상
2012072400100666,2012년 7월 24일 23시,화요일,경상북도 경주시 용강동,경상사고,0,0,1,0,차대차 - 기타,안전운전불이행,건조,맑음,단일로 - 기타,승용,남,59세,상해없음,승용,여,60세,경상
2012072400100667,2012년 7월 24일 23시,화요일,경상북도 구미시 사곡동,경상사고,0,0,1,0,차대차 - 측면직각충돌,안전운전불이행,건조,맑음,교차로 - 교차로부근,승용,기타불명,기타불명,기타불명,승용,남,39세,경상
2012072500100020,2012년 7월 25일 00시,수요일,경상북도 구미시 사곡동,경상사고,0,0,1,0,차대차 - 정면충돌,안전운전불이행,건조,맑음,기타 - 기타,기타불명,기타불명,기타불명,기타불명,승용,여,47세,경상
2012072500100036,2012년 7월 25일 01시,수요일,경상북도 칠곡군 동명면,경상사고,0,0,2,0,차대차 - 추돌 - 진행중,안전거리미확보,건조,맑음,단일로 - 기타,승용,남,62세,상해없음,승용,남,33세,경상
2012072500100075,2012년 7월 25일 05시,수요일,경상북도 영주시 가흥동,경상사고,0,0,3,0,차대차 - 측면직각충돌,안전운전불이행,건조,맑음,교차로 - 교차로안,승용,여,53세,경상,화물,남,42세,상해없음
2012072500100086,2012년 7월 25일 06시,수요일,경상북도 경주시 용강동,중상사고,0,1,0,0,차대차 - 기타,안전운전불이행,건조,맑음,교차로 - 교차로부근,승용,남,60세,중상,승합,남,45세,상해없음
2012072500100087,2012년 7월 25일 06시,수요일,경상북도 칠곡군 약목면,경상사고,0,0,1,0,차대차 - 추돌 - 진행중,안전거리미확보,건조,맑음,교차로 - 교차로부근,특수,남,51세,상해없음,이륜,남,52세,경상
2012072500100088,2012년 7월 25일 06시,수요일,경상북도 구미시 진평동,경상사고,0,0,1,0,차대차 - 추돌 - 주정차중,안전운전불이행,건조,맑음,교차로 - 교차로부근,승용,기타불명,기타불명,기타불명,승용,남,26세,경상
2012072500100176,2012년 7월 25일 09시,수요일,경상북도 칠곡군 왜관읍,중상사고,0,1,0,0,차대사람 - 보도통행중,보행자보호의무위반,건조,맑음,단일로 - 횡단보도상,승용,여,32세,상해없음,보행자,남,56세,중상
2012072500100177,2012년 7월 25일 09시,수요일,경상북도 영천시 금노동,중상사고,0,1,0,0,차대차 - 추돌 - 주정차중,안전운전불이행,건조,맑음,교차로 - 교차로부근,승용,여,64세,상해없음,승용,남,64세,중상
2012072500100178,2012년 7월 25일 09시,수요일,경상북도 봉화군 춘양면,중상사고,0,2,0,0,차대차 - 추돌 - 진행중,안전운전불이행,건조,맑음,단일로 - 기타,화물,여,58세,상해없음,이륜,남,73세,중상
2012072500100207,2012년 7월 25일 10시,수요일,경상북도 경주시 안강읍,중상사고,0,1,0,0,차대차 - 기타,안전운전불이행,건조,맑음,단일로 - 기타,승용,여,52세,중상,화물,남,58세,상해없음
2012072500100208,2012년 7월 25일 10시,수요일,경상북도 안동시 태화동,경상사고,0,0,1,0,차대차 - 측면직각충돌,교차로운행방법위반,건조,맑음,교차로 - 교차로안,승용,남,35세,기타불명,자전거,남,7세,경상
2012072500100209,2012년 7월 25일 10시,수요일,경상북도 성주군 용암면,경상사고,0,0,3,0,차대차 - 측면직각충돌,직진우회전진행방해,건조,맑음,교차로 - 교차로안,건설기계,남,42세,상해없음,화물,남,74세,경상
2012072500100210,2012년 7월 25일 10시,수요일,경상북도 군위군 고로면,경상사고,0,0,1,0,차대차 - 기타,교차로운행방법위반,건조,맑음,교차로 - 교차로부근,원동기,여,58세,경상,승용,남,64세,상해없음
2012072500100242,2012년 7월 25일 11시,수요일,경상북도 예천군 감천면,경상사고,0,0,1,0,차대차 - 기타,안전운전불이행,건조,맑음,단일로 - 기타,원동기,남,48세,경상,화물,남,48세,상해없음
2012072500100243,2012년 7월 25일 11시,수요일,경상북도 예천군 용궁면,경상사고,0,0,2,0,차대차 - 추돌 - 진행중,안전운전불이행,건조,맑음,교차로 - 교차로부근,화물,남,44세,상해없음,승용,남,45세,경상
2012072500100244,2012년 7월 25일 11시,수요일,경상북도 포항시 남구 해도동,경상사고,0,0,1,0,차대차 - 측면직각충돌,안전운전불이행,건조,맑음,교차로 - 교차로부근,승용,남,59세,상해없음,승합,남,47세,경상
2012072500100271,2012년 7월 25일 12시,수요일,경상북도 경주시 사정동,중상사고,0,1,0,0,차대차 - 기타,안전운전불이행,건조,맑음,교차로 - 교차로안,승용,여,43세,상해없음,원동기,여,27세,중상
2012072500100272,2012년 7월 25일 12시,수요일,경상북도 구미시 황상동,경상사고,0,0,4,0,차대차 - 추돌 - 주정차중,안전운전불이행,건조,맑음,교차로 - 교차로안,화물,남,59세,상해없음,승용,남,65세,경상
2012072500100301,2012년 7월 25일 13시,수요일,경상북도 영주시 하망동,경상사고,0,0,1,0,차대사람 - 횡단중,안전운전불이행,건조,맑음,교차로 - 교차로부근,화물,남,57세,상해없음,보행자,여,34세,경상
2012072500100302,2012년 7월 25일 13시,수요일,경상북도 영주시 단산면,경상사고,0,0,1,0,차대차 - 측면직각충돌,안전운전불이행,건조,맑음,단일로 - 기타,화물,남,67세,상해없음,자전거,남,14세,경상
2012072500100303,2012년 7월 25일 13시,수요일,경상북도 봉화군 봉화읍,중상사고,0,2,1,0,차대차 - 추돌 - 진행중,안전운전불이행,건조,맑음,단일로 - 기타,화물,남,26세,상해없음,화물,남,52세,경상
2012072500100304,2012년 7월 25일 13시,수요일,경상북도 봉화군 석포면,중상사고,0,1,0,0,차대사람 - 길가장자리구역통행중,중앙선침범,건조,맑음,단일로 - 기타,승용,남,74세,기타불명,보행자,남,31세,중상
2012072500100305,2012년 7월 25일 13시,수요일,경상북도 성주군 초전면,중상사고,0,1,4,0,차대차 - 측면직각충돌,직진우회전진행방해,건조,맑음,교차로 - 교차로안,승용,남,47세,상해없음,화물,남,59세,경상
2012072500100306,2012년 7월 25일 13시,수요일,경상북도 성주군 초전면,경상사고,0,0,2,0,차대차 - 측면직각충돌,직진우회전진행방해,건조,맑음,교차로 - 교차로안,원동기,남,74세,경상,승용,남,45세,상해없음
2012072500100342,2012년 7월 25일 14시,수요일,경상북도 경주시 인왕동,중상사고,0,1,0,0,차대차 - 기타,안전운전불이행,건조,맑음,단일로 - 기타,승용,여,61세,상해없음,자전거,남,68세,중상
2012072500100343,2012년 7월 25일 14시,수요일,경상북도 경주시 시래동,중상사고,0,1,2,0,차대차 - 측면직각충돌,신호위반,건조,맑음,교차로 - 교차로안,승용,여,57세,상해없음,승용,여,36세,경상
2012072500100344,2012년 7월 25일 14시,수요일,경상북도 경주시 동천동,경상사고,0,0,4,0,차대차 - 기타,안전운전불이행,건조,맑음,교차로 - 교차로안,승용,남,36세,상해없음,승용,여,21세,경상