사고번호,사고일시,요일,시군구,사고내용,사망자수,중상자수,경상자수,부상신고자수,사고유형,법규위반,노면상태,기상상태,도로형태,가해운전자 차종,가해운전자 성별,가해운전자 연령,가해운전자 상해정도,피해운전자 차종,피해운전자 성별,피해운전자 연령,피해운전자 상해정도
2012072800100303,2012년 7월 28일 13시,토요일,경상북도 청도군 화양읍,중상사고,0,1,2,0,차대차 - 추돌 - 진행중,안전운전불이행,건조,맑음,단일로 - 기타,승용,남,45세,상해없음,승용,여,32세,중상
2012072800100304,2012년 7월 28일 13시,토요일,경상북도 군위군 군위읍,경상사고,0,0,1,0,차대차 - 추돌 - 주정차중,안전운전불이행,건조,맑음,단일로 - 기타,원동기,남,75세,경상,승용,남,57세,기타불명
2012072800100305,2012년 7월 28일 13시,토요일,경상북도 포항시 남구 이동,경상사고,0,0,2,0,차대차 - 측면직각충돌,중앙선침범,건조,맑음,교차로 - 교차로부근,승용,여,59세,경상,특수,남,34세,경상
2012072800100333,2012년 7월 28일 14시,토요일,경상북도 안동시 당북동,경상사고,0,0,1,0,차대차 - 측면직각충돌,안전운전불이행,건조,맑음,단일로 - 기타,승용,여,45세,상해없음,승용,여,35세,경상
2012072800100368,2012년 7월 28일 15시,토요일,경상북도 청도군 풍각면,중상사고,0,2,3,0,차대차 - 측면직각충돌,교차로운행방법위반,건조,맑음,교차로 - 교차로안,승용,남,34세,상해없음,승용,여,48세,경상
2012072800100397,2012년 7월 28일 16시,토요일,경상북도 경주시 용강동,경상사고,0,0,3,0,차대차 - 추돌 - 진행중,안전운전불이행,건조,맑음,단일로 - 기타,승용,남,33세,상해없음,승용,남,41세,경상
2012072800100398,2012년 7월 28일 16시,토요일,경상북도 포항시 북구 송라면,경상사고,0,0,2,0,차대차 - 기타,차로위반,건조,맑음,단일로 - 기타,건설기계,남,51세,상해없음,승용,남,46세,경상
2012072800100433,2012년 7월 28일 17시,토요일,경상북도 경주시 양남면,중상사고,0,1,0,0,차대사람 - 기타,안전운전불이행,건조,맑음,단일로 - 기타,승합,남,34세,상해없음,보행자,여,8세,중상
2012072800100434,2012년 7월 28일 17시,토요일,경상북도 경주시 양남면,중상사고,0,1,0,0,차대차 - 기타,안전운전불이행,건조,맑음,교차로 - 교차로안,승용,남,72세,상해없음,승용,남,60세,중상
2012072800100435,2012년 7월 28일 17시,토요일,경상북도 영천시 대창면,부상신고사고,0,0,0,1,차대차 - 추돌 - 진행중,안전운전불이행,건조,맑음,교차로 - 교차로부근,화물,기타불명,기타불명,기타불명,자전거,남,29세,부상신고
2012072800100436,2012년 7월 28일 17시,토요일,경상북도 영덕군 강구면,중상사고,0,1,0,0,차대차 - 정면충돌,중앙선침범,건조,맑음,기타 - 기타,승용,여,54세,상해없음,이륜,남,31세,중상
2012072800100437,2012년 7월 28일 17시,토요일,경상북도 청송군 진보면,부상신고사고,0,0,0,1,차량단독 - 전도전복,기타,습기,흐림,단일로 - 기타,원동기,남,51세,부상신고,,,,
2012072800100438,2012년 7월 28일 17시,토요일,경상북도 구미시 원평동,경상사고,0,0,1,0,차대차 - 측면직각충돌,안전운전불이행,건조,맑음,교차로 - 교차로안,승용,남,36세,상해없음,승용,여,31세,경상
2012072800100439,2012년 7월 28일 17시,토요일,경상북도 포항시 남구 해도동,경상사고,0,0,1,0,차대차 - 추돌 - 진행중,신호위반,건조,맑음,교차로 - 교차로안,화물,남,38세,상해없음,원동기,남,20세,경상
2012072800100472,2012년 7월 28일 18시,토요일,경상북도 영주시 가흥동,중상사고,0,1,4,0,차대차 - 추돌 - 주정차중,안전운전불이행,건조,맑음,단일로 - 교량,승합,남,52세,상해없음,승용,여,42세,중상
2012072800100473,2012년 7월 28일 18시,토요일,경상북도 예천군 예천읍,중상사고,0,1,0,0,차대차 - 기타,안전운전불이행,건조,맑음,교차로 - 교차로안,승용,여,58세,상해없음,자전거,남,78세,중상
2012072800100503,2012년 7월 28일 19시,토요일,경상북도 영천시 화산면,중상사고,0,1,1,0,차대차 - 정면충돌,안전운전불이행,건조,맑음,단일로 - 기타,원동기,여,57세,중상,승용,남,63세,상해없음
2012072800100504,2012년 7월 28일 19시,토요일,경상북도 포항시 남구 해도동,경상사고,0,0,1,0,차대차 - 추돌 - 진행중,안전운전불이행,건조,맑음,단일로 - 기타,화물,여,50세,기타불명,승용,여,51세,경상
2012072800100541,2012년 7월 28일 20시,토요일,경상북도 경주시 노서동,경상사고,0,0,1,0,차대차 - 기타,안전운전불이행,건조,맑음,단일로 - 기타,화물,남,23세,상해없음,이륜,남,18세,경상
2012072800100542,2012년 7월 28일 20시,토요일,경상북도 경주시 인왕동,경상사고,0,0,2,0,차대차 - 기타,안전운전불이행,건조,맑음,단일로 - 기타,승용,남,50세,상해없음,승용,여,30세,경상
2012072800100543,2012년 7월 28일 20시,토요일,경상북도 경주시 신평동,경상사고,0,0,1,0,차대차 - 기타,안전운전불이행,건조,맑음,교차로 - 교차로안,승용,여,45세,상해없음,원동기,남,52세,경상
2012072800100544,2012년 7월 28일 20시,토요일,경상북도 경산시 옥산동,사망사고,1,0,1,0,차대사람 - 횡단중,안전운전불이행,건조,맑음,교차로 - 교차로안,이륜,남,23세,상해없음,보행자,여,68세,사망
2012072800100545,2012년 7월 28일 20시,토요일,경상북도 영덕군 남정면,중상사고,0,1,0,0,차대차 - 추돌 - 주정차중,안전운전불이행,건조,맑음,교차로 - 교차로부근,화물,남,49세,상해없음,승용,여,48세,상해없음
2012072800100546,2012년 7월 28일 20시,토요일,경상북도 청송군 청송읍,사망사고,1,0,0,0,차대사람 - 횡단중,안전운전불이행,건조,맑음,단일로 - 기타,승합,남,49세,상해없음,보행자,여,63세,사망
2012072800100589,2012년 7월 28일 21시,토요일,경상북도 경주시 성동동,중상사고,0,1,0,0,차대차 - 기타,안전운전불이행,건조,맑음,교차로 - 교차로안,승용,여,33세,상해없음,승용,남,70세,중상
2012072800100590,2012년 7월 28일 21시,토요일,경상북도 경주시 노동동,경상사고,0,0,2,0,차대차 - 측면직각충돌,안전운전불이행,건조,맑음,기타 - 기타,승용,남,45세,상해없음,승용,남,41세,경상
2012072800100591,2012년 7월 28일 21시,토요일,경상북도 포항시 남구 대잠동,경상사고,0,0,2,0,차대차 - 추돌 - 진행중,기타,건조,맑음,교차로 - 교차로안,승용,남,57세,경상,승용,여,57세,경상
2012072800100628,2012년 7월 28일 22시,토요일,경상북도 포항시 남구 해도동,경상사고,0,0,1,0,차대차 - 추돌 - 주정차중,안전운전불이행,건조,맑음,교차로 - 교차로부근,원동기,남,51세,경상,승용,여,26세,기타불명
2012072800100652,2012년 7월 28일 23시,토요일,경상북도 문경시 점촌동,경상사고,0,0,2,0,차대차 - 측면직각충돌,직진우회전진행방해,건조,맑음,교차로 - 교차로안,승용,여,42세,경상,승용,남,40세,상해없음
2012072900100014,2012년 7월 29일 00시,일요일,경상북도 영주시 영주동,중상사고,0,1,0,0,차대차 - 기타,안전운전불이행,건조,맑음,교차로 - 교차로안,이륜,남,49세,중상,승용,남,53세,상해없음
2012072900100034,2012년 7월 29일 01시,일요일,경상북도 포항시 남구 오천읍,경상사고,0,0,4,0,차대차 - 기타,교차로운행방법위반,건조,맑음,교차로 - 교차로안,승용,남,38세,상해없음,승용,여,50세,경상
2012072900100064,2012년 7월 29일 03시,일요일,경상북도 청송군 진보면,부상신고사고,0,0,0,1,차량단독 - 전도전복,안전운전불이행,습기,안개,교차로 - 교차로부근,원동기,남,20세,부상신고,,,,
2012072900100080,2012년 7월 29일 04시,일요일,경상북도 구미시 원평동,경상사고,0,0,2,0,차대차 - 측면직각충돌,안전운전불이행,건조,기타,기타 - 기타,승용,남,31세,상해없음,승용,남,45세,상해없음
2012072900100090,2012년 7월 29일 05시,일요일,경상북도 영주시 영주동,경상사고,0,0,1,0,차대차 - 측면직각충돌,안전운전불이행,건조,맑음,교차로 - 교차로부근,승용,남,35세,상해없음,자전거,남,58세,경상
2012072900100091,2012년 7월 29일 05시,일요일,경상북도 구미시 남통동,경상사고,0,0,1,0,차대차 - 기타,중앙선침범,건조,맑음,단일로 - 기타,승용,남,18세,상해없음,이륜,남,16세,경상
2012072900100102,2012년 7월 29일 06시,일요일,경상북도 안동시 옥동,중상사고,0,1,0,0,차대차 - 기타,안전거리미확보,건조,맑음,기타 - 기타,승용,남,61세,상해없음,승용,남,49세,중상
2012072900100103,2012년 7월 29일 06시,일요일,경상북도 청도군 금천면,사망사고,1,0,0,0,차량단독 - 도로외이탈 - 추락,안전운전불이행,건조,맑음,단일로 - 기타,농기계,남,43세,상해없음,,,,
2012072900100111,2012년 7월 29일 07시,일요일,경상북도 안동시 태화동,중상사고,0,1,0,0,차대차 - 측면직각충돌,직진우회전진행방해,건조,맑음,교차로 - 교차로안,승용,남,48세,상해없음,이륜,남,16세,중상
2012072900100165,2012년 7월 29일 10시,일요일,경상북도 봉화군 상운면,중상사고,0,5,0,0,차대차 - 정면충돌,중앙선침범,건조,맑음,단일로 - 기타,승용,여,54세,중상,화물,남,54세,중상
2012072900100166,2012년 7월 29일 10시,일요일,경상북도 청도군 화양읍,중상사고,0,1,1,0,차대차 - 정면충돌,안전운전불이행,건조,맑음,단일로 - 기타,승용,남,57세,상해없음,승용,남,45세,경상
2012072900100167,2012년 7월 29일 10시,일요일,경상북도 구미시 진평동,중상사고,0,1,1,0,차대차 - 측면직각충돌,교차로운행방법위반,건조,맑음,교차로 - 교차로안,승용,남,45세,중상,승용,남,29세,상해없음
2012072900100168,2012년 7월 29일 10시,일요일,경상북도 구미시 도량동,중상사고,0,1,0,0,차대차 - 측면직각충돌,직진우회전진행방해,건조,맑음,교차로 - 교차로안,이륜,남,60세,중상,승용,여,42세,상해없음
2012072900100189,2012년 7월 29일 11시,일요일,경상북도 영천시 완산동,중상사고,0,1,0,0,차대차 - 정면충돌,안전운전불이행,건조,맑음,단일로 - 기타,이륜,남,65세,중상,승용,남,37세,상해없음
2012072900100215,2012년 7월 29일 12시,일요일,경상북도 경주시 구황동,부상신고사고,0,0,0,2,차대차 - 추돌 - 진행중,안전운전불이행,건조,맑음,단일로 - 기타,승용,남,55세,상해없음,승용,남,28세,상해없음
2012072900100216,2012년 7월 29일 12시,일요일,경상북도 경주시 황성동,경상사고,0,0,2,0,차대차 - 측면직각충돌,안전운전불이행,건조,맑음,교차로 - 교차로부근,승용,남,33세,경상,승용,남,50세,경상
2012072900100217,2012년 7월 29일 12시,일요일,경상북도 포항시 북구 대신동,경상사고,0,0,1,0,차대차 - 기타,안전운전불이행,건조,맑음,단일로 - 기타,승용,남,54세,상해없음,승용,남,56세,상해없음
2012072900100264,2012년 7월 29일 14시,일요일,경상북도 영천시 화산면,경상사고,0,0,1,0,차량단독 - 기타,안전운전불이행,건조,맑음,단일로 - 기타,화물,남,29세,경상,,,,
2012072900100265,2012년 7월 29일 14시,일요일,경상북도 울진군 기성면,중상사고,0,1,0,0,차대차 - 측면직각충돌,중앙선침범,건조,맑음,단일로 - 기타,승용,남,35세,상해없음,원동기,남,79세,중상
2012072900100294,2012년 7월 29일 15시,일요일,경상북도 칠곡군 동명면,경상사고,0,0,2,0,차대차 - 추돌 - 진행중,안전운전불이행,건조,맑음,단일로 - 기타,승용,남,36세,상해없음,승용,남,29세,경상
2012072900100295,2012년 7월 29일 15시,일요일,경상북도 문경시 호계면,중상사고,0,2,0,0,차대차 - 기타,안전운전불이행,건조,맑음,단일로 - 기타,승용,남,65세,상해없음,이륜,남,49세,중상
2012072900100330,2012년 7월 29일 16시,일요일,경상북도 영주시 영주동,경상사고,0,0,3,0,차대차 - 측면직각충돌,직진우회전진행방해,건조,맑음,교차로 - 교차로안,승용,남,43세,경상,승용,남,70세,상해없음
2012072900100331,2012년 7월 29일 16시,일요일,경상북도 성주군 수륜면,중상사고,0,1,1,0,차대차 - 기타,안전운전불이행,건조,맑음,단일로 - 기타,승용,남,25세,상해없음,승용,여,55세,상해없음
2012072900100332,2012년 7월 29일 16시,일요일,경상북도 구미시 상모동,부상신고사고,0,0,0,1,차대차 - 측면직각충돌,직진우회전진행방해,건조,맑음,교차로 - 교차로안,승용,남,51세,상해없음,승용,남,50세,상해없음
2012072900100374,2012년 7월 29일 17시,일요일,경상북도 성주군 성주읍,경상사고,0,0,4,0,차대차 - 측면직각충돌,신호위반,건조,맑음,교차로 - 교차로안,승용,남,52세,경상,승용,남,34세,경상
2012072900100375,2012년 7월 29일 17시,일요일,경상북도 포항시 남구 동해면,경상사고,0,0,1,0,차량단독 - 기타,안전운전불이행,건조,맑음,단일로 - 기타,승용,여,51세,경상,,,,
2012072900100405,2012년 7월 29일 18시,일요일,경상북도 청도군 이서면,부상신고사고,0,0,0,1,차대차 - 측면직각충돌,중앙선침범,건조,맑음,단일로 - 기타,원동기,여,54세,부상신고,화물,남,32세,상해없음
2012072900100406,2012년 7월 29일 18시,일요일,경상북도 포항시 남구 이동,경상사고,0,0,1,0,차대차 - 추돌 - 진행중,안전운전불이행,건조,맑음,단일로 - 기타,승합,남,51세,상해없음,승용,남,45세,상해없음
2012072900100432,2012년 7월 29일 19시,일요일,경상북도 구미시 신평동,부상신고사고,0,0,0,1,차대차 - 기타,안전운전불이행,건조,맑음,기타 - 기타,이륜,남,18세,부상신고,승용,남,35세,상해없음
2012072900100467,2012년 7월 29일 20시,일요일,경상북도 경주시 외동읍,중상사고,0,1,0,0,차량단독 - 공작물충돌,안전운전불이행,건조,맑음,단일로 - 기타,승용,남,59세,상해없음,,,,
2012072900100468,2012년 7월 29일 20시,일요일,경상북도 김천시 어모면,중상사고,0,1,1,0,차량단독 - 전도전복,안전운전불이행,건조,맑음,단일로 - 기타,승용,남,24세,상해없음,,,,
2012072900100491,2012년 7월 29일 21시,일요일,경상북도 경주시 성건동,경상사고,0,0,1,0,차대차 - 기타,안전운전불이행,건조,맑음,단일로 - 기타,기타불명,기타불명,기타불명,기타불명,원동기,남,23세,경상
2012072900100492,2012년 7월 29일 21시,일요일,경상북도 문경시 흥덕동,중상사고,0,1,0,0,차대차 - 측면직각충돌,안전운전불이행,건조,맑음,단일로 - 기타,승용,남,51세,상해없음,자전거,남,80세,중상
2012072900100493,2012년 7월 29일 21시,일요일,경상북도 경산시 하양읍,경상사고,0,0,1,0,차대차 - 기타,안전거리미확보,건조,맑음,교차로 - 교차로부근,승합,남,22세,기타불명,승용,남,55세,경상
2012072900100532,2012년 7월 29일 23시,일요일,경상북도 울진군 후포면,경상사고,0,0,1,0,차대차 - 추돌 - 주정차중,안전운전불이행,건조,맑음,단일로 - 기타,원동기,남,16세,경상,승용,남,35세,상해없음
2012072900100533,2012년 7월 29일 23시,일요일,경상북도 구미시 시미동,경상사고,0,0,2,0,차대차 - 추돌 - 주정차중,안전운전불이행,건조,맑음,교차로 - 교차로부근,승용,남,48세,상해없음,승용,남,38세,경상
2012073000100032,2012년 7월 30일 02시,월요일,경상북도 포항시 북구 우현동,중상사고,0,1,0,0,차대차 - 측면직각충돌,신호위반,건조,맑음,교차로 - 교차로안,원동기,남,38세,중상,승용,여,47세,상해없음
2012073000100033,2012년 7월 30일 02시,월요일,경상북도 구미시 선산읍,경상사고,0,0,1,0,차량단독 - 공작물충돌,안전운전불이행,건조,맑음,교차로 - 교차로부근,승용,남,51세,경상,,,,
2012073000100043,2012년 7월 30일 04시,월요일,경상북도 포항시 남구 송도동,경상사고,0,0,1,0,차대차 - 추돌 - 진행중,신호위반,건조,맑음,교차로 - 교차로안,승용,남,26세,상해없음,승용,남,68세,경상
2012073000100047,2012년 7월 30일 05시,월요일,경상북도 영주시 가흥동,경상사고,0,0,3,0,차대차 - 측면직각충돌,직진우회전진행방해,건조,맑음,교차로 - 교차로안,승합,남,71세,상해없음,승용,남,62세,경상
2012073000100048,2012년 7월 30일 05시,월요일,경상북도 경산시 하양읍,사망사고,1,0,2,0,차대차 - 기타,교차로운행방법위반,건조,맑음,교차로 - 교차로안,화물,남,37세,상해없음,승용,남,65세,사망
2012073000100049,2012년 7월 30일 05시,월요일,경상북도 영덕군 남정면,경상사고,0,0,1,0,차량단독 - 기타,안전운전불이행,건조,맑음,기타 - 기타,승용,남,45세,경상,,,,
2012073000100111,2012년 7월 30일 08시,월요일,경상북도 안동시 풍산읍,중상사고,0,12,15,0,차대차 - 측면직각충돌,직진우회전진행방해,건조,맑음,교차로 - 교차로안,승합,남,47세,상해없음,건설기계,남,40세,경상
2012073000100112,2012년 7월 30일 08시,월요일,경상북도 영주시 상망동,경상사고,0,0,1,0,차대차 - 기타,안전운전불이행,건조,맑음,단일로 - 교량,화물,남,60세,상해없음,승용,여,48세,경상
2012073000100113,2012년 7월 30일 08시,월요일,경상북도 구미시 형곡동,중상사고,0,1,0,0,차대차 - 측면직각충돌,안전운전불이행,건조,맑음,단일로 - 기타,원동기,남,28세,중상,승용,남,23세,상해없음
2012073000100150,2012년 7월 30일 09시,월요일,경상북도 영주시 풍기읍,중상사고,0,2,0,0,차대차 - 정면충돌,교차로운행방법위반,건조,맑음,교차로 - 교차로안,화물,남,63세,상해없음,승합,여,39세,중상
2012073000100151,2012년 7월 30일 09시,월요일,경상북도 경산시 중방동,중상사고,0,1,1,0,차대차 - 추돌 - 진행중,안전운전불이행,건조,맑음,단일로 - 기타,화물,남,58세,상해없음,화물,남,61세,상해없음
2012073000100152,2012년 7월 30일 09시,월요일,경상북도 포항시 남구 연일읍,중상사고,0,1,0,0,차대차 - 추돌 - 진행중,중앙선침범,건조,맑음,교차로 - 교차로부근,승용,남,56세,상해없음,자전거,여,41세,중상
2012073000100181,2012년 7월 30일 10시,월요일,경상북도 경주시 현곡면,중상사고,0,4,3,0,차대차 - 측면직각충돌,안전운전불이행,건조,맑음,단일로 - 기타,화물,남,39세,상해없음,화물,남,39세,경상
2012073000100182,2012년 7월 30일 10시,월요일,경상북도 포항시 북구 청하면,중상사고,0,1,0,0,차대차 - 기타,교차로운행방법위반,건조,맑음,단일로 - 기타,승용,남,37세,상해없음,원동기,여,51세,중상
2012073000100183,2012년 7월 30일 10시,월요일,경상북도 성주군 대가면,중상사고,0,1,0,0,차량단독 - 전도전복,안전운전불이행,건조,맑음,단일로 - 기타,이륜,여,74세,중상,,,,
2012073000100184,2012년 7월 30일 10시,월요일,경상북도 청송군 청송읍,중상사고,0,1,0,0,차대차 - 기타,안전운전불이행,건조,맑음,단일로 - 기타,승용,여,53세,상해없음,원동기,남,61세,중상
2012073000100214,2012년 7월 30일 11시,월요일,경상북도 안동시 풍산읍,사망사고,1,0,0,0,차량단독 - 전도전복,안전운전불이행,건조,맑음,단일로 - 기타,승용,남,64세,사망,,,,
2012073000100242,2012년 7월 30일 12시,월요일,경상북도 안동시 이천동,중상사고,0,1,4,0,차대차 - 정면충돌,중앙선침범,건조,맑음,단일로 - 기타,승용,남,25세,상해없음,승용,남,49세,경상
2012073000100243,2012년 7월 30일 12시,월요일,경상북도 경산시 조영동,경상사고,0,0,1,0,차대차 - 기타,중앙선침범,건조,맑음,단일로 - 기타,승합,남,53세,상해없음,승용,남,46세,경상
2012073000100244,2012년 7월 30일 12시,월요일,경상북도 구미시 옥성면,부상신고사고,0,0,0,2,차대차 - 측면직각충돌,교차로운행방법위반,건조,맑음,교차로 - 교차로안,승용,여,54세,부상신고,건설기계,남,49세,상해없음
2012073000100245,2012년 7월 30일 12시,월요일,경상북도 구미시 광평동,경상사고,0,0,4,0,차대차 - 측면직각충돌,안전운전불이행,건조,맑음,교차로 - 교차로부근,승용,남,35세,상해없음,승용,남,29세,경상
2012073000100281,2012년 7월 30일 13시,월요일,경상북도 포항시 북구 장성동,경상사고,0,0,1,0,차대차 - 기타,교차로운행방법위반,건조,맑음,교차로 - 교차로안,화물,남,42세,상해없음,승용,여,56세,경상
2012073000100282,2012년 7월 30일 13시,월요일,경상북도 안동시 임동면,중상사고,0,2,1,0,차대차 - 추돌 - 진행중,안전거리미확보,건조,맑음,단일로 - 교량,화물,여,56세,중상,화물,남,40세,경상
2012073000100283,2012년 7월 30일 13시,월요일,경상북도 김천시 성내동,경상사고,0,0,1,0,차대사람 - 횡단중,보행자보호의무위반,건조,맑음,단일로 - 횡단보도상,승용,여,65세,상해없음,보행자,여,20세,경상
2012073000100284,2012년 7월 30일 13시,월요일,경상북도 성주군 초전면,중상사고,0,1,0,0,차대차 - 기타,직진우회전진행방해,건조,맑음,교차로 - 교차로부근,원동기,남,88세,중상,화물,남,64세,상해없음
2012073000100285,2012년 7월 30일 13시,월요일,경상북도 포항시 남구 해도동,경상사고,0,0,2,0,차대차 - 추돌 - 진행중,안전운전불이행,건조,맑음,교차로 - 교차로부근,승용,남,60세,경상,화물,남,20세,경상
2012073000100321,2012년 7월 30일 14시,월요일,경상북도 경주시 양남면,경상사고,0,0,1,0,차대차 - 측면직각충돌,안전운전불이행,건조,맑음,단일로 - 기타,승용,남,65세,상해없음,승용,여,47세,경상
2012073000100322,2012년 7월 30일 14시,월요일,경상북도 경주시 구황동,중상사고,0,2,0,0,차대차 - 추돌 - 진행중,안전운전불이행,건조,맑음,단일로 - 기타,승용,남,21세,상해없음,승용,남,31세,중상
2012073000100323,2012년 7월 30일 14시,월요일,경상북도 경주시 구황동,경상사고,0,0,2,0,차대차 - 측면직각충돌,안전운전불이행,건조,맑음,교차로 - 교차로부근,승용,남,34세,상해없음,승용,남,40세,경상
2012073000100324,2012년 7월 30일 14시,월요일,경상북도 포항시 북구 장성동,경상사고,0,0,1,0,차대차 - 기타,교차로운행방법위반,건조,맑음,교차로 - 교차로안,승용,남,63세,상해없음,화물,남,59세,경상
2012073000100326,2012년 7월 30일 14시,월요일,경상북도 영주시 하망동,경상사고,0,0,2,0,차대차 - 측면직각충돌,안전운전불이행,건조,맑음,교차로 - 교차로부근,승용,여,57세,경상,승용,남,30세,경상
2012073000100327,2012년 7월 30일 14시,월요일,경상북도 칠곡군 기산면,부상신고사고,0,0,0,1,차량단독 - 공작물충돌,안전운전불이행,건조,맑음,단일로 - 기타,승용,남,51세,부상신고,,,,
2012073000100328,2012년 7월 30일 14시,월요일,경상북도 울진군 기성면,중상사고,0,1,1,0,차대차 - 측면직각충돌,직진우회전진행방해,건조,맑음,교차로 - 교차로안,화물,남,27세,상해없음,승용,여,40세,경상
2012073000100329,2012년 7월 30일 14시,월요일,경상북도 울릉군 울릉읍,중상사고,0,1,0,0,차대사람 - 길가장자리구역통행중,안전운전불이행,건조,맑음,단일로 - 기타,승용,남,48세,상해없음,보행자,여,64세,중상
2012073000100330,2012년 7월 30일 14시,월요일,경상북도 구미시 선기동,중상사고,0,1,0,0,차대차 - 기타,안전운전불이행,건조,맑음,기타 - 기타,승용,남,51세,상해없음,자전거,남,15세,중상
2012073000100363,2012년 7월 30일 15시,월요일,경상북도 경주시 신평동,경상사고,0,0,1,0,차대차 - 측면직각충돌,안전운전불이행,건조,맑음,교차로 - 교차로안,승용,남,36세,상해없음,승용,여,45세,경상
2012073000100364,2012년 7월 30일 15시,월요일,경상북도 안동시 임하면,중상사고,0,2,0,0,차대차 - 정면충돌,중앙선침범,건조,맑음,단일로 - 기타,승용,여,43세,중상,승용,남,50세,중상
2012073000100403,2012년 7월 30일 16시,월요일,경상북도 상주시 무양동,중상사고,0,1,0,0,차대차 - 기타,신호위반,건조,맑음,교차로 - 교차로부근,승용,여,49세,상해없음,자전거,여,40세,중상
2012073000100404,2012년 7월 30일 16시,월요일,경상북도 구미시 지산동,중상사고,0,1,0,0,차대차 - 측면직각충돌,안전운전불이행,건조,맑음,단일로 - 교량,승용,남,53세,상해없음,승용,여,46세,중상
2012073000100435,2012년 7월 30일 17시,월요일,경상북도 포항시 북구 득량동,경상사고,0,0,1,0,차대차 - 기타,불법유턴,건조,맑음,교차로 - 교차로안,승용,남,55세,상해없음,승용,남,51세,경상
2012073000100436,2012년 7월 30일 17시,월요일,경상북도 김천시 삼락동,중상사고,0,4,1,0,차대차 - 측면직각충돌,안전운전불이행,건조,맑음,교차로 - 교차로부근,승용,여,44세,상해없음,승용,남,33세,중상
2012073000100437,2012년 7월 30일 17시,월요일,경상북도 봉화군 소천면,경상사고,0,0,2,0,차대차 - 추돌 - 주정차중,안전운전불이행,건조,맑음,단일로 - 기타,화물,남,49세,상해없음,승용,남,59세,경상
2012073000100438,2012년 7월 30일 17시,월요일,경상북도 울진군 북면,사망사고,1,0,0,0,차량단독 - 전도전복,안전운전불이행,건조,맑음,단일로 - 기타,농기계,남,72세,사망,,,,
2012073000100482,2012년 7월 30일 18시,월요일,경상북도 경주시 진현동,중상사고,0,1,0,0,차대차 - 측면직각충돌,안전운전불이행,건조,맑음,교차로 - 교차로안,농기계,남,75세,중상,승용,남,43세,상해없음
2012073000100483,2012년 7월 30일 18시,월요일,경상북도 경산시 하양읍,경상사고,0,0,1,0,차대차 - 기타,안전운전불이행,건조,맑음,단일로 - 기타,승용,남,25세,상해없음,승용,여,51세,경상
2012073000100484,2012년 7월 30일 18시,월요일,경상북도 구미시 옥성면,중상사고,0,1,0,0,차대차 - 측면직각충돌,안전운전불이행,건조,맑음,단일로 - 기타,이륜,남,80세,중상,화물,남,59세,상해없음
2012073000100485,2012년 7월 30일 18시,월요일,경상북도 경주시 율동,사망사고,1,0,2,0,차량단독 - 전도전복,안전운전불이행,건조,맑음,단일로 - 기타,화물,남,67세,사망,,,,
2012073000100514,2012년 7월 30일 19시,월요일,경상북도 울진군 근남면,경상사고,0,0,2,0,차대차 - 정면충돌,교차로운행방법위반,건조,맑음,교차로 - 교차로안,승용,남,53세,상해없음,승용,남,41세,경상
2012073000100548,2012년 7월 30일 20시,월요일,경상북도 경주시 감포읍,중상사고,0,1,0,0,차대사람 - 기타,안전운전불이행,건조,맑음,단일로 - 기타,승합,남,32세,상해없음,보행자,남,64세,중상
2012073000100549,2012년 7월 30일 20시,월요일,경상북도 안동시 옥동,경상사고,0,0,1,0,차대차 - 기타,안전운전불이행,건조,맑음,단일로 - 기타,승용,여,35세,상해없음,이륜,남,20세,경상
2012073000100550,2012년 7월 30일 20시,월요일,경상북도 안동시 풍산읍,중상사고,0,1,0,0,차대차 - 기타,교차로운행방법위반,건조,맑음,교차로 - 교차로안,승용,남,31세,상해없음,이륜,남,74세,중상
2012073000100551,2012년 7월 30일 20시,월요일,경상북도 영천시 북안면,부상신고사고,0,0,0,1,차대차 - 추돌 - 진행중,안전운전불이행,건조,맑음,기타 - 기타,이륜,남,28세,부상신고,승용,남,64세,상해없음
2012073000100552,2012년 7월 30일 20시,월요일,경상북도 영덕군 영덕읍,중상사고,0,1,0,0,차대사람 - 기타,안전운전불이행,건조,맑음,기타 - 기타,승용,남,40세,상해없음,보행자,남,17세,중상
2012073000100578,2012년 7월 30일 21시,월요일,경상북도 포항시 북구 죽도동,경상사고,0,0,1,0,차대사람 - 보도통행중,안전운전불이행,건조,맑음,기타 - 기타,승용,남,48세,기타불명,보행자,여,17세,경상
2012073000100601,2012년 7월 30일 22시,월요일,경상북도 청도군 청도읍,사망사고,1,0,0,0,차대차 - 추돌 - 진행중,안전운전불이행,건조,맑음,단일로 - 기타,화물,남,47세,사망,화물,남,57세,상해없음
2012073000100630,2012년 7월 30일 23시,월요일,경상북도 경주시 양남면,경상사고,0,0,1,0,차대차 - 측면직각충돌,중앙선침범,건조,맑음,단일로 - 기타,승용,남,34세,상해없음,승용,남,51세,상해없음
2012073100100016,2012년 7월 31일 00시,화요일,경상북도 경산시 중방동,경상사고,0,0,1,0,차대차 - 기타,신호위반,건조,기타,교차로 - 교차로안,승용,여,59세,상해없음,승용,남,58세,경상
2012073100100036,2012년 7월 31일 01시,화요일,경상북도 경주시 안강읍,경상사고,0,0,1,0,차대사람 - 기타,안전운전불이행,건조,맑음,단일로 - 기타,승용,기타불명,기타불명,기타불명,보행자,남,41세,경상