사고번호,사고일시,요일,시군구,사고내용,사망자수,중상자수,경상자수,부상신고자수,사고유형,법규위반,노면상태,기상상태,도로형태,가해운전자 차종,가해운전자 성별,가해운전자 연령,가해운전자 상해정도,피해운전자 차종,피해운전자 성별,피해운전자 연령,피해운전자 상해정도
2012080800100186,2012년 8월 8일 10시,수요일,경상북도 영주시 풍기읍,중상사고,0,1,0,0,차대사람 - 횡단중,안전운전불이행,건조,맑음,단일로 - 기타,승용,남,78세,상해없음,보행자,여,83세,중상
2012080800100187,2012년 8월 8일 10시,수요일,경상북도 칠곡군 약목면,부상신고사고,0,0,0,1,차대차 - 기타,안전운전불이행,건조,맑음,단일로 - 기타,원동기,남,46세,부상신고,화물,남,39세,상해없음
2012080800100217,2012년 8월 8일 11시,수요일,경상북도 경산시 하양읍,경상사고,0,0,6,0,차대차 - 기타,교차로운행방법위반,건조,맑음,교차로 - 교차로안,승용,여,39세,경상,승용,여,37세,경상
2012080800100218,2012년 8월 8일 11시,수요일,경상북도 영덕군 남정면,중상사고,0,1,0,0,차대차 - 기타,차로위반,건조,맑음,단일로 - 기타,이륜,여,68세,중상,승용,남,50세,상해없음
2012080800100241,2012년 8월 8일 12시,수요일,경상북도 청도군 풍각면,경상사고,0,0,1,0,차대차 - 측면직각충돌,교차로운행방법위반,건조,맑음,교차로 - 교차로안,승용,남,67세,상해없음,승용,남,44세,경상
2012080800100242,2012년 8월 8일 12시,수요일,경상북도 포항시 남구 상도동,경상사고,0,0,1,0,차대차 - 기타,안전운전불이행,건조,맑음,단일로 - 기타,화물,남,53세,상해없음,자전거,여,49세,경상
2012080800100262,2012년 8월 8일 13시,수요일,경상북도 경주시 황성동,경상사고,0,0,1,0,차대사람 - 기타,안전운전불이행,건조,맑음,단일로 - 기타,승용,남,30세,상해없음,보행자,남,45세,경상
2012080800100263,2012년 8월 8일 13시,수요일,경상북도 안동시 길안면,중상사고,0,2,0,0,차대차 - 추돌 - 진행중,안전운전불이행,건조,맑음,단일로 - 기타,화물,남,79세,상해없음,승합,남,46세,중상
2012080800100264,2012년 8월 8일 13시,수요일,경상북도 울진군 울진읍,경상사고,0,0,2,0,차대차 - 측면직각충돌,안전운전불이행,건조,맑음,교차로 - 교차로안,승용,남,77세,경상,화물,남,41세,경상
2012080800100284,2012년 8월 8일 14시,수요일,경상북도 경주시 동부동,중상사고,0,1,0,0,차대사람 - 기타,안전운전불이행,건조,맑음,기타 - 기타,승용,여,43세,상해없음,보행자,여,77세,중상
2012080800100285,2012년 8월 8일 14시,수요일,경상북도 영천시 문외동,경상사고,0,0,2,1,차대차 - 기타,안전운전불이행,건조,맑음,교차로 - 교차로안,화물,남,53세,부상신고,승용,여,49세,경상
2012080800100286,2012년 8월 8일 14시,수요일,경상북도 울진군 기성면,경상사고,0,0,2,0,차대차 - 측면직각충돌,안전운전불이행,건조,맑음,단일로 - 기타,건설기계,남,43세,상해없음,승용,남,32세,경상
2012080800100287,2012년 8월 8일 14시,수요일,경상북도 포항시 남구 동해면,경상사고,0,0,1,0,차대차 - 기타,안전운전불이행,건조,맑음,단일로 - 기타,승용,남,54세,상해없음,승용,여,57세,경상
2012080800100357,2012년 8월 8일 16시,수요일,경상북도 포항시 북구 용흥동,경상사고,0,0,1,0,차대차 - 측면직각충돌,안전거리미확보,건조,맑음,단일로 - 기타,승용,남,64세,상해없음,화물,남,59세,경상
2012080800100358,2012년 8월 8일 16시,수요일,경상북도 의성군 안평면,경상사고,0,0,2,0,차대차 - 기타,기타,건조,맑음,교차로 - 교차로안,승용,여,36세,상해없음,원동기,여,63세,경상
2012080800100359,2012년 8월 8일 16시,수요일,경상북도 의성군 안평면,중상사고,0,1,0,0,차대차 - 기타,안전운전불이행,건조,맑음,단일로 - 기타,건설기계,남,40세,상해없음,농기계,남,60세,중상
2012080800100360,2012년 8월 8일 16시,수요일,경상북도 영천시 오수동,중상사고,0,2,2,0,차대차 - 정면충돌,신호위반,건조,맑음,교차로 - 교차로안,승용,남,64세,상해없음,승용,여,48세,중상
2012080800100361,2012년 8월 8일 16시,수요일,경상북도 문경시 점촌동,중상사고,0,1,0,0,차대사람 - 기타,안전운전불이행,건조,맑음,교차로 - 교차로안,승용,남,52세,상해없음,보행자,남,36세,중상
2012080800100386,2012년 8월 8일 17시,수요일,경상북도 포항시 남구 해도동,경상사고,0,0,1,0,차대차 - 기타,안전운전불이행,건조,맑음,교차로 - 교차로부근,이륜,남,59세,경상,승용,남,67세,상해없음
2012080800100419,2012년 8월 8일 18시,수요일,경상북도 경주시 보문동,중상사고,0,3,0,0,차대차 - 기타,안전운전불이행,건조,맑음,단일로 - 기타,승용,여,54세,상해없음,승용,남,29세,중상
2012080800100420,2012년 8월 8일 18시,수요일,경상북도 포항시 북구 죽도동,경상사고,0,0,1,0,차대차 - 측면직각충돌,안전운전불이행,건조,맑음,단일로 - 기타,원동기,남,26세,상해없음,승용,남,27세,경상
2012080800100484,2012년 8월 8일 20시,수요일,경상북도 안동시 용상동,중상사고,0,2,1,0,차대차 - 측면직각충돌,신호위반,건조,맑음,교차로 - 교차로안,승용,남,30세,경상,화물,남,51세,중상
2012080800100485,2012년 8월 8일 20시,수요일,경상북도 의성군 가음면,중상사고,0,1,0,0,차대차 - 기타,중앙선침범,건조,맑음,단일로 - 기타,화물,남,74세,상해없음,원동기,남,45세,중상
2012080800100550,2012년 8월 8일 22시,수요일,경상북도 포항시 북구 죽도동,경상사고,0,0,1,0,차대차 - 기타,안전거리미확보,건조,맑음,교차로 - 교차로부근,승용,남,57세,상해없음,승용,여,47세,경상
2012080800100551,2012년 8월 8일 22시,수요일,경상북도 김천시 부곡동,경상사고,0,0,1,0,차대차 - 측면직각충돌,안전운전불이행,건조,맑음,교차로 - 교차로부근,화물,남,53세,상해없음,승용,남,53세,경상
2012080800100580,2012년 8월 8일 23시,수요일,경상북도 포항시 북구 용흥동,경상사고,0,0,1,0,차대차 - 기타,안전거리미확보,건조,맑음,단일로 - 기타,승용,남,48세,상해없음,승용,남,43세,상해없음
2012080900100089,2012년 8월 9일 07시,목요일,경상북도 경주시 배반동,중상사고,0,1,0,0,차대사람 - 기타,신호위반,건조,맑음,단일로 - 횡단보도상,승용,남,52세,상해없음,보행자,여,73세,중상
2012080900100090,2012년 8월 9일 07시,목요일,경상북도 영천시 녹전동,중상사고,0,1,0,0,차대차 - 기타,안전운전불이행,건조,맑음,교차로 - 교차로안,승용,기타불명,기타불명,기타불명,원동기,여,46세,중상
2012080900100091,2012년 8월 9일 07시,목요일,경상북도 경산시 하양읍,중상사고,0,1,5,0,차대차 - 기타,안전운전불이행,건조,기타,교차로 - 교차로안,승용,여,44세,상해없음,승합,남,57세,상해없음
2012080900100092,2012년 8월 9일 07시,목요일,경상북도 성주군 성주읍,중상사고,0,1,0,0,차대차 - 기타,기타,건조,맑음,단일로 - 기타,기타불명,기타불명,기타불명,기타불명,승용,여,47세,중상
2012080900100093,2012년 8월 9일 07시,목요일,경상북도 경산시 진량읍,경상사고,0,0,1,0,차대차 - 측면직각충돌,안전거리미확보,건조,맑음,단일로 - 기타,화물,남,32세,상해없음,승용,남,55세,경상
2012080900100120,2012년 8월 9일 08시,목요일,경상북도 포항시 북구 항구동,경상사고,0,0,1,0,차대사람 - 기타,신호위반,건조,맑음,단일로 - 기타,승용,여,52세,상해없음,보행자,여,22세,경상
2012080900100169,2012년 8월 9일 10시,목요일,경상북도 경주시 동부동,중상사고,0,1,0,0,차대차 - 기타,안전운전불이행,건조,맑음,교차로 - 교차로부근,화물,남,37세,상해없음,자전거,남,71세,중상
2012080900100170,2012년 8월 9일 10시,목요일,경상북도 경주시 용강동,중상사고,0,1,0,0,차대사람 - 기타,안전운전불이행,건조,맑음,교차로 - 교차로안,승용,여,35세,상해없음,보행자,여,45세,중상
2012080900100198,2012년 8월 9일 11시,목요일,경상북도 경산시 백천동,중상사고,0,1,1,0,차대차 - 기타,안전운전불이행,건조,맑음,단일로 - 기타,승용,여,19세,상해없음,승용,남,31세,경상
2012080900100199,2012년 8월 9일 11시,목요일,경상북도 경산시 남산면,경상사고,0,0,1,0,차대차 - 기타,안전운전불이행,건조,맑음,단일로 - 기타,화물,여,52세,상해없음,화물,남,50세,상해없음
2012080900100226,2012년 8월 9일 12시,목요일,경상북도 경산시 정평동,경상사고,0,0,1,0,차대사람 - 기타,안전운전불이행,건조,기타,단일로 - 기타,승용,남,53세,상해없음,보행자,남,38세,경상
2012080900100251,2012년 8월 9일 13시,목요일,경상북도 상주시 성동동,중상사고,0,1,0,0,차대차 - 기타,교차로운행방법위반,건조,맑음,교차로 - 교차로안,승용,여,24세,상해없음,원동기,남,71세,중상
2012080900100278,2012년 8월 9일 14시,목요일,경상북도 칠곡군 지천면,부상신고사고,0,0,0,2,차량단독 - 기타,안전운전불이행,건조,맑음,단일로 - 기타,승용,남,49세,부상신고,,,,
2012080900100279,2012년 8월 9일 14시,목요일,경상북도 포항시 남구 동촌동,경상사고,0,0,2,0,차대차 - 측면직각충돌,안전운전불이행,건조,맑음,단일로 - 기타,화물,남,55세,상해없음,승용,여,52세,경상
2012080900100312,2012년 8월 9일 15시,목요일,경상북도 김천시 개령면,경상사고,0,0,1,0,차대차 - 측면직각충돌,중앙선침범,건조,맑음,단일로 - 기타,승용,남,30세,상해없음,승용,남,39세,경상
2012080900100313,2012년 8월 9일 15시,목요일,경상북도 구미시 선산읍,중상사고,0,1,0,0,차대차 - 기타,안전운전불이행,건조,맑음,단일로 - 기타,승합,남,39세,상해없음,농기계,남,56세,중상
2012080900100345,2012년 8월 9일 16시,목요일,경상북도 포항시 북구 흥해읍,중상사고,0,1,0,0,차대차 - 기타,교차로운행방법위반,건조,맑음,교차로 - 교차로안,승용,여,50세,상해없음,자전거,여,57세,중상
2012080900100346,2012년 8월 9일 16시,목요일,경상북도 문경시 점촌동,경상사고,0,0,1,0,차대차 - 기타,기타,건조,맑음,교차로 - 교차로안,승용,남,68세,상해없음,자전거,여,64세,경상
2012080900100347,2012년 8월 9일 16시,목요일,경상북도 예천군 예천읍,중상사고,0,2,0,0,차대차 - 기타,안전운전불이행,건조,맑음,교차로 - 교차로안,승용,여,50세,상해없음,원동기,남,59세,중상
2012080900100349,2012년 8월 9일 16시,목요일,경상북도 포항시 남구 송도동,경상사고,0,0,2,0,차대차 - 기타,안전거리미확보,건조,맑음,단일로 - 기타,승용,여,54세,경상,승용,남,63세,경상
2012080900100382,2012년 8월 9일 17시,목요일,경상북도 구미시 황상동,경상사고,0,0,7,0,차대차 - 측면직각충돌,안전운전불이행,건조,맑음,교차로 - 교차로부근,승용,여,27세,경상,승용,여,39세,경상
2012080900100383,2012년 8월 9일 17시,목요일,경상북도 포항시 남구 연일읍,경상사고,0,0,1,0,차대사람 - 기타,안전운전불이행,건조,맑음,교차로 - 교차로부근,승용,여,45세,상해없음,보행자,남,8세,경상
2012080900100412,2012년 8월 9일 18시,목요일,경상북도 칠곡군 왜관읍,부상신고사고,0,0,0,1,차대사람 - 횡단중,안전운전불이행,건조,맑음,단일로 - 기타,승용,남,41세,상해없음,보행자,여,38세,부상신고
2012080900100413,2012년 8월 9일 18시,목요일,경상북도 문경시 마성면,경상사고,0,0,1,0,차대차 - 기타,중앙선침범,건조,맑음,단일로 - 기타,화물,남,36세,기타불명,화물,남,49세,상해없음
2012080900100414,2012년 8월 9일 18시,목요일,경상북도 영덕군 영해면,중상사고,0,1,1,0,차대차 - 추돌 - 진행중,안전운전불이행,건조,맑음,단일로 - 교량,승용,여,27세,경상,승용,남,49세,중상
2012080900100415,2012년 8월 9일 18시,목요일,경상북도 청도군 각남면,중상사고,0,1,1,0,차량단독 - 도로외이탈 - 추락,안전운전불이행,건조,맑음,단일로 - 기타,승용,남,75세,경상,,,,
2012080900100416,2012년 8월 9일 18시,목요일,경상북도 울진군 후포면,경상사고,0,0,1,1,차대차 - 기타,안전운전불이행,건조,맑음,단일로 - 기타,화물,남,51세,상해없음,승용,남,42세,경상
2012080900100417,2012년 8월 9일 18시,목요일,경상북도 구미시 상모동,경상사고,0,0,1,0,차대차 - 기타,안전거리미확보,건조,맑음,단일로 - 기타,이륜,남,17세,경상,승용,남,63세,상해없음
2012080900100418,2012년 8월 9일 18시,목요일,경상북도 구미시 선산읍,경상사고,0,0,1,0,차대차 - 측면직각충돌,안전운전불이행,건조,흐림,교차로 - 교차로안,원동기,여,60세,경상,승용,남,70세,상해없음
2012080900100419,2012년 8월 9일 18시,목요일,경상북도 포항시 남구 송도동,경상사고,0,0,1,0,차대사람 - 기타,안전운전불이행,건조,맑음,단일로 - 기타,승용,남,28세,상해없음,보행자,남,63세,경상
2012080900100452,2012년 8월 9일 19시,목요일,경상북도 안동시 용상동,중상사고,0,1,2,0,차대차 - 추돌 - 진행중,안전운전불이행,건조,맑음,교차로 - 교차로부근,승용,여,44세,상해없음,승용,여,60세,상해없음
2012080900100453,2012년 8월 9일 19시,목요일,경상북도 칠곡군 가산면,중상사고,0,1,0,0,차대사람 - 차도통행중,안전운전불이행,건조,맑음,단일로 - 기타,승용,남,45세,상해없음,보행자,남,46세,중상
2012080900100493,2012년 8월 9일 20시,목요일,경상북도 경주시 동천동,부상신고사고,0,0,0,5,차대차 - 기타,안전운전불이행,건조,맑음,교차로 - 교차로부근,승용,남,41세,부상신고,승용,남,50세,부상신고
2012080900100494,2012년 8월 9일 20시,목요일,경상북도 구미시 오태동,경상사고,0,0,2,0,차대차 - 추돌 - 진행중,안전운전불이행,건조,맑음,단일로 - 기타,승용,남,62세,기타불명,승용,남,58세,경상
2012080900100515,2012년 8월 9일 21시,목요일,경상북도 경주시 황성동,중상사고,0,1,0,0,차대사람 - 기타,신호위반,건조,맑음,단일로 - 횡단보도상,승용,여,40세,상해없음,보행자,남,4세,중상
2012080900100545,2012년 8월 9일 22시,목요일,경상북도 포항시 북구 환호동,중상사고,0,1,0,0,차대차 - 기타,중앙선침범,건조,맑음,단일로 - 기타,승용,남,35세,상해없음,원동기,남,22세,중상
2012080900100573,2012년 8월 9일 23시,목요일,경상북도 경산시 옥산동,경상사고,0,0,1,0,차대차 - 추돌 - 주정차중,안전운전불이행,건조,맑음,교차로 - 교차로부근,승용,남,22세,상해없음,승용,여,27세,경상
2012081000100032,2012년 8월 10일 01시,금요일,경상북도 구미시 원평동,중상사고,0,1,0,0,차대사람 - 기타,안전운전불이행,기타,맑음,기타 - 기타,기타불명,기타불명,기타불명,기타불명,보행자,남,39세,중상
2012081000100033,2012년 8월 10일 01시,금요일,경상북도 포항시 남구 대도동,경상사고,0,0,1,0,차대차 - 추돌 - 주정차중,안전운전불이행,건조,맑음,교차로 - 교차로부근,승용,남,23세,경상,승용,남,42세,상해없음
2012081000100065,2012년 8월 10일 03시,금요일,경상북도 경주시 노서동,경상사고,0,0,1,0,차대차 - 기타,안전운전불이행,건조,맑음,교차로 - 교차로부근,승용,남,28세,상해없음,승용,남,22세,경상
2012081000100080,2012년 8월 10일 05시,금요일,경상북도 청도군 청도읍,중상사고,0,2,0,0,차대차 - 정면충돌,교차로운행방법위반,건조,맑음,교차로 - 교차로안,화물,남,47세,상해없음,승용,남,63세,상해없음
2012081000100091,2012년 8월 10일 06시,금요일,경상북도 안동시 옥동,경상사고,0,0,2,0,차대차 - 추돌 - 진행중,안전거리미확보,건조,맑음,교차로 - 교차로안,승용,남,33세,상해없음,승용,여,51세,경상
2012081000100092,2012년 8월 10일 06시,금요일,경상북도 경산시 압량면,중상사고,0,1,0,0,차대차 - 기타,안전운전불이행,건조,기타,교차로 - 교차로부근,이륜,남,86세,상해없음,이륜,남,81세,중상
2012081000100136,2012년 8월 10일 08시,금요일,경상북도 구미시 원평동,중상사고,0,1,0,0,차대사람 - 횡단중,안전운전불이행,건조,맑음,단일로 - 기타,화물,남,64세,상해없음,보행자,여,74세,중상
2012081000100160,2012년 8월 10일 09시,금요일,경상북도 경주시 안강읍,중상사고,0,1,0,0,차대차 - 측면직각충돌,신호위반,건조,맑음,교차로 - 교차로안,자전거,여,53세,상해없음,자전거,여,79세,중상
2012081000100161,2012년 8월 10일 09시,금요일,경상북도 경산시 하양읍,경상사고,0,0,1,0,차대차 - 기타,안전운전불이행,건조,맑음,단일로 - 기타,승용,남,70세,상해없음,승용,남,25세,상해없음
2012081000100162,2012년 8월 10일 09시,금요일,경상북도 구미시 원평동,중상사고,0,1,0,0,차대차 - 기타,안전운전불이행,건조,흐림,기타 - 기타,승용,남,44세,상해없음,승용,남,51세,상해없음
2012081000100163,2012년 8월 10일 09시,금요일,경상북도 구미시 옥계동,중상사고,0,1,0,0,차대차 - 기타,안전운전불이행,건조,맑음,교차로 - 교차로부근,승용,남,64세,상해없음,원동기,남,79세,중상
2012081000100164,2012년 8월 10일 09시,금요일,경상북도 구미시 도량동,중상사고,0,1,0,0,차대차 - 추돌 - 진행중,안전운전불이행,건조,흐림,단일로 - 기타,승용,여,30세,상해없음,승용,여,33세,중상
2012081000100197,2012년 8월 10일 10시,금요일,경상북도 경산시 사동,중상사고,0,1,0,0,차대사람 - 기타,보행자보호의무위반,건조,맑음,교차로 - 교차로안,승용,남,30세,상해없음,보행자,여,69세,중상
2012081000100198,2012년 8월 10일 10시,금요일,경상북도 구미시 원평동,경상사고,0,0,1,0,차대사람 - 횡단중,안전운전불이행,건조,맑음,단일로 - 기타,승용,여,60세,상해없음,보행자,여,55세,경상
2012081000100224,2012년 8월 10일 11시,금요일,경상북도 경주시 배반동,중상사고,0,1,0,2,차대차 - 측면직각충돌,안전운전불이행,건조,맑음,단일로 - 기타,승용,남,49세,상해없음,승용,여,49세,부상신고
2012081000100225,2012년 8월 10일 11시,금요일,경상북도 김천시 남면,중상사고,0,1,0,0,차대차 - 측면직각충돌,안전운전불이행,건조,맑음,교차로 - 교차로안,승용,남,52세,중상,승용,남,27세,기타불명
2012081000100226,2012년 8월 10일 11시,금요일,경상북도 경산시 정평동,중상사고,0,1,0,0,차대차 - 기타,안전운전불이행,건조,맑음,교차로 - 교차로부근,승용,남,50세,상해없음,승용,남,41세,중상
2012081000100227,2012년 8월 10일 11시,금요일,경상북도 예천군 하리면,중상사고,0,1,0,0,차대사람 - 기타,안전운전불이행,건조,맑음,단일로 - 기타,승용,여,57세,상해없음,보행자,남,75세,중상
2012081000100228,2012년 8월 10일 11시,금요일,경상북도 봉화군 법전면,중상사고,0,2,1,0,차량단독 - 전도전복,안전운전불이행,건조,맑음,단일로 - 기타,승용,여,53세,중상,,,,
2012081000100258,2012년 8월 10일 12시,금요일,경상북도 안동시 태화동,중상사고,0,1,0,0,차대차 - 기타,직진우회전진행방해,건조,맑음,교차로 - 교차로안,승용,남,49세,상해없음,이륜,남,35세,중상
2012081000100259,2012년 8월 10일 12시,금요일,경상북도 구미시 구포동,중상사고,0,1,2,0,차대차 - 기타,안전운전불이행,건조,맑음,교차로 - 교차로안,화물,남,54세,상해없음,승용,남,42세,경상
2012081000100288,2012년 8월 10일 13시,금요일,경상북도 경주시 감포읍,경상사고,0,0,1,0,차대차 - 측면직각충돌,안전운전불이행,건조,맑음,교차로 - 교차로안,농기계,남,84세,상해없음,승용,여,30세,경상
2012081000100289,2012년 8월 10일 13시,금요일,경상북도 경주시 보문동,경상사고,0,0,1,0,차대차 - 측면직각충돌,신호위반,습기,비,교차로 - 교차로안,승용,남,45세,상해없음,승용,여,44세,경상
2012081000100290,2012년 8월 10일 13시,금요일,경상북도 포항시 북구 용흥동,경상사고,0,0,1,0,차대차 - 추돌 - 주정차중,안전운전불이행,건조,맑음,단일로 - 기타,원동기,남,17세,상해없음,승용,남,58세,경상
2012081000100291,2012년 8월 10일 13시,금요일,경상북도 포항시 북구 용흥동,경상사고,0,0,1,0,차대차 - 기타,교차로운행방법위반,건조,흐림,교차로 - 교차로안,승용,남,71세,상해없음,원동기,여,35세,경상
2012081000100292,2012년 8월 10일 13시,금요일,경상북도 울진군 근남면,경상사고,0,0,1,0,차대차 - 정면충돌,중앙선침범,습기,비,교차로 - 교차로부근,원동기,남,75세,경상,승용,여,47세,상해없음
2012081000100329,2012년 8월 10일 14시,금요일,경상북도 경주시 안강읍,중상사고,0,1,0,0,차대사람 - 기타,안전운전불이행,습기,비,단일로 - 기타,승용,여,50세,상해없음,보행자,남,79세,중상
2012081000100330,2012년 8월 10일 14시,금요일,경상북도 안동시 옥동,경상사고,0,0,1,0,차대차 - 추돌 - 주정차중,안전운전불이행,습기,비,단일로 - 기타,승용,남,37세,상해없음,승용,남,29세,경상
2012081000100331,2012년 8월 10일 14시,금요일,경상북도 영천시 대창면,중상사고,0,1,0,0,차대사람 - 기타,안전운전불이행,건조,맑음,단일로 - 기타,화물,남,54세,상해없음,보행자,여,52세,중상
2012081000100332,2012년 8월 10일 14시,금요일,경상북도 청도군 매전면,중상사고,0,1,0,0,차대차 - 기타,중앙선침범,건조,맑음,단일로 - 기타,원동기,여,60세,중상,화물,남,51세,상해없음
2012081000100333,2012년 8월 10일 14시,금요일,경상북도 포항시 남구 장흥동,경상사고,0,0,1,0,차대차 - 추돌 - 진행중,신호위반,습기,비,교차로 - 교차로안,특수,남,35세,상해없음,승용,여,53세,경상
2012081000100359,2012년 8월 10일 15시,금요일,경상북도 경주시 외동읍,부상신고사고,0,0,0,1,차대차 - 측면직각충돌,안전운전불이행,습기,비,단일로 - 기타,화물,남,66세,상해없음,화물,남,58세,상해없음
2012081000100360,2012년 8월 10일 15시,금요일,경상북도 영천시 화남면,사망사고,1,0,0,0,차대차 - 측면직각충돌,안전운전불이행,습기,비,단일로 - 기타,승용,남,41세,사망,화물,남,51세,상해없음
2012081000100405,2012년 8월 10일 16시,금요일,경상북도 경주시 천군동,중상사고,0,5,3,0,차대차 - 측면직각충돌,중앙선침범,습기,흐림,단일로 - 기타,승용,남,30세,중상,승용,남,33세,중상
2012081000100406,2012년 8월 10일 16시,금요일,경상북도 경산시 옥산동,중상사고,0,1,1,0,차대차 - 기타,신호위반,건조,흐림,교차로 - 교차로안,승용,여,43세,경상,화물,남,34세,중상
2012081000100407,2012년 8월 10일 16시,금요일,경상북도 경산시 조영동,중상사고,0,1,3,0,차대차 - 기타,안전운전불이행,건조,맑음,교차로 - 교차로부근,승합,여,49세,상해없음,승용,남,32세,중상
2012081000100438,2012년 8월 10일 17시,금요일,경상북도 김천시 봉산면,중상사고,0,2,1,0,차대차 - 측면직각충돌,불법유턴,건조,맑음,교차로 - 교차로부근,승합,남,55세,상해없음,승용,여,41세,경상
2012081000100439,2012년 8월 10일 17시,금요일,경상북도 경산시 계양동,중상사고,0,1,0,0,차대사람 - 기타,신호위반,습기,비,단일로 - 횡단보도상,승용,남,43세,상해없음,보행자,남,20세,중상
2012081000100440,2012년 8월 10일 17시,금요일,경상북도 경산시 와촌면,경상사고,0,0,1,0,차대차 - 기타,안전운전불이행,건조,맑음,교차로 - 교차로안,화물,남,72세,상해없음,승용,남,73세,경상
2012081000100441,2012년 8월 10일 17시,금요일,경상북도 청도군 각북면,중상사고,0,1,1,0,차대차 - 정면충돌,중앙선침범,습기,비,단일로 - 기타,승용,남,50세,상해없음,승용,남,45세,중상
2012081000100442,2012년 8월 10일 17시,금요일,경상북도 고령군 다산면,경상사고,0,0,1,0,차대사람 - 차도통행중,안전운전불이행,습기,비,단일로 - 기타,화물,남,53세,상해없음,보행자,여,49세,경상
2012081000100443,2012년 8월 10일 17시,금요일,경상북도 고령군 다산면,중상사고,0,1,0,0,차대사람 - 기타,안전운전불이행,습기,흐림,기타 - 기타,화물,남,29세,상해없음,보행자,남,53세,중상
2012081000100490,2012년 8월 10일 18시,금요일,경상북도 안동시 옥동,중상사고,0,1,1,0,차대차 - 측면직각충돌,과속,건조,맑음,교차로 - 교차로안,승용,남,24세,경상,승용,남,57세,중상
2012081000100491,2012년 8월 10일 18시,금요일,경상북도 상주시 외답동,중상사고,0,2,0,0,차대차 - 기타,안전운전불이행,습기,비,단일로 - 기타,승용,남,62세,상해없음,원동기,미분류,27세,중상
2012081000100492,2012년 8월 10일 18시,금요일,경상북도 영주시 영주동,경상사고,0,0,2,0,차대사람 - 길가장자리구역통행중,안전운전불이행,건조,맑음,기타 - 기타,승용,여,34세,경상,보행자,여,51세,경상
2012081000100493,2012년 8월 10일 18시,금요일,경상북도 봉화군 소천면,중상사고,0,1,2,0,차대차 - 측면직각충돌,중앙선침범,습기,비,단일로 - 기타,승용,남,46세,중상,화물,남,43세,경상
2012081000100494,2012년 8월 10일 18시,금요일,경상북도 포항시 남구 호동,중상사고,0,1,0,0,차대차 - 기타,중앙선침범,습기,비,단일로 - 기타,승용,남,42세,상해없음,승용,여,45세,중상
2012081000100534,2012년 8월 10일 19시,금요일,경상북도 안동시 수상동,경상사고,0,0,4,0,차대차 - 추돌 - 주정차중,안전운전불이행,습기,비,단일로 - 기타,승용,남,71세,상해없음,승용,남,27세,경상
2012081000100535,2012년 8월 10일 19시,금요일,경상북도 안동시 정하동,중상사고,0,1,0,0,차대차 - 추돌 - 주정차중,안전운전불이행,습기,비,단일로 - 교량,승용,남,49세,상해없음,승용,남,61세,중상
2012081000100536,2012년 8월 10일 19시,금요일,경상북도 청도군 청도읍,경상사고,0,0,1,1,차대차 - 정면충돌,중앙선침범,습기,비,단일로 - 기타,승용,여,38세,부상신고,화물,남,43세,경상
2012081000100583,2012년 8월 10일 20시,금요일,경상북도 안동시 일직면,중상사고,0,1,0,0,차대차 - 측면직각충돌,중앙선침범,건조,맑음,단일로 - 기타,화물,남,57세,상해없음,화물,남,45세,중상
2012081000100584,2012년 8월 10일 20시,금요일,경상북도 영양군 석보면,경상사고,0,0,3,0,차대차 - 기타,안전운전불이행,습기,비,단일로 - 기타,승용,남,36세,경상,승용,남,59세,상해없음
2012081000100613,2012년 8월 10일 21시,금요일,경상북도 안동시 송현동,경상사고,0,0,1,0,차대차 - 기타,안전거리미확보,건조,맑음,단일로 - 기타,승용,여,55세,상해없음,원동기,남,66세,경상
2012081000100614,2012년 8월 10일 21시,금요일,경상북도 경산시 신천동,경상사고,0,0,1,0,차대차 - 추돌 - 주정차중,안전운전불이행,건조,흐림,교차로 - 교차로부근,승용,남,55세,상해없음,승합,남,36세,경상
2012081000100633,2012년 8월 10일 22시,금요일,경상북도 김천시 부곡동,중상사고,0,1,0,0,차대차 - 측면직각충돌,안전운전불이행,습기,비,단일로 - 기타,화물,남,45세,상해없음,이륜,남,31세,중상
2012081000100634,2012년 8월 10일 22시,금요일,경상북도 문경시 점촌동,경상사고,0,0,2,0,차대차 - 기타,안전운전불이행,건조,맑음,교차로 - 교차로부근,승용,남,43세,상해없음,승용,여,41세,경상
2012081000100635,2012년 8월 10일 22시,금요일,경상북도 구미시 신평동,중상사고,0,2,1,0,차대차 - 기타,안전거리미확보,건조,맑음,교차로 - 교차로부근,승용,남,28세,중상,승용,남,36세,상해없음
2012081000100666,2012년 8월 10일 23시,금요일,경상북도 구미시 원평동,중상사고,0,1,0,0,차대차 - 측면직각충돌,신호위반,건조,흐림,교차로 - 교차로안,원동기,남,18세,상해없음,원동기,남,25세,중상
2012081100100024,2012년 8월 11일 00시,토요일,경상북도 구미시 옥성면,사망사고,1,0,0,0,차대차 - 추돌 - 진행중,안전운전불이행,건조,흐림,단일로 - 기타,승용,남,20세,상해없음,특수,남,58세,사망
2012081100100054,2012년 8월 11일 01시,토요일,경상북도 구미시 구평동,경상사고,0,0,3,0,차대차 - 추돌 - 주정차중,안전운전불이행,습기,비,교차로 - 교차로안,승용,남,32세,상해없음,승용,남,30세,경상
2012081100100071,2012년 8월 11일 02시,토요일,경상북도 경산시 임당동,경상사고,0,0,2,0,차대차 - 기타,안전운전불이행,건조,맑음,단일로 - 기타,승용,여,27세,상해없음,승용,남,49세,경상