사고번호,사고일시,요일,시군구,사고내용,사망자수,중상자수,경상자수,부상신고자수,사고유형,법규위반,노면상태,기상상태,도로형태,가해운전자 차종,가해운전자 성별,가해운전자 연령,가해운전자 상해정도,피해운전자 차종,피해운전자 성별,피해운전자 연령,피해운전자 상해정도
2012081100100085,2012년 8월 11일 03시,토요일,경상북도 경주시 동천동,경상사고,0,0,1,0,차대사람 - 기타,불법유턴,건조,맑음,단일로 - 기타,승용,여,28세,상해없음,보행자,남,28세,경상
2012081100100086,2012년 8월 11일 03시,토요일,경상북도 포항시 남구 상도동,경상사고,0,0,1,0,차대차 - 측면직각충돌,안전운전불이행,건조,맑음,단일로 - 기타,승용,남,18세,상해없음,승용,여,23세,경상
2012081100100103,2012년 8월 11일 04시,토요일,경상북도 포항시 북구 남빈동,경상사고,0,0,1,0,차대차 - 기타,안전운전불이행,건조,맑음,교차로 - 교차로부근,화물,남,35세,상해없음,승용,여,49세,경상
2012081100100104,2012년 8월 11일 04시,토요일,경상북도 포항시 북구 죽도동,경상사고,0,0,4,0,차대차 - 추돌 - 주정차중,안전운전불이행,건조,맑음,단일로 - 기타,승용,남,34세,상해없음,승용,남,47세,경상
2012081100100105,2012년 8월 11일 04시,토요일,경상북도 포항시 북구 중앙동,중상사고,0,1,0,0,차대사람 - 기타,신호위반,건조,맑음,단일로 - 횡단보도상,승용,남,23세,상해없음,보행자,남,64세,중상
2012081100100117,2012년 8월 11일 05시,토요일,경상북도 경주시 탑동,중상사고,0,1,0,0,차대차 - 기타,중앙선침범,건조,흐림,교차로 - 교차로부근,승용,남,25세,상해없음,승용,남,37세,중상
2012081100100118,2012년 8월 11일 05시,토요일,경상북도 경주시 구황동,경상사고,0,0,1,0,차대차 - 기타,신호위반,습기,비,교차로 - 교차로안,승용,남,46세,경상,화물,남,44세,상해없음
2012081100100160,2012년 8월 11일 08시,토요일,경상북도 울진군 원남면,경상사고,0,0,1,0,차량단독 - 공작물충돌,안전운전불이행,건조,맑음,단일로 - 기타,승용,남,27세,경상,,,,
2012081100100175,2012년 8월 11일 09시,토요일,경상북도 포항시 북구 기계면,중상사고,0,1,1,0,차대차 - 측면직각충돌,안전운전불이행,건조,맑음,단일로 - 기타,승용,여,43세,상해없음,농기계,남,85세,경상
2012081100100176,2012년 8월 11일 09시,토요일,경상북도 울진군 죽변면,경상사고,0,0,1,0,차대사람 - 기타,기타,건조,맑음,교차로 - 교차로부근,승용,여,51세,상해없음,보행자,남,58세,경상
2012081100100198,2012년 8월 11일 10시,토요일,경상북도 김천시 아포읍,경상사고,0,0,1,0,차대차 - 측면직각충돌,안전운전불이행,건조,맑음,단일로 - 기타,기타불명,기타불명,기타불명,기타불명,원동기,여,67세,경상
2012081100100199,2012년 8월 11일 10시,토요일,경상북도 문경시 점촌동,중상사고,0,1,0,0,차대차 - 기타,안전운전불이행,건조,맑음,교차로 - 교차로안,이륜,남,77세,중상,승용,남,29세,상해없음
2012081100100200,2012년 8월 11일 10시,토요일,경상북도 구미시 고아읍,경상사고,0,0,2,0,차대차 - 측면직각충돌,안전운전불이행,건조,맑음,교차로 - 교차로안,승용,남,44세,상해없음,화물,남,47세,경상
2012081100100224,2012년 8월 11일 11시,토요일,경상북도 안동시 풍산읍,경상사고,0,0,1,0,차량단독 - 기타,안전운전불이행,건조,맑음,기타 - 기타,이륜,남,64세,경상,,,,
2012081100100225,2012년 8월 11일 11시,토요일,경상북도 청도군 청도읍,경상사고,0,0,2,0,차대차 - 추돌 - 주정차중,안전운전불이행,건조,맑음,교차로 - 교차로안,승용,남,30세,상해없음,승용,남,52세,경상
2012081100100250,2012년 8월 11일 12시,토요일,경상북도 문경시 문경읍,중상사고,0,1,0,0,차대사람 - 기타,안전운전불이행,건조,맑음,단일로 - 기타,승용,남,44세,상해없음,보행자,여,6세,중상
2012081100100251,2012년 8월 11일 12시,토요일,경상북도 문경시 산양면,경상사고,0,0,1,0,차대차 - 기타,기타,건조,맑음,교차로 - 교차로안,이륜,여,65세,경상,승용,남,54세,상해없음
2012081100100252,2012년 8월 11일 12시,토요일,경상북도 포항시 남구 동촌동,중상사고,0,1,1,0,차대차 - 추돌 - 진행중,중앙선침범,습기,비,교차로 - 교차로안,원동기,남,30세,중상,승용,남,54세,경상
2012081100100275,2012년 8월 11일 13시,토요일,경상북도 청도군 운문면,경상사고,0,0,1,0,차대차 - 추돌 - 진행중,안전운전불이행,건조,맑음,단일로 - 기타,화물,남,70세,상해없음,승용,남,38세,경상
2012081100100276,2012년 8월 11일 13시,토요일,경상북도 경산시 와촌면,중상사고,0,2,1,0,차대차 - 추돌 - 진행중,안전운전불이행,건조,맑음,단일로 - 기타,승용,남,33세,상해없음,승용,여,27세,경상
2012081100100304,2012년 8월 11일 14시,토요일,경상북도 경주시 노동동,경상사고,0,0,1,0,차대차 - 기타,안전운전불이행,건조,맑음,단일로 - 기타,승용,여,20세,상해없음,원동기,남,33세,경상
2012081100100305,2012년 8월 11일 14시,토요일,경상북도 구미시 봉곡동,경상사고,0,0,1,0,차대차 - 측면직각충돌,신호위반,건조,맑음,교차로 - 교차로안,승용,남,37세,상해없음,원동기,여,56세,경상
2012081100100330,2012년 8월 11일 15시,토요일,경상북도 포항시 북구 우현동,경상사고,0,0,1,0,차대차 - 측면직각충돌,신호위반,건조,맑음,교차로 - 교차로안,승용,여,54세,상해없음,승용,남,33세,경상
2012081100100331,2012년 8월 11일 15시,토요일,경상북도 성주군 성주읍,경상사고,0,0,1,0,차대사람 - 기타,안전운전불이행,건조,맑음,단일로 - 기타,승용,남,35세,상해없음,보행자,남,46세,경상
2012081100100332,2012년 8월 11일 15시,토요일,경상북도 고령군 쌍림면,중상사고,0,2,1,0,차대차 - 정면충돌,중앙선침범,건조,맑음,단일로 - 기타,승용,남,28세,상해없음,승용,남,28세,경상
2012081100100359,2012년 8월 11일 16시,토요일,경상북도 영덕군 축산면,경상사고,0,0,1,0,차대차 - 기타,안전운전불이행,건조,맑음,교차로 - 교차로안,자전거,남,28세,경상,승용,여,44세,상해없음
2012081100100383,2012년 8월 11일 17시,토요일,경상북도 영천시 완산동,경상사고,0,0,1,0,차대차 - 측면직각충돌,안전운전불이행,건조,맑음,단일로 - 기타,승용,여,42세,상해없음,승용,여,30세,경상
2012081100100384,2012년 8월 11일 17시,토요일,경상북도 문경시 문경읍,경상사고,0,0,1,0,차대차 - 기타,안전운전불이행,건조,맑음,단일로 - 기타,승용,남,21세,경상,승용,남,33세,상해없음
2012081100100385,2012년 8월 11일 17시,토요일,경상북도 영덕군 남정면,경상사고,0,0,1,0,차대사람 - 기타,안전운전불이행,습기,흐림,기타 - 기타,승합,남,60세,상해없음,보행자,여,56세,경상
2012081100100386,2012년 8월 11일 17시,토요일,경상북도 봉화군 상운면,중상사고,0,2,0,0,차대차 - 정면충돌,중앙선침범,건조,맑음,교차로 - 교차로부근,승용,남,49세,중상,화물,남,48세,상해없음
2012081100100387,2012년 8월 11일 17시,토요일,경상북도 포항시 남구 이동,중상사고,0,1,0,0,차대차 - 측면직각충돌,안전거리미확보,건조,맑음,단일로 - 기타,승용,남,52세,상해없음,원동기,남,18세,중상
2012081100100388,2012년 8월 11일 17시,토요일,경상북도 구미시 선산읍,경상사고,0,0,4,1,차대차 - 추돌 - 진행중,안전운전불이행,건조,맑음,단일로 - 기타,화물,남,31세,상해없음,승용,남,41세,경상
2012081100100412,2012년 8월 11일 18시,토요일,경상북도 울진군 북면,중상사고,0,1,0,0,차대사람 - 보도통행중,중앙선침범,건조,맑음,단일로 - 횡단보도상,승용,남,57세,상해없음,보행자,여,51세,중상
2012081100100413,2012년 8월 11일 18시,토요일,경상북도 포항시 남구 대도동,경상사고,0,0,1,0,차대차 - 기타,기타,건조,맑음,교차로 - 교차로부근,승용,남,49세,상해없음,원동기,남,44세,경상
2012081100100440,2012년 8월 11일 19시,토요일,경상북도 영주시 휴천동,중상사고,0,1,0,0,차대차 - 측면직각충돌,안전운전불이행,건조,맑음,단일로 - 기타,화물,남,49세,상해없음,이륜,남,72세,중상
2012081100100441,2012년 8월 11일 19시,토요일,경상북도 청도군 화양읍,경상사고,0,0,1,0,차대사람 - 차도통행중,기타,건조,맑음,단일로 - 기타,승용,남,40세,기타불명,보행자,남,12세,경상
2012081100100442,2012년 8월 11일 19시,토요일,경상북도 문경시 마성면,중상사고,0,1,0,0,차대차 - 기타,안전운전불이행,건조,맑음,단일로 - 기타,승용,남,50세,상해없음,승용,남,38세,중상
2012081100100500,2012년 8월 11일 21시,토요일,경상북도 경주시 황성동,경상사고,0,0,1,0,차대차 - 기타,안전운전불이행,건조,맑음,단일로 - 기타,승용,남,48세,상해없음,원동기,남,18세,경상
2012081100100501,2012년 8월 11일 21시,토요일,경상북도 경주시 보문동,부상신고사고,0,0,0,1,차대차 - 기타,안전운전불이행,건조,맑음,단일로 - 기타,자전거,남,17세,부상신고,승합,남,61세,상해없음
2012081100100502,2012년 8월 11일 21시,토요일,경상북도 포항시 남구 상도동,중상사고,0,1,3,0,차대차 - 측면직각충돌,안전운전불이행,건조,맑음,단일로 - 기타,원동기,남,16세,중상,승용,남,56세,경상
2012081100100523,2012년 8월 11일 22시,토요일,경상북도 상주시 서문동,중상사고,0,1,0,0,차대사람 - 횡단중,안전운전불이행,건조,흐림,단일로 - 기타,승용,여,29세,상해없음,보행자,여,53세,중상
2012081100100550,2012년 8월 11일 23시,토요일,경상북도 경주시 동천동,경상사고,0,0,1,0,차대차 - 기타,안전운전불이행,건조,맑음,교차로 - 교차로안,승용,남,61세,상해없음,승용,남,59세,경상
2012081100100551,2012년 8월 11일 23시,토요일,경상북도 경주시 황성동,부상신고사고,0,0,0,1,차량단독 - 공작물충돌,안전운전불이행,건조,맑음,단일로 - 기타,승용,남,19세,부상신고,,,,
2012081100100552,2012년 8월 11일 23시,토요일,경상북도 문경시 점촌동,경상사고,0,0,1,0,차대차 - 기타,안전운전불이행,건조,맑음,교차로 - 교차로안,이륜,남,57세,경상,화물,남,68세,상해없음
2012081100100553,2012년 8월 11일 23시,토요일,경상북도 구미시 봉곡동,경상사고,0,0,2,0,차대사람 - 기타,안전운전불이행,건조,맑음,단일로 - 기타,원동기,남,23세,경상,보행자,여,73세,경상
2012081100100554,2012년 8월 11일 23시,토요일,경상북도 구미시 구평동,경상사고,0,0,1,0,차대차 - 기타,안전운전불이행,습기,비,단일로 - 기타,승용,남,46세,기타불명,승용,남,38세,경상
2012081200100016,2012년 8월 12일 00시,일요일,경상북도 영주시 가흥동,경상사고,0,0,1,0,차대차 - 추돌 - 진행중,안전운전불이행,건조,맑음,교차로 - 교차로부근,승용,남,51세,상해없음,화물,남,59세,경상
2012081200100017,2012년 8월 12일 00시,일요일,경상북도 칠곡군 북삼읍,중상사고,0,1,0,0,차대사람 - 기타,보행자보호의무위반,습기,비,교차로 - 교차로부근,승용,남,56세,상해없음,보행자,여,37세,중상
2012081200100018,2012년 8월 12일 00시,일요일,경상북도 구미시 상모동,경상사고,0,0,1,0,차대차 - 측면직각충돌,안전운전불이행,습기,비,기타 - 기타,승용,남,26세,상해없음,승용,남,47세,경상
2012081200100075,2012년 8월 12일 04시,일요일,경상북도 안동시 수상동,중상사고,0,1,0,0,차대차 - 추돌 - 진행중,안전운전불이행,건조,맑음,단일로 - 기타,승용,남,30세,상해없음,화물,남,70세,상해없음
2012081200100076,2012년 8월 12일 04시,일요일,경상북도 청도군 청도읍,중상사고,0,1,0,0,차대차 - 추돌 - 진행중,안전운전불이행,건조,맑음,단일로 - 기타,승용,남,35세,상해없음,농기계,남,64세,중상
2012081200100093,2012년 8월 12일 05시,일요일,경상북도 포항시 남구 연일읍,경상사고,0,0,1,0,차량단독 - 공작물충돌,안전운전불이행,건조,맑음,단일로 - 기타,승용,남,25세,상해없음,,,,
2012081200100119,2012년 8월 12일 07시,일요일,경상북도 안동시 용상동,중상사고,0,1,0,0,차대차 - 정면충돌,중앙선침범,건조,맑음,미분류 - 미분류,승용,남,18세,상해없음,화물,남,69세,상해없음
2012081200100120,2012년 8월 12일 07시,일요일,경상북도 영주시 장수면,사망사고,1,0,0,0,차량단독 - 전도전복,안전운전불이행,건조,흐림,단일로 - 기타,승용,여,54세,사망,,,,
2012081200100136,2012년 8월 12일 08시,일요일,경상북도 울진군 평해읍,중상사고,0,1,1,0,차대차 - 기타,안전운전불이행,건조,흐림,교차로 - 교차로안,승용,남,25세,상해없음,원동기,남,81세,경상
2012081200100137,2012년 8월 12일 08시,일요일,경상북도 구미시 해평면,경상사고,0,0,2,0,차대차 - 측면직각충돌,안전운전불이행,습기,비,단일로 - 기타,승용,여,23세,상해없음,승용,남,51세,경상
2012081200100172,2012년 8월 12일 10시,일요일,경상북도 영천시 북안면,부상신고사고,0,0,0,1,차량단독 - 도로외이탈 - 기타,안전운전불이행,건조,맑음,기타 - 기타,화물,남,42세,부상신고,,,,
2012081200100204,2012년 8월 12일 12시,일요일,경상북도 문경시 불정동,중상사고,0,1,0,0,차대차 - 측면직각충돌,안전운전불이행,습기,흐림,단일로 - 기타,화물,남,30세,상해없음,승용,남,23세,중상
2012081200100205,2012년 8월 12일 12시,일요일,경상북도 구미시 남통동,중상사고,0,2,1,0,차대차 - 측면직각충돌,중앙선침범,건조,맑음,단일로 - 기타,승용,남,42세,상해없음,승용,남,28세,중상
2012081200100225,2012년 8월 12일 13시,일요일,경상북도 의성군 다인면,중상사고,0,1,0,0,차량단독 - 전도전복,안전운전불이행,건조,흐림,단일로 - 기타,원동기,남,39세,중상,,,,
2012081200100226,2012년 8월 12일 13시,일요일,경상북도 영주시 부석면,중상사고,0,2,1,0,차대차 - 측면직각충돌,교차로운행방법위반,건조,맑음,교차로 - 교차로안,승합,여,55세,중상,승용,남,40세,경상
2012081200100227,2012년 8월 12일 13시,일요일,경상북도 칠곡군 왜관읍,부상신고사고,0,0,0,1,차대차 - 기타,안전운전불이행,건조,흐림,단일로 - 기타,이륜,여,73세,부상신고,승용,남,69세,상해없음
2012081200100256,2012년 8월 12일 14시,일요일,경상북도 안동시 용상동,경상사고,0,0,1,0,차량단독 - 전도전복,안전운전불이행,습기,비,단일로 - 기타,원동기,남,56세,경상,,,,
2012081200100257,2012년 8월 12일 14시,일요일,경상북도 김천시 부곡동,경상사고,0,0,5,0,차대차 - 측면직각충돌,안전운전불이행,건조,흐림,교차로 - 교차로부근,승용,남,41세,상해없음,승용,남,42세,경상
2012081200100258,2012년 8월 12일 14시,일요일,경상북도 청송군 현서면,중상사고,0,4,0,0,차대차 - 측면직각충돌,중앙선침범,건조,맑음,교차로 - 교차로부근,특수,남,55세,중상,승용,남,37세,중상
2012081200100282,2012년 8월 12일 15시,일요일,경상북도 김천시 황금동,중상사고,0,1,0,0,차대차 - 측면직각충돌,신호위반,건조,맑음,교차로 - 교차로안,승용,남,25세,상해없음,승용,남,47세,중상
2012081200100283,2012년 8월 12일 15시,일요일,경상북도 경산시 계양동,부상신고사고,0,0,0,1,차대차 - 기타,안전운전불이행,건조,맑음,단일로 - 기타,이륜,남,22세,상해없음,승용,여,26세,상해없음
2012081200100284,2012년 8월 12일 15시,일요일,경상북도 성주군 가천면,경상사고,0,0,2,0,차대차 - 측면직각충돌,안전운전불이행,건조,맑음,교차로 - 교차로부근,승용,남,33세,경상,승용,남,46세,상해없음
2012081200100312,2012년 8월 12일 16시,일요일,경상북도 경주시 외동읍,경상사고,0,0,1,0,차대차 - 기타,안전운전불이행,건조,맑음,교차로 - 교차로안,화물,여,61세,경상,승용,남,48세,상해없음
2012081200100313,2012년 8월 12일 16시,일요일,경상북도 김천시 평화동,중상사고,0,1,0,0,차대차 - 측면직각충돌,안전운전불이행,건조,흐림,교차로 - 교차로부근,승용,남,52세,기타불명,자전거,남,73세,중상
2012081200100314,2012년 8월 12일 16시,일요일,경상북도 구미시 원평동,경상사고,0,0,1,0,차대사람 - 횡단중,안전운전불이행,습기,비,단일로 - 기타,화물,남,27세,상해없음,보행자,남,4세,경상
2012081200100346,2012년 8월 12일 17시,일요일,경상북도 경주시 산내면,경상사고,0,0,1,0,차대사람 - 기타,안전운전불이행,건조,맑음,단일로 - 기타,승용,남,36세,상해없음,보행자,여,10세,경상
2012081200100347,2012년 8월 12일 17시,일요일,경상북도 구미시 인의동,경상사고,0,0,2,0,차대차 - 추돌 - 주정차중,안전운전불이행,건조,맑음,단일로 - 기타,승용,남,39세,상해없음,승용,남,23세,경상
2012081200100379,2012년 8월 12일 18시,일요일,경상북도 경주시 성동동,중상사고,0,1,0,0,차대차 - 측면직각충돌,안전운전불이행,건조,맑음,단일로 - 기타,이륜,남,17세,중상,승용,여,52세,상해없음
2012081200100380,2012년 8월 12일 18시,일요일,경상북도 경주시 마동,경상사고,0,0,4,0,차대차 - 추돌 - 진행중,안전운전불이행,습기,비,기타 - 기타,승용,남,44세,상해없음,승용,남,26세,경상
2012081200100381,2012년 8월 12일 18시,일요일,경상북도 경주시 충효동,경상사고,0,0,1,0,차대차 - 기타,안전운전불이행,습기,비,단일로 - 기타,승용,남,54세,상해없음,승용,남,60세,상해없음
2012081200100382,2012년 8월 12일 18시,일요일,경상북도 문경시 모전동,경상사고,0,0,1,0,차대차 - 기타,안전운전불이행,건조,맑음,단일로 - 기타,승용,남,51세,상해없음,승용,남,48세,경상
2012081200100383,2012년 8월 12일 18시,일요일,경상북도 포항시 남구 인덕동,경상사고,0,0,1,0,차대차 - 기타,안전운전불이행,건조,맑음,단일로 - 기타,승용,남,60세,상해없음,승용,여,45세,경상
2012081200100410,2012년 8월 12일 19시,일요일,경상북도 문경시 흥덕동,중상사고,0,1,1,0,차대차 - 기타,직진우회전진행방해,습기,비,교차로 - 교차로안,승용,남,48세,상해없음,승용,여,52세,중상
2012081200100437,2012년 8월 12일 20시,일요일,경상북도 김천시 부곡동,경상사고,0,0,1,0,차대차 - 측면직각충돌,안전거리미확보,습기,흐림,단일로 - 기타,승용,남,53세,상해없음,이륜,남,17세,경상
2012081200100438,2012년 8월 12일 20시,일요일,경상북도 경산시 옥산동,중상사고,0,2,1,0,차대차 - 기타,안전운전불이행,습기,비,교차로 - 교차로부근,승용,남,45세,중상,승용,여,44세,중상
2012081200100439,2012년 8월 12일 20시,일요일,경상북도 경산시 사정동,경상사고,0,0,3,0,차대차 - 추돌 - 진행중,안전운전불이행,건조,맑음,교차로 - 교차로안,승용,남,69세,상해없음,승용,남,53세,경상
2012081200100440,2012년 8월 12일 20시,일요일,경상북도 포항시 남구 오천읍,중상사고,0,1,0,0,차대차 - 측면직각충돌,중앙선침범,습기,비,단일로 - 기타,승용,여,32세,상해없음,이륜,남,16세,중상
2012081200100507,2012년 8월 12일 22시,일요일,경상북도 포항시 남구 오천읍,경상사고,0,0,1,0,차대차 - 기타,직진우회전진행방해,습기,흐림,교차로 - 교차로안,승용,여,28세,상해없음,승용,남,50세,경상
2012081200100525,2012년 8월 12일 23시,일요일,경상북도 경주시 보문동,중상사고,0,1,0,0,차량단독 - 공작물충돌,안전운전불이행,건조,맑음,단일로 - 기타,승용,여,37세,중상,,,,
2012081200100526,2012년 8월 12일 23시,일요일,경상북도 영주시 영주동,중상사고,0,1,1,0,차대차 - 측면직각충돌,교차로운행방법위반,습기,비,교차로 - 교차로안,승용,여,45세,경상,승용,남,46세,중상
2012081200100527,2012년 8월 12일 23시,일요일,경상북도 성주군 성주읍,중상사고,0,1,0,0,차량단독 - 공작물충돌,안전운전불이행,건조,맑음,단일로 - 기타,승용,남,62세,중상,,,,
2012081300100014,2012년 8월 13일 00시,월요일,경상북도 경산시 자인면,중상사고,0,1,1,0,차대차 - 기타,중앙선침범,건조,맑음,단일로 - 기타,승용,남,60세,상해없음,승용,여,34세,중상
2012081300100047,2012년 8월 13일 04시,월요일,경상북도 예천군 감천면,사망사고,1,0,0,0,차량단독 - 공작물충돌,안전운전불이행,습기,비,단일로 - 기타,화물,남,51세,사망,,,,
2012081300100069,2012년 8월 13일 06시,월요일,경상북도 구미시 공단동,중상사고,0,1,1,0,차대차 - 측면직각충돌,중앙선침범,습기,비,단일로 - 기타,승용,남,26세,경상,승용,남,33세,중상
2012081300100082,2012년 8월 13일 07시,월요일,경상북도 경주시 용강동,부상신고사고,0,0,0,1,차대차 - 측면직각충돌,안전운전불이행,습기,비,기타 - 기타,자전거,남,24세,부상신고,승합,남,59세,상해없음
2012081300100083,2012년 8월 13일 07시,월요일,경상북도 영천시 금호읍,경상사고,0,0,2,0,차량단독 - 공작물충돌,안전운전불이행,습기,비,교차로 - 교차로안,승용,남,46세,경상,,,,
2012081300100084,2012년 8월 13일 07시,월요일,경상북도 청도군 매전면,경상사고,0,0,1,0,차대차 - 정면충돌,중앙선침범,습기,비,단일로 - 기타,승용,여,46세,경상,건설기계,남,38세,상해없음
2012081300100085,2012년 8월 13일 07시,월요일,경상북도 청도군 청도읍,중상사고,0,1,0,0,차대차 - 측면직각충돌,안전운전불이행,습기,비,단일로 - 기타,이륜,여,67세,중상,승용,남,54세,상해없음
2012081300100086,2012년 8월 13일 07시,월요일,경상북도 구미시 원평동,중상사고,0,3,1,0,차대차 - 측면직각충돌,직진우회전진행방해,습기,비,교차로 - 교차로안,승용,여,43세,상해없음,승용,남,53세,경상
2012081300100108,2012년 8월 13일 08시,월요일,경상북도 안동시 운안동,중상사고,0,1,0,0,차대차 - 정면충돌,중앙선침범,습기,비,단일로 - 기타,화물,남,53세,상해없음,승용,여,38세,중상
2012081300100109,2012년 8월 13일 08시,월요일,경상북도 김천시 농소면,중상사고,0,1,0,0,차대차 - 측면직각충돌,안전운전불이행,습기,비,교차로 - 교차로안,승용,여,46세,상해없음,승용,남,34세,중상
2012081300100110,2012년 8월 13일 08시,월요일,경상북도 성주군 선남면,경상사고,0,0,2,0,차대차 - 기타,안전운전불이행,습기,비,단일로 - 기타,승용,남,31세,경상,승용,여,47세,경상
2012081300100132,2012년 8월 13일 09시,월요일,경상북도 경주시 천북면,중상사고,0,2,0,0,차대차 - 측면직각충돌,중앙선침범,습기,비,교차로 - 교차로안,화물,여,60세,중상,화물,남,26세,중상
2012081300100133,2012년 8월 13일 09시,월요일,경상북도 경주시 안강읍,경상사고,0,0,1,0,차대차 - 측면직각충돌,중앙선침범,습기,비,단일로 - 기타,승용,여,52세,기타불명,화물,남,35세,경상
2012081300100134,2012년 8월 13일 09시,월요일,경상북도 울진군 북면,중상사고,0,1,0,0,차대차 - 추돌 - 진행중,안전운전불이행,습기,비,교차로 - 교차로안,화물,남,63세,상해없음,승용,여,55세,중상
2012081300100162,2012년 8월 13일 10시,월요일,경상북도 경주시 탑동,경상사고,0,0,2,0,차대차 - 측면직각충돌,안전운전불이행,습기,비,교차로 - 교차로부근,승용,여,32세,기타불명,승용,여,48세,경상
2012081300100163,2012년 8월 13일 10시,월요일,경상북도 경산시 용성면,경상사고,0,0,1,0,차대사람 - 기타,안전운전불이행,건조,맑음,단일로 - 기타,화물,남,70세,상해없음,보행자,남,67세,경상
2012081300100164,2012년 8월 13일 10시,월요일,경상북도 포항시 남구 효자동,경상사고,0,0,1,0,차대사람 - 횡단중,안전운전불이행,건조,맑음,단일로 - 기타,승용,여,59세,상해없음,보행자,남,29세,경상
2012081300100231,2012년 8월 13일 12시,월요일,경상북도 경주시 성건동,중상사고,0,1,1,0,차대차 - 측면직각충돌,안전운전불이행,건조,맑음,교차로 - 교차로안,화물,여,49세,상해없음,승용,여,43세,중상
2012081300100232,2012년 8월 13일 12시,월요일,경상북도 영덕군 영해면,중상사고,0,2,0,0,차대차 - 기타,교차로운행방법위반,습기,비,교차로 - 교차로안,화물,남,46세,상해없음,승용,남,53세,중상
2012081300100260,2012년 8월 13일 13시,월요일,경상북도 구미시 황상동,경상사고,0,0,1,0,차대사람 - 보도통행중,안전운전불이행,건조,맑음,교차로 - 교차로안,승용,남,32세,상해없음,보행자,남,28세,경상
2012081300100292,2012년 8월 13일 14시,월요일,경상북도 경주시 충효동,경상사고,0,0,1,0,차대차 - 추돌 - 주정차중,안전운전불이행,습기,비,교차로 - 교차로부근,승용,여,45세,기타불명,승용,여,43세,경상
2012081300100294,2012년 8월 13일 14시,월요일,경상북도 포항시 남구 효자동,경상사고,0,0,1,0,차대차 - 기타,중앙선침범,건조,흐림,단일로 - 기타,이륜,남,57세,경상,승용,여,55세,상해없음
2012081300100334,2012년 8월 13일 15시,월요일,경상북도 경주시 구정동,경상사고,0,0,1,0,차대차 - 측면직각충돌,안전운전불이행,건조,맑음,교차로 - 교차로부근,승용,남,18세,상해없음,승합,남,44세,경상
2012081300100335,2012년 8월 13일 15시,월요일,경상북도 예천군 예천읍,중상사고,0,2,0,0,차대차 - 기타,안전운전불이행,건조,흐림,교차로 - 교차로안,화물,여,54세,중상,승용,남,52세,상해없음
2012081300100336,2012년 8월 13일 15시,월요일,경상북도 포항시 남구 해도동,중상사고,0,1,1,0,차대차 - 기타,안전운전불이행,습기,비,교차로 - 교차로부근,화물,남,40세,경상,승용,남,24세,중상
2012081300100371,2012년 8월 13일 16시,월요일,경상북도 봉화군 명호면,중상사고,0,1,1,0,차대차 - 추돌 - 진행중,안전운전불이행,건조,맑음,단일로 - 기타,화물,남,48세,상해없음,승용,남,58세,중상
2012081300100372,2012년 8월 13일 16시,월요일,경상북도 포항시 남구 구룡포읍,중상사고,0,1,1,0,차대차 - 기타,중앙선침범,습기,비,단일로 - 기타,화물,남,22세,상해없음,승용,남,56세,중상
2012081300100405,2012년 8월 13일 17시,월요일,경상북도 포항시 남구 대잠동,경상사고,0,0,2,0,차대차 - 기타,안전운전불이행,습기,비,교차로 - 교차로부근,승용,여,49세,상해없음,승용,여,40세,경상
2012081300100440,2012년 8월 13일 18시,월요일,경상북도 경주시 안강읍,부상신고사고,0,0,0,1,차량단독 - 전도전복,안전운전불이행,습기,비,단일로 - 기타,승용,남,46세,부상신고,,,,
2012081300100441,2012년 8월 13일 18시,월요일,경상북도 울진군 기성면,경상사고,0,0,5,0,차대차 - 추돌 - 진행중,안전운전불이행,습기,비,단일로 - 기타,승용,남,45세,경상,승용,남,38세,경상
2012081300100442,2012년 8월 13일 18시,월요일,경상북도 포항시 남구 대잠동,중상사고,0,1,4,0,차대차 - 기타,안전운전불이행,습기,비,단일로 - 기타,승합,남,54세,상해없음,승용,여,48세,중상
2012081300100486,2012년 8월 13일 19시,월요일,경상북도 칠곡군 석적읍,경상사고,0,0,1,0,차대사람 - 기타,안전운전불이행,건조,맑음,단일로 - 횡단보도부근,승용,남,32세,상해없음,보행자,남,14세,경상
2012081300100487,2012년 8월 13일 19시,월요일,경상북도 영천시 금호읍,중상사고,0,2,0,0,차대차 - 추돌 - 주정차중,안전운전불이행,습기,비,단일로 - 기타,화물,남,52세,상해없음,승용,남,49세,중상
2012081300100488,2012년 8월 13일 19시,월요일,경상북도 영천시 임고면,중상사고,0,1,0,0,차대사람 - 기타,안전운전불이행,습기,비,단일로 - 기타,승용,남,43세,상해없음,보행자,남,51세,중상
2012081300100489,2012년 8월 13일 19시,월요일,경상북도 경산시 진량읍,중상사고,0,1,0,0,차대차 - 기타,안전운전불이행,습기,비,교차로 - 교차로안,화물,남,31세,상해없음,자전거,남,50세,중상
2012081300100526,2012년 8월 13일 20시,월요일,경상북도 경주시 충효동,경상사고,0,0,1,0,차대차 - 기타,안전운전불이행,습기,비,교차로 - 교차로안,승용,남,19세,상해없음,승용,남,28세,경상
2012081300100527,2012년 8월 13일 20시,월요일,경상북도 경주시 구황동,경상사고,0,0,6,0,차대차 - 추돌 - 주정차중,안전운전불이행,습기,비,단일로 - 기타,승용,여,30세,상해없음,승용,남,43세,상해없음