사고번호,사고일시,요일,시군구,사고내용,사망자수,중상자수,경상자수,부상신고자수,사고유형,법규위반,노면상태,기상상태,도로형태,가해운전자 차종,가해운전자 성별,가해운전자 연령,가해운전자 상해정도,피해운전자 차종,피해운전자 성별,피해운전자 연령,피해운전자 상해정도
2012081300100528,2012년 8월 13일 20시,월요일,경상북도 포항시 북구 흥해읍,경상사고,0,0,4,0,차대차 - 측면직각충돌,안전운전불이행,습기,비,단일로 - 기타,화물,남,39세,기타불명,승용,남,60세,경상
2012081300100529,2012년 8월 13일 20시,월요일,경상북도 칠곡군 약목면,부상신고사고,0,0,0,1,차대사람 - 기타,안전운전불이행,습기,비,단일로 - 기타,이륜,남,23세,상해없음,보행자,여,24세,부상신고
2012081300100530,2012년 8월 13일 20시,월요일,경상북도 칠곡군 석적읍,경상사고,0,0,1,0,차대차 - 추돌 - 진행중,안전운전불이행,습기,비,교차로 - 교차로안,승합,남,53세,상해없음,승용,남,28세,경상
2012081300100558,2012년 8월 13일 21시,월요일,경상북도 구미시 원평동,중상사고,0,1,0,0,차대사람 - 보도통행중,안전운전불이행,습기,비,단일로 - 기타,승용,여,41세,상해없음,보행자,여,65세,중상
2012081300100559,2012년 8월 13일 21시,월요일,경상북도 상주시 낙동면,사망사고,2,2,0,0,차대차 - 추돌 - 진행중,안전운전불이행,습기,흐림,단일로 - 기타,화물,남,54세,사망,화물,남,54세,사망
2012081300100584,2012년 8월 13일 22시,월요일,경상북도 구미시 임수동,경상사고,0,0,2,0,차대차 - 정면충돌,안전운전불이행,습기,비,교차로 - 교차로부근,승용,남,51세,상해없음,승용,남,60세,경상
2012081300100609,2012년 8월 13일 23시,월요일,경상북도 구미시 상모동,경상사고,0,0,1,0,차대차 - 추돌 - 진행중,안전운전불이행,건조,맑음,교차로 - 교차로부근,기타불명,기타불명,기타불명,기타불명,승합,여,38세,경상
2012081300100610,2012년 8월 13일 23시,월요일,경상북도 구미시 형곡동,중상사고,0,1,1,0,차대차 - 기타,안전운전불이행,습기,흐림,교차로 - 교차로부근,이륜,남,18세,경상,승용,남,22세,상해없음
2012081400100009,2012년 8월 14일 00시,화요일,경상북도 경주시 현곡면,경상사고,0,0,1,0,차량단독 - 기타,안전운전불이행,건조,맑음,단일로 - 기타,승용,남,22세,상해없음,,,,
2012081400100010,2012년 8월 14일 00시,화요일,경상북도 포항시 북구 죽도동,경상사고,0,0,1,0,차대차 - 추돌 - 진행중,안전운전불이행,습기,흐림,단일로 - 기타,승용,남,39세,상해없음,원동기,남,23세,경상
2012081400100030,2012년 8월 14일 01시,화요일,경상북도 문경시 문경읍,경상사고,0,0,1,0,차량단독 - 기타,안전운전불이행,건조,맑음,단일로 - 기타,화물,남,30세,상해없음,,,,
2012081400100046,2012년 8월 14일 02시,화요일,경상북도 경주시 보문동,사망사고,1,2,2,0,차량단독 - 공작물충돌,안전운전불이행,습기,비,단일로 - 기타,승용,남,17세,경상,,,,
2012081400100053,2012년 8월 14일 03시,화요일,경상북도 포항시 남구 송도동,경상사고,0,0,2,0,차대차 - 정면충돌,중앙선침범,습기,흐림,단일로 - 기타,승용,남,52세,상해없음,승용,남,34세,경상
2012081400100075,2012년 8월 14일 05시,화요일,경상북도 경주시 보문동,중상사고,0,2,0,0,차량단독 - 공작물충돌,안전운전불이행,습기,흐림,단일로 - 기타,승용,남,28세,중상,,,,
2012081400100076,2012년 8월 14일 05시,화요일,경상북도 경주시 천북면,중상사고,0,1,4,0,차대차 - 기타,기타,습기,비,단일로 - 기타,특수,남,56세,상해없음,승용,남,28세,중상
2012081400100077,2012년 8월 14일 05시,화요일,경상북도 포항시 북구 죽도동,중상사고,0,1,0,0,차대차 - 기타,차로위반,건조,맑음,교차로 - 교차로부근,화물,남,54세,상해없음,승용,남,42세,상해없음
2012081400100078,2012년 8월 14일 05시,화요일,경상북도 영주시 가흥동,경상사고,0,0,1,0,차대차 - 측면직각충돌,신호위반,건조,맑음,교차로 - 교차로안,승용,여,43세,상해없음,승용,여,53세,경상
2012081400100091,2012년 8월 14일 06시,화요일,경상북도 포항시 북구 신광면,중상사고,0,1,0,0,차대차 - 기타,중앙선침범,건조,맑음,단일로 - 기타,화물,남,48세,상해없음,승용,남,53세,중상
2012081400100092,2012년 8월 14일 06시,화요일,경상북도 구미시 신평동,경상사고,0,0,1,0,차대사람 - 횡단중,안전운전불이행,건조,맑음,교차로 - 교차로부근,화물,남,60세,상해없음,보행자,남,20세,경상
2012081400100161,2012년 8월 14일 09시,화요일,경상북도 경주시 천북면,중상사고,0,1,0,0,차량단독 - 공작물충돌,안전운전불이행,습기,비,단일로 - 기타,승용,여,34세,중상,,,,
2012081400100162,2012년 8월 14일 09시,화요일,경상북도 영천시 도동,경상사고,0,0,1,0,차대차 - 측면직각충돌,신호위반,건조,맑음,교차로 - 교차로안,화물,남,51세,상해없음,승용,여,31세,경상
2012081400100178,2012년 8월 14일 10시,화요일,경상북도 영주시 하망동,경상사고,0,0,1,0,차대차 - 측면직각충돌,안전운전불이행,건조,맑음,교차로 - 교차로부근,이륜,남,58세,경상,화물,남,42세,상해없음
2012081400100179,2012년 8월 14일 10시,화요일,경상북도 구미시 봉곡동,경상사고,0,0,2,0,차대차 - 기타,기타,건조,맑음,교차로 - 교차로안,승용,남,38세,상해없음,승용,남,54세,경상
2012081400100204,2012년 8월 14일 11시,화요일,경상북도 경주시 건천읍,경상사고,0,0,1,0,차대차 - 측면직각충돌,안전운전불이행,건조,맑음,단일로 - 터널,화물,남,48세,상해없음,이륜,남,78세,경상
2012081400100205,2012년 8월 14일 11시,화요일,경상북도 김천시 모암동,중상사고,0,1,0,0,차대차 - 측면직각충돌,안전운전불이행,건조,맑음,단일로 - 기타,승용,여,45세,상해없음,자전거,남,74세,중상
2012081400100206,2012년 8월 14일 11시,화요일,경상북도 경산시 옥산동,경상사고,0,0,1,0,차대차 - 기타,직진우회전진행방해,건조,맑음,교차로 - 교차로안,승합,남,23세,상해없음,승용,남,57세,경상
2012081400100207,2012년 8월 14일 11시,화요일,경상북도 구미시 인의동,경상사고,0,0,2,0,차대차 - 기타,교차로운행방법위반,건조,맑음,교차로 - 교차로안,승용,남,31세,경상,승용,남,47세,경상
2012081400100208,2012년 8월 14일 11시,화요일,경상북도 경주시 율동,경상사고,0,0,2,0,차대차 - 추돌 - 주정차중,안전운전불이행,습기,흐림,단일로 - 기타,승용,여,26세,상해없음,승용,여,33세,경상
2012081400100239,2012년 8월 14일 12시,화요일,경상북도 경산시 하양읍,중상사고,0,1,0,0,차대차 - 기타,안전운전불이행,건조,맑음,교차로 - 교차로부근,기타불명,기타불명,기타불명,기타불명,이륜,남,47세,중상
2012081400100240,2012년 8월 14일 12시,화요일,경상북도 구미시 송정동,경상사고,0,0,1,0,차대사람 - 기타,안전운전불이행,건조,맑음,기타 - 기타,기타불명,기타불명,기타불명,기타불명,보행자,남,65세,경상
2012081400100267,2012년 8월 14일 13시,화요일,경상북도 포항시 북구 장성동,경상사고,0,0,1,0,차대차 - 기타,안전거리미확보,건조,맑음,교차로 - 교차로부근,승용,남,35세,상해없음,원동기,남,19세,경상
2012081400100268,2012년 8월 14일 13시,화요일,경상북도 봉화군 석포면,경상사고,0,0,2,0,차대차 - 측면직각충돌,안전운전불이행,건조,맑음,단일로 - 기타,화물,남,61세,경상,승용,여,54세,경상
2012081400100269,2012년 8월 14일 13시,화요일,경상북도 구미시 원평동,중상사고,0,1,0,0,차대사람 - 기타,안전운전불이행,건조,맑음,단일로 - 기타,승용,여,51세,상해없음,보행자,여,24세,중상
2012081400100296,2012년 8월 14일 14시,화요일,경상북도 경주시 구황동,경상사고,0,0,2,0,차대차 - 측면직각충돌,안전운전불이행,건조,맑음,단일로 - 기타,승용,남,28세,상해없음,원동기,남,26세,경상
2012081400100297,2012년 8월 14일 14시,화요일,경상북도 안동시 안흥동,경상사고,0,0,1,0,차대차 - 추돌 - 주정차중,안전거리미확보,건조,흐림,단일로 - 기타,승용,여,27세,상해없음,승합,남,52세,상해없음
2012081400100298,2012년 8월 14일 14시,화요일,경상북도 김천시 봉산면,경상사고,0,0,1,0,차대차 - 측면직각충돌,중앙선침범,건조,맑음,교차로 - 교차로부근,승용,남,59세,상해없음,승용,남,54세,경상
2012081400100299,2012년 8월 14일 14시,화요일,경상북도 경산시 자인면,중상사고,0,2,0,0,차대차 - 기타,중앙선침범,건조,맑음,교차로 - 교차로부근,승용,여,44세,상해없음,농기계,남,65세,중상
2012081400100321,2012년 8월 14일 15시,화요일,경상북도 포항시 북구 흥해읍,경상사고,0,0,1,0,차대차 - 기타,안전거리미확보,건조,맑음,단일로 - 기타,승용,남,54세,상해없음,승용,여,27세,경상
2012081400100322,2012년 8월 14일 15시,화요일,경상북도 안동시 운흥동,중상사고,0,1,0,0,차대차 - 측면직각충돌,직진우회전진행방해,건조,맑음,교차로 - 교차로안,승용,남,18세,상해없음,승용,여,50세,중상
2012081400100323,2012년 8월 14일 15시,화요일,경상북도 안동시 풍천면,중상사고,0,1,0,0,차대차 - 기타,안전운전불이행,건조,맑음,단일로 - 기타,화물,남,66세,상해없음,이륜,남,49세,중상
2012081400100324,2012년 8월 14일 15시,화요일,경상북도 문경시 호계면,경상사고,0,0,1,0,차대차 - 측면직각충돌,중앙선침범,건조,흐림,단일로 - 기타,승합,남,45세,상해없음,화물,남,49세,경상
2012081400100364,2012년 8월 14일 16시,화요일,경상북도 상주시 복룡동,부상신고사고,0,0,0,1,차대차 - 기타,기타,건조,흐림,단일로 - 기타,원동기,남,49세,부상신고,건설기계,남,31세,상해없음
2012081400100388,2012년 8월 14일 17시,화요일,경상북도 포항시 북구 창포동,중상사고,0,1,0,0,차대차 - 측면직각충돌,안전운전불이행,습기,흐림,교차로 - 교차로안,승용,여,50세,상해없음,원동기,남,20세,중상
2012081400100389,2012년 8월 14일 17시,화요일,경상북도 안동시 운흥동,중상사고,0,1,0,0,차대사람 - 횡단중,신호위반,건조,맑음,교차로 - 교차로부근,승용,여,38세,상해없음,보행자,여,30세,중상
2012081400100390,2012년 8월 14일 17시,화요일,경상북도 칠곡군 약목면,부상신고사고,0,0,0,1,차량단독 - 공작물충돌,안전운전불이행,건조,맑음,단일로 - 기타,승용,여,48세,부상신고,,,,
2012081400100391,2012년 8월 14일 17시,화요일,경상북도 예천군 용궁면,중상사고,0,1,0,0,차대사람 - 횡단중,안전운전불이행,습기,흐림,단일로 - 기타,승용,남,71세,상해없음,보행자,여,72세,중상
2012081400100392,2012년 8월 14일 17시,화요일,경상북도 청도군 운문면,경상사고,0,0,1,0,차대차 - 측면직각충돌,안전운전불이행,건조,맑음,단일로 - 기타,승용,여,43세,상해없음,농기계,남,79세,상해없음
2012081400100393,2012년 8월 14일 17시,화요일,경상북도 울진군 울진읍,경상사고,0,0,1,0,차대차 - 정면충돌,중앙선침범,건조,맑음,단일로 - 기타,이륜,남,38세,경상,승합,남,39세,상해없음
2012081400100394,2012년 8월 14일 17시,화요일,경상북도 군위군 부계면,중상사고,0,1,0,0,차대차 - 정면충돌,안전운전불이행,건조,흐림,단일로 - 기타,화물,남,47세,상해없음,승용,남,38세,중상
2012081400100395,2012년 8월 14일 17시,화요일,경상북도 포항시 남구 연일읍,중상사고,0,2,0,0,차량단독 - 전도전복,안전운전불이행,습기,비,단일로 - 기타,승용,여,49세,중상,,,,
2012081400100431,2012년 8월 14일 18시,화요일,경상북도 경주시 진현동,중상사고,0,1,0,0,차대차 - 기타,중앙선침범,습기,비,단일로 - 기타,화물,남,46세,상해없음,승용,남,43세,중상
2012081400100432,2012년 8월 14일 18시,화요일,경상북도 포항시 북구 창포동,경상사고,0,0,1,0,차대사람 - 기타,보행자보호의무위반,건조,맑음,단일로 - 횡단보도상,승용,남,54세,기타불명,보행자,남,13세,경상
2012081400100433,2012년 8월 14일 18시,화요일,경상북도 경산시 계양동,경상사고,0,0,1,0,차대차 - 기타,안전거리미확보,건조,맑음,단일로 - 기타,승용,남,21세,상해없음,승용,여,46세,경상
2012081400100469,2012년 8월 14일 19시,화요일,경상북도 의성군 의성읍,중상사고,0,2,0,0,차대차 - 측면직각충돌,안전운전불이행,습기,흐림,교차로 - 교차로안,화물,남,64세,상해없음,승용,남,49세,중상
2012081400100470,2012년 8월 14일 19시,화요일,경상북도 영천시 야사동,경상사고,0,0,1,0,차대사람 - 횡단중,안전운전불이행,건조,맑음,교차로 - 교차로안,승용,여,38세,상해없음,보행자,여,44세,경상
2012081400100471,2012년 8월 14일 19시,화요일,경상북도 경산시 압량면,중상사고,0,1,0,0,차대차 - 기타,직진우회전진행방해,건조,흐림,교차로 - 교차로안,승합,남,63세,상해없음,이륜,남,33세,중상
2012081400100516,2012년 8월 14일 20시,화요일,경상북도 경주시 안강읍,경상사고,0,0,3,0,차대차 - 추돌 - 주정차중,안전거리미확보,건조,맑음,단일로 - 기타,화물,남,61세,상해없음,승용,남,51세,경상
2012081400100517,2012년 8월 14일 20시,화요일,경상북도 안동시 옥동,중상사고,0,1,0,0,차대사람 - 기타,안전운전불이행,습기,비,기타 - 기타,승용,기타불명,기타불명,기타불명,보행자,여,74세,중상
2012081400100568,2012년 8월 14일 21시,화요일,경상북도 구미시 임은동,경상사고,0,0,1,0,차대차 - 측면직각충돌,안전운전불이행,건조,맑음,교차로 - 교차로부근,승용,남,55세,상해없음,승용,여,54세,경상
2012081400100654,2012년 8월 14일 23시,화요일,경상북도 안동시 운흥동,경상사고,0,0,1,0,차대사람 - 횡단중,안전운전불이행,습기,비,단일로 - 기타,승용,남,53세,상해없음,보행자,남,62세,경상
2012081500100037,2012년 8월 15일 00시,수요일,경상북도 영주시 하망동,경상사고,0,0,1,0,차대사람 - 횡단중,안전운전불이행,습기,비,단일로 - 기타,승용,남,45세,상해없음,보행자,남,53세,경상
2012081500100038,2012년 8월 15일 00시,수요일,경상북도 영주시 풍기읍,중상사고,0,1,1,0,차대차 - 측면직각충돌,교차로운행방법위반,습기,비,교차로 - 교차로안,승용,여,26세,중상,승용,남,30세,경상
2012081500100039,2012년 8월 15일 00시,수요일,경상북도 영천시 금호읍,경상사고,0,0,1,0,차대차 - 기타,안전운전불이행,건조,맑음,단일로 - 기타,승용,남,33세,경상,승용,남,59세,상해없음
2012081500100079,2012년 8월 15일 01시,수요일,경상북도 경산시 중산동,중상사고,0,1,1,0,차대차 - 기타,중앙선침범,건조,맑음,교차로 - 교차로부근,승용,여,47세,상해없음,승용,여,48세,경상
2012081500100172,2012년 8월 15일 04시,수요일,경상북도 포항시 북구 대신동,중상사고,0,1,0,0,차대사람 - 기타,신호위반,건조,맑음,교차로 - 교차로안,승용,남,54세,상해없음,보행자,여,59세,중상
2012081500100196,2012년 8월 15일 05시,수요일,경상북도 구미시 원평동,경상사고,0,0,1,0,차대차 - 측면직각충돌,안전운전불이행,습기,흐림,교차로 - 교차로부근,승용,여,45세,상해없음,승용,남,40세,경상
2012081500100226,2012년 8월 15일 07시,수요일,경상북도 포항시 북구 죽도동,경상사고,0,0,1,0,차대사람 - 기타,신호위반,건조,맑음,단일로 - 횡단보도상,승용,남,72세,상해없음,보행자,여,45세,경상
2012081500100227,2012년 8월 15일 07시,수요일,경상북도 칠곡군 왜관읍,중상사고,0,1,0,0,차대차 - 정면충돌,중앙선침범,건조,흐림,단일로 - 기타,승용,남,44세,상해없음,승용,여,36세,중상
2012081500100241,2012년 8월 15일 08시,수요일,경상북도 영주시 순흥면,중상사고,0,1,0,0,차량단독 - 공작물충돌,안전운전불이행,건조,맑음,단일로 - 기타,승용,남,58세,상해없음,,,,
2012081500100242,2012년 8월 15일 08시,수요일,경상북도 포항시 남구 해도동,경상사고,0,0,1,0,차대사람 - 기타,안전운전불이행,건조,맑음,교차로 - 교차로부근,승용,남,63세,상해없음,보행자,남,41세,경상
2012081500100258,2012년 8월 15일 09시,수요일,경상북도 경주시 천북면,경상사고,0,0,1,0,차대차 - 기타,안전운전불이행,건조,맑음,단일로 - 기타,승용,남,62세,상해없음,승용,여,40세,경상
2012081500100259,2012년 8월 15일 09시,수요일,경상북도 영덕군 창수면,중상사고,0,1,0,0,차대사람 - 횡단중,안전운전불이행,건조,맑음,단일로 - 기타,이륜,남,56세,상해없음,보행자,여,70세,중상
2012081500100276,2012년 8월 15일 10시,수요일,경상북도 봉화군 명호면,중상사고,0,1,0,0,차량단독 - 기타,기타,건조,맑음,교차로 - 교차로안,승용,남,54세,상해없음,,,,
2012081500100277,2012년 8월 15일 10시,수요일,경상북도 구미시 원평동,경상사고,0,0,1,0,차대사람 - 기타,안전운전불이행,건조,맑음,교차로 - 교차로부근,원동기,여,59세,상해없음,보행자,남,10세,경상
2012081500100331,2012년 8월 15일 13시,수요일,경상북도 김천시 신음동,중상사고,0,1,0,0,차대차 - 측면직각충돌,안전거리미확보,건조,맑음,단일로 - 기타,승용,남,28세,상해없음,이륜,남,23세,중상
2012081500100372,2012년 8월 15일 15시,수요일,경상북도 상주시 화북면,중상사고,0,1,0,0,차대차 - 기타,안전운전불이행,습기,흐림,단일로 - 기타,이륜,남,57세,중상,승용,남,52세,상해없음
2012081500100392,2012년 8월 15일 16시,수요일,경상북도 경주시 황오동,경상사고,0,0,1,0,차대사람 - 기타,안전운전불이행,건조,맑음,단일로 - 기타,승용,남,18세,상해없음,보행자,여,5세,경상
2012081500100393,2012년 8월 15일 16시,수요일,경상북도 칠곡군 가산면,경상사고,0,0,3,0,차대차 - 추돌 - 주정차중,안전운전불이행,건조,맑음,기타 - 기타,화물,남,53세,상해없음,승합,여,45세,경상
2012081500100394,2012년 8월 15일 16시,수요일,경상북도 구미시 남통동,중상사고,0,1,0,0,차대차 - 기타,안전운전불이행,건조,맑음,단일로 - 기타,승용,남,55세,상해없음,이륜,남,27세,중상
2012081500100395,2012년 8월 15일 16시,수요일,경상북도 포항시 남구 해도동,경상사고,0,0,4,0,차대차 - 측면직각충돌,중앙선침범,건조,맑음,단일로 - 기타,승용,남,44세,상해없음,승용,남,53세,경상
2012081500100396,2012년 8월 15일 16시,수요일,경상북도 포항시 남구 대잠동,경상사고,0,0,2,0,차대차 - 측면직각충돌,안전운전불이행,건조,맑음,단일로 - 기타,승용,남,64세,상해없음,승용,남,47세,경상
2012081500100408,2012년 8월 15일 17시,수요일,경상북도 경산시 남산면,중상사고,0,3,7,0,차대차 - 기타,중앙선침범,건조,흐림,교차로 - 교차로안,화물,남,65세,상해없음,승합,남,62세,경상
2012081500100428,2012년 8월 15일 18시,수요일,경상북도 안동시 운흥동,중상사고,0,3,5,0,차대차 - 기타,안전거리미확보,건조,흐림,단일로 - 기타,승용,남,44세,상해없음,승용,여,61세,경상
2012081500100460,2012년 8월 15일 19시,수요일,경상북도 안동시 운흥동,경상사고,0,0,1,0,차대차 - 기타,안전운전불이행,건조,맑음,교차로 - 교차로부근,화물,남,58세,상해없음,이륜,남,43세,경상
2012081500100461,2012년 8월 15일 19시,수요일,경상북도 안동시 금곡동,경상사고,0,0,6,0,차대차 - 추돌 - 주정차중,안전운전불이행,습기,비,단일로 - 기타,승용,남,65세,상해없음,승용,남,30세,상해없음
2012081500100462,2012년 8월 15일 19시,수요일,경상북도 구미시 원평동,경상사고,0,0,1,0,차대사람 - 횡단중,안전운전불이행,건조,맑음,단일로 - 횡단보도상,기타불명,기타불명,기타불명,기타불명,보행자,여,9세,경상
2012081500100511,2012년 8월 15일 20시,수요일,경상북도 포항시 북구 죽도동,경상사고,0,0,1,0,차대차 - 추돌 - 진행중,안전거리미확보,건조,맑음,단일로 - 기타,승용,남,52세,상해없음,원동기,남,17세,경상
2012081500100512,2012년 8월 15일 20시,수요일,경상북도 영주시 가흥동,중상사고,0,1,0,0,차대차 - 추돌 - 진행중,안전운전불이행,습기,비,단일로 - 기타,승용,여,65세,상해없음,자전거,남,68세,중상
2012081500100554,2012년 8월 15일 21시,수요일,경상북도 구미시 신평동,경상사고,0,0,2,0,차대차 - 측면직각충돌,교차로운행방법위반,건조,맑음,교차로 - 교차로안,승용,남,36세,경상,승용,남,63세,경상
2012081500100586,2012년 8월 15일 22시,수요일,경상북도 안동시 풍산읍,중상사고,0,1,1,0,차대차 - 측면직각충돌,직진우회전진행방해,습기,비,교차로 - 교차로안,승용,남,27세,상해없음,승용,남,54세,중상
2012081500100587,2012년 8월 15일 22시,수요일,경상북도 칠곡군 왜관읍,중상사고,0,1,1,0,차대차 - 측면직각충돌,안전거리미확보,건조,맑음,단일로 - 기타,기타불명,기타불명,기타불명,기타불명,승용,남,46세,중상
2012081600100013,2012년 8월 16일 00시,목요일,경상북도 포항시 남구 오천읍,사망사고,1,0,0,0,차대차 - 추돌 - 주정차중,안전운전불이행,건조,맑음,교차로 - 교차로부근,승용,남,30세,사망,화물,남,48세,기타불명
2012081600100040,2012년 8월 16일 02시,목요일,경상북도 구미시 옥계동,경상사고,0,0,2,0,차량단독 - 공작물충돌,안전운전불이행,건조,맑음,교차로 - 교차로부근,승용,남,24세,상해없음,,,,
2012081600100063,2012년 8월 16일 05시,목요일,경상북도 영주시 휴천동,경상사고,0,0,1,0,차대차 - 측면직각충돌,안전운전불이행,습기,비,교차로 - 교차로안,승용,남,26세,상해없음,승용,여,44세,경상
2012081600100076,2012년 8월 16일 06시,목요일,경상북도 구미시 인의동,경상사고,0,0,2,0,차대차 - 추돌 - 진행중,안전거리미확보,건조,흐림,단일로 - 기타,승용,여,29세,상해없음,승용,남,29세,경상
2012081600100093,2012년 8월 16일 07시,목요일,경상북도 경주시 강동면,경상사고,0,0,1,0,차대차 - 측면직각충돌,중앙선침범,습기,흐림,단일로 - 기타,승용,남,29세,상해없음,승용,남,48세,경상
2012081600100094,2012년 8월 16일 07시,목요일,경상북도 상주시 낙양동,중상사고,0,1,0,0,차대차 - 측면직각충돌,안전운전불이행,습기,비,단일로 - 횡단보도부근,승용,남,28세,상해없음,자전거,여,55세,중상
2012081600100095,2012년 8월 16일 07시,목요일,경상북도 영주시 풍기읍,중상사고,0,2,1,0,차대차 - 측면직각충돌,직진우회전진행방해,습기,비,교차로 - 교차로안,승용,남,63세,상해없음,승용,남,69세,중상
2012081600100096,2012년 8월 16일 07시,목요일,경상북도 경산시 하양읍,경상사고,0,0,1,0,차대사람 - 기타,안전운전불이행,습기,흐림,교차로 - 교차로부근,승용,남,30세,상해없음,보행자,남,31세,경상
2012081600100122,2012년 8월 16일 08시,목요일,경상북도 김천시 대덕면,사망사고,1,1,0,0,차대차 - 측면직각충돌,중앙선침범,습기,흐림,교차로 - 교차로부근,화물,남,47세,사망,화물,남,48세,중상
2012081600100123,2012년 8월 16일 08시,목요일,경상북도 영주시 휴천동,경상사고,0,0,3,0,차대차 - 측면직각충돌,교차로운행방법위반,습기,흐림,교차로 - 교차로부근,승용,남,29세,경상,화물,남,68세,경상
2012081600100124,2012년 8월 16일 08시,목요일,경상북도 구미시 진평동,경상사고,0,0,1,0,차대차 - 기타,안전운전불이행,습기,흐림,교차로 - 교차로안,승용,남,28세,상해없음,자전거,남,26세,경상
2012081600100125,2012년 8월 16일 08시,목요일,경상북도 포항시 남구 청림동,사망사고,1,0,0,0,차대차 - 측면직각충돌,교차로운행방법위반,건조,맑음,교차로 - 교차로안,특수,남,57세,상해없음,이륜,남,35세,사망
2012081600100148,2012년 8월 16일 09시,목요일,경상북도 문경시 흥덕동,경상사고,0,0,1,0,차대사람 - 횡단중,보행자보호의무위반,건조,맑음,교차로 - 교차로안,승합,여,39세,상해없음,보행자,여,19세,경상
2012081600100149,2012년 8월 16일 09시,목요일,경상북도 울진군 근남면,사망사고,1,0,0,0,차대차 - 측면직각충돌,차로위반,습기,흐림,교차로 - 교차로안,이륜,남,69세,사망,건설기계,남,39세,상해없음
2012081600100171,2012년 8월 16일 10시,목요일,경상북도 포항시 북구 용흥동,경상사고,0,0,2,0,차대차 - 측면직각충돌,안전운전불이행,건조,맑음,교차로 - 교차로안,화물,남,65세,상해없음,승용,남,42세,경상
2012081600100172,2012년 8월 16일 10시,목요일,경상북도 영덕군 병곡면,사망사고,1,0,0,0,차량단독 - 공작물충돌,안전운전불이행,습기,흐림,기타 - 기타,이륜,남,74세,사망,,,,
2012081600100204,2012년 8월 16일 11시,목요일,경상북도 영천시 완산동,중상사고,0,1,0,0,차대차 - 기타,안전운전불이행,건조,맑음,교차로 - 교차로안,승용,남,29세,상해없음,이륜,남,70세,중상
2012081600100205,2012년 8월 16일 11시,목요일,경상북도 청도군 화양읍,중상사고,0,2,0,0,차대차 - 측면직각충돌,과속,건조,맑음,교차로 - 교차로안,화물,남,58세,상해없음,농기계,남,78세,중상
2012081600100230,2012년 8월 16일 12시,목요일,경상북도 경주시 성건동,중상사고,0,2,3,0,차대차 - 측면직각충돌,안전운전불이행,건조,맑음,교차로 - 교차로안,승용,남,42세,중상,승용,여,45세,경상
2012081600100231,2012년 8월 16일 12시,목요일,경상북도 경주시 동천동,경상사고,0,0,1,0,차대차 - 추돌 - 진행중,안전운전불이행,건조,맑음,교차로 - 교차로부근,이륜,남,36세,경상,승용,남,66세,상해없음
2012081600100256,2012년 8월 16일 13시,목요일,경상북도 포항시 남구 장흥동,경상사고,0,0,1,0,차대차 - 기타,안전운전불이행,건조,맑음,단일로 - 기타,승용,남,44세,상해없음,화물,남,47세,상해없음
2012081600100286,2012년 8월 16일 14시,목요일,경상북도 상주시 사벌면,중상사고,0,1,0,0,차대차 - 기타,교차로운행방법위반,건조,맑음,교차로 - 교차로안,승용,남,56세,상해없음,승용,남,36세,중상
2012081600100287,2012년 8월 16일 14시,목요일,경상북도 구미시 옥계동,경상사고,0,0,1,0,차대차 - 추돌 - 진행중,안전거리미확보,건조,맑음,교차로 - 교차로부근,승용,남,32세,경상,화물,남,26세,상해없음
2012081600100320,2012년 8월 16일 15시,목요일,경상북도 안동시 이천동,경상사고,0,0,2,0,차대차 - 추돌 - 진행중,안전운전불이행,건조,흐림,단일로 - 기타,화물,남,74세,상해없음,승용,남,56세,경상
2012081600100321,2012년 8월 16일 15시,목요일,경상북도 구미시 남통동,경상사고,0,0,2,0,차대차 - 측면직각충돌,교차로운행방법위반,건조,맑음,교차로 - 교차로안,승용,남,43세,경상,승용,남,68세,경상
2012081600100352,2012년 8월 16일 16시,목요일,경상북도 영천시 금호읍,경상사고,0,0,1,0,차대차 - 기타,안전운전불이행,건조,맑음,기타 - 기타,화물,남,47세,상해없음,자전거,여,79세,경상
2012081600100353,2012년 8월 16일 16시,목요일,경상북도 구미시 진평동,경상사고,0,0,1,0,차대차 - 기타,안전운전불이행,건조,맑음,교차로 - 교차로안,승용,여,27세,기타불명,승합,남,53세,상해없음
2012081600100412,2012년 8월 16일 18시,목요일,경상북도 경주시 양남면,경상사고,0,0,1,0,차량단독 - 공작물충돌,안전운전불이행,습기,비,단일로 - 기타,승용,여,32세,경상,,,,
2012081600100413,2012년 8월 16일 18시,목요일,경상북도 고령군 쌍림면,중상사고,0,2,0,0,차대차 - 정면충돌,중앙선침범,건조,맑음,기타 - 기타,화물,남,51세,중상,승용,남,56세,중상
2012081600100414,2012년 8월 16일 18시,목요일,경상북도 구미시 인의동,중상사고,0,1,2,0,차대차 - 측면직각충돌,교차로운행방법위반,건조,맑음,교차로 - 교차로안,승용,여,27세,경상,승용,남,51세,경상
2012081600100457,2012년 8월 16일 19시,목요일,경상북도 성주군 성주읍,경상사고,0,0,3,0,차대차 - 측면직각충돌,신호위반,건조,맑음,교차로 - 교차로안,승합,남,42세,상해없음,승용,여,47세,경상
2012081600100490,2012년 8월 16일 20시,목요일,경상북도 경주시 안강읍,중상사고,0,1,0,0,차대차 - 추돌 - 진행중,안전운전불이행,습기,흐림,교차로 - 교차로부근,화물,남,45세,상해없음,승용,남,35세,중상
2012081600100491,2012년 8월 16일 20시,목요일,경상북도 경산시 삼풍동,경상사고,0,0,1,0,차대차 - 기타,안전거리미확보,건조,맑음,단일로 - 기타,승용,남,31세,상해없음,이륜,남,19세,경상