사고번호,사고일시,요일,시군구,사고내용,사망자수,중상자수,경상자수,부상신고자수,사고유형,법규위반,노면상태,기상상태,도로형태,가해운전자 차종,가해운전자 성별,가해운전자 연령,가해운전자 상해정도,피해운전자 차종,피해운전자 성별,피해운전자 연령,피해운전자 상해정도
2012081600100492,2012년 8월 16일 20시,목요일,경상북도 구미시 임은동,경상사고,0,0,1,0,차대차 - 측면직각충돌,중앙선침범,건조,맑음,단일로 - 기타,승용,남,46세,상해없음,승용,남,39세,경상
2012081600100521,2012년 8월 16일 21시,목요일,경상북도 안동시 옥동,경상사고,0,0,1,0,차대차 - 측면직각충돌,중앙선침범,건조,흐림,교차로 - 교차로부근,승용,남,57세,상해없음,이륜,남,17세,경상
2012081600100545,2012년 8월 16일 22시,목요일,경상북도 안동시 용상동,중상사고,0,1,0,0,차대사람 - 기타,안전운전불이행,습기,비,기타 - 기타,승합,남,41세,상해없음,보행자,남,37세,중상
2012081600100546,2012년 8월 16일 22시,목요일,경상북도 칠곡군 왜관읍,부상신고사고,0,0,0,1,차대사람 - 기타,안전운전불이행,건조,맑음,기타 - 기타,승용,여,47세,상해없음,보행자,남,48세,부상신고
2012081700100016,2012년 8월 17일 00시,금요일,경상북도 포항시 북구 흥해읍,경상사고,0,0,2,0,차대차 - 기타,안전운전불이행,건조,맑음,단일로 - 기타,기타불명,기타불명,기타불명,기타불명,승용,남,37세,경상
2012081700100042,2012년 8월 17일 03시,금요일,경상북도 칠곡군 왜관읍,부상신고사고,0,0,0,1,차대사람 - 보도통행중,안전운전불이행,건조,맑음,단일로 - 기타,승합,기타불명,기타불명,기타불명,보행자,남,38세,부상신고
2012081700100056,2012년 8월 17일 04시,금요일,경상북도 경주시 인왕동,부상신고사고,0,0,0,1,차량단독 - 공작물충돌,안전운전불이행,건조,흐림,단일로 - 기타,승용,남,20세,부상신고,,,,
2012081700100082,2012년 8월 17일 06시,금요일,경상북도 구미시 비산동,사망사고,1,0,0,0,차대차 - 측면직각충돌,안전운전불이행,건조,맑음,단일로 - 기타,이륜,남,58세,사망,승용,남,28세,상해없음
2012081700100092,2012년 8월 17일 07시,금요일,경상북도 안동시 태화동,경상사고,0,0,1,0,차대차 - 측면직각충돌,신호위반,건조,맑음,교차로 - 교차로안,승용,여,22세,상해없음,화물,남,48세,경상
2012081700100093,2012년 8월 17일 07시,금요일,경상북도 문경시 점촌동,경상사고,0,0,2,0,차대차 - 측면직각충돌,직진우회전진행방해,건조,흐림,교차로 - 교차로안,화물,남,70세,상해없음,승용,여,39세,경상
2012081700100117,2012년 8월 17일 08시,금요일,경상북도 안동시 길안면,중상사고,0,1,0,0,차대차 - 기타,안전운전불이행,건조,맑음,단일로 - 기타,승용,남,29세,상해없음,이륜,여,63세,중상
2012081700100143,2012년 8월 17일 09시,금요일,경상북도 포항시 북구 기계면,경상사고,0,0,2,0,차대차 - 기타,교차로운행방법위반,건조,맑음,교차로 - 교차로안,승용,남,37세,상해없음,승용,남,35세,경상
2012081700100144,2012년 8월 17일 09시,금요일,경상북도 경산시 사동,중상사고,0,1,0,0,차대차 - 기타,교차로운행방법위반,건조,기타,교차로 - 교차로안,승용,여,54세,상해없음,이륜,남,52세,중상
2012081700100162,2012년 8월 17일 10시,금요일,경상북도 경주시 동천동,부상신고사고,0,0,0,1,차대차 - 측면직각충돌,안전운전불이행,건조,맑음,교차로 - 교차로안,승용,남,73세,상해없음,승용,여,33세,부상신고
2012081700100188,2012년 8월 17일 11시,금요일,경상북도 군위군 부계면,중상사고,0,1,1,0,차대차 - 정면충돌,중앙선침범,건조,맑음,교차로 - 교차로부근,승용,여,54세,상해없음,건설기계,남,42세,상해없음
2012081700100221,2012년 8월 17일 12시,금요일,경상북도 포항시 남구 대송면,중상사고,0,1,0,0,차대사람 - 기타,안전운전불이행,건조,맑음,단일로 - 기타,기타불명,기타불명,기타불명,기타불명,보행자,여,65세,중상
2012081700100247,2012년 8월 17일 13시,금요일,경상북도 경주시 동천동,경상사고,0,0,1,1,차대차 - 측면직각충돌,교차로운행방법위반,건조,맑음,교차로 - 교차로안,승용,남,38세,상해없음,승합,남,41세,상해없음
2012081700100248,2012년 8월 17일 13시,금요일,경상북도 안동시 와룡면,경상사고,0,0,1,0,차대차 - 기타,안전운전불이행,건조,맑음,단일로 - 기타,화물,남,58세,상해없음,화물,남,74세,경상
2012081700100270,2012년 8월 17일 14시,금요일,경상북도 안동시 용상동,경상사고,0,0,1,0,차대차 - 기타,안전운전불이행,건조,맑음,단일로 - 기타,승용,남,44세,상해없음,자전거,남,16세,경상
2012081700100271,2012년 8월 17일 14시,금요일,경상북도 의성군 의성읍,중상사고,0,1,0,0,차대차 - 기타,안전운전불이행,건조,맑음,단일로 - 횡단보도상,화물,남,64세,상해없음,자전거,여,56세,중상
2012081700100272,2012년 8월 17일 14시,금요일,경상북도 구미시 공단동,경상사고,0,0,2,0,차대차 - 측면직각충돌,안전운전불이행,건조,맑음,단일로 - 기타,승용,남,26세,상해없음,승용,남,56세,경상
2012081700100296,2012년 8월 17일 15시,금요일,경상북도 포항시 남구 구룡포읍,중상사고,0,1,0,0,차대차 - 추돌 - 진행중,안전운전불이행,건조,맑음,교차로 - 교차로부근,원동기,남,54세,중상,화물,남,25세,상해없음
2012081700100336,2012년 8월 17일 16시,금요일,경상북도 의성군 다인면,중상사고,0,1,1,0,차대차 - 기타,교차로운행방법위반,건조,맑음,교차로 - 교차로안,승용,남,60세,상해없음,원동기,남,60세,중상
2012081700100337,2012년 8월 17일 16시,금요일,경상북도 영천시 완산동,경상사고,0,0,2,0,차대차 - 측면직각충돌,안전운전불이행,건조,맑음,교차로 - 교차로부근,화물,남,53세,상해없음,승용,남,33세,경상
2012081700100338,2012년 8월 17일 16시,금요일,경상북도 성주군 대가면,중상사고,0,1,4,0,차대차 - 추돌 - 주정차중,안전운전불이행,건조,맑음,단일로 - 기타,화물,남,75세,경상,승용,남,46세,상해없음
2012081700100377,2012년 8월 17일 17시,금요일,경상북도 경주시 구황동,경상사고,0,0,1,0,차대차 - 기타,안전운전불이행,건조,맑음,단일로 - 기타,승용,남,58세,상해없음,화물,남,53세,경상
2012081700100378,2012년 8월 17일 17시,금요일,경상북도 경주시 동천동,중상사고,0,1,0,0,차대사람 - 기타,기타,건조,맑음,단일로 - 기타,승합,남,43세,상해없음,보행자,여,90세,중상
2012081700100379,2012년 8월 17일 17시,금요일,경상북도 안동시 용상동,중상사고,0,1,1,0,차대차 - 기타,안전운전불이행,건조,맑음,교차로 - 교차로부근,이륜,남,16세,경상,승용,여,42세,중상
2012081700100380,2012년 8월 17일 17시,금요일,경상북도 구미시 송정동,중상사고,0,1,0,0,차대차 - 측면직각충돌,직진우회전진행방해,건조,맑음,교차로 - 교차로안,승용,남,57세,상해없음,승용,남,41세,중상
2012081700100449,2012년 8월 17일 19시,금요일,경상북도 포항시 북구 장성동,경상사고,0,0,3,0,차대차 - 기타,안전운전불이행,건조,맑음,교차로 - 교차로부근,화물,남,68세,상해없음,승용,여,40세,경상
2012081700100493,2012년 8월 17일 20시,금요일,경상북도 포항시 북구 흥해읍,사망사고,1,0,0,0,차대차 - 측면직각충돌,교차로운행방법위반,건조,맑음,교차로 - 교차로안,승용,남,48세,사망,승용,남,40세,상해없음
2012081700100494,2012년 8월 17일 20시,금요일,경상북도 칠곡군 왜관읍,경상사고,0,0,1,1,차대차 - 추돌 - 진행중,안전운전불이행,건조,맑음,교차로 - 교차로안,승용,남,39세,부상신고,화물,남,49세,경상
2012081700100495,2012년 8월 17일 20시,금요일,경상북도 칠곡군 북삼읍,중상사고,0,2,0,0,차대차 - 추돌 - 진행중,기타,건조,맑음,단일로 - 기타,화물,남,48세,상해없음,건설기계,남,68세,상해없음
2012081700100496,2012년 8월 17일 20시,금요일,경상북도 청송군 현서면,중상사고,0,1,0,0,차대차 - 추돌 - 주정차중,기타,습기,비,단일로 - 기타,화물,남,64세,중상,화물,남,48세,기타불명
2012081700100529,2012년 8월 17일 21시,금요일,경상북도 상주시 성하동,중상사고,0,1,0,0,차대차 - 측면직각충돌,신호위반,습기,흐림,교차로 - 교차로안,승용,여,22세,상해없음,승용,남,32세,중상
2012081700100571,2012년 8월 17일 22시,금요일,경상북도 경주시 성건동,중상사고,0,1,1,0,차대사람 - 기타,보행자보호의무위반,건조,맑음,단일로 - 횡단보도상,승용,남,54세,상해없음,보행자,여,50세,중상
2012081700100572,2012년 8월 17일 22시,금요일,경상북도 김천시 성내동,중상사고,0,2,1,0,차대차 - 측면직각충돌,중앙선침범,건조,맑음,단일로 - 기타,승용,남,37세,상해없음,승용,남,47세,중상
2012081700100573,2012년 8월 17일 22시,금요일,경상북도 칠곡군 석적읍,중상사고,0,3,2,0,차대차 - 추돌 - 진행중,안전운전불이행,건조,맑음,단일로 - 기타,승용,남,25세,상해없음,승용,남,29세,중상
2012081700100574,2012년 8월 17일 22시,금요일,경상북도 문경시 불정동,사망사고,1,0,1,0,차대차 - 측면직각충돌,안전운전불이행,건조,맑음,단일로 - 교량,승용,남,57세,상해없음,화물,남,60세,상해없음
2012081700100613,2012년 8월 17일 23시,금요일,경상북도 포항시 북구 장성동,경상사고,0,0,1,0,차대차 - 기타,불법유턴,건조,맑음,교차로 - 교차로안,승용,남,58세,상해없음,승용,여,44세,경상
2012081700100614,2012년 8월 17일 23시,금요일,경상북도 안동시 옥동,경상사고,0,0,2,0,차대차 - 측면직각충돌,직진우회전진행방해,습기,비,교차로 - 교차로안,승용,남,53세,상해없음,승용,여,37세,경상
2012081700100615,2012년 8월 17일 23시,금요일,경상북도 안동시 용상동,중상사고,0,1,0,0,차대사람 - 길가장자리구역통행중,기타,건조,맑음,기타 - 기타,이륜,남,32세,상해없음,보행자,여,53세,중상
2012081700100616,2012년 8월 17일 23시,금요일,경상북도 경산시 옥산동,경상사고,0,0,1,0,차대차 - 기타,안전운전불이행,건조,맑음,교차로 - 교차로부근,승용,남,35세,상해없음,승용,남,32세,경상
2012081700100617,2012년 8월 17일 23시,금요일,경상북도 포항시 남구 해도동,사망사고,1,0,0,0,차대사람 - 횡단중,과속,건조,맑음,교차로 - 교차로부근,승용,남,33세,상해없음,보행자,여,55세,사망
2012081800100015,2012년 8월 18일 00시,토요일,경상북도 포항시 남구 장흥동,경상사고,0,0,6,0,차대차 - 추돌 - 진행중,중앙선침범,건조,맑음,단일로 - 기타,승용,남,41세,상해없음,승용,남,42세,경상
2012081800100043,2012년 8월 18일 01시,토요일,경상북도 칠곡군 석적읍,경상사고,0,0,2,0,차대차 - 추돌 - 진행중,안전운전불이행,건조,흐림,교차로 - 교차로안,승용,남,30세,상해없음,승합,남,32세,경상
2012081800100044,2012년 8월 18일 01시,토요일,경상북도 구미시 황상동,중상사고,0,1,0,0,차대차 - 측면직각충돌,안전운전불이행,건조,맑음,단일로 - 기타,승용,남,21세,상해없음,원동기,남,30세,중상
2012081800100045,2012년 8월 18일 01시,토요일,경상북도 구미시 선산읍,경상사고,0,0,1,0,차대사람 - 기타,안전운전불이행,건조,흐림,단일로 - 기타,승합,남,39세,상해없음,보행자,여,38세,경상
2012081800100046,2012년 8월 18일 01시,토요일,경상북도 칠곡군 왜관읍,사망사고,1,0,0,0,차대차 - 추돌 - 주정차중,안전운전불이행,건조,흐림,단일로 - 기타,승용,여,37세,상해없음,승용,남,28세,상해없음
2012081800100064,2012년 8월 18일 02시,토요일,경상북도 구미시 광평동,경상사고,0,0,4,0,차대차 - 추돌 - 진행중,안전운전불이행,건조,맑음,교차로 - 교차로안,승용,남,43세,상해없음,승용,남,30세,경상
2012081800100139,2012년 8월 18일 07시,토요일,경상북도 포항시 남구 동해면,경상사고,0,0,1,0,차대차 - 기타,중앙선침범,건조,맑음,단일로 - 기타,기타불명,기타불명,기타불명,기타불명,승용,남,50세,경상
2012081800100159,2012년 8월 18일 08시,토요일,경상북도 구미시 산동면,중상사고,0,1,0,0,차대차 - 측면직각충돌,교차로운행방법위반,건조,맑음,교차로 - 교차로안,승용,남,54세,상해없음,원동기,남,60세,중상
2012081800100180,2012년 8월 18일 09시,토요일,경상북도 포항시 북구 죽도동,중상사고,0,1,0,0,차대차 - 기타,교차로운행방법위반,건조,맑음,교차로 - 교차로안,승용,여,55세,상해없음,승용,여,52세,중상
2012081800100181,2012년 8월 18일 09시,토요일,경상북도 문경시 모전동,중상사고,0,1,0,0,차대차 - 추돌 - 진행중,중앙선침범,건조,흐림,교차로 - 교차로부근,승용,여,44세,상해없음,자전거,남,91세,중상
2012081800100182,2012년 8월 18일 09시,토요일,경상북도 경산시 옥산동,경상사고,0,0,1,0,차대차 - 기타,안전운전불이행,건조,맑음,교차로 - 교차로안,승용,여,45세,상해없음,승용,남,26세,경상
2012081800100197,2012년 8월 18일 10시,토요일,경상북도 안동시 서후면,경상사고,0,0,1,0,차대차 - 측면직각충돌,안전운전불이행,건조,맑음,교차로 - 교차로안,승용,여,32세,상해없음,화물,남,46세,경상
2012081800100198,2012년 8월 18일 10시,토요일,경상북도 김천시 증산면,경상사고,0,0,3,0,차대차 - 측면직각충돌,안전거리미확보,건조,맑음,교차로 - 교차로안,승용,남,50세,상해없음,승용,남,68세,경상
2012081800100199,2012년 8월 18일 10시,토요일,경상북도 구미시 인의동,중상사고,0,1,0,0,차대차 - 측면직각충돌,교차로운행방법위반,건조,맑음,교차로 - 교차로안,승용,남,31세,상해없음,승용,남,28세,상해없음
2012081800100224,2012년 8월 18일 11시,토요일,경상북도 경주시 성건동,중상사고,0,1,0,0,차대사람 - 기타,안전운전불이행,건조,맑음,단일로 - 기타,승용,남,48세,상해없음,보행자,남,33세,중상
2012081800100225,2012년 8월 18일 11시,토요일,경상북도 봉화군 춘양면,사망사고,1,1,0,0,차량단독 - 도로외이탈 - 추락,안전운전불이행,건조,맑음,단일로 - 기타,화물,남,43세,사망,,,,
2012081800100226,2012년 8월 18일 11시,토요일,경상북도 구미시 형곡동,경상사고,0,0,1,0,차대차 - 측면직각충돌,안전운전불이행,건조,맑음,단일로 - 기타,이륜,남,42세,상해없음,자전거,남,10세,경상
2012081800100228,2012년 8월 18일 11시,토요일,경상북도 칠곡군 동명면,중상사고,0,1,4,0,차대차 - 추돌 - 진행중,안전운전불이행,건조,맑음,단일로 - 기타,승용,남,51세,상해없음,승용,남,65세,중상
2012081800100253,2012년 8월 18일 12시,토요일,경상북도 김천시 증산면,중상사고,0,3,0,0,차량단독 - 기타,안전운전불이행,건조,맑음,단일로 - 기타,화물,여,56세,상해없음,,,,
2012081800100254,2012년 8월 18일 12시,토요일,경상북도 영천시 화남면,중상사고,0,1,1,0,차대차 - 추돌 - 진행중,안전운전불이행,건조,맑음,단일로 - 기타,건설기계,남,31세,상해없음,승용,남,59세,경상
2012081800100255,2012년 8월 18일 12시,토요일,경상북도 군위군 군위읍,경상사고,0,0,1,0,차대사람 - 기타,안전운전불이행,건조,맑음,단일로 - 기타,승합,남,64세,상해없음,보행자,여,64세,경상
2012081800100256,2012년 8월 18일 12시,토요일,경상북도 포항시 남구 지곡동,중상사고,0,1,0,0,차대차 - 추돌 - 진행중,안전운전불이행,건조,맑음,교차로 - 교차로안,승용,남,53세,상해없음,승용,남,49세,상해없음
2012081800100283,2012년 8월 18일 13시,토요일,경상북도 경주시 동천동,경상사고,0,0,3,0,차대차 - 기타,안전운전불이행,건조,맑음,교차로 - 교차로안,화물,남,27세,상해없음,승용,남,25세,경상
2012081800100284,2012년 8월 18일 13시,토요일,경상북도 영천시 망정동,경상사고,0,0,2,0,차대차 - 정면충돌,안전운전불이행,건조,맑음,단일로 - 기타,이륜,남,17세,경상,승용,남,42세,경상
2012081800100285,2012년 8월 18일 13시,토요일,경상북도 청도군 청도읍,중상사고,0,1,0,0,차대사람 - 횡단중,안전운전불이행,건조,맑음,단일로 - 기타,승용,남,26세,상해없음,보행자,여,13세,중상
2012081800100286,2012년 8월 18일 13시,토요일,경상북도 포항시 남구 대도동,경상사고,0,0,2,0,차대차 - 측면직각충돌,안전거리미확보,건조,맑음,단일로 - 기타,승합,남,40세,상해없음,승합,남,22세,경상
2012081800100287,2012년 8월 18일 13시,토요일,경상북도 문경시 마성면,중상사고,0,4,0,0,차대차 - 추돌 - 진행중,안전운전불이행,건조,맑음,단일로 - 기타,화물,남,51세,중상,승용,여,44세,중상
2012081800100318,2012년 8월 18일 14시,토요일,경상북도 영천시 완산동,중상사고,0,1,0,0,차대차 - 기타,교차로운행방법위반,건조,맑음,교차로 - 교차로안,승용,남,45세,상해없음,원동기,남,61세,중상
2012081800100319,2012년 8월 18일 14시,토요일,경상북도 성주군 초전면,중상사고,0,1,0,0,차대차 - 정면충돌,중앙선침범,습기,흐림,단일로 - 기타,승용,남,41세,상해없음,승용,여,63세,중상
2012081800100320,2012년 8월 18일 14시,토요일,경상북도 구미시 장천면,중상사고,0,1,0,0,차대사람 - 횡단중,안전운전불이행,건조,맑음,단일로 - 기타,승용,여,42세,상해없음,보행자,여,68세,중상
2012081800100351,2012년 8월 18일 15시,토요일,경상북도 경주시 내남면,경상사고,0,0,3,0,차대차 - 기타,안전운전불이행,건조,맑음,교차로 - 교차로안,승용,남,30세,경상,건설기계,남,54세,상해없음
2012081800100352,2012년 8월 18일 15시,토요일,경상북도 경주시 안강읍,부상신고사고,0,0,0,2,차량단독 - 공작물충돌,안전운전불이행,건조,맑음,단일로 - 기타,화물,남,48세,부상신고,,,,
2012081800100353,2012년 8월 18일 15시,토요일,경상북도 예천군 예천읍,경상사고,0,0,2,0,차대차 - 기타,신호위반,건조,맑음,교차로 - 교차로안,승용,남,70세,상해없음,승용,남,38세,경상
2012081800100354,2012년 8월 18일 15시,토요일,경상북도 청도군 풍각면,중상사고,0,1,1,0,차대차 - 측면직각충돌,교차로운행방법위반,건조,맑음,교차로 - 교차로안,승용,여,32세,상해없음,원동기,남,73세,경상
2012081800100355,2012년 8월 18일 15시,토요일,경상북도 칠곡군 왜관읍,중상사고,0,2,0,0,차대차 - 추돌 - 진행중,안전운전불이행,습기,흐림,단일로 - 기타,승용,남,30세,상해없음,화물,남,55세,중상
2012081800100387,2012년 8월 18일 16시,토요일,경상북도 영천시 창구동,경상사고,0,0,4,0,차대차 - 측면직각충돌,직진우회전진행방해,건조,맑음,교차로 - 교차로안,승용,여,29세,상해없음,승용,남,32세,경상
2012081800100388,2012년 8월 18일 16시,토요일,경상북도 청도군 풍각면,경상사고,0,0,1,0,차대사람 - 횡단중,안전운전불이행,건조,맑음,단일로 - 기타,승용,남,37세,상해없음,보행자,여,11세,경상
2012081800100389,2012년 8월 18일 16시,토요일,경상북도 포항시 남구 청림동,중상사고,0,1,0,0,차대차 - 기타,교차로운행방법위반,건조,맑음,교차로 - 교차로안,원동기,남,69세,중상,승용,남,51세,상해없음
2012081800100390,2012년 8월 18일 16시,토요일,경상북도 구미시 옥성면,경상사고,0,0,3,1,차대차 - 추돌 - 진행중,안전운전불이행,습기,비,단일로 - 기타,승합,남,36세,부상신고,승용,남,41세,경상
2012081800100415,2012년 8월 18일 17시,토요일,경상북도 경주시 용강동,경상사고,0,0,2,0,차대차 - 기타,안전운전불이행,건조,맑음,단일로 - 기타,승용,남,49세,상해없음,승용,남,47세,경상
2012081800100416,2012년 8월 18일 17시,토요일,경상북도 안동시 와룡면,경상사고,0,0,5,0,차대차 - 정면충돌,중앙선침범,건조,흐림,단일로 - 기타,승용,남,29세,상해없음,승용,남,42세,경상
2012081800100417,2012년 8월 18일 17시,토요일,경상북도 칠곡군 지천면,중상사고,0,1,0,1,차대차 - 측면직각충돌,교차로운행방법위반,습기,비,교차로 - 교차로안,승용,남,51세,부상신고,승용,남,46세,상해없음
2012081800100418,2012년 8월 18일 17시,토요일,경상북도 포항시 남구 호동,경상사고,0,0,1,0,차대차 - 추돌 - 진행중,신호위반,건조,맑음,교차로 - 교차로안,승용,남,29세,상해없음,승용,남,56세,경상
2012081800100440,2012년 8월 18일 18시,토요일,경상북도 경주시 감포읍,경상사고,0,0,2,0,차대차 - 측면직각충돌,안전운전불이행,건조,맑음,교차로 - 교차로안,승용,남,31세,경상,승용,미분류,12세,기타불명
2012081800100479,2012년 8월 18일 19시,토요일,경상북도 경산시 자인면,중상사고,0,1,0,0,차대사람 - 기타,안전운전불이행,건조,맑음,단일로 - 기타,승용,남,26세,상해없음,보행자,남,67세,중상
2012081800100480,2012년 8월 18일 19시,토요일,경상북도 영덕군 영덕읍,경상사고,0,0,2,0,차대차 - 추돌 - 진행중,안전운전불이행,건조,흐림,단일로 - 기타,이륜,남,21세,경상,원동기,여,62세,경상
2012081800100481,2012년 8월 18일 19시,토요일,경상북도 성주군 성주읍,중상사고,0,1,0,0,차대차 - 측면직각충돌,직진우회전진행방해,건조,맑음,교차로 - 교차로안,승용,여,34세,상해없음,이륜,남,57세,중상
2012081800100482,2012년 8월 18일 19시,토요일,경상북도 청송군 청송읍,중상사고,0,1,0,0,차대사람 - 기타,안전운전불이행,습기,비,단일로 - 기타,승용,남,61세,상해없음,보행자,남,73세,중상
2012081800100483,2012년 8월 18일 19시,토요일,경상북도 구미시 임수동,중상사고,0,3,0,0,차대차 - 측면직각충돌,중앙선침범,건조,흐림,단일로 - 교량,승용,여,24세,중상,승용,여,26세,중상
2012081800100513,2012년 8월 18일 20시,토요일,경상북도 포항시 북구 용흥동,사망사고,1,1,0,0,차대사람 - 기타,안전운전불이행,습기,비,단일로 - 기타,승용,남,33세,상해없음,보행자,남,72세,사망
2012081800100514,2012년 8월 18일 20시,토요일,경상북도 고령군 쌍림면,중상사고,0,1,0,0,차대차 - 측면직각충돌,직진우회전진행방해,건조,맑음,교차로 - 교차로안,승용,남,51세,상해없음,이륜,남,43세,중상
2012081800100515,2012년 8월 18일 20시,토요일,경상북도 청송군 현동면,중상사고,0,1,0,0,차대차 - 측면직각충돌,안전운전불이행,건조,맑음,단일로 - 기타,승용,남,50세,상해없음,승용,여,54세,중상
2012081800100516,2012년 8월 18일 20시,토요일,경상북도 포항시 남구 오천읍,경상사고,0,0,1,0,차대차 - 추돌 - 진행중,교차로운행방법위반,습기,비,교차로 - 교차로안,승용,여,40세,상해없음,원동기,남,16세,경상
2012081800100545,2012년 8월 18일 21시,토요일,경상북도 경주시 노서동,경상사고,0,0,1,0,차대사람 - 기타,안전운전불이행,건조,맑음,기타 - 기타,승합,남,54세,상해없음,보행자,여,23세,경상
2012081800100570,2012년 8월 18일 22시,토요일,경상북도 문경시 모전동,경상사고,0,0,1,0,차대사람 - 횡단중,안전운전불이행,건조,맑음,교차로 - 교차로안,승용,여,26세,상해없음,보행자,남,36세,경상
2012081800100571,2012년 8월 18일 22시,토요일,경상북도 청도군 각북면,중상사고,0,1,1,0,차대차 - 정면충돌,중앙선침범,건조,맑음,단일로 - 기타,승용,남,28세,상해없음,승용,남,46세,경상
2012081800100572,2012년 8월 18일 22시,토요일,경상북도 구미시 사곡동,경상사고,0,0,2,0,차대차 - 측면직각충돌,안전운전불이행,건조,맑음,기타 - 기타,기타불명,기타불명,기타불명,기타불명,원동기,남,34세,경상
2012081900100018,2012년 8월 19일 00시,일요일,경상북도 상주시 무양동,중상사고,0,1,0,0,차대사람 - 횡단중,안전운전불이행,건조,맑음,단일로 - 기타,승용,남,35세,상해없음,보행자,여,46세,중상
2012081900100031,2012년 8월 19일 01시,일요일,경상북도 영주시 안정면,경상사고,0,0,1,0,차량단독 - 공작물충돌,안전운전불이행,건조,맑음,단일로 - 기타,승합,남,44세,경상,,,,
2012081900100050,2012년 8월 19일 02시,일요일,경상북도 구미시 원평동,경상사고,0,0,1,0,차대사람 - 기타,안전운전불이행,건조,맑음,단일로 - 기타,승용,남,32세,상해없음,보행자,여,31세,경상
2012081900100106,2012년 8월 19일 06시,일요일,경상북도 영덕군 지품면,중상사고,0,1,1,0,차량단독 - 공작물충돌,안전운전불이행,건조,맑음,기타 - 기타,화물,남,70세,중상,,,,
2012081900100107,2012년 8월 19일 06시,일요일,경상북도 구미시 공단동,중상사고,0,1,1,0,차대차 - 추돌 - 주정차중,안전운전불이행,건조,맑음,단일로 - 기타,승합,남,29세,상해없음,화물,남,42세,중상
2012081900100118,2012년 8월 19일 07시,일요일,경상북도 고령군 고령읍,중상사고,0,1,0,0,차대차 - 추돌 - 주정차중,불법유턴,건조,맑음,단일로 - 기타,화물,남,67세,상해없음,자전거,남,81세,중상
2012081900100131,2012년 8월 19일 08시,일요일,경상북도 구미시 공단동,중상사고,0,1,0,0,차대차 - 측면직각충돌,안전운전불이행,건조,맑음,단일로 - 기타,승용,남,36세,상해없음,승용,남,27세,중상
2012081900100142,2012년 8월 19일 09시,일요일,경상북도 경주시 구황동,경상사고,0,0,4,0,차대차 - 기타,안전운전불이행,건조,맑음,단일로 - 기타,승용,남,22세,상해없음,승용,남,26세,경상
2012081900100143,2012년 8월 19일 09시,일요일,경상북도 안동시 송천동,부상신고사고,0,0,0,1,차량단독 - 기타,안전운전불이행,건조,맑음,단일로 - 기타,이륜,남,60세,부상신고,,,,
2012081900100158,2012년 8월 19일 10시,일요일,경상북도 경산시 하양읍,경상사고,0,0,1,0,차대차 - 기타,안전거리미확보,건조,맑음,교차로 - 교차로부근,건설기계,남,49세,상해없음,승용,남,34세,경상
2012081900100170,2012년 8월 19일 11시,일요일,경상북도 고령군 다산면,중상사고,0,1,0,0,차대사람 - 기타,안전운전불이행,건조,맑음,교차로 - 교차로안,화물,남,54세,상해없음,보행자,여,73세,중상
2012081900100171,2012년 8월 19일 11시,일요일,경상북도 포항시 남구 오천읍,경상사고,0,0,1,0,차대사람 - 횡단중,안전운전불이행,건조,맑음,단일로 - 횡단보도상,기타불명,기타불명,기타불명,기타불명,보행자,남,8세,경상
2012081900100189,2012년 8월 19일 12시,일요일,경상북도 경주시 감포읍,중상사고,0,1,0,0,차대차 - 기타,안전운전불이행,건조,맑음,단일로 - 기타,승용,남,70세,상해없음,이륜,남,62세,중상
2012081900100190,2012년 8월 19일 12시,일요일,경상북도 상주시 화서면,중상사고,0,2,2,0,차대차 - 추돌 - 진행중,안전운전불이행,건조,맑음,교차로 - 교차로안,화물,남,63세,상해없음,화물,남,53세,중상
2012081900100191,2012년 8월 19일 12시,일요일,경상북도 칠곡군 석적읍,중상사고,0,1,0,0,차대사람 - 길가장자리구역통행중,과속,건조,맑음,단일로 - 기타,승용,남,23세,상해없음,보행자,남,72세,중상
2012081900100192,2012년 8월 19일 12시,일요일,경상북도 영덕군 남정면,중상사고,0,1,2,0,차대차 - 추돌 - 진행중,안전운전불이행,건조,맑음,교차로 - 교차로안,화물,남,71세,상해없음,승용,남,63세,경상
2012081900100209,2012년 8월 19일 13시,일요일,경상북도 영주시 가흥동,경상사고,0,0,1,0,차대차 - 기타,교차로운행방법위반,건조,맑음,교차로 - 교차로안,승용,여,47세,상해없음,승용,남,55세,상해없음
2012081900100210,2012년 8월 19일 13시,일요일,경상북도 문경시 흥덕동,중상사고,0,1,0,0,차대차 - 기타,교차로운행방법위반,습기,흐림,교차로 - 교차로안,승합,남,42세,상해없음,원동기,남,28세,중상
2012081900100237,2012년 8월 19일 14시,일요일,경상북도 경주시 내남면,중상사고,0,1,2,0,차대차 - 기타,안전운전불이행,건조,맑음,교차로 - 교차로안,승용,남,48세,경상,승용,남,69세,경상
2012081900100238,2012년 8월 19일 14시,일요일,경상북도 경주시 마동,중상사고,0,1,0,0,차대차 - 기타,안전운전불이행,건조,맑음,기타 - 기타,승용,여,59세,상해없음,승용,여,26세,중상
2012081900100239,2012년 8월 19일 14시,일요일,경상북도 경주시 양남면,중상사고,0,4,0,0,차대차 - 기타,중앙선침범,건조,맑음,단일로 - 기타,승용,남,34세,상해없음,승용,남,51세,중상