사고번호,사고일시,요일,시군구,사고내용,사망자수,중상자수,경상자수,부상신고자수,사고유형,법규위반,노면상태,기상상태,도로형태,가해운전자 차종,가해운전자 성별,가해운전자 연령,가해운전자 상해정도,피해운전자 차종,피해운전자 성별,피해운전자 연령,피해운전자 상해정도
2012082200100113,2012년 8월 22일 06시,수요일,경상북도 경주시 시래동,중상사고,0,1,0,0,차량단독 - 기타,안전운전불이행,습기,비,단일로 - 기타,승용,여,29세,중상,,,,
2012082200100114,2012년 8월 22일 06시,수요일,경상북도 포항시 북구 죽도동,중상사고,0,1,0,0,차대사람 - 기타,안전운전불이행,건조,맑음,단일로 - 기타,승용,여,47세,상해없음,보행자,남,15세,중상
2012082200100153,2012년 8월 22일 08시,수요일,경상북도 경주시 석장동,중상사고,0,2,0,0,차량단독 - 기타,안전운전불이행,습기,비,단일로 - 기타,승용,여,28세,중상,,,,
2012082200100154,2012년 8월 22일 08시,수요일,경상북도 경주시 내남면,중상사고,0,1,0,0,차대차 - 측면직각충돌,안전운전불이행,습기,흐림,단일로 - 기타,화물,남,50세,상해없음,승용,여,36세,중상
2012082200100155,2012년 8월 22일 08시,수요일,경상북도 구미시 옥계동,경상사고,0,0,1,0,차대차 - 추돌 - 주정차중,안전운전불이행,건조,흐림,단일로 - 기타,승합,남,67세,상해없음,승용,남,52세,경상
2012082200100156,2012년 8월 22일 08시,수요일,경상북도 포항시 남구 연일읍,경상사고,0,0,1,0,차대차 - 기타,직진우회전진행방해,건조,맑음,교차로 - 교차로안,승용,남,57세,상해없음,자전거,여,53세,경상
2012082200100185,2012년 8월 22일 09시,수요일,경상북도 안동시 송천동,경상사고,0,0,1,0,차대차 - 측면직각충돌,직진우회전진행방해,건조,맑음,교차로 - 교차로안,승용,여,34세,상해없음,화물,남,35세,경상
2012082200100186,2012년 8월 22일 09시,수요일,경상북도 안동시 옥동,경상사고,0,0,2,0,차대차 - 측면직각충돌,직진우회전진행방해,건조,맑음,교차로 - 교차로부근,승합,남,60세,상해없음,승용,여,57세,경상
2012082200100187,2012년 8월 22일 09시,수요일,경상북도 포항시 남구 상도동,중상사고,0,1,0,0,차대사람 - 기타,안전운전불이행,건조,맑음,단일로 - 기타,화물,남,49세,상해없음,보행자,남,21세,중상
2012082200100211,2012년 8월 22일 10시,수요일,경상북도 상주시 사벌면,경상사고,0,0,1,0,차량단독 - 전도전복,안전운전불이행,건조,맑음,단일로 - 기타,화물,남,35세,경상,,,,
2012082200100212,2012년 8월 22일 10시,수요일,경상북도 영덕군 영덕읍,중상사고,0,1,1,0,차대차 - 정면충돌,중앙선침범,건조,흐림,기타 - 기타,승용,남,36세,경상,승용,남,34세,중상
2012082200100213,2012년 8월 22일 10시,수요일,경상북도 구미시 무을면,중상사고,0,1,1,0,차대차 - 측면직각충돌,안전거리미확보,건조,맑음,단일로 - 기타,화물,남,79세,상해없음,화물,남,47세,중상
2012082200100214,2012년 8월 22일 10시,수요일,경상북도 구미시 도량동,경상사고,0,0,1,0,차대차 - 측면직각충돌,안전운전불이행,건조,흐림,기타 - 기타,승용,여,34세,기타불명,승용,여,41세,경상
2012082200100238,2012년 8월 22일 11시,수요일,경상북도 안동시 삼산동,경상사고,0,0,1,0,차대사람 - 차도통행중,안전운전불이행,습기,비,단일로 - 기타,승합,남,56세,상해없음,보행자,여,47세,경상
2012082200100239,2012년 8월 22일 11시,수요일,경상북도 청도군 각남면,경상사고,0,0,1,0,차대차 - 추돌 - 주정차중,안전운전불이행,습기,비,교차로 - 교차로안,화물,남,46세,상해없음,화물,남,63세,경상
2012082200100268,2012년 8월 22일 12시,수요일,경상북도 구미시 사곡동,경상사고,0,0,1,0,차대사람 - 기타,보행자보호의무위반,건조,맑음,교차로 - 교차로안,승용,남,52세,기타불명,보행자,남,10세,경상
2012082200100298,2012년 8월 22일 13시,수요일,경상북도 경산시 상방동,경상사고,0,0,1,0,차대차 - 측면직각충돌,안전운전불이행,습기,비,교차로 - 교차로안,승용,남,53세,상해없음,승용,여,37세,경상
2012082200100299,2012년 8월 22일 13시,수요일,경상북도 영양군 청기면,경상사고,0,0,1,0,차대차 - 기타,직진우회전진행방해,습기,흐림,교차로 - 교차로안,이륜,남,72세,경상,화물,남,56세,상해없음
2012082200100300,2012년 8월 22일 13시,수요일,경상북도 포항시 남구 대잠동,경상사고,0,0,1,0,차대차 - 기타,안전운전불이행,습기,비,교차로 - 교차로안,승용,남,52세,상해없음,화물,남,53세,상해없음
2012082200100301,2012년 8월 22일 13시,수요일,경상북도 구미시 선산읍,중상사고,0,1,1,0,차대차 - 측면직각충돌,안전거리미확보,습기,비,단일로 - 기타,화물,남,40세,상해없음,승합,남,42세,중상
2012082200100373,2012년 8월 22일 15시,수요일,경상북도 안동시 길안면,부상신고사고,0,0,0,1,차량단독 - 전도전복,안전운전불이행,습기,비,단일로 - 기타,화물,남,34세,부상신고,,,,
2012082200100374,2012년 8월 22일 15시,수요일,경상북도 칠곡군 동명면,경상사고,0,0,1,0,차대사람 - 보도통행중,안전운전불이행,습기,비,기타 - 기타,승용,남,53세,상해없음,보행자,남,47세,경상
2012082200100399,2012년 8월 22일 16시,수요일,경상북도 상주시 모서면,부상신고사고,0,0,0,1,차량단독 - 공작물충돌,안전운전불이행,습기,비,단일로 - 기타,화물,남,58세,부상신고,,,,
2012082200100458,2012년 8월 22일 18시,수요일,경상북도 안동시 당북동,경상사고,0,0,2,2,차대차 - 측면직각충돌,신호위반,습기,비,교차로 - 교차로안,승용,남,55세,상해없음,승용,여,35세,경상
2012082200100459,2012년 8월 22일 18시,수요일,경상북도 경산시 하양읍,경상사고,0,0,1,0,차대차 - 측면직각충돌,중앙선침범,습기,비,단일로 - 횡단보도부근,화물,남,66세,상해없음,승용,남,31세,경상
2012082200100460,2012년 8월 22일 18시,수요일,경상북도 구미시 형곡동,중상사고,0,4,4,0,차대차 - 측면직각충돌,중앙선침범,건조,맑음,단일로 - 기타,승용,남,18세,상해없음,승용,여,33세,중상
2012082200100461,2012년 8월 22일 18시,수요일,경상북도 구미시 원평동,경상사고,0,0,2,0,차대차 - 기타,안전운전불이행,습기,비,교차로 - 교차로부근,승용,남,33세,상해없음,승용,여,38세,경상
2012082200100488,2012년 8월 22일 19시,수요일,경상북도 경산시 사동,경상사고,0,0,1,0,차대차 - 기타,안전운전불이행,기타,기타,교차로 - 교차로안,승용,남,60세,상해없음,승용,남,40세,경상
2012082200100489,2012년 8월 22일 19시,수요일,경상북도 구미시 형곡동,경상사고,0,0,1,0,차대차 - 기타,안전운전불이행,습기,비,단일로 - 기타,승용,여,21세,상해없음,승용,남,54세,경상
2012082200100518,2012년 8월 22일 20시,수요일,경상북도 경주시 성건동,경상사고,0,0,2,0,차대차 - 측면직각충돌,안전운전불이행,습기,비,교차로 - 교차로부근,승용,남,59세,상해없음,승용,여,30세,경상
2012082200100519,2012년 8월 22일 20시,수요일,경상북도 경주시 건천읍,중상사고,0,1,3,0,차대차 - 추돌 - 진행중,안전운전불이행,습기,흐림,단일로 - 기타,승용,여,22세,중상,승용,여,47세,경상
2012082200100520,2012년 8월 22일 20시,수요일,경상북도 칠곡군 동명면,중상사고,0,1,1,0,차대차 - 추돌 - 진행중,안전운전불이행,건조,맑음,단일로 - 기타,승용,여,48세,상해없음,승용,남,43세,중상
2012082200100521,2012년 8월 22일 20시,수요일,경상북도 구미시 공단동,경상사고,0,0,5,0,차대차 - 측면직각충돌,신호위반,습기,흐림,교차로 - 교차로안,승용,남,30세,기타불명,승용,남,42세,경상
2012082200100522,2012년 8월 22일 20시,수요일,경상북도 포항시 남구 이동,경상사고,0,0,1,0,차대사람 - 기타,중앙선침범,건조,맑음,단일로 - 기타,이륜,남,26세,상해없음,보행자,남,33세,경상
2012082200100558,2012년 8월 22일 21시,수요일,경상북도 구미시 진평동,중상사고,0,1,0,0,차대차 - 측면직각충돌,안전운전불이행,건조,흐림,단일로 - 기타,자전거,남,14세,중상,승용,남,42세,상해없음
2012082200100559,2012년 8월 22일 21시,수요일,경상북도 영주시 장수면,중상사고,0,1,0,0,차대차 - 추돌 - 진행중,안전운전불이행,습기,흐림,단일로 - 기타,승용,남,48세,중상,건설기계,남,53세,상해없음
2012082200100597,2012년 8월 22일 22시,수요일,경상북도 포항시 북구 죽도동,경상사고,0,0,1,0,차대차 - 기타,안전운전불이행,습기,비,단일로 - 기타,승용,여,29세,상해없음,승용,남,55세,상해없음
2012082200100598,2012년 8월 22일 22시,수요일,경상북도 포항시 남구 이동,경상사고,0,0,3,0,차대차 - 추돌 - 주정차중,안전운전불이행,건조,흐림,교차로 - 교차로부근,승용,남,32세,상해없음,승용,여,28세,경상
2012082200100626,2012년 8월 22일 23시,수요일,경상북도 경산시 대동,경상사고,0,0,1,0,차대차 - 기타,안전운전불이행,습기,비,교차로 - 교차로안,승용,남,31세,상해없음,이륜,남,16세,경상
2012082300100054,2012년 8월 23일 03시,목요일,경상북도 경산시 진량읍,경상사고,0,0,1,0,차대차 - 추돌 - 주정차중,안전운전불이행,습기,흐림,단일로 - 기타,화물,남,53세,상해없음,화물,남,37세,경상
2012082300100077,2012년 8월 23일 05시,목요일,경상북도 칠곡군 왜관읍,중상사고,0,1,1,0,차대차 - 추돌 - 주정차중,안전운전불이행,습기,비,단일로 - 기타,이륜,남,52세,중상,승용,남,40세,경상
2012082300100093,2012년 8월 23일 06시,목요일,경상북도 구미시 공단동,경상사고,0,0,1,0,차대차 - 측면직각충돌,교차로운행방법위반,습기,비,교차로 - 교차로안,승용,남,50세,상해없음,승용,남,69세,경상
2012082300100117,2012년 8월 23일 07시,목요일,경상북도 구미시 비산동,경상사고,0,0,1,0,차대차 - 측면직각충돌,안전운전불이행,습기,비,단일로 - 횡단보도상,승용,남,49세,상해없음,자전거,남,65세,경상
2012082300100142,2012년 8월 23일 08시,목요일,경상북도 포항시 북구 흥해읍,경상사고,0,0,4,0,차대차 - 기타,교차로운행방법위반,습기,비,교차로 - 교차로안,승용,남,41세,기타불명,승용,여,48세,경상
2012082300100143,2012년 8월 23일 08시,목요일,경상북도 영주시 휴천동,중상사고,0,1,3,0,차대차 - 측면직각충돌,직진우회전진행방해,습기,비,교차로 - 교차로안,승합,남,44세,중상,승용,남,58세,경상
2012082300100144,2012년 8월 23일 08시,목요일,경상북도 울진군 북면,경상사고,0,0,1,0,차량단독 - 기타,안전운전불이행,습기,비,단일로 - 기타,승용,남,56세,상해없음,,,,
2012082300100145,2012년 8월 23일 08시,목요일,경상북도 군위군 군위읍,중상사고,0,1,0,0,차대차 - 정면충돌,중앙선침범,습기,비,교차로 - 교차로부근,승용,남,43세,중상,화물,남,47세,상해없음
2012082300100146,2012년 8월 23일 08시,목요일,경상북도 구미시 공단동,중상사고,0,2,0,0,차대차 - 기타,안전운전불이행,습기,비,단일로 - 기타,화물,남,49세,상해없음,승용,여,25세,중상
2012082300100169,2012년 8월 23일 09시,목요일,경상북도 경산시 중방동,경상사고,0,0,1,0,차대차 - 기타,교차로운행방법위반,습기,기타,교차로 - 교차로안,화물,남,33세,상해없음,화물,남,45세,경상
2012082300100219,2012년 8월 23일 11시,목요일,경상북도 의성군 단밀면,경상사고,0,0,1,0,차대사람 - 기타,안전운전불이행,건조,맑음,단일로 - 기타,이륜,남,44세,상해없음,보행자,여,84세,경상
2012082300100220,2012년 8월 23일 11시,목요일,경상북도 구미시 임수동,중상사고,0,2,0,0,차대차 - 기타,안전거리미확보,습기,비,단일로 - 횡단보도부근,화물,남,32세,상해없음,승용,남,56세,중상
2012082300100244,2012년 8월 23일 12시,목요일,경상북도 포항시 북구 남빈동,경상사고,0,0,1,0,차대차 - 기타,차로위반,습기,비,단일로 - 기타,승합,남,56세,상해없음,승용,남,42세,상해없음
2012082300100245,2012년 8월 23일 12시,목요일,경상북도 상주시 인평동,중상사고,0,1,0,0,차대차 - 기타,안전운전불이행,습기,비,교차로 - 교차로안,화물,남,60세,상해없음,원동기,남,82세,중상
2012082300100246,2012년 8월 23일 12시,목요일,경상북도 포항시 남구 대도동,경상사고,0,0,2,0,차대차 - 추돌 - 진행중,신호위반,습기,비,교차로 - 교차로안,승용,남,58세,상해없음,승용,남,61세,경상
2012082300100263,2012년 8월 23일 13시,목요일,경상북도 포항시 북구 우현동,경상사고,0,0,1,0,차대차 - 기타,안전거리미확보,건조,맑음,단일로 - 기타,승용,남,64세,상해없음,승용,남,40세,경상
2012082300100296,2012년 8월 23일 14시,목요일,경상북도 경주시 서악동,중상사고,0,1,0,1,차대차 - 측면직각충돌,중앙선침범,습기,비,단일로 - 기타,화물,남,48세,부상신고,승용,남,54세,중상
2012082300100297,2012년 8월 23일 14시,목요일,경상북도 영천시 도동,경상사고,0,0,1,0,차대차 - 기타,안전운전불이행,습기,비,단일로 - 기타,화물,남,21세,경상,화물,남,50세,상해없음
2012082300100326,2012년 8월 23일 15시,목요일,경상북도 경주시 성동동,중상사고,0,1,0,0,차대차 - 측면직각충돌,안전운전불이행,습기,비,교차로 - 교차로부근,승용,남,40세,상해없음,승용,여,43세,중상
2012082300100327,2012년 8월 23일 15시,목요일,경상북도 경주시 외동읍,사망사고,1,0,0,0,차대사람 - 차도통행중,안전운전불이행,습기,비,단일로 - 횡단보도부근,화물,남,36세,상해없음,보행자,여,92세,사망
2012082300100328,2012년 8월 23일 15시,목요일,경상북도 안동시 북문동,경상사고,0,0,1,0,차대차 - 측면직각충돌,신호위반,습기,비,교차로 - 교차로안,승용,남,52세,상해없음,화물,남,38세,경상
2012082300100354,2012년 8월 23일 16시,목요일,경상북도 경주시 안강읍,경상사고,0,0,2,1,차대차 - 측면직각충돌,안전운전불이행,습기,비,교차로 - 교차로안,화물,남,30세,부상신고,화물,남,44세,경상
2012082300100355,2012년 8월 23일 16시,목요일,경상북도 포항시 북구 죽도동,경상사고,0,0,2,0,차대차 - 측면직각충돌,안전운전불이행,습기,비,단일로 - 기타,승용,남,35세,상해없음,승용,남,60세,경상
2012082300100356,2012년 8월 23일 16시,목요일,경상북도 상주시 개운동,중상사고,0,2,0,0,차대차 - 추돌 - 진행중,안전운전불이행,습기,비,단일로 - 기타,승합,남,42세,상해없음,승용,여,31세,중상
2012082300100357,2012년 8월 23일 16시,목요일,경상북도 문경시 산북면,경상사고,0,0,1,0,차대차 - 추돌 - 주정차중,안전운전불이행,습기,흐림,단일로 - 기타,승용,여,31세,경상,승용,남,32세,기타불명
2012082300100380,2012년 8월 23일 17시,목요일,경상북도 영덕군 남정면,경상사고,0,0,1,0,차량단독 - 공작물충돌,안전운전불이행,습기,비,단일로 - 기타,화물,남,42세,경상,,,,
2012082300100381,2012년 8월 23일 17시,목요일,경상북도 포항시 남구 대잠동,중상사고,0,2,1,0,차대차 - 추돌 - 주정차중,안전거리미확보,습기,비,교차로 - 교차로안,승용,남,65세,상해없음,화물,남,49세,중상
2012082300100420,2012년 8월 23일 18시,목요일,경상북도 경주시 시래동,경상사고,0,0,2,0,차대차 - 측면직각충돌,안전운전불이행,습기,비,교차로 - 교차로부근,화물,남,51세,상해없음,승용,남,52세,경상
2012082300100421,2012년 8월 23일 18시,목요일,경상북도 경주시 동천동,경상사고,0,0,1,0,차대차 - 측면직각충돌,안전운전불이행,습기,비,교차로 - 교차로부근,원동기,남,57세,경상,승용,여,26세,상해없음
2012082300100422,2012년 8월 23일 18시,목요일,경상북도 상주시 서문동,경상사고,0,0,1,0,차대사람 - 횡단중,안전운전불이행,습기,비,단일로 - 기타,이륜,남,16세,상해없음,보행자,남,38세,경상
2012082300100423,2012년 8월 23일 18시,목요일,경상북도 포항시 남구 해도동,경상사고,0,0,1,0,차대차 - 측면직각충돌,안전운전불이행,건조,맑음,교차로 - 교차로안,화물,남,32세,상해없음,승용,여,54세,경상
2012082300100450,2012년 8월 23일 19시,목요일,경상북도 경주시 용강동,중상사고,0,1,0,0,차대사람 - 기타,안전운전불이행,습기,비,교차로 - 교차로안,승용,여,35세,상해없음,보행자,남,14세,중상
2012082300100451,2012년 8월 23일 19시,목요일,경상북도 포항시 북구 대흥동,중상사고,0,1,0,0,차대사람 - 기타,안전운전불이행,습기,비,단일로 - 기타,승용,여,37세,상해없음,보행자,여,72세,중상
2012082300100452,2012년 8월 23일 19시,목요일,경상북도 고령군 고령읍,중상사고,0,1,0,0,차대사람 - 기타,보행자보호의무위반,건조,맑음,교차로 - 교차로부근,승용,여,39세,상해없음,보행자,여,30세,중상
2012082300100453,2012년 8월 23일 19시,목요일,경상북도 구미시 옥계동,중상사고,0,1,0,0,차대사람 - 횡단중,보행자보호의무위반,습기,비,교차로 - 교차로부근,승용,여,40세,상해없음,보행자,남,6세,중상
2012082300100493,2012년 8월 23일 20시,목요일,경상북도 경주시 동천동,중상사고,0,1,0,0,차대사람 - 횡단중,안전운전불이행,습기,비,단일로 - 기타,승용,남,62세,상해없음,보행자,여,55세,중상
2012082300100494,2012년 8월 23일 20시,목요일,경상북도 칠곡군 약목면,중상사고,0,1,0,0,차대사람 - 횡단중,신호위반,습기,비,단일로 - 기타,승용,남,45세,상해없음,보행자,남,64세,중상
2012082300100495,2012년 8월 23일 20시,목요일,경상북도 영천시 야사동,경상사고,0,0,1,0,차대사람 - 횡단중,안전운전불이행,기타,비,기타 - 기타,승용,여,56세,상해없음,보행자,남,58세,경상
2012082300100496,2012년 8월 23일 20시,목요일,경상북도 봉화군 물야면,사망사고,1,0,0,0,차량단독 - 공작물충돌,안전운전불이행,습기,비,단일로 - 기타,화물,남,63세,사망,,,,
2012082300100497,2012년 8월 23일 20시,목요일,경상북도 구미시 옥계동,경상사고,0,0,1,0,차대차 - 기타,신호위반,습기,비,교차로 - 교차로안,승용,남,28세,상해없음,승용,여,39세,경상
2012082300100498,2012년 8월 23일 20시,목요일,경상북도 구미시 임수동,중상사고,0,1,1,0,차대차 - 기타,안전운전불이행,습기,비,단일로 - 기타,승용,남,52세,상해없음,승용,여,35세,중상
2012082300100530,2012년 8월 23일 21시,목요일,경상북도 포항시 북구 죽도동,경상사고,0,0,3,0,차대차 - 추돌 - 주정차중,안전운전불이행,습기,맑음,교차로 - 교차로부근,승용,남,51세,상해없음,승용,남,28세,상해없음
2012082300100531,2012년 8월 23일 21시,목요일,경상북도 영천시 오수동,경상사고,0,0,1,0,차량단독 - 공작물충돌,안전운전불이행,습기,비,단일로 - 교량,승용,여,54세,경상,,,,
2012082300100532,2012년 8월 23일 21시,목요일,경상북도 구미시 원평동,경상사고,0,0,2,0,차대차 - 측면직각충돌,안전운전불이행,습기,비,단일로 - 기타,승용,남,52세,상해없음,승용,남,33세,경상
2012082300100533,2012년 8월 23일 21시,목요일,경상북도 구미시 남통동,중상사고,0,1,0,0,차대차 - 기타,중앙선침범,습기,비,단일로 - 기타,화물,남,53세,상해없음,승용,여,38세,중상
2012082300100564,2012년 8월 23일 22시,목요일,경상북도 포항시 북구 죽도동,경상사고,0,0,1,0,차대차 - 기타,안전운전불이행,습기,비,단일로 - 기타,승용,여,41세,상해없음,자전거,여,45세,경상
2012082300100565,2012년 8월 23일 22시,목요일,경상북도 영주시 휴천동,중상사고,0,1,1,0,차대차 - 측면직각충돌,신호위반,습기,비,교차로 - 교차로안,승용,남,46세,경상,승용,남,28세,중상
2012082300100566,2012년 8월 23일 22시,목요일,경상북도 영덕군 영덕읍,경상사고,0,0,1,0,차량단독 - 기타,안전운전불이행,습기,비,기타 - 기타,이륜,남,19세,경상,,,,
2012082300100610,2012년 8월 23일 23시,목요일,경상북도 김천시 남면,사망사고,1,0,0,0,차대차 - 측면직각충돌,안전운전불이행,습기,비,단일로 - 기타,화물,남,40세,상해없음,화물,남,59세,사망
2012082400100036,2012년 8월 24일 01시,금요일,경상북도 안동시 천리동,경상사고,0,0,1,0,차대차 - 추돌 - 주정차중,안전운전불이행,습기,비,교차로 - 교차로부근,승용,남,34세,상해없음,승용,남,42세,상해없음
2012082400100058,2012년 8월 24일 02시,금요일,경상북도 포항시 북구 용흥동,중상사고,0,1,0,0,차량단독 - 공작물충돌,안전운전불이행,습기,비,단일로 - 기타,승용,남,49세,상해없음,,,,
2012082400100059,2012년 8월 24일 02시,금요일,경상북도 칠곡군 가산면,부상신고사고,0,0,0,1,차량단독 - 공작물충돌,안전운전불이행,습기,비,단일로 - 기타,승합,남,42세,부상신고,,,,
2012082400100060,2012년 8월 24일 02시,금요일,경상북도 포항시 남구 동촌동,중상사고,0,1,0,0,차대차 - 측면직각충돌,중앙선침범,습기,비,교차로 - 교차로부근,승용,남,33세,상해없음,승용,남,43세,중상
2012082400100080,2012년 8월 24일 03시,금요일,경상북도 경주시 노동동,부상신고사고,0,0,0,1,차량단독 - 공작물충돌,안전운전불이행,습기,비,단일로 - 기타,승용,남,27세,부상신고,,,,
2012082400100093,2012년 8월 24일 04시,금요일,경상북도 구미시 신평동,중상사고,0,1,0,0,차대차 - 기타,안전운전불이행,습기,비,교차로 - 교차로부근,승용,남,27세,상해없음,승용,남,47세,중상
2012082400100103,2012년 8월 24일 05시,금요일,경상북도 영천시 금호읍,중상사고,0,1,0,0,차대차 - 기타,안전운전불이행,습기,비,단일로 - 기타,이륜,남,68세,중상,기타불명,미분류,기타불명,기타불명
2012082400100118,2012년 8월 24일 06시,금요일,경상북도 포항시 남구 효자동,경상사고,0,0,1,0,차대차 - 기타,신호위반,습기,비,교차로 - 교차로안,화물,남,45세,상해없음,화물,남,23세,경상
2012082400100119,2012년 8월 24일 06시,금요일,경상북도 문경시 문경읍,중상사고,0,1,0,0,차량단독 - 공작물충돌,안전운전불이행,습기,흐림,단일로 - 기타,승용,남,19세,상해없음,,,,
2012082400100136,2012년 8월 24일 07시,금요일,경상북도 포항시 남구 오천읍,중상사고,0,2,0,0,차대차 - 추돌 - 주정차중,안전운전불이행,습기,비,단일로 - 기타,승용,남,34세,중상,특수,남,39세,상해없음
2012082400100169,2012년 8월 24일 08시,금요일,경상북도 포항시 북구 우현동,경상사고,0,0,1,0,차대차 - 기타,차로위반,습기,비,단일로 - 기타,승용,남,45세,상해없음,승용,여,46세,경상
2012082400100170,2012년 8월 24일 08시,금요일,경상북도 경산시 신천동,경상사고,0,0,2,0,차대차 - 추돌 - 진행중,안전운전불이행,습기,비,단일로 - 기타,승용,남,20세,상해없음,승용,남,58세,경상
2012082400100171,2012년 8월 24일 08시,금요일,경상북도 영천시 북안면,중상사고,0,1,0,0,차량단독 - 도로외이탈 - 추락,안전운전불이행,습기,비,단일로 - 기타,승용,남,32세,상해없음,,,,
2012082400100189,2012년 8월 24일 09시,금요일,경상북도 포항시 북구 흥해읍,중상사고,0,1,0,0,차대차 - 기타,교차로운행방법위반,건조,맑음,교차로 - 교차로안,승용,남,55세,상해없음,승용,여,56세,중상
2012082400100190,2012년 8월 24일 09시,금요일,경상북도 구미시 선산읍,경상사고,0,0,1,0,차대차 - 측면직각충돌,직진우회전진행방해,습기,비,교차로 - 교차로안,화물,남,53세,경상,승합,여,53세,상해없음
2012082400100209,2012년 8월 24일 10시,금요일,경상북도 경주시 건천읍,중상사고,0,1,0,0,차대차 - 측면직각충돌,안전운전불이행,습기,비,교차로 - 교차로안,화물,남,60세,상해없음,승용,남,42세,중상
2012082400100210,2012년 8월 24일 10시,금요일,경상북도 안동시 녹전면,부상신고사고,0,0,0,1,차대차 - 기타,안전운전불이행,습기,비,단일로 - 기타,화물,남,34세,상해없음,이륜,여,68세,부상신고
2012082400100211,2012년 8월 24일 10시,금요일,경상북도 의성군 안계면,중상사고,0,1,1,0,차대차 - 측면직각충돌,교차로운행방법위반,습기,비,교차로 - 교차로안,승용,여,34세,상해없음,승용,남,31세,경상
2012082400100212,2012년 8월 24일 10시,금요일,경상북도 영천시 창구동,중상사고,0,4,1,0,차대차 - 추돌 - 진행중,안전운전불이행,습기,비,단일로 - 기타,승용,남,26세,상해없음,승용,여,38세,경상
2012082400100213,2012년 8월 24일 10시,금요일,경상북도 영양군 일월면,경상사고,0,0,3,0,차대차 - 기타,중앙선침범,습기,비,교차로 - 교차로부근,화물,남,66세,상해없음,승합,남,57세,경상
2012082400100245,2012년 8월 24일 11시,금요일,경상북도 안동시 당북동,경상사고,0,0,2,0,차대차 - 측면직각충돌,직진우회전진행방해,건조,맑음,교차로 - 교차로안,화물,남,57세,상해없음,승용,여,43세,상해없음
2012082400100246,2012년 8월 24일 11시,금요일,경상북도 김천시 성내동,중상사고,0,1,0,0,차대차 - 측면직각충돌,안전운전불이행,습기,비,교차로 - 교차로부근,승합,남,35세,상해없음,승용,남,40세,중상
2012082400100247,2012년 8월 24일 11시,금요일,경상북도 칠곡군 약목면,중상사고,0,1,0,0,차대차 - 추돌 - 진행중,차로위반,습기,비,단일로 - 교량,이륜,남,69세,중상,화물,남,43세,상해없음
2012082400100248,2012년 8월 24일 11시,금요일,경상북도 성주군 성주읍,경상사고,0,0,3,0,차대차 - 측면직각충돌,안전운전불이행,습기,비,단일로 - 기타,화물,남,53세,상해없음,승용,남,70세,상해없음
2012082400100271,2012년 8월 24일 12시,금요일,경상북도 포항시 북구 기계면,경상사고,0,0,1,0,차대사람 - 기타,안전운전불이행,습기,비,단일로 - 기타,승용,여,53세,상해없음,보행자,여,71세,경상
2012082400100272,2012년 8월 24일 12시,금요일,경상북도 칠곡군 왜관읍,중상사고,0,1,1,0,차대차 - 추돌 - 진행중,안전운전불이행,습기,비,단일로 - 기타,승용,남,51세,상해없음,승용,남,31세,중상
2012082400100298,2012년 8월 24일 13시,금요일,경상북도 포항시 북구 용흥동,중상사고,0,1,0,0,차대사람 - 기타,안전운전불이행,건조,맑음,단일로 - 기타,승용,여,54세,상해없음,보행자,여,77세,중상
2012082400100299,2012년 8월 24일 13시,금요일,경상북도 영주시 봉현면,중상사고,0,2,2,0,차대차 - 측면직각충돌,신호위반,습기,흐림,교차로 - 교차로안,승용,남,48세,상해없음,승용,여,52세,중상
2012082400100300,2012년 8월 24일 13시,금요일,경상북도 구미시 진평동,중상사고,0,1,0,0,차대차 - 측면직각충돌,교차로운행방법위반,건조,맑음,교차로 - 교차로안,승용,여,51세,상해없음,원동기,남,37세,중상
2012082400100348,2012년 8월 24일 15시,금요일,경상북도 안동시 서후면,중상사고,0,1,0,0,차량단독 - 공작물충돌,안전운전불이행,습기,비,단일로 - 기타,승용,남,36세,중상,,,,
2012082400100394,2012년 8월 24일 16시,금요일,경상북도 경주시 서면,중상사고,0,2,0,0,차대차 - 측면직각충돌,중앙선침범,건조,맑음,단일로 - 기타,승용,남,53세,상해없음,승용,남,49세,중상
2012082400100395,2012년 8월 24일 16시,금요일,경상북도 청도군 이서면,경상사고,0,0,2,0,차대차 - 기타,신호위반,습기,비,교차로 - 교차로안,승용,여,51세,상해없음,승용,남,63세,경상
2012082400100396,2012년 8월 24일 16시,금요일,경상북도 포항시 남구 송도동,경상사고,0,0,1,0,차대차 - 추돌 - 진행중,안전운전불이행,건조,맑음,단일로 - 기타,화물,남,56세,상해없음,승용,남,55세,경상
2012082400100425,2012년 8월 24일 17시,금요일,경상북도 경주시 황남동,중상사고,0,1,0,0,차대사람 - 기타,보행자보호의무위반,건조,맑음,단일로 - 횡단보도상,승용,남,30세,상해없음,보행자,여,69세,중상
2012082400100426,2012년 8월 24일 17시,금요일,경상북도 경주시 동천동,경상사고,0,0,1,0,차대차 - 추돌 - 주정차중,안전운전불이행,습기,비,단일로 - 기타,승용,남,49세,상해없음,승용,남,35세,경상
2012082400100427,2012년 8월 24일 17시,금요일,경상북도 포항시 북구 청하면,사망사고,2,2,0,0,차량단독 - 공작물충돌,신호위반,습기,비,단일로 - 횡단보도부근,승용,남,43세,중상,,,,