사고번호,사고일시,요일,시군구,사고내용,사망자수,중상자수,경상자수,부상신고자수,사고유형,법규위반,노면상태,기상상태,도로형태,가해운전자 차종,가해운전자 성별,가해운전자 연령,가해운전자 상해정도,피해운전자 차종,피해운전자 성별,피해운전자 연령,피해운전자 상해정도
2012082700100211,2012년 8월 27일 10시,월요일,경상북도 포항시 남구 청림동,경상사고,0,0,2,0,차대차 - 추돌 - 주정차중,안전운전불이행,건조,흐림,교차로 - 교차로부근,승합,남,49세,상해없음,승용,남,43세,경상
2012082700100244,2012년 8월 27일 11시,월요일,경상북도 경주시 안강읍,경상사고,0,0,1,0,차대차 - 기타,중앙선침범,건조,맑음,단일로 - 기타,원동기,남,76세,경상,기타불명,미분류,기타불명,기타불명
2012082700100269,2012년 8월 27일 12시,월요일,경상북도 경주시 안강읍,부상신고사고,0,0,0,1,차량단독 - 기타,안전운전불이행,건조,맑음,단일로 - 기타,원동기,여,48세,부상신고,,,,
2012082700100270,2012년 8월 27일 12시,월요일,경상북도 칠곡군 석적읍,중상사고,0,1,1,0,차대차 - 추돌 - 진행중,신호위반,건조,맑음,교차로 - 교차로안,승용,남,42세,중상,화물,남,33세,경상
2012082700100271,2012년 8월 27일 12시,월요일,경상북도 구미시 원평동,중상사고,0,1,0,0,차대차 - 기타,중앙선침범,건조,맑음,교차로 - 교차로부근,승용,남,42세,상해없음,이륜,남,33세,중상
2012082700100272,2012년 8월 27일 12시,월요일,경상북도 구미시 원평동,경상사고,0,0,1,0,차대사람 - 기타,보행자보호의무위반,건조,흐림,단일로 - 기타,이륜,남,24세,상해없음,보행자,남,38세,경상
2012082700100330,2012년 8월 27일 14시,월요일,경상북도 봉화군 춘양면,경상사고,0,0,1,0,차대차 - 측면직각충돌,안전운전불이행,건조,맑음,교차로 - 교차로부근,승용,남,34세,상해없음,자전거,남,7세,경상
2012082700100331,2012년 8월 27일 14시,월요일,경상북도 구미시 임수동,경상사고,0,0,1,0,차대차 - 추돌 - 주정차중,안전운전불이행,건조,맑음,미분류 - 미분류,승용,남,33세,상해없음,승용,남,43세,상해없음
2012082700100364,2012년 8월 27일 15시,월요일,경상북도 포항시 북구 신광면,중상사고,0,1,0,0,차대차 - 측면직각충돌,교차로운행방법위반,건조,맑음,교차로 - 교차로안,승용,남,68세,상해없음,원동기,남,80세,중상
2012082700100365,2012년 8월 27일 15시,월요일,경상북도 안동시 태화동,중상사고,0,1,0,0,차대사람 - 횡단중,안전운전불이행,건조,맑음,단일로 - 기타,승용,남,25세,상해없음,보행자,남,3세,중상
2012082700100366,2012년 8월 27일 15시,월요일,경상북도 김천시 아포읍,중상사고,0,1,0,0,차대차 - 측면직각충돌,안전운전불이행,건조,맑음,교차로 - 교차로부근,화물,남,33세,상해없음,이륜,남,21세,중상
2012082700100367,2012년 8월 27일 15시,월요일,경상북도 상주시 남성동,중상사고,0,1,0,0,차대차 - 기타,교차로운행방법위반,건조,맑음,교차로 - 교차로안,화물,남,73세,상해없음,자전거,여,70세,중상
2012082700100368,2012년 8월 27일 15시,월요일,경상북도 경산시 하양읍,경상사고,0,0,2,0,차대차 - 추돌 - 주정차중,안전운전불이행,건조,맑음,단일로 - 기타,승용,남,23세,상해없음,승용,여,25세,경상
2012082700100414,2012년 8월 27일 16시,월요일,경상북도 칠곡군 북삼읍,경상사고,0,0,1,0,차대차 - 추돌 - 진행중,안전운전불이행,건조,맑음,교차로 - 교차로안,원동기,남,44세,경상,승용,남,69세,상해없음
2012082700100449,2012년 8월 27일 17시,월요일,경상북도 영천시 문외동,경상사고,0,0,2,0,차대차 - 측면직각충돌,직진우회전진행방해,건조,맑음,교차로 - 교차로안,승용,남,50세,경상,승용,남,29세,상해없음
2012082700100450,2012년 8월 27일 17시,월요일,경상북도 경산시 하양읍,경상사고,0,0,1,0,차대차 - 기타,안전운전불이행,건조,맑음,교차로 - 교차로부근,화물,남,53세,상해없음,화물,남,38세,경상
2012082700100451,2012년 8월 27일 17시,월요일,경상북도 성주군 초전면,경상사고,0,0,1,0,차대차 - 측면직각충돌,직진우회전진행방해,건조,흐림,교차로 - 교차로안,승합,남,50세,상해없음,자전거,여,53세,경상
2012082700100474,2012년 8월 27일 18시,월요일,경상북도 구미시 공단동,경상사고,0,0,4,1,차대차 - 기타,직진우회전진행방해,건조,맑음,교차로 - 교차로안,승용,여,37세,부상신고,승용,남,50세,경상
2012082700100475,2012년 8월 27일 18시,월요일,경상북도 포항시 남구 상도동,경상사고,0,0,2,0,차대차 - 기타,안전운전불이행,건조,맑음,교차로 - 교차로부근,화물,남,63세,상해없음,승용,여,34세,경상
2012082700100506,2012년 8월 27일 19시,월요일,경상북도 영주시 가흥동,중상사고,0,1,0,0,차대차 - 추돌 - 진행중,교차로운행방법위반,건조,맑음,교차로 - 교차로안,승용,남,62세,상해없음,승용,남,47세,중상
2012082700100507,2012년 8월 27일 19시,월요일,경상북도 칠곡군 가산면,부상신고사고,0,0,0,1,차대차 - 추돌 - 진행중,기타,건조,맑음,단일로 - 기타,화물,남,59세,부상신고,화물,남,48세,상해없음
2012082700100535,2012년 8월 27일 20시,월요일,경상북도 포항시 북구 죽도동,경상사고,0,0,1,0,차대차 - 기타,안전거리미확보,건조,맑음,단일로 - 기타,원동기,남,20세,상해없음,승용,남,43세,상해없음
2012082700100583,2012년 8월 27일 22시,월요일,경상북도 경주시 동천동,경상사고,0,0,2,0,차대차 - 측면직각충돌,신호위반,건조,맑음,교차로 - 교차로안,화물,남,50세,상해없음,승용,여,28세,경상
2012082700100584,2012년 8월 27일 22시,월요일,경상북도 안동시 풍산읍,중상사고,0,1,2,0,차대차 - 정면충돌,중앙선침범,건조,맑음,단일로 - 기타,화물,남,52세,중상,승용,남,50세,경상
2012082700100585,2012년 8월 27일 22시,월요일,경상북도 영주시 영주동,중상사고,0,1,0,0,차대차 - 측면직각충돌,교차로운행방법위반,건조,맑음,교차로 - 교차로안,승용,남,55세,상해없음,자전거,남,50세,중상
2012082700100586,2012년 8월 27일 22시,월요일,경상북도 구미시 도량동,중상사고,0,1,0,0,차대사람 - 기타,신호위반,건조,흐림,단일로 - 횡단보도상,승용,여,36세,상해없음,보행자,여,15세,중상
2012082700100587,2012년 8월 27일 22시,월요일,경상북도 구미시 임은동,경상사고,0,0,2,0,차대차 - 기타,안전운전불이행,습기,비,교차로 - 교차로부근,화물,남,54세,상해없음,화물,여,57세,경상
2012082700100588,2012년 8월 27일 22시,월요일,경상북도 포항시 남구 오천읍,경상사고,0,0,1,0,차대차 - 측면직각충돌,교차로운행방법위반,건조,흐림,교차로 - 교차로안,화물,남,54세,상해없음,승용,남,42세,경상
2012082700100589,2012년 8월 27일 22시,월요일,경상북도 포항시 남구 효자동,경상사고,0,0,1,0,차대차 - 기타,안전운전불이행,습기,비,교차로 - 교차로안,자전거,남,67세,경상,승용,남,44세,상해없음
2012082700100613,2012년 8월 27일 23시,월요일,경상북도 포항시 남구 송도동,경상사고,0,0,2,0,차대차 - 측면직각충돌,중앙선침범,습기,흐림,단일로 - 기타,승용,남,40세,경상,화물,남,61세,경상
2012082800100033,2012년 8월 28일 01시,화요일,경상북도 경산시 진량읍,경상사고,0,0,1,0,차대차 - 기타,안전운전불이행,건조,맑음,교차로 - 교차로안,승용,남,22세,기타불명,화물,남,29세,경상
2012082800100053,2012년 8월 28일 03시,화요일,경상북도 경주시 황성동,경상사고,0,0,1,0,차대차 - 기타,안전운전불이행,습기,비,단일로 - 기타,승용,남,45세,상해없음,원동기,남,33세,경상
2012082800100054,2012년 8월 28일 03시,화요일,경상북도 경주시 배반동,중상사고,0,1,0,0,차량단독 - 공작물충돌,안전운전불이행,습기,비,미분류 - 미분류,승용,남,43세,중상,,,,
2012082800100055,2012년 8월 28일 03시,화요일,경상북도 구미시 인의동,경상사고,0,0,1,0,차대차 - 측면직각충돌,안전운전불이행,습기,비,교차로 - 교차로부근,승용,남,27세,상해없음,승용,여,19세,경상
2012082800100067,2012년 8월 28일 04시,화요일,경상북도 경주시 마동,경상사고,0,0,1,0,차량단독 - 공작물충돌,안전운전불이행,습기,비,단일로 - 기타,승용,남,22세,경상,,,,
2012082800100068,2012년 8월 28일 04시,화요일,경상북도 포항시 북구 용흥동,사망사고,1,0,0,0,차대사람 - 횡단중,안전운전불이행,습기,비,단일로 - 기타,기타불명,기타불명,기타불명,기타불명,보행자,남,35세,사망
2012082800100094,2012년 8월 28일 07시,화요일,경상북도 봉화군 봉화읍,경상사고,0,0,1,0,차량단독 - 도로외이탈 - 추락,안전운전불이행,건조,맑음,단일로 - 기타,승용,남,19세,경상,,,,
2012082800100108,2012년 8월 28일 08시,화요일,경상북도 경주시 구황동,경상사고,0,0,1,0,차대차 - 기타,안전운전불이행,건조,맑음,교차로 - 교차로부근,화물,남,61세,상해없음,승용,남,52세,경상
2012082800100109,2012년 8월 28일 08시,화요일,경상북도 칠곡군 왜관읍,경상사고,0,0,1,0,차대사람 - 보도통행중,안전운전불이행,건조,흐림,기타 - 기타,승용,남,41세,상해없음,보행자,여,11세,경상
2012082800100110,2012년 8월 28일 08시,화요일,경상북도 영천시 금노동,경상사고,0,0,2,0,차대차 - 측면직각충돌,신호위반,습기,비,교차로 - 교차로안,승용,남,41세,상해없음,승용,남,32세,경상
2012082800100111,2012년 8월 28일 08시,화요일,경상북도 구미시 진평동,경상사고,0,0,3,1,차대차 - 측면직각충돌,교차로운행방법위반,건조,맑음,교차로 - 교차로안,승용,남,26세,상해없음,승합,남,41세,경상
2012082800100129,2012년 8월 28일 09시,화요일,경상북도 포항시 북구 죽도동,중상사고,0,1,0,0,차대사람 - 기타,안전운전불이행,습기,비,교차로 - 교차로안,화물,남,52세,상해없음,보행자,여,72세,중상
2012082800100130,2012년 8월 28일 09시,화요일,경상북도 구미시 송정동,중상사고,0,1,0,0,차대사람 - 기타,안전운전불이행,습기,비,기타 - 기타,승용,남,37세,상해없음,보행자,남,42세,중상
2012082800100147,2012년 8월 28일 10시,화요일,경상북도 영천시 북안면,중상사고,0,1,1,0,차량단독 - 공작물충돌,안전운전불이행,습기,비,단일로 - 기타,승용,여,38세,상해없음,,,,
2012082800100186,2012년 8월 28일 12시,화요일,경상북도 경주시 안강읍,경상사고,0,0,1,0,차대차 - 측면직각충돌,안전운전불이행,건조,맑음,교차로 - 교차로안,특수,남,47세,상해없음,승용,여,46세,경상
2012082800100187,2012년 8월 28일 12시,화요일,경상북도 포항시 남구 동해면,부상신고사고,0,0,0,2,차대차 - 기타,안전운전불이행,습기,비,단일로 - 기타,승합,남,39세,상해없음,화물,남,50세,상해없음
2012082800100215,2012년 8월 28일 14시,화요일,경상북도 포항시 북구 창포동,경상사고,0,0,1,0,차대차 - 기타,안전운전불이행,습기,비,단일로 - 기타,승합,여,67세,상해없음,승용,남,50세,상해없음
2012082800100216,2012년 8월 28일 14시,화요일,경상북도 포항시 북구 흥해읍,중상사고,0,1,0,0,차대사람 - 길가장자리구역통행중,안전운전불이행,건조,맑음,단일로 - 기타,화물,남,74세,상해없음,보행자,여,38세,중상
2012082800100217,2012년 8월 28일 14시,화요일,경상북도 경산시 백천동,경상사고,0,0,1,0,차대차 - 기타,안전거리미확보,건조,맑음,단일로 - 기타,승합,남,46세,상해없음,이륜,남,26세,경상
2012082800100234,2012년 8월 28일 15시,화요일,경상북도 경주시 내남면,사망사고,1,0,0,0,차대차 - 추돌 - 진행중,안전운전불이행,습기,흐림,단일로 - 기타,화물,남,53세,사망,화물,남,39세,상해없음
2012082800100244,2012년 8월 28일 16시,화요일,경상북도 경주시 성건동,중상사고,0,1,0,0,차대사람 - 기타,안전운전불이행,건조,맑음,단일로 - 기타,승용,여,43세,상해없음,보행자,남,78세,중상
2012082800100245,2012년 8월 28일 16시,화요일,경상북도 영천시 북안면,경상사고,0,0,1,0,차량단독 - 기타,안전운전불이행,습기,비,단일로 - 기타,승용,여,54세,경상,,,,
2012082800100246,2012년 8월 28일 16시,화요일,경상북도 구미시 구평동,경상사고,0,0,1,0,차대사람 - 보도통행중,보행자보호의무위반,건조,맑음,교차로 - 교차로부근,승용,남,33세,상해없음,보행자,여,8세,경상
2012082800100282,2012년 8월 28일 18시,화요일,경상북도 포항시 북구 우현동,경상사고,0,0,1,0,차대차 - 측면직각충돌,안전운전불이행,건조,맑음,교차로 - 교차로안,승용,남,74세,상해없음,승용,남,43세,경상
2012082800100283,2012년 8월 28일 18시,화요일,경상북도 영주시 풍기읍,경상사고,0,0,1,0,차대차 - 기타,안전운전불이행,습기,비,단일로 - 기타,승용,여,56세,상해없음,원동기,남,30세,경상
2012082800100284,2012년 8월 28일 18시,화요일,경상북도 구미시 인의동,경상사고,0,0,1,0,차대사람 - 기타,안전운전불이행,건조,맑음,기타 - 기타,기타불명,기타불명,기타불명,기타불명,보행자,여,14세,경상
2012082800100306,2012년 8월 28일 19시,화요일,경상북도 영주시 휴천동,경상사고,0,0,1,0,차대차 - 측면직각충돌,안전운전불이행,건조,맑음,단일로 - 기타,승용,남,59세,상해없음,승용,여,52세,경상
2012082800100307,2012년 8월 28일 19시,화요일,경상북도 경산시 하양읍,경상사고,0,0,2,0,차대차 - 기타,안전운전불이행,습기,비,교차로 - 교차로부근,화물,남,55세,상해없음,승용,여,29세,경상
2012082800100308,2012년 8월 28일 19시,화요일,경상북도 구미시 원평동,경상사고,0,0,1,0,차대차 - 기타,안전거리미확보,습기,비,단일로 - 기타,이륜,남,16세,경상,승용,남,25세,상해없음
2012082800100342,2012년 8월 28일 20시,화요일,경상북도 경주시 성동동,중상사고,0,1,0,0,차대차 - 측면직각충돌,안전운전불이행,습기,흐림,교차로 - 교차로부근,승용,여,44세,상해없음,원동기,남,39세,중상
2012082800100343,2012년 8월 28일 20시,화요일,경상북도 포항시 남구 해도동,중상사고,0,1,1,0,차대차 - 기타,안전운전불이행,건조,맑음,교차로 - 교차로부근,승용,여,27세,상해없음,승용,여,27세,중상
2012082800100344,2012년 8월 28일 20시,화요일,경상북도 포항시 남구 오천읍,중상사고,0,1,0,0,차대차 - 측면직각충돌,안전운전불이행,건조,맑음,교차로 - 교차로부근,자전거,남,21세,상해없음,원동기,남,16세,중상
2012082800100367,2012년 8월 28일 21시,화요일,경상북도 포항시 북구 흥해읍,경상사고,0,0,1,0,차량단독 - 공작물충돌,안전운전불이행,건조,맑음,단일로 - 기타,화물,남,37세,경상,,,,
2012082800100404,2012년 8월 28일 22시,화요일,경상북도 경주시 안강읍,경상사고,0,0,2,0,차대차 - 기타,안전운전불이행,건조,맑음,단일로 - 기타,승용,여,45세,상해없음,승용,남,25세,경상
2012082800100430,2012년 8월 28일 23시,화요일,경상북도 포항시 북구 흥해읍,경상사고,0,0,1,0,차대사람 - 기타,기타,건조,맑음,단일로 - 기타,화물,남,44세,기타불명,보행자,남,56세,경상
2012082900100016,2012년 8월 29일 00시,수요일,경상북도 포항시 남구 대잠동,경상사고,0,0,2,0,차대차 - 기타,안전운전불이행,건조,맑음,단일로 - 기타,승용,남,38세,기타불명,승용,여,47세,경상
2012082900100043,2012년 8월 29일 03시,수요일,경상북도 칠곡군 북삼읍,경상사고,0,0,3,0,차대차 - 기타,안전운전불이행,건조,맑음,교차로 - 교차로안,승용,남,30세,상해없음,승용,남,42세,경상
2012082900100051,2012년 8월 29일 04시,수요일,경상북도 포항시 북구 두호동,중상사고,0,1,0,0,차대사람 - 기타,안전운전불이행,건조,맑음,단일로 - 기타,화물,남,59세,상해없음,보행자,남,30세,중상
2012082900100052,2012년 8월 29일 04시,수요일,경상북도 경주시 율동,중상사고,0,1,0,0,차대차 - 추돌 - 진행중,안전운전불이행,건조,맑음,단일로 - 기타,승용,여,41세,중상,화물,남,34세,상해없음
2012082900100059,2012년 8월 29일 05시,수요일,경상북도 울진군 평해읍,경상사고,0,0,1,0,차대차 - 측면직각충돌,안전운전불이행,건조,맑음,교차로 - 교차로안,원동기,남,85세,경상,승용,남,76세,상해없음
2012082900100068,2012년 8월 29일 06시,수요일,경상북도 문경시 동로면,중상사고,0,1,0,0,차대차 - 측면직각충돌,안전운전불이행,습기,흐림,교차로 - 교차로안,농기계,남,79세,중상,화물,남,51세,상해없음
2012082900100069,2012년 8월 29일 06시,수요일,경상북도 구미시 남통동,중상사고,0,4,0,0,차대차 - 기타,신호위반,건조,맑음,교차로 - 교차로안,승용,남,19세,중상,승합,남,46세,중상
2012082900100138,2012년 8월 29일 09시,수요일,경상북도 경주시 외동읍,중상사고,0,1,0,0,차대차 - 측면직각충돌,불법유턴,건조,맑음,교차로 - 교차로부근,화물,남,49세,상해없음,화물,남,28세,중상
2012082900100139,2012년 8월 29일 09시,수요일,경상북도 경주시 구정동,경상사고,0,0,1,0,차대차 - 측면직각충돌,안전운전불이행,건조,맑음,기타 - 기타,승용,남,47세,상해없음,기타불명,남,53세,상해없음
2012082900100170,2012년 8월 29일 10시,수요일,경상북도 영주시 휴천동,중상사고,0,1,0,0,차대차 - 기타,직진우회전진행방해,건조,맑음,교차로 - 교차로안,승용,여,36세,상해없음,자전거,여,52세,중상
2012082900100171,2012년 8월 29일 10시,수요일,경상북도 고령군 고령읍,경상사고,0,0,1,0,차대차 - 기타,안전운전불이행,건조,맑음,교차로 - 교차로부근,승용,남,71세,상해없음,화물,남,48세,경상
2012082900100172,2012년 8월 29일 10시,수요일,경상북도 고령군 쌍림면,경상사고,0,0,1,0,차대차 - 추돌 - 진행중,기타,건조,맑음,단일로 - 기타,승용,여,50세,상해없음,원동기,남,65세,경상
2012082900100173,2012년 8월 29일 10시,수요일,경상북도 포항시 남구 해도동,경상사고,0,0,1,0,차대차 - 추돌 - 진행중,안전운전불이행,건조,맑음,기타 - 기타,승용,여,61세,상해없음,자전거,남,86세,경상
2012082900100274,2012년 8월 29일 14시,수요일,경상북도 경주시 황남동,경상사고,0,0,3,0,차대차 - 측면직각충돌,안전운전불이행,건조,맑음,교차로 - 교차로안,승용,남,21세,상해없음,승용,남,53세,경상
2012082900100275,2012년 8월 29일 14시,수요일,경상북도 문경시 영순면,경상사고,0,0,1,0,차대차 - 기타,안전운전불이행,건조,맑음,교차로 - 교차로안,승용,남,39세,상해없음,농기계,남,62세,경상
2012082900100276,2012년 8월 29일 14시,수요일,경상북도 경산시 중방동,경상사고,0,0,1,0,차대차 - 기타,안전운전불이행,습기,흐림,단일로 - 기타,기타불명,기타불명,기타불명,기타불명,이륜,남,47세,경상
2012082900100277,2012년 8월 29일 14시,수요일,경상북도 봉화군 춘양면,중상사고,0,1,0,0,차대차 - 측면직각충돌,교차로운행방법위반,건조,맑음,교차로 - 교차로안,승용,남,51세,상해없음,승용,남,64세,상해없음
2012082900100309,2012년 8월 29일 15시,수요일,경상북도 영천시 오미동,경상사고,0,0,1,0,차대차 - 기타,안전운전불이행,건조,맑음,기타 - 기타,화물,남,68세,상해없음,화물,남,69세,경상
2012082900100310,2012년 8월 29일 15시,수요일,경상북도 경산시 와촌면,경상사고,0,0,4,0,차대차 - 기타,신호위반,건조,맑음,교차로 - 교차로안,화물,남,42세,상해없음,승용,남,21세,경상
2012082900100311,2012년 8월 29일 15시,수요일,경상북도 구미시 봉곡동,경상사고,0,0,1,0,차대사람 - 기타,보행자보호의무위반,건조,맑음,단일로 - 기타,승용,여,28세,상해없음,보행자,남,7세,경상
2012082900100352,2012년 8월 29일 16시,수요일,경상북도 포항시 북구 죽도동,부상신고사고,0,0,0,1,차대사람 - 기타,안전운전불이행,건조,맑음,단일로 - 기타,원동기,남,63세,상해없음,보행자,여,48세,부상신고
2012082900100353,2012년 8월 29일 16시,수요일,경상북도 칠곡군 북삼읍,부상신고사고,0,0,0,1,차대사람 - 보도통행중,안전운전불이행,건조,맑음,교차로 - 교차로안,승용,남,43세,상해없음,보행자,남,11세,부상신고
2012082900100354,2012년 8월 29일 16시,수요일,경상북도 칠곡군 석적읍,경상사고,0,0,1,0,차대차 - 추돌 - 진행중,교차로운행방법위반,건조,맑음,교차로 - 교차로안,승합,남,62세,상해없음,승용,남,47세,경상
2012082900100397,2012년 8월 29일 17시,수요일,경상북도 청도군 매전면,중상사고,0,1,1,0,차대차 - 기타,교차로운행방법위반,건조,맑음,교차로 - 교차로안,농기계,남,70세,경상,승용,남,69세,상해없음
2012082900100398,2012년 8월 29일 17시,수요일,경상북도 성주군 성주읍,경상사고,0,0,2,0,차대차 - 측면직각충돌,직진우회전진행방해,건조,맑음,교차로 - 교차로안,승용,남,50세,경상,승용,여,41세,경상
2012082900100399,2012년 8월 29일 17시,수요일,경상북도 군위군 고로면,중상사고,0,2,0,0,차대차 - 기타,직진우회전진행방해,건조,맑음,교차로 - 교차로안,화물,남,53세,중상,승용,남,24세,중상
2012082900100448,2012년 8월 29일 18시,수요일,경상북도 경주시 강동면,중상사고,0,1,0,0,차대차 - 기타,안전운전불이행,건조,맑음,단일로 - 기타,원동기,남,52세,중상,승용,여,37세,상해없음
2012082900100449,2012년 8월 29일 18시,수요일,경상북도 군위군 효령면,중상사고,0,1,0,0,차대차 - 정면충돌,중앙선침범,건조,맑음,단일로 - 기타,이륜,남,80세,중상,승용,남,35세,상해없음
2012082900100450,2012년 8월 29일 18시,수요일,경상북도 구미시 선산읍,경상사고,0,0,3,0,차대차 - 기타,안전운전불이행,건조,맑음,단일로 - 기타,이륜,남,51세,경상,승용,남,23세,경상
2012082900100451,2012년 8월 29일 18시,수요일,경상북도 구미시 진평동,중상사고,0,1,0,0,차대사람 - 기타,안전운전불이행,건조,맑음,교차로 - 교차로부근,승합,남,52세,상해없음,보행자,여,47세,중상
2012082900100503,2012년 8월 29일 19시,수요일,경상북도 영천시 야사동,경상사고,0,0,1,0,차대차 - 측면직각충돌,안전운전불이행,건조,맑음,단일로 - 기타,승용,여,27세,상해없음,자전거,여,57세,경상
2012082900100504,2012년 8월 29일 19시,수요일,경상북도 구미시 임수동,경상사고,0,0,2,0,차대차 - 기타,안전운전불이행,건조,맑음,단일로 - 기타,승용,여,20세,기타불명,승용,여,36세,경상
2012082900100539,2012년 8월 29일 20시,수요일,경상북도 포항시 북구 죽도동,경상사고,0,0,1,0,차대차 - 기타,중앙선침범,건조,맑음,단일로 - 기타,승용,남,42세,상해없음,자전거,여,48세,경상
2012082900100616,2012년 8월 29일 22시,수요일,경상북도 상주시 낙양동,경상사고,0,0,1,0,차대차 - 측면직각충돌,교차로운행방법위반,건조,맑음,교차로 - 교차로안,승용,남,36세,상해없음,승용,여,41세,경상
2012082900100617,2012년 8월 29일 22시,수요일,경상북도 구미시 옥계동,중상사고,0,1,0,0,차대차 - 기타,안전운전불이행,건조,맑음,단일로 - 기타,승용,남,37세,상해없음,이륜,남,17세,중상
2012082900100657,2012년 8월 29일 23시,수요일,경상북도 포항시 북구 두호동,중상사고,0,1,0,0,차대차 - 추돌 - 주정차중,보행자보호의무위반,건조,맑음,교차로 - 교차로안,승용,남,47세,상해없음,승용,여,53세,기타불명
2012082900100658,2012년 8월 29일 23시,수요일,경상북도 의성군 의성읍,중상사고,0,1,2,0,차대차 - 기타,안전운전불이행,건조,맑음,단일로 - 기타,승용,남,28세,상해없음,승용,남,28세,경상
2012082900100659,2012년 8월 29일 23시,수요일,경상북도 울진군 후포면,경상사고,0,0,1,0,차량단독 - 전도전복,안전운전불이행,건조,맑음,단일로 - 기타,원동기,남,45세,경상,,,,
2012083000100125,2012년 8월 30일 07시,목요일,경상북도 영천시 야사동,경상사고,0,0,1,0,차대차 - 측면직각충돌,안전운전불이행,습기,비,교차로 - 교차로안,특수,남,39세,상해없음,자전거,남,72세,경상
2012083000100126,2012년 8월 30일 07시,목요일,경상북도 경산시 진량읍,경상사고,0,0,2,0,차대차 - 기타,안전운전불이행,습기,맑음,단일로 - 기타,승용,남,47세,상해없음,승용,남,22세,경상
2012083000100162,2012년 8월 30일 08시,목요일,경상북도 포항시 남구 청림동,중상사고,0,1,0,0,차대차 - 기타,안전운전불이행,습기,비,교차로 - 교차로안,승용,여,40세,상해없음,이륜,남,42세,중상
2012083000100194,2012년 8월 30일 09시,목요일,경상북도 경주시 성동동,중상사고,0,1,0,0,차대차 - 측면직각충돌,안전운전불이행,건조,맑음,교차로 - 교차로부근,승용,남,63세,상해없음,자전거,여,58세,중상
2012083000100195,2012년 8월 30일 09시,목요일,경상북도 김천시 모암동,경상사고,0,0,2,0,차대차 - 측면직각충돌,신호위반,습기,비,교차로 - 교차로안,승용,여,48세,상해없음,승용,남,55세,경상
2012083000100196,2012년 8월 30일 09시,목요일,경상북도 칠곡군 가산면,경상사고,0,0,1,0,차량단독 - 공작물충돌,안전운전불이행,습기,비,단일로 - 기타,승용,남,40세,상해없음,,,,
2012083000100197,2012년 8월 30일 09시,목요일,경상북도 고령군 운수면,중상사고,0,1,0,0,차대차 - 기타,안전거리미확보,습기,비,단일로 - 기타,이륜,남,84세,중상,화물,남,71세,상해없음
2012083000100220,2012년 8월 30일 10시,목요일,경상북도 구미시 인의동,경상사고,0,0,2,0,차대차 - 기타,안전운전불이행,습기,비,기타 - 기타,승용,여,43세,상해없음,승용,여,38세,경상
2012083000100237,2012년 8월 30일 11시,목요일,경상북도 포항시 북구 죽도동,부상신고사고,0,0,0,1,차대차 - 기타,안전운전불이행,습기,비,단일로 - 기타,원동기,여,23세,상해없음,원동기,남,40세,부상신고
2012083000100238,2012년 8월 30일 11시,목요일,경상북도 구미시 옥계동,중상사고,0,1,1,0,차대차 - 기타,안전운전불이행,습기,흐림,단일로 - 기타,승용,남,75세,중상,화물,남,41세,경상
2012083000100260,2012년 8월 30일 12시,목요일,경상북도 김천시 봉산면,중상사고,0,1,0,0,차량단독 - 기타,안전운전불이행,기타,기타,단일로 - 기타,승합,남,59세,상해없음,,,,
2012083000100284,2012년 8월 30일 13시,목요일,경상북도 포항시 북구 우현동,경상사고,0,0,1,0,차량단독 - 공작물충돌,안전운전불이행,건조,맑음,단일로 - 기타,승합,남,54세,상해없음,,,,
2012083000100285,2012년 8월 30일 13시,목요일,경상북도 포항시 남구 지곡동,경상사고,0,0,2,0,차대차 - 추돌 - 진행중,교차로운행방법위반,건조,맑음,교차로 - 교차로안,승용,여,65세,경상,승용,남,42세,경상
2012083000100310,2012년 8월 30일 14시,목요일,경상북도 영천시 고경면,중상사고,0,1,0,0,차량단독 - 공작물충돌,안전운전불이행,습기,비,단일로 - 기타,화물,남,53세,상해없음,,,,
2012083000100333,2012년 8월 30일 15시,목요일,경상북도 구미시 인의동,경상사고,0,0,1,0,차대사람 - 기타,안전운전불이행,건조,맑음,기타 - 기타,기타불명,기타불명,기타불명,기타불명,보행자,남,67세,경상
2012083000100334,2012년 8월 30일 15시,목요일,경상북도 포항시 남구 대잠동,경상사고,0,0,1,0,차대차 - 추돌 - 주정차중,안전운전불이행,습기,흐림,교차로 - 교차로부근,화물,남,51세,상해없음,승용,여,56세,경상
2012083000100349,2012년 8월 30일 16시,목요일,경상북도 영주시 휴천동,중상사고,0,1,1,0,차대사람 - 횡단중,안전운전불이행,습기,비,교차로 - 교차로안,승합,남,46세,상해없음,보행자,여,73세,중상
2012083000100373,2012년 8월 30일 17시,목요일,경상북도 경산시 하양읍,중상사고,0,1,0,0,차대차 - 기타,안전운전불이행,건조,흐림,단일로 - 기타,화물,남,70세,상해없음,승용,여,43세,중상
2012083000100374,2012년 8월 30일 17시,목요일,경상북도 포항시 남구 대도동,경상사고,0,0,1,0,차대차 - 기타,안전운전불이행,건조,맑음,교차로 - 교차로부근,원동기,남,23세,경상,승용,남,57세,상해없음
2012083000100400,2012년 8월 30일 18시,목요일,경상북도 영주시 가흥동,중상사고,0,1,0,0,차대차 - 추돌 - 주정차중,안전운전불이행,건조,맑음,단일로 - 기타,승용,남,39세,상해없음,화물,남,65세,중상