사고번호,사고일시,요일,시군구,사고내용,사망자수,중상자수,경상자수,부상신고자수,사고유형,법규위반,노면상태,기상상태,도로형태,가해운전자 차종,가해운전자 성별,가해운전자 연령,가해운전자 상해정도,피해운전자 차종,피해운전자 성별,피해운전자 연령,피해운전자 상해정도
2012083000100401,2012년 8월 30일 18시,목요일,경상북도 구미시 진평동,부상신고사고,0,0,0,1,차대차 - 측면직각충돌,안전운전불이행,습기,비,교차로 - 교차로부근,이륜,남,17세,부상신고,승용,남,31세,상해없음
2012083000100443,2012년 8월 30일 19시,목요일,경상북도 칠곡군 왜관읍,중상사고,0,1,0,0,차대차 - 추돌 - 진행중,교차로운행방법위반,습기,비,교차로 - 교차로안,승용,남,53세,상해없음,승용,여,42세,중상
2012083000100444,2012년 8월 30일 19시,목요일,경상북도 경산시 옥산동,중상사고,0,1,0,0,차대차 - 기타,안전운전불이행,건조,맑음,단일로 - 기타,승용,여,41세,상해없음,승용,남,37세,상해없음
2012083000100484,2012년 8월 30일 20시,목요일,경상북도 경산시 평산동,중상사고,0,1,0,0,차대차 - 기타,안전운전불이행,건조,맑음,교차로 - 교차로안,승용,여,48세,상해없음,승용,여,53세,중상
2012083000100485,2012년 8월 30일 20시,목요일,경상북도 울진군 죽변면,중상사고,0,1,0,0,차대차 - 측면직각충돌,안전운전불이행,습기,비,교차로 - 교차로안,승용,남,24세,상해없음,이륜,남,16세,중상
2012083000100516,2012년 8월 30일 21시,목요일,경상북도 칠곡군 북삼읍,경상사고,0,0,1,0,차대사람 - 보도통행중,중앙선침범,습기,비,단일로 - 횡단보도상,승용,남,27세,상해없음,보행자,여,45세,경상
2012083000100517,2012년 8월 30일 21시,목요일,경상북도 영천시 금노동,경상사고,0,0,1,0,차대차 - 측면직각충돌,신호위반,건조,맑음,교차로 - 교차로안,승용,여,26세,상해없음,승용,여,44세,경상
2012083000100518,2012년 8월 30일 21시,목요일,경상북도 구미시 고아읍,중상사고,0,1,0,0,차대사람 - 기타,안전운전불이행,습기,비,단일로 - 기타,승용,남,49세,상해없음,보행자,남,29세,중상
2012083000100554,2012년 8월 30일 22시,목요일,경상북도 경주시 용강동,중상사고,0,1,0,0,차대차 - 기타,안전운전불이행,건조,맑음,교차로 - 교차로부근,승용,남,32세,상해없음,승용,여,48세,중상
2012083000100555,2012년 8월 30일 22시,목요일,경상북도 포항시 북구 흥해읍,중상사고,0,1,1,0,차대차 - 추돌 - 주정차중,안전운전불이행,건조,맑음,단일로 - 기타,승용,여,34세,상해없음,승용,여,44세,중상
2012083000100556,2012년 8월 30일 22시,목요일,경상북도 칠곡군 석적읍,경상사고,0,0,1,0,차대사람 - 기타,안전운전불이행,건조,맑음,교차로 - 교차로안,승용,여,65세,상해없음,보행자,여,16세,경상
2012083000100591,2012년 8월 30일 23시,목요일,경상북도 문경시 마성면,중상사고,0,1,0,0,차량단독 - 공작물충돌,안전운전불이행,습기,비,단일로 - 기타,승합,남,43세,중상,,,,
2012083000100592,2012년 8월 30일 23시,목요일,경상북도 구미시 원평동,중상사고,0,1,1,0,차대차 - 기타,신호위반,습기,비,교차로 - 교차로안,승용,여,41세,상해없음,승용,남,45세,중상
2012083100100018,2012년 8월 31일 00시,금요일,경상북도 포항시 남구 오천읍,경상사고,0,0,3,0,차대차 - 기타,직진우회전진행방해,습기,비,교차로 - 교차로안,승용,남,32세,상해없음,승용,남,27세,상해없음
2012083100100058,2012년 8월 31일 02시,금요일,경상북도 포항시 남구 대잠동,경상사고,0,0,1,0,차대차 - 측면직각충돌,교차로운행방법위반,습기,비,교차로 - 교차로안,승용,남,34세,상해없음,승용,남,55세,경상
2012083100100087,2012년 8월 31일 05시,금요일,경상북도 김천시 어모면,경상사고,0,0,2,0,차대차 - 측면직각충돌,안전운전불이행,건조,맑음,교차로 - 교차로안,승용,여,42세,경상,승용,남,48세,경상
2012083100100099,2012년 8월 31일 06시,금요일,경상북도 경주시 강동면,중상사고,0,2,0,0,차대차 - 측면직각충돌,신호위반,습기,흐림,교차로 - 교차로안,화물,남,60세,상해없음,승용,남,72세,중상
2012083100100100,2012년 8월 31일 06시,금요일,경상북도 영천시 임고면,중상사고,0,1,0,0,차대차 - 기타,안전운전불이행,건조,맑음,교차로 - 교차로안,농기계,남,66세,상해없음,화물,남,66세,상해없음
2012083100100117,2012년 8월 31일 07시,금요일,경상북도 영주시 고현동,중상사고,0,1,0,0,차대차 - 측면직각충돌,안전운전불이행,건조,맑음,단일로 - 기타,승용,남,56세,상해없음,이륜,남,74세,중상
2012083100100118,2012년 8월 31일 07시,금요일,경상북도 봉화군 춘양면,경상사고,0,0,1,0,차대차 - 정면충돌,안전운전불이행,습기,맑음,단일로 - 기타,농기계,남,67세,경상,화물,남,44세,상해없음
2012083100100119,2012년 8월 31일 07시,금요일,경상북도 구미시 송정동,경상사고,0,0,1,0,차대차 - 측면직각충돌,안전운전불이행,건조,맑음,기타 - 기타,승용,남,31세,상해없음,승용,남,30세,경상
2012083100100120,2012년 8월 31일 07시,금요일,경상북도 포항시 남구 청림동,경상사고,0,0,1,0,차대차 - 추돌 - 진행중,기타,건조,맑음,기타 - 기타,자전거,남,35세,경상,승용,남,29세,상해없음
2012083100100159,2012년 8월 31일 08시,금요일,경상북도 경주시 진현동,경상사고,0,0,1,0,차대차 - 측면직각충돌,안전운전불이행,건조,맑음,교차로 - 교차로안,승용,남,41세,상해없음,승용,남,43세,경상
2012083100100160,2012년 8월 31일 08시,금요일,경상북도 포항시 남구 오천읍,경상사고,0,0,1,0,차대차 - 측면직각충돌,안전운전불이행,건조,맑음,단일로 - 기타,승용,남,55세,상해없음,원동기,남,46세,경상
2012083100100199,2012년 8월 31일 09시,금요일,경상북도 안동시 와룡면,경상사고,0,0,1,0,차대차 - 기타,중앙선침범,습기,안개,단일로 - 기타,화물,남,36세,상해없음,농기계,남,51세,경상
2012083100100200,2012년 8월 31일 09시,금요일,경상북도 칠곡군 동명면,중상사고,0,1,0,0,차대차 - 측면직각충돌,중앙선침범,건조,맑음,단일로 - 기타,화물,남,28세,상해없음,이륜,남,76세,중상
2012083100100201,2012년 8월 31일 09시,금요일,경상북도 문경시 흥덕동,경상사고,0,0,1,0,차대차 - 측면직각충돌,직진우회전진행방해,건조,맑음,교차로 - 교차로안,이륜,남,68세,경상,승용,여,49세,상해없음
2012083100100202,2012년 8월 31일 09시,금요일,경상북도 경산시 삼북동,중상사고,0,1,0,0,차대차 - 기타,안전운전불이행,건조,맑음,교차로 - 교차로안,화물,여,59세,상해없음,자전거,여,42세,중상
2012083100100203,2012년 8월 31일 09시,금요일,경상북도 예천군 개포면,중상사고,0,1,0,0,차대차 - 기타,안전운전불이행,건조,맑음,단일로 - 기타,화물,남,46세,상해없음,화물,남,20세,중상
2012083100100204,2012년 8월 31일 09시,금요일,경상북도 영양군 일월면,경상사고,0,0,2,0,차대차 - 추돌 - 주정차중,안전운전불이행,건조,맑음,단일로 - 기타,화물,남,34세,경상,화물,남,74세,경상
2012083100100264,2012년 8월 31일 11시,금요일,경상북도 칠곡군 기산면,경상사고,0,0,1,0,차대차 - 추돌 - 주정차중,안전운전불이행,건조,맑음,교차로 - 교차로부근,화물,남,52세,상해없음,승용,여,51세,경상
2012083100100265,2012년 8월 31일 11시,금요일,경상북도 영양군 영양읍,중상사고,0,1,0,0,차대차 - 기타,안전운전불이행,건조,맑음,단일로 - 기타,원동기,남,72세,중상,승용,여,57세,상해없음
2012083100100266,2012년 8월 31일 11시,금요일,경상북도 구미시 선산읍,중상사고,0,1,0,0,차대사람 - 기타,안전운전불이행,건조,맑음,단일로 - 기타,승용,여,44세,상해없음,보행자,여,80세,중상
2012083100100281,2012년 8월 31일 12시,금요일,경상북도 구미시 원평동,중상사고,0,1,0,0,차대사람 - 기타,안전운전불이행,건조,맑음,단일로 - 기타,승용,남,20세,상해없음,보행자,여,32세,중상
2012083100100282,2012년 8월 31일 12시,금요일,경상북도 구미시 송정동,경상사고,0,0,1,0,차대차 - 측면직각충돌,신호위반,건조,맑음,교차로 - 교차로안,승용,남,43세,상해없음,승용,여,35세,경상
2012083100100299,2012년 8월 31일 13시,금요일,경상북도 김천시 덕곡동,경상사고,0,0,3,0,차대차 - 측면직각충돌,안전운전불이행,건조,맑음,단일로 - 기타,승용,남,56세,상해없음,승용,여,50세,경상
2012083100100300,2012년 8월 31일 13시,금요일,경상북도 영주시 문수면,사망사고,1,0,0,0,차대차 - 정면충돌,안전운전불이행,건조,흐림,단일로 - 기타,원동기,남,70세,사망,승용,남,60세,상해없음
2012083100100301,2012년 8월 31일 13시,금요일,경상북도 구미시 송정동,경상사고,0,0,1,0,차대차 - 측면직각충돌,신호위반,건조,맑음,교차로 - 교차로안,원동기,남,76세,기타불명,승용,남,55세,상해없음
2012083100100302,2012년 8월 31일 13시,금요일,경상북도 포항시 남구 동해면,경상사고,0,0,1,0,차대차 - 추돌 - 진행중,안전운전불이행,건조,맑음,단일로 - 기타,승용,남,51세,상해없음,원동기,남,59세,경상
2012083100100326,2012년 8월 31일 14시,금요일,경상북도 안동시 운안동,경상사고,0,0,1,0,차대차 - 기타,직진우회전진행방해,건조,맑음,교차로 - 교차로안,이륜,남,73세,경상,승합,남,44세,상해없음
2012083100100327,2012년 8월 31일 14시,금요일,경상북도 봉화군 춘양면,중상사고,0,1,1,0,차대차 - 측면직각충돌,안전운전불이행,건조,맑음,단일로 - 기타,건설기계,남,27세,중상,화물,남,65세,경상
2012083100100328,2012년 8월 31일 14시,금요일,경상북도 포항시 남구 대송면,경상사고,0,0,3,0,차대차 - 측면직각충돌,안전거리미확보,건조,맑음,단일로 - 기타,승용,남,57세,경상,화물,남,51세,경상
2012083100100357,2012년 8월 31일 15시,금요일,경상북도 포항시 북구 남빈동,중상사고,0,1,1,0,차대차 - 기타,중앙선침범,건조,맑음,단일로 - 기타,화물,남,59세,상해없음,승용,남,45세,경상
2012083100100358,2012년 8월 31일 15시,금요일,경상북도 영천시 완산동,경상사고,0,0,1,0,차대차 - 기타,안전운전불이행,건조,맑음,교차로 - 교차로안,화물,남,60세,상해없음,원동기,남,75세,경상
2012083100100359,2012년 8월 31일 15시,금요일,경상북도 구미시 구평동,중상사고,0,1,0,0,차대차 - 측면직각충돌,안전거리미확보,건조,맑음,교차로 - 교차로부근,화물,남,55세,기타불명,승용,여,25세,중상
2012083100100388,2012년 8월 31일 16시,금요일,경상북도 상주시 복룡동,부상신고사고,0,0,0,1,차대차 - 기타,안전운전불이행,건조,맑음,교차로 - 교차로안,원동기,남,16세,부상신고,화물,남,58세,상해없음
2012083100100389,2012년 8월 31일 16시,금요일,경상북도 영양군 입암면,중상사고,0,1,0,0,차량단독 - 기타,안전운전불이행,기타,맑음,단일로 - 기타,원동기,남,55세,중상,,,,
2012083100100427,2012년 8월 31일 17시,금요일,경상북도 경주시 성건동,부상신고사고,0,0,0,1,차대차 - 측면직각충돌,안전운전불이행,건조,맑음,단일로 - 기타,승합,남,78세,상해없음,승용,남,40세,상해없음
2012083100100428,2012년 8월 31일 17시,금요일,경상북도 김천시 모암동,경상사고,0,0,3,0,차대차 - 측면직각충돌,교차로운행방법위반,건조,맑음,교차로 - 교차로안,승용,남,63세,경상,승용,여,37세,경상
2012083100100429,2012년 8월 31일 17시,금요일,경상북도 상주시 복룡동,중상사고,0,1,0,0,차대차 - 추돌 - 진행중,안전운전불이행,습기,비,단일로 - 기타,이륜,남,46세,상해없음,자전거,여,70세,중상
2012083100100430,2012년 8월 31일 17시,금요일,경상북도 경산시 하양읍,경상사고,0,0,1,0,차대차 - 기타,안전운전불이행,건조,맑음,단일로 - 기타,이륜,남,52세,상해없음,승용,여,49세,경상
2012083100100473,2012년 8월 31일 18시,금요일,경상북도 경주시 황성동,경상사고,0,0,1,0,차대차 - 측면직각충돌,안전운전불이행,건조,맑음,단일로 - 기타,승용,남,19세,상해없음,승용,남,29세,경상
2012083100100474,2012년 8월 31일 18시,금요일,경상북도 포항시 북구 덕수동,경상사고,0,0,1,0,차대차 - 기타,신호위반,건조,맑음,교차로 - 교차로안,승용,남,50세,상해없음,승합,남,58세,상해없음
2012083100100475,2012년 8월 31일 18시,금요일,경상북도 구미시 신평동,경상사고,0,0,3,0,차대차 - 측면직각충돌,직진우회전진행방해,습기,비,교차로 - 교차로안,승용,남,36세,경상,승용,남,31세,경상
2012083100100523,2012년 8월 31일 19시,금요일,경상북도 안동시 태화동,경상사고,0,0,1,0,차대차 - 측면직각충돌,직진우회전진행방해,건조,맑음,교차로 - 교차로안,승용,여,49세,상해없음,승용,남,24세,경상
2012083100100524,2012년 8월 31일 19시,금요일,경상북도 구미시 인의동,경상사고,0,0,1,0,차대차 - 측면직각충돌,안전운전불이행,습기,비,교차로 - 교차로안,승용,남,38세,상해없음,원동기,남,19세,경상
2012083100100525,2012년 8월 31일 19시,금요일,경상북도 구미시 원평동,중상사고,0,1,0,0,차대사람 - 기타,안전운전불이행,습기,비,단일로 - 기타,승용,남,26세,상해없음,보행자,여,56세,중상
2012083100100566,2012년 8월 31일 20시,금요일,경상북도 안동시 용상동,중상사고,0,1,0,0,차대차 - 기타,신호위반,건조,맑음,교차로 - 교차로안,승용,남,46세,상해없음,이륜,남,17세,중상
2012083100100567,2012년 8월 31일 20시,금요일,경상북도 구미시 비산동,경상사고,0,0,1,0,차대차 - 측면직각충돌,안전운전불이행,건조,맑음,교차로 - 교차로안,기타불명,기타불명,기타불명,기타불명,자전거,남,18세,경상
2012083100100606,2012년 8월 31일 21시,금요일,경상북도 경주시 성건동,중상사고,0,1,0,0,차대차 - 측면직각충돌,안전운전불이행,건조,맑음,교차로 - 교차로부근,화물,남,76세,상해없음,자전거,남,60세,중상
2012083100100607,2012년 8월 31일 21시,금요일,경상북도 안동시 임하면,중상사고,0,1,0,0,차대차 - 기타,안전운전불이행,건조,맑음,단일로 - 기타,이륜,남,59세,중상,승용,여,45세,상해없음
2012083100100608,2012년 8월 31일 21시,금요일,경상북도 구미시 선산읍,경상사고,0,0,1,0,차대차 - 측면직각충돌,안전운전불이행,건조,맑음,기타 - 기타,기타불명,기타불명,기타불명,기타불명,화물,남,52세,경상
2012083100100649,2012년 8월 31일 22시,금요일,경상북도 경주시 외동읍,경상사고,0,0,1,0,차대차 - 측면직각충돌,신호위반,건조,흐림,교차로 - 교차로안,승용,남,62세,상해없음,승용,남,30세,경상
2012083100100650,2012년 8월 31일 22시,금요일,경상북도 문경시 모전동,중상사고,0,1,0,0,차대사람 - 차도통행중,안전운전불이행,습기,비,단일로 - 기타,화물,남,19세,상해없음,보행자,남,29세,중상
2012083100100651,2012년 8월 31일 22시,금요일,경상북도 구미시 원평동,중상사고,0,1,1,0,차대차 - 측면직각충돌,안전운전불이행,건조,맑음,교차로 - 교차로부근,원동기,남,17세,경상,원동기,남,28세,중상
2012083100100652,2012년 8월 31일 22시,금요일,경상북도 구미시 송정동,경상사고,0,0,2,0,차대차 - 측면직각충돌,안전운전불이행,건조,흐림,단일로 - 기타,승용,남,24세,상해없음,승용,여,51세,경상
2012083100100690,2012년 8월 31일 23시,금요일,경상북도 성주군 성주읍,경상사고,0,0,1,0,차대차 - 정면충돌,중앙선침범,건조,흐림,단일로 - 기타,승용,남,32세,상해없음,승용,여,46세,경상
2012083100100691,2012년 8월 31일 23시,금요일,경상북도 구미시 고아읍,경상사고,0,0,2,0,차대차 - 추돌 - 주정차중,안전운전불이행,건조,흐림,교차로 - 교차로부근,승용,남,55세,상해없음,승용,남,40세,경상
2012090100100026,2012년 9월 1일 00시,토요일,경상북도 경주시 안강읍,부상신고사고,0,0,0,1,차량단독 - 전도전복,안전운전불이행,건조,맑음,단일로 - 기타,승용,남,44세,부상신고,,,,
2012090100100061,2012년 9월 1일 01시,토요일,경상북도 경산시 하양읍,중상사고,0,2,3,0,차대차 - 기타,안전운전불이행,건조,맑음,단일로 - 기타,승용,남,20세,상해없음,승용,남,23세,중상
2012090100100062,2012년 9월 1일 01시,토요일,경상북도 구미시 임수동,중상사고,0,1,0,0,차대차 - 추돌 - 주정차중,안전운전불이행,건조,맑음,단일로 - 기타,승용,남,19세,상해없음,승용,남,43세,중상
2012090100100100,2012년 9월 1일 03시,토요일,경상북도 영주시 휴천동,중상사고,0,1,0,0,차대사람 - 횡단중,안전운전불이행,건조,맑음,단일로 - 횡단보도부근,승용,남,21세,상해없음,보행자,여,25세,중상
2012090100100101,2012년 9월 1일 03시,토요일,경상북도 영주시 휴천동,경상사고,0,0,1,0,차대차 - 기타,안전운전불이행,건조,맑음,교차로 - 교차로부근,승용,남,27세,상해없음,승용,남,56세,경상
2012090100100102,2012년 9월 1일 03시,토요일,경상북도 칠곡군 석적읍,부상신고사고,0,0,0,1,차량단독 - 공작물충돌,안전운전불이행,건조,맑음,단일로 - 기타,승용,남,30세,부상신고,,,,
2012090100100113,2012년 9월 1일 04시,토요일,경상북도 구미시 광평동,경상사고,0,0,1,0,차대차 - 측면직각충돌,안전운전불이행,건조,맑음,교차로 - 교차로부근,승용,여,42세,상해없음,승용,남,40세,경상
2012090100100137,2012년 9월 1일 05시,토요일,경상북도 문경시 동로면,중상사고,0,1,0,0,차대사람 - 기타,안전운전불이행,건조,맑음,단일로 - 기타,승용,남,44세,상해없음,보행자,여,68세,중상
2012090100100138,2012년 9월 1일 05시,토요일,경상북도 구미시 도량동,사망사고,1,0,0,0,차대사람 - 횡단중,과속,건조,맑음,단일로 - 기타,승용,남,66세,상해없음,보행자,여,61세,사망
2012090100100148,2012년 9월 1일 06시,토요일,경상북도 칠곡군 가산면,경상사고,0,0,1,0,차량단독 - 공작물충돌,안전운전불이행,건조,맑음,교차로 - 교차로안,승용,남,22세,상해없음,,,,
2012090100100149,2012년 9월 1일 06시,토요일,경상북도 경산시 옥산동,중상사고,0,1,0,0,차대차 - 기타,안전운전불이행,건조,맑음,교차로 - 교차로안,승용,남,24세,상해없음,승용,여,55세,중상
2012090100100166,2012년 9월 1일 07시,토요일,경상북도 예천군 용궁면,경상사고,0,0,1,0,차대차 - 기타,안전운전불이행,건조,맑음,교차로 - 교차로부근,승합,남,26세,상해없음,화물,남,54세,경상
2012090100100167,2012년 9월 1일 07시,토요일,경상북도 구미시 선산읍,중상사고,0,1,0,0,차량단독 - 공작물충돌,안전운전불이행,건조,맑음,교차로 - 교차로부근,승용,남,27세,기타불명,,,,
2012090100100267,2012년 9월 1일 11시,토요일,경상북도 포항시 남구 상도동,경상사고,0,0,1,0,차대차 - 추돌 - 진행중,안전운전불이행,건조,맑음,단일로 - 기타,승용,여,45세,경상,화물,남,45세,상해없음
2012090100100300,2012년 9월 1일 12시,토요일,경상북도 경주시 외동읍,중상사고,0,2,3,0,차대차 - 추돌 - 진행중,안전거리미확보,건조,맑음,단일로 - 기타,승용,여,31세,중상,승용,남,40세,중상
2012090100100301,2012년 9월 1일 12시,토요일,경상북도 포항시 북구 죽도동,경상사고,0,0,1,0,차대차 - 기타,안전운전불이행,건조,맑음,단일로 - 기타,화물,남,37세,상해없음,원동기,남,28세,경상
2012090100100302,2012년 9월 1일 12시,토요일,경상북도 상주시 성동동,중상사고,0,1,0,0,차대차 - 추돌 - 진행중,교차로운행방법위반,건조,맑음,교차로 - 교차로안,승용,여,36세,상해없음,승용,남,27세,중상
2012090100100333,2012년 9월 1일 13시,토요일,경상북도 문경시 문경읍,경상사고,0,0,2,0,차대차 - 측면직각충돌,직진우회전진행방해,건조,맑음,교차로 - 교차로안,승용,남,47세,상해없음,승용,남,24세,경상
2012090100100334,2012년 9월 1일 13시,토요일,경상북도 경산시 계양동,중상사고,0,1,0,0,차대차 - 측면직각충돌,안전운전불이행,건조,맑음,교차로 - 교차로부근,화물,남,39세,상해없음,이륜,남,58세,중상
2012090100100335,2012년 9월 1일 13시,토요일,경상북도 예천군 예천읍,중상사고,0,1,0,0,차대차 - 기타,안전운전불이행,건조,맑음,단일로 - 기타,승용,남,52세,상해없음,원동기,여,75세,중상
2012090100100336,2012년 9월 1일 13시,토요일,경상북도 구미시 상모동,경상사고,0,0,2,0,차대차 - 기타,안전운전불이행,건조,맑음,단일로 - 기타,승용,남,28세,상해없음,화물,남,61세,경상
2012090100100394,2012년 9월 1일 15시,토요일,경상북도 경산시 진량읍,중상사고,0,1,0,0,차대사람 - 기타,보행자보호의무위반,건조,맑음,기타 - 기타,승용,남,72세,상해없음,보행자,여,35세,중상
2012090100100395,2012년 9월 1일 15시,토요일,경상북도 성주군 초전면,중상사고,0,1,0,0,차량단독 - 도로외이탈 - 추락,안전운전불이행,건조,맑음,단일로 - 기타,이륜,남,56세,중상,,,,
2012090100100431,2012년 9월 1일 16시,토요일,경상북도 경주시 외동읍,경상사고,0,0,1,0,차대차 - 기타,안전운전불이행,건조,흐림,단일로 - 기타,승용,남,22세,경상,승용,남,44세,상해없음
2012090100100470,2012년 9월 1일 17시,토요일,경상북도 경주시 인왕동,부상신고사고,0,0,0,1,차대차 - 기타,중앙선침범,건조,맑음,단일로 - 기타,자전거,남,70세,부상신고,승용,남,43세,상해없음
2012090100100471,2012년 9월 1일 17시,토요일,경상북도 경주시 사정동,경상사고,0,0,1,0,차대차 - 측면직각충돌,안전운전불이행,건조,맑음,단일로 - 기타,승용,여,33세,상해없음,승용,남,49세,경상
2012090100100472,2012년 9월 1일 17시,토요일,경상북도 포항시 북구 용흥동,경상사고,0,0,1,0,차대차 - 기타,안전운전불이행,건조,맑음,교차로 - 교차로부근,승용,여,31세,상해없음,원동기,남,16세,경상
2012090100100473,2012년 9월 1일 17시,토요일,경상북도 김천시 신음동,중상사고,0,1,1,0,차대차 - 측면직각충돌,안전운전불이행,건조,맑음,단일로 - 기타,화물,남,52세,상해없음,화물,남,46세,경상
2012090100100474,2012년 9월 1일 17시,토요일,경상북도 경산시 옥산동,경상사고,0,0,1,0,차대사람 - 기타,안전운전불이행,건조,맑음,교차로 - 교차로부근,기타불명,기타불명,기타불명,기타불명,보행자,여,73세,경상
2012090100100475,2012년 9월 1일 17시,토요일,경상북도 포항시 남구 연일읍,경상사고,0,0,1,0,차대차 - 추돌 - 진행중,안전운전불이행,습기,비,단일로 - 기타,원동기,남,31세,상해없음,원동기,남,21세,경상
2012090100100507,2012년 9월 1일 18시,토요일,경상북도 경주시 외동읍,경상사고,0,0,1,0,차대차 - 기타,안전운전불이행,건조,맑음,단일로 - 기타,승용,여,41세,상해없음,승용,남,49세,경상
2012090100100508,2012년 9월 1일 18시,토요일,경상북도 포항시 북구 흥해읍,중상사고,0,1,1,0,차대차 - 기타,중앙선침범,건조,맑음,단일로 - 기타,승용,여,37세,상해없음,승용,남,37세,경상
2012090100100509,2012년 9월 1일 18시,토요일,경상북도 포항시 북구 두호동,중상사고,0,1,0,0,차대차 - 기타,중앙선침범,건조,맑음,단일로 - 기타,승용,여,56세,상해없음,승용,남,47세,중상
2012090100100510,2012년 9월 1일 18시,토요일,경상북도 안동시 용상동,경상사고,0,0,1,0,차대사람 - 횡단중,안전운전불이행,건조,맑음,단일로 - 횡단보도상,화물,남,64세,상해없음,보행자,남,47세,경상
2012090100100511,2012년 9월 1일 18시,토요일,경상북도 의성군 안계면,중상사고,0,2,0,0,차대차 - 측면직각충돌,중앙선침범,건조,맑음,단일로 - 기타,농기계,남,81세,중상,화물,남,55세,상해없음
2012090100100512,2012년 9월 1일 18시,토요일,경상북도 영주시 창진동,경상사고,0,0,1,0,차대사람 - 차도통행중,안전운전불이행,습기,흐림,단일로 - 기타,승용,남,76세,상해없음,보행자,여,62세,경상
2012090100100513,2012년 9월 1일 18시,토요일,경상북도 경산시 진량읍,경상사고,0,0,3,2,차대차 - 추돌 - 주정차중,안전운전불이행,건조,맑음,교차로 - 교차로부근,승용,남,35세,상해없음,승용,여,33세,경상
2012090100100514,2012년 9월 1일 18시,토요일,경상북도 구미시 고아읍,경상사고,0,0,1,0,차대차 - 측면직각충돌,신호위반,습기,비,교차로 - 교차로안,화물,남,47세,상해없음,승용,여,43세,경상
2012090100100515,2012년 9월 1일 18시,토요일,경상북도 구미시 선산읍,중상사고,0,1,0,0,차대차 - 측면직각충돌,신호위반,건조,맑음,교차로 - 교차로안,원동기,남,70세,중상,화물,남,59세,상해없음
2012090100100516,2012년 9월 1일 18시,토요일,경상북도 경주시 율동,중상사고,0,1,0,0,차대차 - 측면직각충돌,안전거리미확보,건조,맑음,단일로 - 기타,승용,남,26세,상해없음,승용,남,28세,중상
2012090100100540,2012년 9월 1일 19시,토요일,경상북도 안동시 서부동,경상사고,0,0,1,0,차대사람 - 기타,안전운전불이행,건조,맑음,단일로 - 기타,승용,여,31세,상해없음,보행자,여,18세,경상
2012090100100541,2012년 9월 1일 19시,토요일,경상북도 성주군 가천면,중상사고,0,1,1,0,차대사람 - 차도통행중,안전운전불이행,건조,맑음,단일로 - 기타,원동기,남,16세,경상,보행자,여,76세,중상
2012090100100542,2012년 9월 1일 19시,토요일,경상북도 구미시 오태동,중상사고,0,1,0,0,차대차 - 측면직각충돌,신호위반,습기,비,교차로 - 교차로안,승용,남,27세,상해없음,승용,남,77세,중상
2012090100100575,2012년 9월 1일 20시,토요일,경상북도 안동시 옥동,경상사고,0,0,1,0,차대사람 - 횡단중,안전운전불이행,건조,맑음,단일로 - 기타,화물,남,52세,상해없음,보행자,남,48세,경상
2012090100100576,2012년 9월 1일 20시,토요일,경상북도 예천군 용궁면,중상사고,0,3,0,0,차대차 - 추돌 - 진행중,안전운전불이행,습기,비,단일로 - 기타,화물,남,54세,상해없음,화물,남,69세,중상
2012090100100577,2012년 9월 1일 20시,토요일,경상북도 영양군 영양읍,중상사고,0,1,0,0,차대차 - 측면직각충돌,직진우회전진행방해,건조,맑음,교차로 - 교차로안,승용,여,58세,상해없음,이륜,남,67세,중상
2012090100100578,2012년 9월 1일 20시,토요일,경상북도 포항시 남구 오천읍,경상사고,0,0,1,0,차량단독 - 기타,안전운전불이행,건조,맑음,단일로 - 기타,화물,남,57세,경상,,,,
2012090100100614,2012년 9월 1일 21시,토요일,경상북도 경주시 외동읍,중상사고,0,1,7,0,차대차 - 추돌 - 주정차중,안전운전불이행,건조,맑음,교차로 - 교차로부근,승용,남,47세,기타불명,승용,여,22세,중상
2012090100100650,2012년 9월 1일 22시,토요일,경상북도 울진군 울진읍,중상사고,0,2,0,0,차대차 - 추돌 - 진행중,안전운전불이행,건조,맑음,교차로 - 교차로안,승용,남,34세,상해없음,승용,여,39세,중상
2012090100100651,2012년 9월 1일 22시,토요일,경상북도 포항시 남구 연일읍,경상사고,0,0,2,0,차대차 - 추돌 - 진행중,안전운전불이행,건조,맑음,단일로 - 기타,승용,남,31세,상해없음,원동기,남,17세,경상
2012090100100675,2012년 9월 1일 23시,토요일,경상북도 포항시 북구 흥해읍,중상사고,0,2,0,0,차대차 - 측면직각충돌,신호위반,건조,맑음,교차로 - 교차로안,승용,남,24세,상해없음,원동기,남,16세,중상
2012090200100047,2012년 9월 2일 02시,일요일,경상북도 안동시 상아동,경상사고,0,0,2,0,차대차 - 추돌 - 주정차중,안전운전불이행,건조,맑음,기타 - 기타,승용,남,32세,상해없음,승용,남,25세,경상
2012090200100058,2012년 9월 2일 03시,일요일,경상북도 김천시 신음동,경상사고,0,0,1,0,차대차 - 측면직각충돌,교차로운행방법위반,건조,맑음,교차로 - 교차로안,승용,남,31세,상해없음,승용,남,70세,상해없음
2012090200100059,2012년 9월 2일 03시,일요일,경상북도 예천군 지보면,경상사고,0,0,1,0,차량단독 - 도로외이탈 - 기타,안전운전불이행,건조,흐림,단일로 - 기타,승용,남,21세,경상,,,,
2012090200100078,2012년 9월 2일 05시,일요일,경상북도 경산시 압량면,경상사고,0,0,1,0,차대차 - 측면직각충돌,안전운전불이행,건조,맑음,단일로 - 기타,승용,남,26세,상해없음,승용,남,33세,경상