사고번호,사고일시,요일,시군구,사고내용,사망자수,중상자수,경상자수,부상신고자수,사고유형,법규위반,노면상태,기상상태,도로형태,가해운전자 차종,가해운전자 성별,가해운전자 연령,가해운전자 상해정도,피해운전자 차종,피해운전자 성별,피해운전자 연령,피해운전자 상해정도
2012090200100148,2012년 9월 2일 09시,일요일,경상북도 경주시 안강읍,중상사고,0,2,2,0,차대차 - 측면직각충돌,안전운전불이행,건조,맑음,교차로 - 교차로안,승용,남,52세,상해없음,승용,남,63세,경상
2012090200100195,2012년 9월 2일 11시,일요일,경상북도 구미시 공단동,경상사고,0,0,3,0,차대차 - 추돌 - 주정차중,안전운전불이행,건조,맑음,교차로 - 교차로부근,승용,남,30세,상해없음,승용,남,47세,경상
2012090200100196,2012년 9월 2일 11시,일요일,경상북도 구미시 형곡동,경상사고,0,0,1,0,차대차 - 측면직각충돌,안전운전불이행,건조,맑음,단일로 - 기타,승용,여,50세,경상,승용,여,50세,상해없음
2012090200100197,2012년 9월 2일 11시,일요일,경상북도 구미시 선산읍,경상사고,0,0,1,0,차대차 - 측면직각충돌,안전운전불이행,건조,맑음,단일로 - 기타,승용,남,55세,경상,승합,여,39세,상해없음
2012090200100219,2012년 9월 2일 12시,일요일,경상북도 영주시 가흥동,경상사고,0,0,1,0,차대차 - 추돌 - 진행중,차로위반,건조,맑음,단일로 - 기타,이륜,남,69세,경상,승용,여,63세,상해없음
2012090200100220,2012년 9월 2일 12시,일요일,경상북도 경산시 진량읍,중상사고,0,1,0,0,차대차 - 추돌 - 진행중,안전운전불이행,건조,맑음,단일로 - 기타,승용,남,25세,상해없음,승용,남,32세,중상
2012090200100262,2012년 9월 2일 14시,일요일,경상북도 칠곡군 북삼읍,중상사고,0,1,0,0,차대차 - 측면직각충돌,직진우회전진행방해,건조,맑음,교차로 - 교차로안,승용,여,54세,상해없음,이륜,남,39세,중상
2012090200100263,2012년 9월 2일 14시,일요일,경상북도 영천시 북안면,중상사고,0,1,4,0,차대차 - 측면직각충돌,중앙선침범,건조,맑음,단일로 - 기타,화물,남,45세,상해없음,승용,남,44세,경상
2012090200100297,2012년 9월 2일 15시,일요일,경상북도 경주시 현곡면,경상사고,0,0,1,0,차대차 - 측면직각충돌,안전운전불이행,건조,맑음,단일로 - 기타,이륜,남,62세,경상,승용,여,38세,상해없음
2012090200100298,2012년 9월 2일 15시,일요일,경상북도 포항시 북구 상원동,경상사고,0,0,2,0,차대차 - 측면직각충돌,안전거리미확보,건조,맑음,단일로 - 기타,화물,남,56세,상해없음,승합,남,53세,경상
2012090200100329,2012년 9월 2일 16시,일요일,경상북도 경주시 충효동,경상사고,0,0,1,0,차대차 - 측면직각충돌,교차로운행방법위반,건조,맑음,교차로 - 교차로안,승용,남,43세,상해없음,자전거,여,56세,경상
2012090200100330,2012년 9월 2일 16시,일요일,경상북도 상주시 공검면,사망사고,1,0,0,0,차량단독 - 기타,안전운전불이행,건조,맑음,단일로 - 기타,농기계,남,79세,사망,,,,
2012090200100355,2012년 9월 2일 17시,일요일,경상북도 영주시 휴천동,경상사고,0,0,1,0,차대차 - 추돌 - 진행중,안전운전불이행,건조,맑음,단일로 - 기타,이륜,남,18세,경상,승용,남,38세,상해없음
2012090200100356,2012년 9월 2일 17시,일요일,경상북도 영덕군 남정면,경상사고,0,0,3,0,차대차 - 추돌 - 진행중,안전운전불이행,건조,맑음,교차로 - 교차로부근,승용,여,47세,상해없음,승용,남,39세,경상
2012090200100357,2012년 9월 2일 17시,일요일,경상북도 예천군 예천읍,중상사고,0,1,0,0,차대차 - 정면충돌,안전운전불이행,건조,맑음,교차로 - 교차로안,승용,남,59세,상해없음,이륜,남,75세,중상
2012090200100391,2012년 9월 2일 18시,일요일,경상북도 안동시 용상동,중상사고,0,1,0,0,차대차 - 기타,안전운전불이행,건조,맑음,단일로 - 기타,기타불명,기타불명,기타불명,기타불명,자전거,남,17세,중상
2012090200100392,2012년 9월 2일 18시,일요일,경상북도 영덕군 달산면,중상사고,0,1,1,0,차대차 - 기타,안전운전불이행,건조,맑음,단일로 - 기타,승합,남,50세,상해없음,승용,남,53세,경상
2012090200100423,2012년 9월 2일 19시,일요일,경상북도 경주시 성건동,경상사고,0,0,2,1,차대사람 - 기타,안전운전불이행,건조,맑음,단일로 - 기타,원동기,남,18세,부상신고,보행자,여,29세,경상
2012090200100424,2012년 9월 2일 19시,일요일,경상북도 포항시 북구 흥해읍,중상사고,0,1,0,0,차대차 - 기타,안전운전불이행,건조,맑음,단일로 - 기타,승용,남,53세,상해없음,승용,여,55세,중상
2012090200100425,2012년 9월 2일 19시,일요일,경상북도 포항시 북구 용흥동,경상사고,0,0,2,0,차대차 - 측면직각충돌,교차로운행방법위반,건조,흐림,교차로 - 교차로안,승용,남,54세,상해없음,승용,여,36세,경상
2012090200100426,2012년 9월 2일 19시,일요일,경상북도 구미시 남통동,경상사고,0,0,1,0,차대차 - 측면직각충돌,안전운전불이행,건조,맑음,기타 - 기타,기타불명,기타불명,기타불명,기타불명,승용,남,72세,경상
2012090200100457,2012년 9월 2일 20시,일요일,경상북도 경주시 보문동,경상사고,0,0,3,0,차대차 - 기타,안전운전불이행,건조,맑음,단일로 - 기타,승용,남,42세,상해없음,승용,남,36세,경상
2012090200100458,2012년 9월 2일 20시,일요일,경상북도 경주시 천북면,경상사고,0,0,3,0,차대차 - 기타,안전운전불이행,건조,맑음,단일로 - 기타,승용,여,30세,상해없음,승용,여,47세,경상
2012090200100459,2012년 9월 2일 20시,일요일,경상북도 문경시 점촌동,경상사고,0,0,1,0,차대차 - 기타,직진우회전진행방해,건조,맑음,교차로 - 교차로안,승용,남,53세,상해없음,원동기,남,37세,경상
2012090200100460,2012년 9월 2일 20시,일요일,경상북도 구미시 공단동,경상사고,0,0,4,0,차대차 - 측면직각충돌,안전운전불이행,건조,맑음,교차로 - 교차로부근,화물,남,58세,상해없음,승용,남,34세,경상
2012090200100487,2012년 9월 2일 21시,일요일,경상북도 경주시 황오동,중상사고,0,1,0,0,차대차 - 기타,중앙선침범,건조,맑음,단일로 - 기타,자전거,남,67세,중상,승용,남,50세,상해없음
2012090200100488,2012년 9월 2일 21시,일요일,경상북도 안동시 정하동,중상사고,0,1,3,0,차대차 - 측면직각충돌,신호위반,건조,맑음,교차로 - 교차로안,승용,여,33세,상해없음,승용,남,40세,중상
2012090200100489,2012년 9월 2일 21시,일요일,경상북도 영천시 청통면,경상사고,0,0,1,0,차량단독 - 공작물충돌,안전운전불이행,건조,맑음,단일로 - 기타,승용,남,60세,경상,,,,
2012090200100525,2012년 9월 2일 23시,일요일,경상북도 경주시 외동읍,중상사고,0,1,0,0,차대차 - 기타,안전운전불이행,건조,맑음,교차로 - 교차로부근,기타불명,기타불명,기타불명,기타불명,승용,남,31세,중상
2012090300100011,2012년 9월 3일 00시,월요일,경상북도 포항시 남구 상도동,경상사고,0,0,2,0,차량단독 - 기타,안전운전불이행,건조,맑음,교차로 - 교차로부근,승용,남,22세,경상,,,,
2012090300100023,2012년 9월 3일 01시,월요일,경상북도 포항시 남구 괴동동,경상사고,0,0,1,0,차대차 - 추돌 - 진행중,안전운전불이행,건조,맑음,단일로 - 기타,승용,남,32세,상해없음,승용,남,29세,상해없음
2012090300100057,2012년 9월 3일 06시,월요일,경상북도 상주시 모동면,중상사고,0,1,0,0,차대차 - 기타,직진우회전진행방해,건조,흐림,교차로 - 교차로안,화물,남,53세,상해없음,승용,남,65세,상해없음
2012090300100058,2012년 9월 3일 06시,월요일,경상북도 포항시 남구 송내동,경상사고,0,0,1,0,차대차 - 측면직각충돌,중앙선침범,건조,맑음,단일로 - 기타,승용,남,27세,상해없음,승용,남,37세,경상
2012090300100084,2012년 9월 3일 07시,월요일,경상북도 구미시 신평동,경상사고,0,0,2,0,차대차 - 측면직각충돌,안전운전불이행,건조,맑음,교차로 - 교차로안,승용,남,30세,상해없음,승합,남,48세,상해없음
2012090300100125,2012년 9월 3일 08시,월요일,경상북도 구미시 도량동,경상사고,0,0,2,0,차대차 - 측면직각충돌,안전운전불이행,건조,맑음,교차로 - 교차로부근,승용,여,39세,경상,승용,여,39세,경상
2012090300100153,2012년 9월 3일 09시,월요일,경상북도 안동시 풍산읍,경상사고,0,0,1,0,차대차 - 추돌 - 진행중,안전운전불이행,건조,맑음,단일로 - 기타,화물,남,41세,상해없음,특수,남,50세,상해없음
2012090300100154,2012년 9월 3일 09시,월요일,경상북도 상주시 공성면,중상사고,0,1,0,0,차대차 - 정면충돌,중앙선침범,건조,맑음,단일로 - 기타,건설기계,남,46세,상해없음,화물,남,31세,중상
2012090300100155,2012년 9월 3일 09시,월요일,경상북도 문경시 호계면,중상사고,0,1,0,0,차량단독 - 전도전복,안전운전불이행,건조,흐림,단일로 - 기타,특수,남,30세,중상,,,,
2012090300100156,2012년 9월 3일 09시,월요일,경상북도 청도군 화양읍,중상사고,0,1,0,0,차대차 - 측면직각충돌,신호위반,건조,맑음,교차로 - 교차로안,승용,여,37세,상해없음,자전거,남,40세,중상
2012090300100216,2012년 9월 3일 11시,월요일,경상북도 포항시 북구 우현동,경상사고,0,0,2,0,차대차 - 측면직각충돌,안전거리미확보,건조,맑음,단일로 - 기타,승용,여,60세,상해없음,승용,남,58세,경상
2012090300100217,2012년 9월 3일 11시,월요일,경상북도 포항시 남구 대잠동,경상사고,0,0,1,0,차대차 - 추돌 - 진행중,안전운전불이행,건조,맑음,단일로 - 기타,기타불명,기타불명,기타불명,기타불명,승용,여,47세,경상
2012090300100242,2012년 9월 3일 12시,월요일,경상북도 경주시 충효동,중상사고,0,1,0,0,차대차 - 기타,안전운전불이행,건조,맑음,교차로 - 교차로부근,승용,여,43세,상해없음,자전거,남,65세,중상
2012090300100243,2012년 9월 3일 12시,월요일,경상북도 영주시 풍기읍,경상사고,0,0,2,0,차대차 - 추돌 - 진행중,안전운전불이행,건조,맑음,교차로 - 교차로부근,승용,남,61세,상해없음,승용,남,33세,경상
2012090300100244,2012년 9월 3일 12시,월요일,경상북도 문경시 모전동,중상사고,0,1,0,0,차대사람 - 보도통행중,보행자보호의무위반,건조,맑음,단일로 - 횡단보도상,승용,여,37세,상해없음,보행자,여,31세,중상
2012090300100245,2012년 9월 3일 12시,월요일,경상북도 경산시 중방동,중상사고,0,1,2,0,차대차 - 기타,안전운전불이행,건조,기타,교차로 - 교차로부근,승용,남,62세,상해없음,승용,남,56세,경상
2012090300100246,2012년 9월 3일 12시,월요일,경상북도 봉화군 봉화읍,경상사고,0,0,1,0,차대차 - 측면직각충돌,안전운전불이행,건조,맑음,교차로 - 교차로부근,이륜,남,29세,경상,승용,여,57세,상해없음
2012090300100267,2012년 9월 3일 13시,월요일,경상북도 구미시 임은동,경상사고,0,0,1,0,차대차 - 추돌 - 진행중,안전운전불이행,건조,흐림,단일로 - 기타,승용,여,30세,상해없음,화물,남,50세,경상
2012090300100297,2012년 9월 3일 14시,월요일,경상북도 영주시 영주동,중상사고,0,1,1,0,차대차 - 추돌 - 진행중,안전운전불이행,건조,맑음,단일로 - 기타,승용,여,60세,중상,승합,남,44세,경상
2012090300100298,2012년 9월 3일 14시,월요일,경상북도 영주시 풍기읍,중상사고,0,4,1,0,차대차 - 정면충돌,중앙선침범,건조,맑음,교차로 - 교차로부근,이륜,남,23세,중상,승용,남,72세,경상
2012090300100299,2012년 9월 3일 14시,월요일,경상북도 울진군 근남면,경상사고,0,0,1,0,차대차 - 측면직각충돌,직진우회전진행방해,건조,맑음,교차로 - 교차로안,승용,남,27세,상해없음,원동기,남,75세,경상
2012090300100340,2012년 9월 3일 15시,월요일,경상북도 안동시 금곡동,중상사고,0,1,0,0,차대사람 - 횡단중,안전운전불이행,건조,맑음,단일로 - 기타,승용,여,37세,상해없음,보행자,남,79세,중상
2012090300100376,2012년 9월 3일 16시,월요일,경상북도 칠곡군 석적읍,경상사고,0,0,2,0,차대차 - 추돌 - 진행중,안전운전불이행,건조,맑음,단일로 - 기타,승용,여,54세,경상,승용,여,31세,경상
2012090300100377,2012년 9월 3일 16시,월요일,경상북도 봉화군 소천면,중상사고,0,1,0,0,차량단독 - 공작물충돌,안전운전불이행,건조,맑음,단일로 - 기타,화물,남,57세,중상,,,,
2012090300100412,2012년 9월 3일 17시,월요일,경상북도 안동시 목성동,경상사고,0,0,2,0,차대차 - 기타,안전운전불이행,건조,맑음,교차로 - 교차로부근,이륜,남,18세,경상,이륜,남,67세,경상
2012090300100413,2012년 9월 3일 17시,월요일,경상북도 포항시 남구 상도동,중상사고,0,1,0,0,차대차 - 기타,안전운전불이행,건조,맑음,교차로 - 교차로부근,자전거,남,68세,중상,승용,남,72세,상해없음
2012090300100442,2012년 9월 3일 18시,월요일,경상북도 상주시 함창읍,경상사고,0,0,1,0,차대차 - 기타,안전운전불이행,건조,맑음,단일로 - 기타,이륜,남,76세,경상,자전거,남,13세,상해없음
2012090300100489,2012년 9월 3일 19시,월요일,경상북도 안동시 용상동,중상사고,0,1,0,0,차대사람 - 횡단중,안전운전불이행,건조,맑음,단일로 - 기타,승용,여,57세,상해없음,보행자,여,70세,중상
2012090300100490,2012년 9월 3일 19시,월요일,경상북도 의성군 안계면,중상사고,0,1,0,0,차대차 - 측면직각충돌,교차로운행방법위반,건조,맑음,교차로 - 교차로안,승용,여,51세,상해없음,자전거,남,8세,중상
2012090300100491,2012년 9월 3일 19시,월요일,경상북도 구미시 공단동,중상사고,0,1,1,0,차대차 - 측면직각충돌,안전운전불이행,건조,맑음,교차로 - 교차로안,원동기,남,22세,중상,승용,남,28세,경상
2012090300100527,2012년 9월 3일 20시,월요일,경상북도 청송군 파천면,경상사고,0,0,2,0,차대차 - 추돌 - 진행중,안전거리미확보,건조,맑음,기타 - 기타,승용,남,59세,상해없음,승용,여,52세,경상
2012090300100562,2012년 9월 3일 21시,월요일,경상북도 포항시 북구 두호동,경상사고,0,0,1,0,차대차 - 기타,신호위반,건조,맑음,교차로 - 교차로안,원동기,남,35세,상해없음,승용,여,25세,경상
2012090300100563,2012년 9월 3일 21시,월요일,경상북도 경산시 대동,경상사고,0,0,2,0,차대차 - 기타,안전운전불이행,건조,맑음,단일로 - 기타,화물,남,48세,기타불명,승용,남,22세,경상
2012090300100564,2012년 9월 3일 21시,월요일,경상북도 구미시 봉곡동,경상사고,0,0,1,0,차대차 - 기타,교차로운행방법위반,건조,맑음,교차로 - 교차로안,승용,남,53세,상해없음,자전거,남,14세,경상
2012090300100601,2012년 9월 3일 22시,월요일,경상북도 안동시 용상동,경상사고,0,0,1,0,차대사람 - 횡단중,신호위반,건조,맑음,단일로 - 기타,승용,남,46세,상해없음,보행자,남,19세,경상
2012090300100602,2012년 9월 3일 22시,월요일,경상북도 경산시 사동,경상사고,0,0,2,0,차대차 - 기타,신호위반,건조,맑음,교차로 - 교차로안,승용,여,48세,상해없음,승용,남,50세,경상
2012090300100625,2012년 9월 3일 23시,월요일,경상북도 영주시 가흥동,경상사고,0,0,2,0,차대차 - 측면직각충돌,교차로운행방법위반,건조,맑음,교차로 - 교차로안,승용,남,58세,상해없음,승용,여,26세,경상
2012090300100626,2012년 9월 3일 23시,월요일,경상북도 포항시 남구 대도동,중상사고,0,3,0,0,차대차 - 추돌 - 주정차중,안전운전불이행,건조,맑음,교차로 - 교차로부근,승용,남,34세,상해없음,승용,남,29세,중상
2012090400100016,2012년 9월 4일 01시,화요일,경상북도 영천시 완산동,경상사고,0,0,1,0,차대차 - 기타,교차로운행방법위반,건조,맑음,교차로 - 교차로안,화물,남,47세,상해없음,화물,남,50세,경상
2012090400100065,2012년 9월 4일 06시,화요일,경상북도 포항시 남구 이동,중상사고,0,1,0,0,차대차 - 추돌 - 주정차중,안전운전불이행,건조,맑음,교차로 - 교차로부근,승용,남,53세,상해없음,승용,여,47세,중상
2012090400100097,2012년 9월 4일 07시,화요일,경상북도 영주시 휴천동,경상사고,0,0,1,0,차대사람 - 보도통행중,안전운전불이행,건조,맑음,단일로 - 기타,승용,여,43세,상해없음,보행자,여,43세,경상
2012090400100137,2012년 9월 4일 08시,화요일,경상북도 상주시 신봉동,중상사고,0,1,0,0,차대사람 - 횡단중,보행자보호의무위반,건조,맑음,단일로 - 횡단보도상,화물,남,22세,상해없음,보행자,여,9세,중상
2012090400100138,2012년 9월 4일 08시,화요일,경상북도 구미시 형곡동,경상사고,0,0,2,0,차대차 - 측면직각충돌,안전운전불이행,건조,맑음,단일로 - 기타,승용,남,45세,상해없음,이륜,남,16세,경상
2012090400100189,2012년 9월 4일 10시,화요일,경상북도 포항시 북구 우현동,중상사고,0,1,0,0,차대사람 - 기타,안전운전불이행,건조,맑음,단일로 - 횡단보도상,화물,남,47세,상해없음,보행자,남,76세,중상
2012090400100214,2012년 9월 4일 11시,화요일,경상북도 경주시 강동면,경상사고,0,0,3,2,차대차 - 측면직각충돌,안전운전불이행,건조,맑음,단일로 - 기타,승용,여,39세,상해없음,승용,남,42세,경상
2012090400100215,2012년 9월 4일 11시,화요일,경상북도 안동시 송천동,중상사고,0,1,0,0,차량단독 - 공작물충돌,안전운전불이행,건조,맑음,단일로 - 교량,화물,남,69세,중상,,,,
2012090400100216,2012년 9월 4일 11시,화요일,경상북도 의성군 금성면,중상사고,0,1,0,0,차대차 - 기타,안전운전불이행,건조,맑음,교차로 - 교차로안,승용,남,30세,중상,화물,미분류,기타불명,기타불명
2012090400100217,2012년 9월 4일 11시,화요일,경상북도 칠곡군 북삼읍,중상사고,0,1,0,0,차대차 - 추돌 - 진행중,안전운전불이행,건조,맑음,교차로 - 교차로안,화물,남,68세,상해없음,승용,여,43세,중상
2012090400100220,2012년 9월 4일 11시,화요일,경상북도 포항시 남구 상도동,중상사고,0,1,1,0,차대차 - 추돌 - 진행중,신호위반,건조,맑음,교차로 - 교차로안,승용,여,47세,중상,승용,남,48세,경상
2012090400100265,2012년 9월 4일 13시,화요일,경상북도 구미시 도량동,경상사고,0,0,2,0,차대차 - 측면직각충돌,안전운전불이행,건조,맑음,단일로 - 기타,승합,여,42세,경상,승용,남,53세,경상
2012090400100357,2012년 9월 4일 16시,화요일,경상북도 경주시 용강동,경상사고,0,0,1,0,차대차 - 측면직각충돌,안전운전불이행,건조,맑음,단일로 - 기타,승용,여,40세,경상,건설기계,남,40세,기타불명
2012090400100358,2012년 9월 4일 16시,화요일,경상북도 포항시 북구 기계면,경상사고,0,0,2,0,차대차 - 기타,신호위반,건조,맑음,교차로 - 교차로안,승용,남,25세,상해없음,승용,여,48세,경상
2012090400100359,2012년 9월 4일 16시,화요일,경상북도 상주시 헌신동,중상사고,0,1,1,0,차대차 - 추돌 - 주정차중,안전운전불이행,습기,비,교차로 - 교차로부근,건설기계,남,54세,상해없음,승용,남,42세,중상
2012090400100360,2012년 9월 4일 16시,화요일,경상북도 포항시 남구 상도동,경상사고,0,0,1,0,차대사람 - 기타,기타,건조,맑음,단일로 - 기타,승용,남,49세,상해없음,보행자,여,70세,경상
2012090400100395,2012년 9월 4일 17시,화요일,경상북도 영주시 영주동,경상사고,0,0,1,0,차대사람 - 횡단중,신호위반,습기,비,교차로 - 교차로안,승용,남,32세,상해없음,보행자,남,8세,경상
2012090400100442,2012년 9월 4일 18시,화요일,경상북도 경주시 성건동,중상사고,0,1,0,0,차대사람 - 기타,안전운전불이행,건조,맑음,단일로 - 기타,승용,남,19세,상해없음,보행자,여,17세,중상
2012090400100443,2012년 9월 4일 18시,화요일,경상북도 김천시 어모면,중상사고,0,1,0,0,차대사람 - 기타,중앙선침범,습기,비,단일로 - 기타,이륜,남,59세,상해없음,보행자,여,64세,중상
2012090400100444,2012년 9월 4일 18시,화요일,경상북도 영천시 문내동,경상사고,0,0,1,1,차대차 - 측면직각충돌,안전운전불이행,건조,맑음,단일로 - 기타,승용,여,54세,부상신고,승합,남,55세,경상
2012090400100495,2012년 9월 4일 19시,화요일,경상북도 경주시 황성동,중상사고,0,1,0,0,차대사람 - 기타,안전운전불이행,건조,맑음,단일로 - 기타,승용,여,50세,상해없음,보행자,남,4세,중상
2012090400100496,2012년 9월 4일 19시,화요일,경상북도 상주시 복룡동,부상신고사고,0,0,0,1,차대차 - 기타,안전운전불이행,습기,비,단일로 - 기타,이륜,남,62세,부상신고,승용,남,49세,기타불명
2012090400100497,2012년 9월 4일 19시,화요일,경상북도 의성군 구천면,중상사고,0,1,0,0,차대차 - 정면충돌,중앙선침범,습기,비,단일로 - 기타,화물,여,24세,상해없음,승용,남,51세,중상
2012090400100498,2012년 9월 4일 19시,화요일,경상북도 구미시 형곡동,경상사고,0,0,1,0,차대차 - 측면직각충돌,안전운전불이행,습기,비,교차로 - 교차로안,기타불명,기타불명,기타불명,기타불명,이륜,남,32세,경상
2012090400100557,2012년 9월 4일 20시,화요일,경상북도 포항시 남구 오천읍,경상사고,0,0,1,0,차대차 - 추돌 - 진행중,중앙선침범,건조,맑음,단일로 - 기타,승용,남,22세,상해없음,원동기,남,17세,경상
2012090400100558,2012년 9월 4일 20시,화요일,경상북도 포항시 남구 상도동,중상사고,0,2,1,0,차대차 - 측면직각충돌,안전운전불이행,건조,맑음,단일로 - 기타,승용,남,49세,경상,화물,남,29세,중상
2012090400100596,2012년 9월 4일 21시,화요일,경상북도 경주시 황성동,중상사고,0,1,0,0,차대사람 - 기타,안전운전불이행,건조,맑음,단일로 - 기타,승용,남,50세,상해없음,보행자,남,54세,중상
2012090400100597,2012년 9월 4일 21시,화요일,경상북도 김천시 모암동,경상사고,0,0,1,0,차대차 - 측면직각충돌,안전운전불이행,건조,맑음,교차로 - 교차로부근,화물,남,55세,상해없음,승용,남,47세,상해없음
2012090400100598,2012년 9월 4일 21시,화요일,경상북도 구미시 공단동,중상사고,0,1,2,0,차대차 - 추돌 - 주정차중,안전운전불이행,건조,맑음,교차로 - 교차로부근,승용,남,34세,기타불명,승용,남,19세,중상
2012090400100677,2012년 9월 4일 23시,화요일,경상북도 군위군 군위읍,중상사고,0,2,0,0,차대차 - 측면직각충돌,안전운전불이행,건조,흐림,단일로 - 기타,승용,남,48세,상해없음,승용,남,45세,중상
2012090500100025,2012년 9월 5일 00시,수요일,경상북도 문경시 점촌동,경상사고,0,0,1,0,차대차 - 측면직각충돌,교차로운행방법위반,건조,맑음,교차로 - 교차로안,승용,남,57세,상해없음,승용,남,21세,상해없음
2012090500100107,2012년 9월 5일 06시,수요일,경상북도 포항시 북구 용흥동,경상사고,0,0,1,0,차대차 - 측면직각충돌,중앙선침범,습기,비,단일로 - 기타,화물,남,53세,상해없음,승합,남,54세,경상
2012090500100136,2012년 9월 5일 07시,수요일,경상북도 포항시 북구 용흥동,중상사고,0,3,0,0,차대차 - 기타,안전거리미확보,습기,비,단일로 - 교량,승합,남,54세,상해없음,승용,남,41세,중상
2012090500100137,2012년 9월 5일 07시,수요일,경상북도 칠곡군 약목면,경상사고,0,0,2,0,차대차 - 추돌 - 진행중,안전운전불이행,습기,비,교차로 - 교차로부근,화물,남,46세,상해없음,승용,여,41세,경상
2012090500100176,2012년 9월 5일 08시,수요일,경상북도 구미시 광평동,경상사고,0,0,1,0,차대차 - 측면직각충돌,안전거리미확보,습기,비,단일로 - 기타,승용,남,50세,상해없음,승용,여,43세,경상
2012090500100177,2012년 9월 5일 08시,수요일,경상북도 포항시 남구 해도동,경상사고,0,0,1,0,차대차 - 추돌 - 진행중,신호위반,습기,비,단일로 - 기타,승용,남,53세,상해없음,원동기,남,58세,경상
2012090500100214,2012년 9월 5일 09시,수요일,경상북도 포항시 북구 죽도동,경상사고,0,0,1,0,차대차 - 측면직각충돌,안전운전불이행,건조,맑음,교차로 - 교차로부근,승용,남,39세,상해없음,승용,여,31세,경상
2012090500100215,2012년 9월 5일 09시,수요일,경상북도 상주시 서성동,중상사고,0,1,0,0,차대사람 - 길가장자리구역통행중,안전운전불이행,건조,맑음,단일로 - 기타,승합,남,41세,상해없음,보행자,남,30세,중상
2012090500100216,2012년 9월 5일 09시,수요일,경상북도 포항시 남구 해도동,경상사고,0,0,1,0,차대사람 - 기타,안전운전불이행,건조,맑음,단일로 - 기타,승용,남,59세,상해없음,보행자,여,37세,경상
2012090500100268,2012년 9월 5일 12시,수요일,경상북도 포항시 북구 신흥동,중상사고,0,1,0,0,차대차 - 기타,중앙선침범,건조,맑음,단일로 - 기타,승용,남,30세,기타불명,승합,남,50세,상해없음
2012090500100269,2012년 9월 5일 12시,수요일,경상북도 안동시 운흥동,중상사고,0,1,0,0,차대차 - 기타,안전운전불이행,건조,맑음,단일로 - 기타,화물,남,49세,상해없음,자전거,남,70세,중상
2012090500100326,2012년 9월 5일 14시,수요일,경상북도 포항시 북구 우현동,경상사고,0,0,2,0,차대차 - 기타,안전거리미확보,건조,맑음,단일로 - 기타,승용,여,57세,상해없음,승용,여,42세,경상
2012090500100327,2012년 9월 5일 14시,수요일,경상북도 포항시 남구 효자동,중상사고,0,2,1,0,차대차 - 추돌 - 진행중,신호위반,건조,맑음,교차로 - 교차로안,화물,남,69세,경상,승용,남,46세,중상
2012090500100328,2012년 9월 5일 14시,수요일,경상북도 포항시 남구 청림동,경상사고,0,0,2,0,차대차 - 추돌 - 주정차중,안전운전불이행,건조,맑음,단일로 - 기타,화물,남,20세,상해없음,승용,여,45세,경상
2012090500100360,2012년 9월 5일 15시,수요일,경상북도 김천시 성내동,경상사고,0,0,1,0,차대사람 - 횡단중,안전운전불이행,건조,맑음,단일로 - 횡단보도부근,승용,남,40세,상해없음,보행자,남,7세,경상
2012090500100361,2012년 9월 5일 15시,수요일,경상북도 구미시 형곡동,경상사고,0,0,2,0,차대차 - 측면직각충돌,안전운전불이행,건조,맑음,단일로 - 기타,승용,여,36세,경상,승용,여,51세,경상
2012090500100396,2012년 9월 5일 16시,수요일,경상북도 영천시 금노동,중상사고,0,1,1,0,차대차 - 측면직각충돌,교차로운행방법위반,건조,맑음,교차로 - 교차로안,승용,여,38세,중상,화물,남,55세,경상
2012090500100397,2012년 9월 5일 16시,수요일,경상북도 문경시 문경읍,중상사고,0,1,2,0,차대차 - 측면직각충돌,직진우회전진행방해,건조,맑음,교차로 - 교차로안,승용,남,38세,경상,화물,남,38세,중상
2012090500100434,2012년 9월 5일 17시,수요일,경상북도 경주시 노동동,경상사고,0,0,1,0,차대차 - 측면직각충돌,안전운전불이행,건조,맑음,교차로 - 교차로부근,승용,남,63세,상해없음,승용,여,46세,경상
2012090500100436,2012년 9월 5일 17시,수요일,경상북도 문경시 점촌동,부상신고사고,0,0,0,1,차대차 - 기타,안전운전불이행,건조,맑음,기타 - 기타,기타불명,기타불명,기타불명,기타불명,화물,남,38세,부상신고
2012090500100481,2012년 9월 5일 18시,수요일,경상북도 경산시 정평동,경상사고,0,0,1,0,차대차 - 기타,신호위반,건조,기타,교차로 - 교차로안,승합,남,33세,상해없음,승용,남,58세,경상
2012090500100482,2012년 9월 5일 18시,수요일,경상북도 구미시 지산동,경상사고,0,0,2,0,차대차 - 측면직각충돌,차로위반,건조,맑음,단일로 - 기타,화물,남,26세,상해없음,승용,남,63세,경상
2012090500100523,2012년 9월 5일 19시,수요일,경상북도 경주시 성동동,경상사고,0,0,1,1,차대차 - 측면직각충돌,안전운전불이행,건조,맑음,단일로 - 기타,승용,남,69세,부상신고,승용,여,55세,경상
2012090500100524,2012년 9월 5일 19시,수요일,경상북도 포항시 북구 청하면,중상사고,0,3,0,0,차대차 - 추돌 - 진행중,안전운전불이행,건조,맑음,교차로 - 교차로부근,화물,남,69세,상해없음,승용,여,58세,중상
2012090500100525,2012년 9월 5일 19시,수요일,경상북도 상주시 화서면,사망사고,1,0,1,0,차대사람 - 횡단중,안전운전불이행,건조,맑음,단일로 - 기타,승용,남,46세,경상,보행자,남,63세,사망
2012090500100526,2012년 9월 5일 19시,수요일,경상북도 영주시 문정동,경상사고,0,0,1,0,차량단독 - 전도전복,안전운전불이행,건조,맑음,단일로 - 기타,화물,남,58세,상해없음,,,,