사고번호,사고일시,요일,시군구,사고내용,사망자수,중상자수,경상자수,부상신고자수,사고유형,법규위반,노면상태,기상상태,도로형태,가해운전자 차종,가해운전자 성별,가해운전자 연령,가해운전자 상해정도,피해운전자 차종,피해운전자 성별,피해운전자 연령,피해운전자 상해정도
2012091700100407,2012년 9월 17일 18시,월요일,경상북도 안동시 옥동,경상사고,0,0,2,0,차대차 - 측면직각충돌,안전운전불이행,건조,맑음,단일로 - 기타,승용,여,35세,상해없음,승용,여,19세,경상
2012091700100408,2012년 9월 17일 18시,월요일,경상북도 칠곡군 북삼읍,부상신고사고,0,0,0,1,차량단독 - 도로외이탈 - 추락,안전운전불이행,습기,비,단일로 - 기타,화물,남,49세,부상신고,,,,
2012091700100409,2012년 9월 17일 18시,월요일,경상북도 울진군 원남면,중상사고,0,1,0,0,차량단독 - 공작물충돌,안전운전불이행,습기,비,단일로 - 기타,승용,여,37세,중상,,,,
2012091700100445,2012년 9월 17일 19시,월요일,경상북도 예천군 예천읍,경상사고,0,0,1,0,차대차 - 기타,안전운전불이행,습기,맑음,교차로 - 교차로안,승용,남,65세,상해없음,원동기,남,68세,경상
2012091700100446,2012년 9월 17일 19시,월요일,경상북도 구미시 임수동,경상사고,0,0,4,0,차대차 - 측면직각충돌,안전운전불이행,건조,흐림,교차로 - 교차로부근,승용,남,43세,상해없음,승합,남,37세,경상
2012091700100447,2012년 9월 17일 19시,월요일,경상북도 포항시 남구 연일읍,경상사고,0,0,1,0,차대차 - 추돌 - 진행중,교차로운행방법위반,건조,맑음,교차로 - 교차로안,승용,남,51세,상해없음,원동기,남,49세,경상
2012091700100488,2012년 9월 17일 20시,월요일,경상북도 구미시 오태동,경상사고,0,0,1,0,차대사람 - 기타,안전운전불이행,습기,흐림,단일로 - 기타,승용,남,53세,상해없음,보행자,여,37세,경상
2012091700100489,2012년 9월 17일 20시,월요일,경상북도 구미시 선산읍,중상사고,0,1,1,0,차대차 - 측면직각충돌,직진우회전진행방해,습기,비,교차로 - 교차로안,화물,남,35세,경상,승용,남,42세,중상
2012091700100520,2012년 9월 17일 21시,월요일,경상북도 경산시 하양읍,중상사고,0,1,0,0,차대차 - 기타,안전운전불이행,건조,맑음,단일로 - 기타,승용,남,44세,상해없음,이륜,남,27세,중상
2012091700100557,2012년 9월 17일 22시,월요일,경상북도 상주시 복룡동,경상사고,0,0,1,0,차대차 - 기타,기타,건조,맑음,단일로 - 기타,화물,남,40세,상해없음,자전거,남,16세,경상
2012091700100558,2012년 9월 17일 22시,월요일,경상북도 구미시 임수동,중상사고,0,1,1,0,차대차 - 추돌 - 진행중,안전운전불이행,건조,맑음,단일로 - 기타,승용,남,49세,상해없음,승용,남,36세,중상
2012091700100596,2012년 9월 17일 23시,월요일,경상북도 경주시 외동읍,경상사고,0,0,2,0,차대차 - 측면직각충돌,안전운전불이행,건조,맑음,단일로 - 기타,승용,남,31세,상해없음,승용,남,51세,경상
2012091700100597,2012년 9월 17일 23시,월요일,경상북도 구미시 구평동,중상사고,0,1,0,0,차대사람 - 기타,안전운전불이행,건조,맑음,기타 - 기타,기타불명,기타불명,기타불명,기타불명,보행자,남,40세,중상
2012091800100031,2012년 9월 18일 01시,화요일,경상북도 경주시 성건동,경상사고,0,0,1,0,차대사람 - 기타,안전운전불이행,건조,맑음,단일로 - 기타,기타불명,기타불명,기타불명,기타불명,보행자,여,19세,경상
2012091800100042,2012년 9월 18일 02시,화요일,경상북도 경주시 황성동,중상사고,0,1,1,0,차대사람 - 기타,기타,건조,맑음,교차로 - 교차로부근,승용,남,37세,상해없음,보행자,여,15세,중상
2012091800100053,2012년 9월 18일 03시,화요일,경상북도 울진군 죽변면,경상사고,0,0,1,0,차대차 - 추돌 - 주정차중,안전운전불이행,건조,맑음,단일로 - 기타,승용,남,51세,경상,승용,여,27세,기타불명
2012091800100054,2012년 9월 18일 03시,화요일,경상북도 구미시 황상동,중상사고,0,1,1,0,차대차 - 정면충돌,중앙선침범,건조,맑음,단일로 - 기타,승합,여,47세,경상,승용,남,54세,중상
2012091800100076,2012년 9월 18일 05시,화요일,경상북도 칠곡군 가산면,부상신고사고,0,0,0,1,차량단독 - 공작물충돌,안전운전불이행,습기,흐림,교차로 - 교차로안,승용,남,24세,부상신고,,,,
2012091800100087,2012년 9월 18일 06시,화요일,경상북도 구미시 원평동,중상사고,0,1,0,0,차대사람 - 기타,안전운전불이행,건조,맑음,단일로 - 기타,승합,남,63세,상해없음,보행자,여,77세,중상
2012091800100111,2012년 9월 18일 07시,화요일,경상북도 경산시 옥산동,중상사고,0,1,0,0,차대차 - 기타,안전운전불이행,건조,맑음,교차로 - 교차로부근,승용,남,47세,상해없음,자전거,여,52세,중상
2012091800100143,2012년 9월 18일 08시,화요일,경상북도 경주시 황성동,경상사고,0,0,1,0,차대차 - 측면직각충돌,중앙선침범,건조,맑음,교차로 - 교차로부근,승용,남,20세,상해없음,승용,남,41세,경상
2012091800100170,2012년 9월 18일 09시,화요일,경상북도 안동시 길안면,중상사고,0,2,0,0,차대차 - 추돌 - 진행중,안전거리미확보,건조,맑음,단일로 - 기타,승용,남,67세,상해없음,화물,남,65세,중상
2012091800100227,2012년 9월 18일 11시,화요일,경상북도 포항시 북구 양덕동,경상사고,0,0,1,0,차대차 - 기타,안전거리미확보,건조,맑음,단일로 - 기타,승용,여,38세,상해없음,원동기,남,21세,경상
2012091800100228,2012년 9월 18일 11시,화요일,경상북도 성주군 용암면,사망사고,1,0,1,0,차량단독 - 도로외이탈 - 추락,안전운전불이행,건조,맑음,단일로 - 기타,승용,남,52세,사망,,,,
2012091800100257,2012년 9월 18일 12시,화요일,경상북도 안동시 옥동,중상사고,0,1,0,0,차대차 - 측면직각충돌,직진우회전진행방해,건조,맑음,교차로 - 교차로부근,승용,여,37세,상해없음,승합,여,29세,중상
2012091800100258,2012년 9월 18일 12시,화요일,경상북도 김천시 성내동,경상사고,0,0,1,0,차대사람 - 기타,신호위반,건조,맑음,단일로 - 횡단보도상,화물,남,69세,상해없음,보행자,여,51세,경상
2012091800100259,2012년 9월 18일 12시,화요일,경상북도 영주시 가흥동,경상사고,0,0,1,0,차대차 - 측면직각충돌,안전운전불이행,건조,맑음,교차로 - 교차로부근,이륜,남,73세,상해없음,자전거,여,59세,경상
2012091800100287,2012년 9월 18일 13시,화요일,경상북도 안동시 풍산읍,중상사고,0,1,0,0,차대차 - 측면직각충돌,직진우회전진행방해,건조,맑음,교차로 - 교차로안,승용,여,39세,상해없음,화물,남,49세,중상
2012091800100288,2012년 9월 18일 13시,화요일,경상북도 안동시 일직면,중상사고,0,1,0,0,차대차 - 기타,직진우회전진행방해,건조,맑음,교차로 - 교차로안,화물,남,65세,상해없음,이륜,남,59세,중상
2012091800100289,2012년 9월 18일 13시,화요일,경상북도 영주시 가흥동,중상사고,0,3,0,0,차대차 - 추돌 - 진행중,안전운전불이행,건조,맑음,교차로 - 교차로부근,승용,남,66세,상해없음,승용,남,50세,중상
2012091800100290,2012년 9월 18일 13시,화요일,경상북도 칠곡군 북삼읍,중상사고,0,1,0,1,차대차 - 기타,신호위반,건조,맑음,교차로 - 교차로안,화물,남,60세,부상신고,화물,남,36세,중상
2012091800100321,2012년 9월 18일 14시,화요일,경상북도 포항시 북구 장성동,경상사고,0,0,1,0,차대차 - 측면직각충돌,중앙선침범,건조,맑음,교차로 - 교차로부근,화물,남,39세,상해없음,승용,여,40세,경상
2012091800100357,2012년 9월 18일 15시,화요일,경상북도 경산시 계양동,중상사고,0,4,0,0,차대차 - 기타,안전거리미확보,건조,맑음,교차로 - 교차로안,승용,남,33세,상해없음,승용,여,38세,중상
2012091800100358,2012년 9월 18일 15시,화요일,경상북도 예천군 감천면,중상사고,0,1,0,0,차대차 - 추돌 - 진행중,안전운전불이행,건조,맑음,단일로 - 기타,승용,남,69세,상해없음,승용,남,21세,중상
2012091800100359,2012년 9월 18일 15시,화요일,경상북도 구미시 송정동,중상사고,0,1,0,0,차대차 - 기타,안전운전불이행,건조,맑음,교차로 - 교차로안,승용,남,44세,상해없음,이륜,남,43세,중상
2012091800100400,2012년 9월 18일 16시,화요일,경상북도 포항시 북구 양덕동,중상사고,0,1,0,0,차대차 - 측면직각충돌,교차로운행방법위반,건조,맑음,교차로 - 교차로안,화물,남,42세,상해없음,원동기,남,57세,중상
2012091800100401,2012년 9월 18일 16시,화요일,경상북도 영양군 영양읍,경상사고,0,0,1,0,차대사람 - 기타,안전운전불이행,건조,맑음,단일로 - 기타,화물,남,70세,상해없음,보행자,남,73세,경상
2012091800100402,2012년 9월 18일 16시,화요일,경상북도 구미시 진평동,경상사고,0,0,1,1,차대차 - 기타,교차로운행방법위반,건조,맑음,교차로 - 교차로안,승용,남,31세,부상신고,승용,여,48세,경상
2012091800100403,2012년 9월 18일 16시,화요일,경상북도 구미시 선산읍,경상사고,0,0,1,0,차대차 - 추돌 - 진행중,안전운전불이행,건조,맑음,단일로 - 기타,승용,남,26세,상해없음,승용,남,37세,상해없음
2012091800100481,2012년 9월 18일 18시,화요일,경상북도 영주시 가흥동,경상사고,0,0,1,0,차대차 - 측면직각충돌,교차로운행방법위반,건조,맑음,교차로 - 교차로안,승용,남,54세,상해없음,승용,남,63세,경상
2012091800100482,2012년 9월 18일 18시,화요일,경상북도 포항시 남구 대도동,경상사고,0,0,1,0,차대차 - 기타,안전운전불이행,건조,맑음,단일로 - 기타,원동기,남,40세,경상,승용,남,56세,상해없음
2012091800100523,2012년 9월 18일 19시,화요일,경상북도 경산시 사정동,중상사고,0,1,0,1,차대차 - 기타,안전운전불이행,건조,맑음,단일로 - 기타,승용,남,55세,부상신고,승용,남,35세,중상
2012091800100524,2012년 9월 18일 19시,화요일,경상북도 포항시 북구 죽도동,경상사고,0,0,2,1,차대차 - 기타,안전거리미확보,건조,맑음,단일로 - 기타,승용,남,49세,상해없음,승용,남,58세,경상
2012091800100525,2012년 9월 18일 19시,화요일,경상북도 상주시 계산동,사망사고,1,0,0,0,차량단독 - 전도전복,안전운전불이행,건조,맑음,단일로 - 기타,자전거,여,60세,사망,,,,
2012091800100526,2012년 9월 18일 19시,화요일,경상북도 구미시 고아읍,경상사고,0,0,2,0,차대차 - 기타,안전운전불이행,건조,맑음,교차로 - 교차로부근,승용,남,62세,상해없음,승용,남,53세,경상
2012091800100572,2012년 9월 18일 20시,화요일,경상북도 포항시 북구 청하면,경상사고,0,0,1,0,차대차 - 기타,신호위반,건조,맑음,교차로 - 교차로안,농기계,남,73세,상해없음,승용,여,32세,경상
2012091800100573,2012년 9월 18일 20시,화요일,경상북도 상주시 함창읍,경상사고,0,0,1,0,차대사람 - 길가장자리구역통행중,안전운전불이행,건조,맑음,단일로 - 기타,승용,남,55세,상해없음,보행자,남,54세,경상
2012091800100574,2012년 9월 18일 20시,화요일,경상북도 구미시 임은동,경상사고,0,0,3,0,차대차 - 측면직각충돌,안전운전불이행,건조,맑음,교차로 - 교차로안,승용,남,56세,기타불명,승용,남,23세,경상
2012091800100613,2012년 9월 18일 21시,화요일,경상북도 포항시 남구 오천읍,경상사고,0,0,1,0,차대차 - 측면직각충돌,안전운전불이행,건조,맑음,교차로 - 교차로부근,자전거,남,14세,경상,승용,남,31세,상해없음
2012091800100640,2012년 9월 18일 22시,화요일,경상북도 경주시 성동동,중상사고,0,1,0,0,차대사람 - 횡단중,안전운전불이행,건조,맑음,기타 - 기타,승용,남,43세,상해없음,보행자,여,78세,중상
2012091800100641,2012년 9월 18일 22시,화요일,경상북도 문경시 모전동,경상사고,0,0,1,0,차대차 - 추돌 - 진행중,안전운전불이행,건조,맑음,교차로 - 교차로안,승용,남,32세,상해없음,이륜,남,51세,경상
2012091900100032,2012년 9월 19일 01시,수요일,경상북도 포항시 남구 송도동,경상사고,0,0,2,0,차대차 - 기타,교차로운행방법위반,건조,맑음,교차로 - 교차로안,승용,남,44세,경상,승용,여,49세,경상
2012091900100050,2012년 9월 19일 03시,수요일,경상북도 김천시 부곡동,경상사고,0,0,1,0,차대차 - 측면직각충돌,안전운전불이행,건조,맑음,교차로 - 교차로부근,승용,여,49세,상해없음,승용,남,53세,경상
2012091900100061,2012년 9월 19일 04시,수요일,경상북도 포항시 북구 두호동,중상사고,0,1,0,0,차대사람 - 횡단중,안전운전불이행,건조,맑음,단일로 - 기타,승용,남,28세,상해없음,보행자,남,19세,중상
2012091900100082,2012년 9월 19일 06시,수요일,경상북도 의성군 단촌면,경상사고,0,0,1,0,차대차 - 기타,중앙선침범,건조,맑음,단일로 - 기타,화물,남,49세,상해없음,화물,남,48세,경상
2012091900100083,2012년 9월 19일 06시,수요일,경상북도 경산시 중방동,중상사고,0,1,0,0,차대차 - 기타,안전운전불이행,건조,맑음,교차로 - 교차로부근,화물,남,54세,상해없음,자전거,남,26세,중상
2012091900100084,2012년 9월 19일 06시,수요일,경상북도 구미시 사곡동,경상사고,0,0,2,0,차량단독 - 공작물충돌,안전운전불이행,건조,맑음,단일로 - 기타,승용,여,47세,경상,,,,
2012091900100097,2012년 9월 19일 07시,수요일,경상북도 김천시 어모면,중상사고,0,1,0,0,차대차 - 측면직각충돌,안전운전불이행,건조,기타,단일로 - 기타,승합,남,53세,상해없음,농기계,남,46세,중상
2012091900100098,2012년 9월 19일 07시,수요일,경상북도 포항시 남구 오천읍,경상사고,0,0,1,0,차대차 - 기타,안전운전불이행,건조,맑음,단일로 - 기타,승용,여,45세,상해없음,승용,남,43세,경상
2012091900100133,2012년 9월 19일 08시,수요일,경상북도 경주시 현곡면,경상사고,0,0,1,0,차대차 - 측면직각충돌,안전운전불이행,건조,맑음,단일로 - 기타,화물,남,39세,상해없음,승용,여,49세,경상
2012091900100134,2012년 9월 19일 08시,수요일,경상북도 경산시 압량면,중상사고,0,1,1,0,차대차 - 기타,교차로운행방법위반,건조,맑음,교차로 - 교차로안,승용,남,58세,상해없음,승용,여,63세,중상
2012091900100159,2012년 9월 19일 09시,수요일,경상북도 경주시 외동읍,부상신고사고,0,0,0,1,차대차 - 추돌 - 주정차중,안전운전불이행,건조,맑음,단일로 - 기타,원동기,남,74세,부상신고,특수,남,47세,상해없음
2012091900100160,2012년 9월 19일 09시,수요일,경상북도 경산시 자인면,사망사고,1,0,0,0,차대차 - 기타,안전운전불이행,건조,맑음,단일로 - 기타,화물,남,68세,상해없음,자전거,남,84세,사망
2012091900100161,2012년 9월 19일 09시,수요일,경상북도 구미시 송정동,중상사고,0,1,0,0,차량단독 - 기타,안전운전불이행,건조,맑음,교차로 - 교차로부근,승합,남,38세,상해없음,,,,
2012091900100184,2012년 9월 19일 10시,수요일,경상북도 고령군 쌍림면,경상사고,0,0,1,0,차대차 - 정면충돌,안전운전불이행,건조,맑음,단일로 - 기타,자전거,여,60세,경상,특수,남,25세,상해없음
2012091900100197,2012년 9월 19일 11시,수요일,경상북도 상주시 무양동,중상사고,0,1,0,0,차대차 - 기타,직진우회전진행방해,건조,맑음,교차로 - 교차로안,승용,여,56세,상해없음,이륜,남,90세,중상
2012091900100198,2012년 9월 19일 11시,수요일,경상북도 경산시 대정동,경상사고,0,0,2,0,차대차 - 기타,안전운전불이행,건조,맑음,교차로 - 교차로부근,화물,남,70세,상해없음,승용,여,59세,경상
2012091900100199,2012년 9월 19일 11시,수요일,경상북도 예천군 지보면,중상사고,0,1,0,0,차대차 - 기타,안전운전불이행,건조,맑음,단일로 - 기타,화물,여,49세,상해없음,원동기,남,74세,중상
2012091900100220,2012년 9월 19일 12시,수요일,경상북도 경주시 강동면,중상사고,0,1,0,0,차대차 - 기타,안전운전불이행,건조,맑음,단일로 - 기타,이륜,남,68세,중상,특수,남,35세,상해없음
2012091900100221,2012년 9월 19일 12시,수요일,경상북도 영천시 완산동,경상사고,0,0,1,0,차대차 - 추돌 - 주정차중,안전운전불이행,건조,맑음,단일로 - 기타,승용,남,74세,상해없음,승용,남,42세,경상
2012091900100222,2012년 9월 19일 12시,수요일,경상북도 구미시 옥계동,중상사고,0,1,3,0,차대차 - 기타,안전운전불이행,건조,맑음,단일로 - 기타,승용,남,18세,경상,화물,남,68세,중상
2012091900100249,2012년 9월 19일 13시,수요일,경상북도 경주시 황오동,중상사고,0,1,0,0,차대차 - 기타,안전운전불이행,건조,맑음,단일로 - 기타,승용,남,57세,상해없음,자전거,여,63세,중상
2012091900100250,2012년 9월 19일 13시,수요일,경상북도 경산시 정평동,중상사고,0,2,0,0,차대차 - 측면직각충돌,직진우회전진행방해,건조,맑음,교차로 - 교차로안,승용,남,71세,상해없음,승용,남,40세,중상
2012091900100282,2012년 9월 19일 14시,수요일,경상북도 경주시 현곡면,경상사고,0,0,2,0,차대차 - 측면직각충돌,안전운전불이행,건조,맑음,교차로 - 교차로부근,승용,여,27세,상해없음,승용,여,42세,경상
2012091900100283,2012년 9월 19일 14시,수요일,경상북도 김천시 아포읍,중상사고,0,1,1,0,차대차 - 측면직각충돌,신호위반,건조,맑음,교차로 - 교차로안,이륜,여,63세,중상,이륜,남,42세,경상
2012091900100305,2012년 9월 19일 15시,수요일,경상북도 안동시 율세동,경상사고,0,0,1,0,차대사람 - 기타,안전운전불이행,건조,맑음,단일로 - 기타,기타불명,기타불명,기타불명,기타불명,보행자,여,23세,경상
2012091900100306,2012년 9월 19일 15시,수요일,경상북도 포항시 남구 인덕동,경상사고,0,0,1,0,차대차 - 추돌 - 진행중,안전운전불이행,건조,맑음,단일로 - 기타,특수,남,44세,상해없음,승용,남,69세,경상
2012091900100335,2012년 9월 19일 16시,수요일,경상북도 영천시 야사동,경상사고,0,0,1,0,차대차 - 측면직각충돌,안전운전불이행,건조,맑음,교차로 - 교차로안,화물,남,43세,상해없음,자전거,남,54세,경상
2012091900100336,2012년 9월 19일 16시,수요일,경상북도 포항시 남구 청림동,경상사고,0,0,1,0,차대차 - 측면직각충돌,안전운전불이행,건조,맑음,교차로 - 교차로부근,승용,남,37세,상해없음,원동기,여,19세,경상
2012091900100375,2012년 9월 19일 17시,수요일,경상북도 김천시 부곡동,중상사고,0,1,0,0,차대사람 - 기타,신호위반,건조,맑음,단일로 - 횡단보도상,승용,여,38세,상해없음,보행자,여,58세,중상
2012091900100376,2012년 9월 19일 17시,수요일,경상북도 상주시 지천동,경상사고,0,0,1,0,차대차 - 측면직각충돌,교차로운행방법위반,건조,맑음,교차로 - 교차로안,화물,남,46세,상해없음,승용,여,28세,경상
2012091900100377,2012년 9월 19일 17시,수요일,경상북도 칠곡군 석적읍,중상사고,0,1,0,0,차대차 - 추돌 - 진행중,중앙선침범,건조,맑음,교차로 - 교차로부근,승용,여,53세,상해없음,승용,여,18세,중상
2012091900100378,2012년 9월 19일 17시,수요일,경상북도 포항시 남구 연일읍,경상사고,0,0,1,0,차대차 - 기타,안전운전불이행,건조,맑음,단일로 - 기타,기타불명,기타불명,기타불명,기타불명,자전거,남,14세,경상
2012091900100421,2012년 9월 19일 18시,수요일,경상북도 경산시 진량읍,경상사고,0,0,4,0,차대차 - 기타,안전거리미확보,건조,기타,교차로 - 교차로부근,화물,남,53세,상해없음,승용,여,51세,경상
2012091900100423,2012년 9월 19일 18시,수요일,경상북도 봉화군 물야면,중상사고,0,1,0,0,차량단독 - 공작물충돌,안전운전불이행,건조,맑음,단일로 - 기타,화물,남,59세,상해없음,,,,
2012091900100424,2012년 9월 19일 18시,수요일,경상북도 구미시 지산동,경상사고,0,0,1,0,차대차 - 기타,신호위반,건조,맑음,교차로 - 교차로안,화물,남,63세,상해없음,승용,여,42세,경상
2012091900100470,2012년 9월 19일 19시,수요일,경상북도 경주시 황남동,중상사고,0,1,1,0,차대차 - 측면직각충돌,교차로운행방법위반,건조,맑음,교차로 - 교차로안,승용,남,63세,상해없음,승용,남,33세,경상
2012091900100471,2012년 9월 19일 19시,수요일,경상북도 성주군 가천면,경상사고,0,0,1,0,차대사람 - 차도통행중,안전운전불이행,건조,맑음,단일로 - 기타,승용,여,54세,상해없음,보행자,남,62세,경상
2012091900100472,2012년 9월 19일 19시,수요일,경상북도 포항시 남구 지곡동,경상사고,0,0,1,0,차대차 - 추돌 - 진행중,안전운전불이행,건조,맑음,기타 - 기타,승용,여,45세,상해없음,원동기,남,54세,경상
2012091900100502,2012년 9월 19일 20시,수요일,경상북도 고령군 다산면,경상사고,0,0,3,0,차대차 - 측면직각충돌,교차로운행방법위반,건조,맑음,교차로 - 교차로안,승용,여,41세,경상,승용,남,54세,경상
2012091900100525,2012년 9월 19일 21시,수요일,경상북도 포항시 남구 해도동,중상사고,0,1,4,0,차대차 - 측면직각충돌,중앙선침범,건조,맑음,교차로 - 교차로안,승용,여,66세,경상,승용,남,29세,경상
2012091900100558,2012년 9월 19일 22시,수요일,경상북도 칠곡군 기산면,부상신고사고,0,0,0,1,차대사람 - 기타,안전운전불이행,건조,맑음,단일로 - 기타,승용,남,23세,상해없음,보행자,여,21세,부상신고
2012091900100580,2012년 9월 19일 23시,수요일,경상북도 구미시 고아읍,중상사고,0,1,0,0,차대차 - 추돌 - 주정차중,안전운전불이행,건조,맑음,교차로 - 교차로부근,승용,남,50세,상해없음,승용,여,41세,중상
2012092000100018,2012년 9월 20일 00시,목요일,경상북도 구미시 사곡동,경상사고,0,0,1,0,차대사람 - 기타,안전운전불이행,건조,맑음,단일로 - 기타,승용,여,44세,상해없음,보행자,남,41세,경상
2012092000100027,2012년 9월 20일 01시,목요일,경상북도 영천시 금호읍,경상사고,0,0,2,0,차대차 - 기타,안전운전불이행,건조,맑음,단일로 - 기타,승용,남,52세,상해없음,승용,남,50세,경상
2012092000100028,2012년 9월 20일 01시,목요일,경상북도 구미시 비산동,중상사고,0,2,0,0,차대차 - 기타,신호위반,건조,맑음,교차로 - 교차로안,승용,남,38세,상해없음,승용,남,43세,중상
2012092000100046,2012년 9월 20일 02시,목요일,경상북도 구미시 고아읍,사망사고,1,0,0,0,차량단독 - 공작물충돌,안전운전불이행,건조,맑음,단일로 - 기타,승용,남,41세,사망,,,,
2012092000100047,2012년 9월 20일 02시,목요일,경상북도 구미시 옥성면,사망사고,1,0,2,0,차대차 - 추돌 - 주정차중,안전운전불이행,건조,맑음,단일로 - 기타,화물,남,45세,사망,화물,남,44세,경상
2012092000100155,2012년 9월 20일 08시,목요일,경상북도 안동시 풍산읍,중상사고,0,1,1,0,차대차 - 기타,안전운전불이행,건조,맑음,교차로 - 교차로안,이륜,여,60세,경상,이륜,여,63세,중상
2012092000100156,2012년 9월 20일 08시,목요일,경상북도 영덕군 병곡면,중상사고,0,2,0,0,차대차 - 추돌 - 진행중,안전운전불이행,건조,맑음,단일로 - 기타,승용,남,39세,상해없음,승용,남,76세,상해없음
2012092000100157,2012년 9월 20일 08시,목요일,경상북도 구미시 공단동,경상사고,0,0,1,0,차대차 - 기타,안전운전불이행,건조,맑음,단일로 - 기타,승용,여,30세,상해없음,자전거,여,34세,경상
2012092000100209,2012년 9월 20일 10시,목요일,경상북도 김천시 부곡동,경상사고,0,0,2,0,차대차 - 측면직각충돌,안전운전불이행,건조,맑음,단일로 - 기타,원동기,여,29세,경상,승용,남,31세,경상
2012092000100233,2012년 9월 20일 11시,목요일,경상북도 칠곡군 왜관읍,경상사고,0,0,1,1,차대차 - 기타,안전운전불이행,건조,맑음,교차로 - 교차로안,이륜,남,70세,부상신고,승용,여,26세,경상
2012092000100257,2012년 9월 20일 12시,목요일,경상북도 포항시 남구 해도동,경상사고,0,0,1,0,차대차 - 추돌 - 진행중,안전운전불이행,건조,맑음,교차로 - 교차로안,원동기,남,45세,경상,승용,남,33세,상해없음
2012092000100282,2012년 9월 20일 13시,목요일,경상북도 포항시 남구 송도동,경상사고,0,0,3,2,차대차 - 측면직각충돌,교차로운행방법위반,건조,맑음,교차로 - 교차로안,승용,여,47세,경상,승용,여,39세,경상
2012092000100313,2012년 9월 20일 14시,목요일,경상북도 경주시 서악동,중상사고,0,1,0,0,차대차 - 측면직각충돌,안전운전불이행,건조,맑음,단일로 - 기타,건설기계,남,53세,상해없음,화물,남,45세,중상
2012092000100314,2012년 9월 20일 14시,목요일,경상북도 경주시 충효동,부상신고사고,0,0,0,1,차대차 - 측면직각충돌,안전운전불이행,건조,맑음,교차로 - 교차로안,승용,남,65세,상해없음,승용,남,60세,부상신고
2012092000100315,2012년 9월 20일 14시,목요일,경상북도 안동시 수상동,부상신고사고,0,0,0,1,차대차 - 측면직각충돌,안전운전불이행,건조,맑음,단일로 - 교량,승용,여,36세,상해없음,승용,남,68세,상해없음
2012092000100316,2012년 9월 20일 14시,목요일,경상북도 칠곡군 왜관읍,경상사고,0,0,1,0,차량단독 - 전도전복,안전운전불이행,건조,맑음,단일로 - 기타,이륜,여,70세,상해없음,,,,
2012092000100317,2012년 9월 20일 14시,목요일,경상북도 영덕군 축산면,중상사고,0,1,0,0,차량단독 - 공작물충돌,안전운전불이행,건조,맑음,단일로 - 기타,이륜,남,47세,중상,,,,
2012092000100339,2012년 9월 20일 15시,목요일,경상북도 구미시 도량동,중상사고,0,2,1,0,차대차 - 측면직각충돌,안전운전불이행,건조,맑음,교차로 - 교차로부근,화물,남,56세,상해없음,승합,여,43세,경상
2012092000100340,2012년 9월 20일 15시,목요일,경상북도 고령군 성산면,경상사고,0,0,1,0,차대차 - 측면직각충돌,안전거리미확보,건조,맑음,단일로 - 기타,화물,남,43세,상해없음,승용,여,38세,상해없음
2012092000100376,2012년 9월 20일 16시,목요일,경상북도 경산시 진량읍,중상사고,0,1,1,0,차대차 - 기타,안전거리미확보,건조,맑음,단일로 - 기타,화물,남,61세,상해없음,승용,여,29세,경상
2012092000100377,2012년 9월 20일 16시,목요일,경상북도 고령군 덕곡면,중상사고,0,2,0,0,차량단독 - 공작물충돌,안전운전불이행,건조,맑음,기타 - 기타,승용,여,51세,중상,,,,
2012092000100402,2012년 9월 20일 17시,목요일,경상북도 포항시 북구 장성동,경상사고,0,0,1,0,차대사람 - 기타,안전운전불이행,건조,맑음,단일로 - 기타,승용,남,49세,상해없음,보행자,여,53세,경상
2012092000100403,2012년 9월 20일 17시,목요일,경상북도 안동시 태화동,중상사고,0,2,0,0,차대차 - 측면직각충돌,안전거리미확보,건조,맑음,단일로 - 기타,승합,남,22세,상해없음,승용,여,37세,중상
2012092000100404,2012년 9월 20일 17시,목요일,경상북도 안동시 천리동,중상사고,0,1,0,0,차대차 - 기타,중앙선침범,건조,맑음,단일로 - 기타,화물,남,51세,상해없음,자전거,남,66세,중상
2012092000100405,2012년 9월 20일 17시,목요일,경상북도 김천시 신음동,중상사고,0,1,0,0,차대차 - 측면직각충돌,교차로운행방법위반,건조,맑음,교차로 - 교차로안,승용,남,56세,상해없음,자전거,남,11세,중상
2012092000100406,2012년 9월 20일 17시,목요일,경상북도 봉화군 봉화읍,경상사고,0,0,1,0,차대차 - 측면직각충돌,중앙선침범,건조,맑음,단일로 - 기타,이륜,남,45세,경상,화물,남,46세,상해없음
2012092000100460,2012년 9월 20일 18시,목요일,경상북도 상주시 무양동,사망사고,1,0,0,0,차량단독 - 공작물충돌,안전운전불이행,건조,맑음,교차로 - 교차로안,승용,남,41세,상해없음,,,,
2012092000100461,2012년 9월 20일 18시,목요일,경상북도 칠곡군 석적읍,부상신고사고,0,0,0,1,차대차 - 추돌 - 진행중,안전운전불이행,건조,맑음,교차로 - 교차로안,이륜,남,16세,부상신고,승용,남,30세,상해없음
2012092000100462,2012년 9월 20일 18시,목요일,경상북도 포항시 남구 해도동,경상사고,0,0,1,0,차대차 - 추돌 - 진행중,안전운전불이행,건조,맑음,단일로 - 기타,원동기,남,58세,경상,승용,남,46세,상해없음
2012092000100503,2012년 9월 20일 19시,목요일,경상북도 영주시 영주동,중상사고,0,1,0,0,차대사람 - 횡단중,보행자보호의무위반,건조,맑음,교차로 - 교차로부근,원동기,남,15세,상해없음,보행자,남,11세,중상