사고번호,사고일시,요일,시군구,사고내용,사망자수,중상자수,경상자수,부상신고자수,사고유형,법규위반,노면상태,기상상태,도로형태,가해운전자 차종,가해운전자 성별,가해운전자 연령,가해운전자 상해정도,피해운전자 차종,피해운전자 성별,피해운전자 연령,피해운전자 상해정도
2012092700100446,2012년 9월 27일 17시,목요일,경상북도 상주시 연원동,중상사고,0,1,0,0,차대차 - 추돌 - 진행중,안전운전불이행,건조,맑음,단일로 - 기타,화물,남,58세,상해없음,이륜,여,70세,중상
2012092700100447,2012년 9월 27일 17시,목요일,경상북도 영천시 오미동,중상사고,0,2,0,0,차대차 - 측면직각충돌,안전운전불이행,건조,맑음,교차로 - 교차로안,농기계,남,74세,중상,화물,남,36세,상해없음
2012092700100483,2012년 9월 27일 18시,목요일,경상북도 경주시 도지동,중상사고,0,1,0,0,차대차 - 측면직각충돌,안전운전불이행,건조,맑음,단일로 - 기타,승용,남,65세,기타불명,화물,남,48세,중상
2012092700100484,2012년 9월 27일 18시,목요일,경상북도 경주시 양남면,경상사고,0,0,1,0,차대차 - 측면직각충돌,교차로운행방법위반,건조,맑음,교차로 - 교차로안,승용,여,29세,경상,승용,남,58세,상해없음
2012092700100485,2012년 9월 27일 18시,목요일,경상북도 포항시 북구 장성동,중상사고,0,1,0,0,차대차 - 측면직각충돌,안전운전불이행,건조,맑음,단일로 - 기타,승용,남,32세,상해없음,원동기,남,16세,중상
2012092700100486,2012년 9월 27일 18시,목요일,경상북도 포항시 북구 장성동,경상사고,0,0,1,0,차대차 - 측면직각충돌,차로위반,건조,맑음,단일로 - 기타,승용,남,33세,상해없음,화물,남,59세,경상
2012092700100487,2012년 9월 27일 18시,목요일,경상북도 안동시 옥동,경상사고,0,0,1,0,차대차 - 추돌 - 주정차중,안전운전불이행,건조,맑음,단일로 - 기타,화물,남,31세,상해없음,화물,남,52세,기타불명
2012092700100488,2012년 9월 27일 18시,목요일,경상북도 상주시 연원동,중상사고,0,2,0,0,차대차 - 측면직각충돌,신호위반,건조,맑음,교차로 - 교차로안,화물,남,72세,상해없음,승용,남,32세,중상
2012092700100489,2012년 9월 27일 18시,목요일,경상북도 구미시 금전동,사망사고,1,0,0,0,차대사람 - 횡단중,보행자보호의무위반,건조,맑음,단일로 - 횡단보도상,승용,남,46세,상해없음,보행자,남,70세,사망
2012092700100536,2012년 9월 27일 19시,목요일,경상북도 경주시 안강읍,중상사고,0,1,0,0,차대사람 - 기타,안전운전불이행,건조,맑음,기타 - 기타,승용,여,40세,상해없음,보행자,여,41세,중상
2012092700100537,2012년 9월 27일 19시,목요일,경상북도 포항시 북구 양덕동,경상사고,0,0,1,0,차대차 - 기타,안전거리미확보,건조,맑음,단일로 - 기타,승용,여,41세,상해없음,원동기,남,17세,경상
2012092700100538,2012년 9월 27일 19시,목요일,경상북도 포항시 북구 흥해읍,중상사고,0,1,0,0,차대차 - 기타,안전운전불이행,건조,맑음,교차로 - 교차로부근,승합,남,37세,상해없음,자전거,남,65세,중상
2012092700100539,2012년 9월 27일 19시,목요일,경상북도 영주시 상망동,경상사고,0,0,2,0,차대차 - 측면직각충돌,안전운전불이행,건조,맑음,단일로 - 기타,승용,여,25세,상해없음,승용,남,54세,경상
2012092700100540,2012년 9월 27일 19시,목요일,경상북도 경산시 중방동,중상사고,0,1,1,0,차대차 - 기타,안전운전불이행,건조,맑음,교차로 - 교차로안,승용,남,29세,상해없음,승용,남,26세,중상
2012092700100578,2012년 9월 27일 20시,목요일,경상북도 안동시 용상동,중상사고,0,1,3,0,차대차 - 측면직각충돌,직진우회전진행방해,건조,맑음,교차로 - 교차로안,승용,남,58세,경상,승합,남,38세,중상
2012092700100579,2012년 9월 27일 20시,목요일,경상북도 청도군 청도읍,사망사고,1,0,0,0,차대사람 - 횡단중,안전운전불이행,건조,맑음,단일로 - 기타,승용,여,39세,상해없음,보행자,남,80세,사망
2012092700100580,2012년 9월 27일 20시,목요일,경상북도 군위군 효령면,중상사고,0,1,0,0,차대차 - 측면직각충돌,교차로운행방법위반,건조,맑음,교차로 - 교차로안,화물,남,61세,상해없음,승용,남,57세,중상
2012092700100581,2012년 9월 27일 20시,목요일,경상북도 포항시 남구 송도동,중상사고,0,1,0,0,차대사람 - 기타,안전운전불이행,건조,맑음,교차로 - 교차로부근,승용,남,64세,상해없음,보행자,남,46세,중상
2012092700100612,2012년 9월 27일 21시,목요일,경상북도 경주시 감포읍,중상사고,0,1,0,0,차대사람 - 기타,안전운전불이행,건조,맑음,단일로 - 기타,화물,남,39세,상해없음,보행자,남,52세,중상
2012092700100613,2012년 9월 27일 21시,목요일,경상북도 경주시 서부동,중상사고,0,1,0,0,차대차 - 측면직각충돌,안전운전불이행,건조,맑음,단일로 - 기타,승용,남,57세,상해없음,자전거,남,55세,중상
2012092700100614,2012년 9월 27일 21시,목요일,경상북도 구미시 도량동,중상사고,0,2,2,0,차대차 - 추돌 - 주정차중,안전거리미확보,건조,맑음,단일로 - 기타,승용,여,44세,상해없음,승용,여,31세,중상
2012092700100685,2012년 9월 27일 23시,목요일,경상북도 영주시 풍기읍,경상사고,0,0,1,0,차대차 - 추돌 - 진행중,안전운전불이행,건조,맑음,단일로 - 기타,승용,남,53세,경상,화물,남,44세,상해없음
2012092800100017,2012년 9월 28일 00시,금요일,경상북도 안동시 일직면,중상사고,0,1,0,0,차대차 - 추돌 - 진행중,안전운전불이행,건조,맑음,단일로 - 기타,승용,남,25세,중상,승용,남,46세,상해없음
2012092800100043,2012년 9월 28일 01시,금요일,경상북도 안동시 용상동,경상사고,0,0,1,0,차대사람 - 횡단중,보행자보호의무위반,건조,맑음,교차로 - 교차로안,승용,여,36세,상해없음,보행자,여,19세,경상
2012092800100059,2012년 9월 28일 02시,금요일,경상북도 포항시 북구 죽도동,중상사고,0,2,2,0,차대차 - 기타,신호위반,건조,맑음,교차로 - 교차로안,승용,남,55세,상해없음,승용,남,53세,중상
2012092800100060,2012년 9월 28일 02시,금요일,경상북도 구미시 지산동,경상사고,0,0,1,0,차량단독 - 기타,안전운전불이행,건조,맑음,단일로 - 기타,승용,남,50세,상해없음,,,,
2012092800100077,2012년 9월 28일 04시,금요일,경상북도 경주시 성동동,경상사고,0,0,1,0,차대차 - 측면직각충돌,기타,건조,맑음,단일로 - 기타,화물,남,65세,기타불명,승용,남,59세,상해없음
2012092800100087,2012년 9월 28일 05시,금요일,경상북도 경주시 천북면,중상사고,0,1,0,0,차량단독 - 기타,안전운전불이행,건조,맑음,단일로 - 기타,승용,남,50세,중상,,,,
2012092800100088,2012년 9월 28일 05시,금요일,경상북도 포항시 남구 해도동,경상사고,0,0,1,0,차대차 - 추돌 - 진행중,신호위반,건조,맑음,교차로 - 교차로안,화물,남,46세,상해없음,승용,남,56세,경상
2012092800100126,2012년 9월 28일 07시,금요일,경상북도 영덕군 강구면,중상사고,0,1,0,0,차대차 - 측면직각충돌,안전운전불이행,건조,맑음,교차로 - 교차로안,승용,남,27세,상해없음,농기계,남,70세,중상
2012092800100164,2012년 9월 28일 08시,금요일,경상북도 안동시 풍산읍,중상사고,0,1,0,0,차량단독 - 기타,안전운전불이행,건조,맑음,기타 - 기타,승합,남,50세,상해없음,,,,
2012092800100165,2012년 9월 28일 08시,금요일,경상북도 성주군 선남면,사망사고,1,0,2,0,차대차 - 추돌 - 진행중,안전운전불이행,건조,맑음,단일로 - 기타,승용,남,39세,사망,승용,남,62세,경상
2012092800100166,2012년 9월 28일 08시,금요일,경상북도 울진군 울진읍,경상사고,0,0,1,0,차대사람 - 횡단중,안전운전불이행,건조,맑음,단일로 - 기타,승용,남,31세,상해없음,보행자,여,6세,경상
2012092800100167,2012년 9월 28일 08시,금요일,경상북도 고령군 고령읍,중상사고,0,1,0,0,차대차 - 측면직각충돌,직진우회전진행방해,건조,맑음,교차로 - 교차로안,특수,남,47세,상해없음,특수,여,31세,중상
2012092800100168,2012년 9월 28일 08시,금요일,경상북도 포항시 남구 연일읍,경상사고,0,0,1,0,차대차 - 추돌 - 진행중,안전운전불이행,건조,맑음,교차로 - 교차로안,승용,여,49세,상해없음,자전거,여,49세,경상
2012092800100169,2012년 9월 28일 08시,금요일,경상북도 포항시 남구 인덕동,경상사고,0,0,1,0,차대차 - 추돌 - 진행중,신호위반,건조,맑음,교차로 - 교차로안,승용,남,50세,경상,화물,남,24세,상해없음
2012092800100207,2012년 9월 28일 09시,금요일,경상북도 영천시 완산동,경상사고,0,0,1,0,차대사람 - 기타,안전운전불이행,건조,맑음,단일로 - 기타,승용,여,52세,상해없음,보행자,남,69세,경상
2012092800100208,2012년 9월 28일 09시,금요일,경상북도 칠곡군 석적읍,중상사고,0,1,0,0,차대차 - 추돌 - 진행중,안전운전불이행,건조,맑음,단일로 - 기타,승용,남,30세,상해없음,화물,남,44세,중상
2012092800100243,2012년 9월 28일 10시,금요일,경상북도 안동시 태화동,경상사고,0,0,1,0,차대차 - 측면직각충돌,안전운전불이행,건조,맑음,단일로 - 기타,승용,남,46세,상해없음,화물,남,65세,경상
2012092800100244,2012년 9월 28일 10시,금요일,경상북도 성주군 성주읍,경상사고,0,0,1,0,차대사람 - 기타,안전운전불이행,건조,맑음,단일로 - 기타,화물,여,58세,상해없음,보행자,남,67세,경상
2012092800100245,2012년 9월 28일 10시,금요일,경상북도 고령군 다산면,경상사고,0,0,1,0,차대사람 - 길가장자리구역통행중,불법유턴,건조,맑음,단일로 - 기타,화물,남,54세,상해없음,보행자,여,79세,경상
2012092800100246,2012년 9월 28일 10시,금요일,경상북도 군위군 군위읍,경상사고,0,0,1,0,차대차 - 측면직각충돌,안전운전불이행,건조,맑음,교차로 - 교차로부근,승용,남,73세,상해없음,화물,남,68세,경상
2012092800100247,2012년 9월 28일 10시,금요일,경상북도 경산시 옥곡동,중상사고,0,1,1,0,차대차 - 측면직각충돌,안전운전불이행,건조,맑음,단일로 - 기타,승용,남,52세,상해없음,승용,남,25세,중상
2012092800100275,2012년 9월 28일 11시,금요일,경상북도 포항시 북구 죽도동,경상사고,0,0,4,0,차대차 - 측면직각충돌,기타,건조,맑음,교차로 - 교차로안,화물,남,26세,상해없음,승용,여,33세,경상
2012092800100276,2012년 9월 28일 11시,금요일,경상북도 예천군 예천읍,중상사고,0,1,0,0,차대차 - 기타,안전운전불이행,건조,맑음,교차로 - 교차로안,승용,남,71세,상해없음,원동기,여,58세,중상
2012092800100277,2012년 9월 28일 11시,금요일,경상북도 성주군 대가면,경상사고,0,0,2,0,차대차 - 추돌 - 주정차중,안전운전불이행,건조,맑음,단일로 - 기타,화물,남,65세,경상,화물,남,59세,경상
2012092800100305,2012년 9월 28일 12시,금요일,경상북도 포항시 북구 덕산동,경상사고,0,0,3,0,차대차 - 측면직각충돌,교차로운행방법위반,건조,맑음,교차로 - 교차로안,승용,남,47세,상해없음,승용,남,41세,경상
2012092800100306,2012년 9월 28일 12시,금요일,경상북도 안동시 북후면,경상사고,0,0,1,0,차대사람 - 기타,안전운전불이행,건조,맑음,기타 - 기타,승합,남,52세,상해없음,보행자,여,74세,경상
2012092800100307,2012년 9월 28일 12시,금요일,경상북도 의성군 금성면,사망사고,1,0,0,0,차대사람 - 기타,불법유턴,건조,맑음,단일로 - 기타,승용,남,69세,상해없음,보행자,남,72세,사망
2012092800100308,2012년 9월 28일 12시,금요일,경상북도 경산시 압량면,중상사고,0,1,1,0,차대차 - 기타,안전거리미확보,건조,맑음,단일로 - 기타,특수,남,54세,상해없음,화물,남,55세,중상
2012092800100309,2012년 9월 28일 12시,금요일,경상북도 포항시 남구 인덕동,경상사고,0,0,2,0,차대차 - 추돌 - 진행중,안전운전불이행,건조,맑음,교차로 - 교차로안,승용,여,46세,경상,승용,남,26세,경상
2012092800100348,2012년 9월 28일 13시,금요일,경상북도 안동시 광석동,경상사고,0,0,1,0,차대사람 - 기타,보행자보호의무위반,건조,맑음,교차로 - 교차로안,화물,남,45세,상해없음,보행자,남,69세,경상
2012092800100349,2012년 9월 28일 13시,금요일,경상북도 김천시 감호동,경상사고,0,0,1,0,차대차 - 측면직각충돌,안전운전불이행,건조,맑음,단일로 - 기타,승용,남,62세,상해없음,원동기,여,56세,경상
2012092800100350,2012년 9월 28일 13시,금요일,경상북도 의성군 의성읍,경상사고,0,0,1,0,차대사람 - 횡단중,보행자보호의무위반,건조,맑음,교차로 - 교차로부근,승용,남,24세,상해없음,보행자,여,76세,경상
2012092800100351,2012년 9월 28일 13시,금요일,경상북도 경산시 압량면,경상사고,0,0,1,0,차대차 - 기타,직진우회전진행방해,건조,맑음,교차로 - 교차로안,승용,남,54세,상해없음,승용,남,78세,경상
2012092800100352,2012년 9월 28일 13시,금요일,경상북도 고령군 성산면,중상사고,0,1,0,0,차대차 - 측면직각충돌,안전운전불이행,건조,맑음,교차로 - 교차로안,이륜,남,75세,중상,승용,여,65세,상해없음
2012092800100433,2012년 9월 28일 15시,금요일,경상북도 상주시 함창읍,중상사고,0,1,0,0,차대차 - 기타,교차로운행방법위반,건조,맑음,교차로 - 교차로부근,화물,남,40세,상해없음,이륜,남,72세,중상
2012092800100434,2012년 9월 28일 15시,금요일,경상북도 상주시 화북면,부상신고사고,0,0,0,1,차대차 - 기타,불법유턴,건조,맑음,단일로 - 기타,원동기,남,60세,부상신고,승용,남,58세,상해없음
2012092800100435,2012년 9월 28일 15시,금요일,경상북도 영덕군 영덕읍,경상사고,0,0,1,0,차대차 - 기타,안전운전불이행,건조,맑음,교차로 - 교차로부근,승용,남,63세,상해없음,자전거,여,67세,경상
2012092800100436,2012년 9월 28일 15시,금요일,경상북도 청도군 청도읍,중상사고,0,1,0,0,차대차 - 기타,중앙선침범,건조,맑음,단일로 - 기타,자전거,남,39세,중상,승용,남,37세,상해없음
2012092800100437,2012년 9월 28일 15시,금요일,경상북도 청도군 청도읍,중상사고,0,1,1,0,차대사람 - 기타,안전운전불이행,건조,맑음,단일로 - 기타,원동기,남,82세,경상,보행자,여,61세,중상
2012092800100484,2012년 9월 28일 16시,금요일,경상북도 영천시 도동,경상사고,0,0,1,0,차대차 - 추돌 - 주정차중,안전거리미확보,건조,맑음,단일로 - 기타,승용,남,41세,상해없음,승용,남,61세,경상
2012092800100485,2012년 9월 28일 16시,금요일,경상북도 고령군 개진면,경상사고,0,0,1,0,차대차 - 측면직각충돌,중앙선침범,건조,맑음,단일로 - 기타,승용,여,44세,상해없음,이륜,남,53세,경상
2012092800100532,2012년 9월 28일 17시,금요일,경상북도 경주시 성동동,경상사고,0,0,1,0,차대차 - 기타,차로위반,건조,맑음,단일로 - 기타,승합,남,56세,상해없음,승용,여,59세,상해없음
2012092800100533,2012년 9월 28일 17시,금요일,경상북도 경주시 안강읍,경상사고,0,0,1,0,차대사람 - 기타,안전운전불이행,건조,맑음,기타 - 기타,승용,여,59세,상해없음,보행자,남,61세,경상
2012092800100534,2012년 9월 28일 17시,금요일,경상북도 경주시 현곡면,경상사고,0,0,1,0,차대차 - 기타,안전운전불이행,건조,맑음,단일로 - 기타,승용,남,35세,상해없음,건설기계,남,55세,경상
2012092800100535,2012년 9월 28일 17시,금요일,경상북도 경주시 현곡면,중상사고,0,1,2,0,차량단독 - 공작물충돌,안전운전불이행,건조,맑음,단일로 - 기타,승용,남,23세,경상,,,,
2012092800100536,2012년 9월 28일 17시,금요일,경상북도 구미시 원평동,경상사고,0,0,1,0,차대차 - 측면직각충돌,안전운전불이행,건조,맑음,단일로 - 기타,승용,남,18세,상해없음,승용,여,23세,상해없음
2012092800100591,2012년 9월 28일 18시,금요일,경상북도 영천시 청통면,사망사고,1,0,0,0,차량단독 - 기타,안전운전불이행,건조,맑음,교차로 - 교차로안,원동기,남,68세,사망,,,,
2012092800100592,2012년 9월 28일 18시,금요일,경상북도 영천시 완산동,중상사고,0,1,0,0,차대차 - 측면직각충돌,안전운전불이행,건조,맑음,교차로 - 교차로안,승용,남,32세,상해없음,이륜,남,66세,중상
2012092800100593,2012년 9월 28일 18시,금요일,경상북도 영천시 야사동,중상사고,0,1,0,0,차대사람 - 기타,안전운전불이행,건조,맑음,교차로 - 교차로안,화물,남,65세,상해없음,보행자,남,12세,중상
2012092800100594,2012년 9월 28일 18시,금요일,경상북도 경산시 남산면,사망사고,1,0,0,0,차대사람 - 횡단중,안전운전불이행,건조,맑음,교차로 - 교차로안,승용,남,59세,상해없음,보행자,여,84세,사망
2012092800100595,2012년 9월 28일 18시,금요일,경상북도 영덕군 영덕읍,중상사고,0,3,2,0,차대차 - 추돌 - 진행중,직진우회전진행방해,건조,맑음,교차로 - 교차로부근,승용,여,41세,중상,승용,남,49세,중상
2012092800100658,2012년 9월 28일 19시,금요일,경상북도 경주시 동천동,경상사고,0,0,1,0,차대차 - 측면직각충돌,안전운전불이행,건조,맑음,교차로 - 교차로안,승용,남,33세,상해없음,원동기,남,54세,경상
2012092800100659,2012년 9월 28일 19시,금요일,경상북도 포항시 북구 신흥동,중상사고,0,1,0,0,차대차 - 기타,안전운전불이행,건조,맑음,단일로 - 기타,승용,남,66세,상해없음,자전거,남,41세,중상
2012092800100660,2012년 9월 28일 19시,금요일,경상북도 상주시 공성면,중상사고,0,3,0,0,차대차 - 정면충돌,중앙선침범,건조,맑음,단일로 - 기타,화물,남,59세,상해없음,화물,남,59세,중상
2012092800100661,2012년 9월 28일 19시,금요일,경상북도 영주시 휴천동,경상사고,0,0,2,0,차대차 - 추돌 - 진행중,안전운전불이행,건조,맑음,교차로 - 교차로부근,승용,남,42세,상해없음,승용,남,53세,경상
2012092800100662,2012년 9월 28일 19시,금요일,경상북도 구미시 황상동,중상사고,0,1,0,0,차대사람 - 기타,안전운전불이행,건조,맑음,교차로 - 교차로안,승용,남,26세,상해없음,보행자,남,56세,중상
2012092800100663,2012년 9월 28일 19시,금요일,경상북도 포항시 남구 이동,경상사고,0,0,1,0,차대차 - 기타,안전운전불이행,건조,맑음,단일로 - 기타,승합,여,42세,상해없음,원동기,남,18세,경상
2012092800100664,2012년 9월 28일 19시,금요일,경상북도 포항시 남구 괴동동,중상사고,0,1,1,0,차대차 - 추돌 - 진행중,교차로운행방법위반,건조,맑음,교차로 - 교차로안,승용,여,30세,상해없음,승용,남,32세,중상
2012092800100701,2012년 9월 28일 20시,금요일,경상북도 포항시 북구 흥해읍,중상사고,0,1,0,0,차대사람 - 기타,안전운전불이행,건조,맑음,단일로 - 기타,승용,여,60세,상해없음,보행자,남,53세,중상
2012092800100702,2012년 9월 28일 20시,금요일,경상북도 영천시 망정동,경상사고,0,0,1,0,차대차 - 기타,안전운전불이행,건조,맑음,교차로 - 교차로안,승용,남,24세,상해없음,승용,여,26세,경상
2012092800100703,2012년 9월 28일 20시,금요일,경상북도 포항시 남구 장기면,중상사고,0,2,0,0,차대사람 - 기타,안전운전불이행,건조,맑음,교차로 - 교차로부근,승용,남,49세,상해없음,보행자,여,49세,중상
2012092800100738,2012년 9월 28일 21시,금요일,경상북도 포항시 북구 장성동,중상사고,0,4,2,0,차대차 - 추돌 - 주정차중,안전운전불이행,건조,맑음,교차로 - 교차로안,승용,남,45세,상해없음,승용,남,57세,중상
2012092800100739,2012년 9월 28일 21시,금요일,경상북도 김천시 교동,경상사고,0,0,3,0,차대차 - 측면직각충돌,차로위반,건조,맑음,단일로 - 기타,승용,남,19세,상해없음,승용,남,35세,경상
2012092800100740,2012년 9월 28일 21시,금요일,경상북도 예천군 예천읍,경상사고,0,0,2,0,차대차 - 기타,안전운전불이행,건조,맑음,교차로 - 교차로안,승용,여,65세,상해없음,화물,남,46세,경상
2012092800100778,2012년 9월 28일 22시,금요일,경상북도 경주시 황오동,중상사고,0,1,0,0,차대사람 - 횡단중,안전운전불이행,건조,맑음,단일로 - 기타,승용,남,35세,상해없음,보행자,남,40세,중상
2012092800100779,2012년 9월 28일 22시,금요일,경상북도 영주시 하망동,중상사고,0,1,0,0,차대사람 - 길가장자리구역통행중,안전운전불이행,건조,맑음,단일로 - 기타,원동기,남,17세,기타불명,보행자,여,59세,중상
2012092800100780,2012년 9월 28일 22시,금요일,경상북도 영천시 완산동,경상사고,0,0,1,0,차대차 - 정면충돌,중앙선침범,건조,맑음,기타 - 기타,승용,남,42세,상해없음,승용,여,54세,경상
2012092800100781,2012년 9월 28일 22시,금요일,경상북도 경산시 중방동,경상사고,0,0,3,0,차대차 - 기타,안전운전불이행,건조,맑음,교차로 - 교차로부근,승용,남,28세,상해없음,승용,여,26세,경상
2012092800100808,2012년 9월 28일 23시,금요일,경상북도 경주시 황성동,중상사고,0,1,0,0,차대사람 - 기타,안전운전불이행,건조,맑음,단일로 - 기타,승용,남,19세,상해없음,보행자,남,20세,중상
2012092800100809,2012년 9월 28일 23시,금요일,경상북도 경주시 성건동,경상사고,0,0,1,0,차대사람 - 기타,안전운전불이행,건조,맑음,교차로 - 교차로부근,승용,남,31세,상해없음,보행자,남,36세,경상
2012092800100810,2012년 9월 28일 23시,금요일,경상북도 안동시 운흥동,경상사고,0,0,1,0,차대차 - 측면직각충돌,직진우회전진행방해,건조,맑음,교차로 - 교차로안,승합,남,53세,경상,승용,남,47세,상해없음
2012092800100811,2012년 9월 28일 23시,금요일,경상북도 문경시 마성면,중상사고,0,5,1,1,차대차 - 추돌 - 주정차중,안전운전불이행,건조,맑음,단일로 - 기타,화물,남,53세,부상신고,특수,남,48세,중상
2012092900100017,2012년 9월 29일 00시,토요일,경상북도 포항시 남구 해도동,경상사고,0,0,1,0,차대차 - 추돌 - 진행중,교차로운행방법위반,건조,맑음,교차로 - 교차로안,승용,남,70세,상해없음,승용,남,60세,경상
2012092900100035,2012년 9월 29일 01시,토요일,경상북도 경주시 황성동,경상사고,0,0,1,0,차대차 - 측면직각충돌,안전운전불이행,건조,맑음,교차로 - 교차로부근,승용,남,50세,상해없음,승합,미분류,기타불명,기타불명
2012092900100036,2012년 9월 29일 01시,토요일,경상북도 구미시 도량동,중상사고,0,1,0,0,차대차 - 측면직각충돌,안전운전불이행,건조,맑음,단일로 - 기타,승용,남,46세,상해없음,원동기,남,52세,중상
2012092900100037,2012년 9월 29일 01시,토요일,경상북도 포항시 남구 대잠동,경상사고,0,0,1,0,차대차 - 추돌 - 진행중,안전운전불이행,건조,맑음,단일로 - 기타,승용,여,46세,상해없음,승용,남,37세,경상
2012092900100053,2012년 9월 29일 02시,토요일,경상북도 경주시 성건동,경상사고,0,0,1,0,차대사람 - 기타,안전운전불이행,건조,맑음,교차로 - 교차로부근,승용,남,31세,상해없음,보행자,여,29세,경상
2012092900100054,2012년 9월 29일 02시,토요일,경상북도 포항시 북구 두호동,경상사고,0,0,1,0,차대차 - 측면직각충돌,중앙선침범,건조,맑음,단일로 - 기타,승용,남,38세,상해없음,승용,여,30세,상해없음
2012092900100055,2012년 9월 29일 02시,토요일,경상북도 문경시 모전동,중상사고,0,1,0,0,차대사람 - 차도통행중,보행자보호의무위반,건조,맑음,단일로 - 기타,승용,남,29세,상해없음,보행자,남,47세,중상
2012092900100068,2012년 9월 29일 03시,토요일,경상북도 포항시 북구 득량동,경상사고,0,0,3,0,차대차 - 기타,안전거리미확보,건조,맑음,미분류 - 미분류,승용,남,31세,상해없음,승용,여,51세,상해없음
2012092900100080,2012년 9월 29일 04시,토요일,경상북도 칠곡군 동명면,부상신고사고,0,0,0,1,차량단독 - 도로외이탈 - 기타,안전운전불이행,건조,맑음,단일로 - 기타,승용,남,35세,부상신고,,,,
2012092900100107,2012년 9월 29일 05시,토요일,경상북도 경주시 성건동,경상사고,0,0,1,0,차대사람 - 기타,안전운전불이행,건조,맑음,교차로 - 교차로부근,승용,남,64세,상해없음,보행자,남,48세,경상
2012092900100108,2012년 9월 29일 05시,토요일,경상북도 구미시 오태동,경상사고,0,0,1,0,차대차 - 측면직각충돌,안전운전불이행,건조,맑음,단일로 - 기타,승합,남,36세,상해없음,승용,남,40세,상해없음
2012092900100142,2012년 9월 29일 07시,토요일,경상북도 포항시 남구 호동,중상사고,0,1,1,0,차대차 - 추돌 - 주정차중,안전운전불이행,건조,맑음,교차로 - 교차로부근,승용,남,27세,중상,화물,남,52세,경상
2012092900100189,2012년 9월 29일 09시,토요일,경상북도 칠곡군 가산면,중상사고,0,1,0,0,차대차 - 측면직각충돌,교차로운행방법위반,건조,맑음,교차로 - 교차로안,승용,남,55세,상해없음,화물,남,52세,중상
2012092900100190,2012년 9월 29일 09시,토요일,경상북도 예천군 풍양면,중상사고,0,1,0,0,차대차 - 기타,안전운전불이행,건조,맑음,교차로 - 교차로안,승합,남,39세,상해없음,원동기,여,71세,중상
2012092900100191,2012년 9월 29일 09시,토요일,경상북도 성주군 성주읍,경상사고,0,0,1,0,차대사람 - 기타,안전운전불이행,건조,맑음,단일로 - 기타,이륜,남,41세,상해없음,보행자,남,46세,경상
2012092900100251,2012년 9월 29일 11시,토요일,경상북도 포항시 남구 해도동,경상사고,0,0,1,0,차대사람 - 기타,안전운전불이행,건조,맑음,교차로 - 교차로부근,승용,남,47세,상해없음,보행자,남,51세,경상
2012092900100273,2012년 9월 29일 12시,토요일,경상북도 영주시 휴천동,경상사고,0,0,2,0,차대차 - 측면직각충돌,안전운전불이행,건조,맑음,단일로 - 기타,승용,남,45세,경상,승용,남,54세,경상
2012092900100274,2012년 9월 29일 12시,토요일,경상북도 울진군 북면,중상사고,0,1,0,0,차대차 - 기타,안전운전불이행,건조,맑음,단일로 - 기타,화물,남,61세,상해없음,승용,여,43세,중상
2012092900100299,2012년 9월 29일 13시,토요일,경상북도 안동시 태화동,경상사고,0,0,1,0,차대차 - 추돌 - 진행중,안전거리미확보,건조,맑음,교차로 - 교차로부근,승용,여,50세,상해없음,승합,남,70세,상해없음
2012092900100300,2012년 9월 29일 13시,토요일,경상북도 경산시 하양읍,경상사고,0,0,1,0,차대차 - 기타,안전운전불이행,건조,맑음,단일로 - 기타,승용,남,23세,상해없음,승용,남,27세,경상
2012092900100301,2012년 9월 29일 13시,토요일,경상북도 봉화군 소천면,경상사고,0,0,4,0,차량단독 - 공작물충돌,안전운전불이행,건조,맑음,단일로 - 기타,화물,남,55세,경상,,,,
2012092900100319,2012년 9월 29일 14시,토요일,경상북도 경주시 성동동,경상사고,0,0,1,0,차대차 - 측면직각충돌,안전운전불이행,건조,맑음,단일로 - 기타,승용,남,64세,상해없음,승용,여,67세,경상
2012092900100320,2012년 9월 29일 14시,토요일,경상북도 영천시 완산동,중상사고,0,1,2,0,차대차 - 측면직각충돌,중앙선침범,건조,맑음,단일로 - 기타,승용,여,47세,상해없음,승용,남,57세,중상
2012092900100321,2012년 9월 29일 14시,토요일,경상북도 문경시 가은읍,경상사고,0,0,2,0,차대차 - 측면직각충돌,안전운전불이행,건조,맑음,교차로 - 교차로부근,이륜,남,22세,경상,승용,남,41세,상해없음
2012092900100322,2012년 9월 29일 14시,토요일,경상북도 구미시 인의동,경상사고,0,0,1,0,차대차 - 측면직각충돌,교차로운행방법위반,건조,맑음,교차로 - 교차로안,승용,남,28세,상해없음,승용,여,45세,경상
2012092900100348,2012년 9월 29일 15시,토요일,경상북도 경주시 외동읍,중상사고,0,1,0,0,차대차 - 측면직각충돌,중앙선침범,건조,맑음,단일로 - 기타,승용,남,31세,상해없음,화물,남,27세,중상
2012092900100349,2012년 9월 29일 15시,토요일,경상북도 안동시 옥동,경상사고,0,0,3,0,차대차 - 기타,안전운전불이행,건조,맑음,교차로 - 교차로안,승용,남,43세,상해없음,승용,남,34세,경상
2012092900100350,2012년 9월 29일 15시,토요일,경상북도 문경시 모전동,경상사고,0,0,1,0,차대사람 - 기타,안전운전불이행,건조,맑음,교차로 - 교차로부근,승용,여,23세,상해없음,보행자,남,24세,경상
2012092900100365,2012년 9월 29일 16시,토요일,경상북도 안동시 송천동,중상사고,0,1,2,0,차대차 - 정면충돌,중앙선침범,건조,맑음,기타 - 기타,승용,남,63세,상해없음,승용,남,28세,경상