사고번호,사고일시,요일,시군구,사고내용,사망자수,중상자수,경상자수,부상신고자수,사고유형,법규위반,노면상태,기상상태,도로형태,가해운전자 차종,가해운전자 성별,가해운전자 연령,가해운전자 상해정도,피해운전자 차종,피해운전자 성별,피해운전자 연령,피해운전자 상해정도
2012100200100401,2012년 10월 2일 17시,화요일,경상북도 문경시 영순면,경상사고,0,0,1,0,차량단독 - 공작물충돌,안전운전불이행,건조,맑음,단일로 - 기타,승용,남,37세,경상,,,,
2012100200100402,2012년 10월 2일 17시,화요일,경상북도 구미시 원평동,중상사고,0,1,0,0,차대차 - 측면직각충돌,교차로운행방법위반,건조,맑음,교차로 - 교차로안,승용,남,23세,상해없음,승용,여,68세,중상
2012100200100439,2012년 10월 2일 18시,화요일,경상북도 경주시 현곡면,경상사고,0,0,1,0,차대사람 - 기타,안전운전불이행,건조,맑음,단일로 - 횡단보도부근,승용,남,56세,상해없음,보행자,남,40세,경상
2012100200100440,2012년 10월 2일 18시,화요일,경상북도 김천시 아포읍,경상사고,0,0,1,0,차대차 - 측면직각충돌,교차로운행방법위반,건조,맑음,교차로 - 교차로안,화물,남,51세,상해없음,농기계,남,45세,상해없음
2012100200100441,2012년 10월 2일 18시,화요일,경상북도 의성군 다인면,중상사고,0,2,1,0,차대차 - 기타,교차로운행방법위반,건조,맑음,교차로 - 교차로안,승용,남,53세,상해없음,승용,여,46세,중상
2012100200100442,2012년 10월 2일 18시,화요일,경상북도 영주시 가흥동,중상사고,0,1,1,0,차대차 - 추돌 - 진행중,안전운전불이행,건조,맑음,교차로 - 교차로부근,화물,남,68세,상해없음,승용,여,53세,중상
2012100200100492,2012년 10월 2일 19시,화요일,경상북도 경주시 현곡면,경상사고,0,0,3,0,차대차 - 측면직각충돌,기타,건조,맑음,교차로 - 교차로안,승용,남,44세,상해없음,승용,남,33세,경상
2012100200100493,2012년 10월 2일 19시,화요일,경상북도 안동시 안흥동,경상사고,0,0,1,0,차대사람 - 기타,안전운전불이행,건조,맑음,단일로 - 기타,승용,여,56세,상해없음,보행자,남,58세,경상
2012100200100494,2012년 10월 2일 19시,화요일,경상북도 칠곡군 석적읍,경상사고,0,0,1,0,차대차 - 기타,신호위반,건조,맑음,교차로 - 교차로안,승용,남,40세,상해없음,승용,남,39세,상해없음
2012100200100495,2012년 10월 2일 19시,화요일,경상북도 포항시 남구 오천읍,중상사고,0,1,0,0,차대차 - 기타,안전운전불이행,건조,맑음,교차로 - 교차로안,승용,남,45세,상해없음,자전거,남,59세,중상
2012100200100524,2012년 10월 2일 20시,화요일,경상북도 경주시 성건동,경상사고,0,0,5,0,차대차 - 측면직각충돌,안전운전불이행,건조,맑음,교차로 - 교차로안,화물,남,30세,상해없음,승용,남,61세,경상
2012100200100552,2012년 10월 2일 21시,화요일,경상북도 김천시 신음동,중상사고,0,1,0,0,차대차 - 측면직각충돌,불법유턴,건조,맑음,단일로 - 기타,승용,여,33세,상해없음,이륜,남,17세,중상
2012100200100553,2012년 10월 2일 21시,화요일,경상북도 구미시 옥계동,경상사고,0,0,1,0,차대차 - 추돌 - 주정차중,안전운전불이행,건조,맑음,교차로 - 교차로부근,승용,남,50세,상해없음,승용,남,30세,경상
2012100200100615,2012년 10월 2일 23시,화요일,경상북도 경주시 동천동,경상사고,0,0,1,0,차대사람 - 횡단중,보행자보호의무위반,건조,맑음,단일로 - 횡단보도상,승용,남,31세,상해없음,보행자,남,53세,경상
2012100200100616,2012년 10월 2일 23시,화요일,경상북도 포항시 북구 여천동,중상사고,0,1,4,0,차대사람 - 기타,안전운전불이행,건조,맑음,교차로 - 교차로부근,승용,남,26세,상해없음,보행자,남,20세,경상
2012100200100617,2012년 10월 2일 23시,화요일,경상북도 안동시 옥야동,사망사고,1,0,0,0,차대사람 - 횡단중,안전운전불이행,건조,맑음,단일로 - 횡단보도상,승용,남,57세,상해없음,보행자,여,80세,사망
2012100300100013,2012년 10월 3일 00시,수요일,경상북도 안동시 송현동,경상사고,0,0,1,0,차대사람 - 차도통행중,안전운전불이행,건조,맑음,교차로 - 교차로부근,승용,여,40세,상해없음,보행자,남,45세,경상
2012100300100030,2012년 10월 3일 01시,수요일,경상북도 경주시 외동읍,중상사고,0,1,0,0,차대사람 - 기타,안전운전불이행,건조,맑음,단일로 - 기타,승용,남,41세,상해없음,보행자,남,35세,중상
2012100300100058,2012년 10월 3일 03시,수요일,경상북도 안동시 옥동,중상사고,0,1,0,0,차대차 - 기타,안전운전불이행,건조,맑음,교차로 - 교차로안,기타불명,기타불명,기타불명,기타불명,승용,여,39세,중상
2012100300100059,2012년 10월 3일 03시,수요일,경상북도 청도군 청도읍,경상사고,0,0,1,0,차대차 - 추돌 - 주정차중,안전운전불이행,건조,맑음,단일로 - 기타,승용,여,24세,경상,화물,남,55세,기타불명
2012100300100069,2012년 10월 3일 04시,수요일,경상북도 김천시 아포읍,중상사고,0,2,0,0,차대차 - 측면직각충돌,중앙선침범,건조,맑음,교차로 - 교차로부근,승용,남,36세,중상,승용,남,42세,중상
2012100300100088,2012년 10월 3일 06시,수요일,경상북도 포항시 북구 용흥동,경상사고,0,0,3,0,차대차 - 측면직각충돌,중앙선침범,건조,맑음,단일로 - 기타,승용,남,30세,상해없음,승용,남,56세,경상
2012100300100089,2012년 10월 3일 06시,수요일,경상북도 안동시 송현동,중상사고,0,2,0,1,차량단독 - 공작물충돌,안전운전불이행,건조,맑음,단일로 - 기타,승용,여,44세,부상신고,,,,
2012100300100090,2012년 10월 3일 06시,수요일,경상북도 의성군 의성읍,사망사고,1,5,0,0,차대차 - 기타,중앙선침범,건조,맑음,단일로 - 기타,화물,남,70세,사망,화물,남,54세,중상
2012100300100091,2012년 10월 3일 06시,수요일,경상북도 영주시 가흥동,중상사고,0,2,0,0,차대차 - 정면충돌,안전운전불이행,건조,맑음,교차로 - 교차로안,특수,남,51세,상해없음,화물,남,57세,중상
2012100300100102,2012년 10월 3일 07시,수요일,경상북도 영천시 문내동,경상사고,0,0,1,0,차량단독 - 도로외이탈 - 기타,안전운전불이행,건조,맑음,기타 - 기타,승용,남,29세,경상,,,,
2012100300100118,2012년 10월 3일 08시,수요일,경상북도 구미시 진평동,경상사고,0,0,1,0,차대차 - 측면직각충돌,안전운전불이행,건조,맑음,교차로 - 교차로안,승용,남,26세,상해없음,승용,남,56세,경상
2012100300100135,2012년 10월 3일 09시,수요일,경상북도 경주시 황남동,경상사고,0,0,1,0,차대차 - 추돌 - 진행중,안전운전불이행,건조,맑음,교차로 - 교차로부근,승용,남,20세,상해없음,승용,여,44세,경상
2012100300100136,2012년 10월 3일 09시,수요일,경상북도 영천시 신령면,사망사고,1,0,0,0,차대차 - 측면직각충돌,기타,건조,맑음,교차로 - 교차로안,승용,남,77세,상해없음,이륜,남,69세,사망
2012100300100206,2012년 10월 3일 12시,수요일,경상북도 성주군 성주읍,경상사고,0,0,1,0,차대사람 - 기타,안전운전불이행,건조,맑음,단일로 - 기타,승용,남,50세,상해없음,보행자,여,55세,경상
2012100300100239,2012년 10월 3일 13시,수요일,경상북도 경주시 용강동,중상사고,0,1,0,0,차대차 - 기타,안전운전불이행,건조,맑음,단일로 - 기타,승용,남,58세,상해없음,이륜,남,22세,중상
2012100300100240,2012년 10월 3일 13시,수요일,경상북도 문경시 호계면,중상사고,0,1,0,0,차대차 - 측면직각충돌,안전운전불이행,건조,맑음,교차로 - 교차로안,승용,남,34세,상해없음,자전거,남,14세,중상
2012100300100267,2012년 10월 3일 14시,수요일,경상북도 경주시 안강읍,경상사고,0,0,1,0,차대차 - 기타,안전운전불이행,건조,맑음,단일로 - 기타,화물,남,69세,상해없음,화물,남,47세,경상
2012100300100268,2012년 10월 3일 14시,수요일,경상북도 김천시 남면,사망사고,1,0,0,0,차량단독 - 기타,안전운전불이행,건조,맑음,단일로 - 기타,농기계,남,77세,사망,,,,
2012100300100269,2012년 10월 3일 14시,수요일,경상북도 군위군 부계면,중상사고,0,1,0,0,차대차 - 기타,직진우회전진행방해,건조,맑음,교차로 - 교차로안,농기계,남,48세,상해없음,원동기,남,55세,중상
2012100300100270,2012년 10월 3일 14시,수요일,경상북도 구미시 오태동,경상사고,0,0,1,0,차대차 - 측면직각충돌,안전운전불이행,건조,맑음,단일로 - 기타,승용,남,52세,상해없음,원동기,남,42세,경상
2012100300100271,2012년 10월 3일 14시,수요일,경상북도 포항시 남구 해도동,경상사고,0,0,1,0,차대사람 - 기타,안전운전불이행,건조,맑음,단일로 - 기타,승용,남,48세,상해없음,보행자,여,50세,경상
2012100300100302,2012년 10월 3일 15시,수요일,경상북도 경주시 성건동,경상사고,0,0,1,0,차대차 - 추돌 - 주정차중,안전운전불이행,건조,맑음,교차로 - 교차로안,승용,여,52세,기타불명,승용,남,41세,경상
2012100300100303,2012년 10월 3일 15시,수요일,경상북도 포항시 북구 흥해읍,경상사고,0,0,2,0,차대차 - 기타,안전거리미확보,건조,맑음,교차로 - 교차로부근,승용,여,44세,상해없음,승용,남,48세,경상
2012100300100304,2012년 10월 3일 15시,수요일,경상북도 경산시 평산동,중상사고,0,1,0,0,차대차 - 기타,안전운전불이행,건조,맑음,단일로 - 기타,기타불명,기타불명,기타불명,기타불명,자전거,여,72세,중상
2012100300100305,2012년 10월 3일 15시,수요일,경상북도 청송군 진보면,경상사고,0,0,3,0,차대차 - 측면직각충돌,직진우회전진행방해,건조,맑음,교차로 - 교차로안,승용,남,30세,경상,원동기,남,56세,경상
2012100300100306,2012년 10월 3일 15시,수요일,경상북도 포항시 남구 해도동,경상사고,0,0,1,0,차대차 - 추돌 - 진행중,신호위반,건조,맑음,교차로 - 교차로안,승용,남,20세,상해없음,승용,여,61세,경상
2012100300100341,2012년 10월 3일 16시,수요일,경상북도 포항시 남구 인덕동,경상사고,0,0,2,0,차대차 - 측면직각충돌,교차로운행방법위반,건조,맑음,교차로 - 교차로안,화물,남,60세,상해없음,승용,남,28세,경상
2012100300100372,2012년 10월 3일 17시,수요일,경상북도 청도군 청도읍,경상사고,0,0,1,0,차대차 - 기타,중앙선침범,건조,맑음,단일로 - 기타,승용,남,62세,상해없음,화물,남,52세,경상
2012100300100373,2012년 10월 3일 17시,수요일,경상북도 구미시 임은동,경상사고,0,0,2,0,차대차 - 측면직각충돌,안전운전불이행,건조,맑음,교차로 - 교차로부근,승용,남,48세,상해없음,승용,남,43세,경상
2012100300100402,2012년 10월 3일 18시,수요일,경상북도 경주시 동천동,경상사고,0,0,2,0,차대차 - 기타,신호위반,건조,맑음,교차로 - 교차로안,원동기,남,17세,경상,승용,남,54세,상해없음
2012100300100403,2012년 10월 3일 18시,수요일,경상북도 경주시 양남면,중상사고,0,3,1,0,차대차 - 기타,안전운전불이행,건조,맑음,교차로 - 교차로안,승용,남,36세,상해없음,승용,남,48세,상해없음
2012100300100404,2012년 10월 3일 18시,수요일,경상북도 경주시 동천동,중상사고,0,1,0,0,차대차 - 기타,안전운전불이행,건조,맑음,교차로 - 교차로안,승용,남,72세,상해없음,자전거,남,72세,중상
2012100300100405,2012년 10월 3일 18시,수요일,경상북도 안동시 법흥동,중상사고,0,1,0,0,차대차 - 기타,안전운전불이행,건조,맑음,단일로 - 횡단보도상,승용,남,35세,상해없음,자전거,여,64세,중상
2012100300100406,2012년 10월 3일 18시,수요일,경상북도 영천시 야사동,중상사고,0,1,0,1,차대차 - 측면직각충돌,안전운전불이행,건조,맑음,교차로 - 교차로안,이륜,남,19세,부상신고,이륜,여,65세,중상
2012100300100407,2012년 10월 3일 18시,수요일,경상북도 구미시 구평동,부상신고사고,0,0,0,2,차대차 - 측면직각충돌,안전운전불이행,건조,맑음,단일로 - 기타,원동기,남,15세,부상신고,승합,남,54세,기타불명
2012100300100408,2012년 10월 3일 18시,수요일,경상북도 포항시 남구 상도동,경상사고,0,0,1,0,차대사람 - 기타,안전운전불이행,건조,맑음,단일로 - 기타,승용,남,60세,상해없음,보행자,남,60세,경상
2012100300100439,2012년 10월 3일 19시,수요일,경상북도 영주시 봉현면,중상사고,0,2,2,0,차대차 - 측면직각충돌,교차로운행방법위반,건조,맑음,교차로 - 교차로안,승용,여,44세,상해없음,승용,남,44세,경상
2012100300100461,2012년 10월 3일 20시,수요일,경상북도 안동시 임하면,중상사고,0,2,0,0,차대차 - 정면충돌,중앙선침범,건조,맑음,단일로 - 기타,승합,남,43세,상해없음,승용,여,40세,중상
2012100300100462,2012년 10월 3일 20시,수요일,경상북도 안동시 풍산읍,사망사고,1,0,0,0,차대사람 - 길가장자리구역통행중,안전운전불이행,건조,맑음,단일로 - 기타,승용,남,55세,상해없음,보행자,남,72세,사망
2012100300100463,2012년 10월 3일 20시,수요일,경상북도 안동시 옥동,경상사고,0,0,1,0,차대차 - 측면직각충돌,안전운전불이행,건조,맑음,교차로 - 교차로부근,화물,여,49세,경상,승용,남,44세,상해없음
2012100300100464,2012년 10월 3일 20시,수요일,경상북도 성주군 성주읍,사망사고,1,0,0,0,차대사람 - 기타,안전운전불이행,건조,맑음,단일로 - 기타,승용,남,51세,상해없음,보행자,남,60세,사망
2012100300100492,2012년 10월 3일 21시,수요일,경상북도 청도군 청도읍,경상사고,0,0,1,0,차대차 - 기타,안전운전불이행,건조,맑음,교차로 - 교차로안,화물,남,21세,상해없음,승용,여,51세,경상
2012100300100512,2012년 10월 3일 22시,수요일,경상북도 포항시 북구 양덕동,경상사고,0,0,1,0,차대차 - 기타,안전거리미확보,건조,맑음,단일로 - 기타,승용,남,42세,상해없음,승용,남,44세,경상
2012100300100513,2012년 10월 3일 22시,수요일,경상북도 구미시 원평동,경상사고,0,0,1,0,차대사람 - 길가장자리구역통행중,안전운전불이행,건조,맑음,단일로 - 기타,승용,남,28세,상해없음,보행자,여,18세,경상
2012100300100514,2012년 10월 3일 22시,수요일,경상북도 포항시 남구 해도동,경상사고,0,0,1,0,차대차 - 기타,안전운전불이행,건조,맑음,교차로 - 교차로부근,자전거,남,70세,경상,승용,여,58세,상해없음
2012100300100530,2012년 10월 3일 23시,수요일,경상북도 경산시 사동,경상사고,0,0,1,0,차대차 - 기타,안전운전불이행,건조,맑음,단일로 - 기타,승용,여,23세,상해없음,승용,남,39세,상해없음
2012100300100531,2012년 10월 3일 23시,수요일,경상북도 경산시 중방동,중상사고,0,1,0,0,차대차 - 기타,교차로운행방법위반,건조,맑음,교차로 - 교차로안,승용,남,48세,상해없음,이륜,남,19세,중상
2012100400100014,2012년 10월 4일 00시,목요일,경상북도 칠곡군 북삼읍,중상사고,0,1,0,0,차대차 - 기타,안전운전불이행,건조,맑음,단일로 - 기타,승용,남,30세,상해없음,승용,남,43세,중상
2012100400100060,2012년 10월 4일 06시,목요일,경상북도 상주시 냉림동,중상사고,0,1,0,0,차대차 - 기타,교차로운행방법위반,습기,안개,교차로 - 교차로안,화물,남,48세,상해없음,자전거,여,52세,중상
2012100400100061,2012년 10월 4일 06시,목요일,경상북도 상주시 성동동,중상사고,0,1,0,0,차대차 - 기타,직진우회전진행방해,건조,맑음,교차로 - 교차로안,승용,남,44세,상해없음,이륜,여,78세,중상
2012100400100083,2012년 10월 4일 07시,목요일,경상북도 구미시 인의동,경상사고,0,0,1,0,차대차 - 측면직각충돌,기타,건조,맑음,교차로 - 교차로안,승용,남,34세,상해없음,자전거,여,20세,경상
2012100400100084,2012년 10월 4일 07시,목요일,경상북도 구미시 신평동,경상사고,0,0,2,0,차대차 - 측면직각충돌,직진우회전진행방해,건조,맑음,교차로 - 교차로안,승용,남,38세,경상,승용,여,39세,경상
2012100400100115,2012년 10월 4일 08시,목요일,경상북도 경주시 황성동,경상사고,0,0,1,0,차대차 - 측면직각충돌,교차로운행방법위반,건조,맑음,교차로 - 교차로안,승용,여,48세,상해없음,승용,남,38세,경상
2012100400100145,2012년 10월 4일 09시,목요일,경상북도 경주시 동천동,중상사고,0,1,0,0,차대차 - 기타,안전운전불이행,건조,맑음,단일로 - 기타,승용,남,58세,상해없음,자전거,남,72세,중상
2012100400100146,2012년 10월 4일 09시,목요일,경상북도 영양군 청기면,중상사고,0,1,0,0,차대차 - 기타,중앙선침범,건조,맑음,단일로 - 기타,화물,남,60세,상해없음,이륜,남,73세,중상
2012100400100147,2012년 10월 4일 09시,목요일,경상북도 포항시 남구 대도동,중상사고,0,1,0,0,차대사람 - 기타,안전운전불이행,건조,맑음,단일로 - 기타,화물,남,31세,상해없음,보행자,여,56세,중상
2012100400100171,2012년 10월 4일 10시,목요일,경상북도 안동시 정하동,중상사고,0,3,0,0,차대차 - 추돌 - 주정차중,안전운전불이행,건조,맑음,교차로 - 교차로부근,승합,남,62세,상해없음,승용,여,57세,중상
2012100400100201,2012년 10월 4일 11시,목요일,경상북도 성주군 선남면,중상사고,0,1,0,0,차대차 - 기타,기타,건조,맑음,교차로 - 교차로안,화물,남,54세,상해없음,이륜,남,79세,중상
2012100400100217,2012년 10월 4일 12시,목요일,경상북도 성주군 성주읍,중상사고,0,1,0,0,차대차 - 기타,안전거리미확보,건조,맑음,단일로 - 기타,원동기,여,63세,중상,승합,남,63세,상해없음
2012100400100275,2012년 10월 4일 14시,목요일,경상북도 경주시 노서동,경상사고,0,0,1,0,차대차 - 측면직각충돌,안전운전불이행,건조,맑음,단일로 - 기타,건설기계,남,61세,상해없음,승용,남,34세,경상
2012100400100276,2012년 10월 4일 14시,목요일,경상북도 성주군 성주읍,경상사고,0,0,1,0,차대차 - 추돌 - 진행중,기타,건조,맑음,교차로 - 교차로안,화물,남,56세,상해없음,화물,남,76세,경상
2012100400100313,2012년 10월 4일 15시,목요일,경상북도 경주시 성동동,경상사고,0,0,1,0,차대차 - 기타,안전운전불이행,건조,맑음,기타 - 기타,화물,여,43세,상해없음,자전거,여,64세,경상
2012100400100314,2012년 10월 4일 15시,목요일,경상북도 경주시 천군동,중상사고,0,1,5,0,차대차 - 측면직각충돌,안전운전불이행,건조,맑음,단일로 - 기타,승용,남,19세,경상,승용,남,19세,중상
2012100400100315,2012년 10월 4일 15시,목요일,경상북도 경산시 진량읍,중상사고,0,1,0,0,차대차 - 기타,안전운전불이행,건조,맑음,교차로 - 교차로안,승용,여,64세,상해없음,승용,남,60세,중상
2012100400100316,2012년 10월 4일 15시,목요일,경상북도 경산시 하양읍,경상사고,0,0,1,0,차대차 - 기타,안전운전불이행,건조,맑음,교차로 - 교차로부근,승용,남,29세,상해없음,화물,남,35세,경상
2012100400100317,2012년 10월 4일 15시,목요일,경상북도 구미시 공단동,중상사고,0,1,0,0,차대사람 - 횡단중,보행자보호의무위반,건조,맑음,교차로 - 교차로부근,승용,남,51세,상해없음,보행자,여,53세,중상
2012100400100365,2012년 10월 4일 17시,목요일,경상북도 경산시 사동,경상사고,0,0,1,0,차대차 - 기타,직진우회전진행방해,건조,맑음,교차로 - 교차로안,승용,남,43세,상해없음,승용,여,38세,경상
2012100400100366,2012년 10월 4일 17시,목요일,경상북도 경산시 갑제동,중상사고,0,1,0,0,차대차 - 기타,안전거리미확보,건조,맑음,단일로 - 기타,승용,여,52세,상해없음,승용,여,41세,중상
2012100400100414,2012년 10월 4일 18시,목요일,경상북도 경주시 강동면,부상신고사고,0,0,0,1,차대차 - 기타,안전운전불이행,건조,맑음,단일로 - 기타,화물,남,59세,부상신고,화물,남,44세,상해없음
2012100400100415,2012년 10월 4일 18시,목요일,경상북도 경주시 황성동,중상사고,0,1,0,0,차대사람 - 기타,안전운전불이행,건조,맑음,단일로 - 기타,원동기,남,17세,상해없음,보행자,남,18세,중상
2012100400100416,2012년 10월 4일 18시,목요일,경상북도 안동시 수상동,중상사고,0,1,0,0,차대차 - 측면직각충돌,안전운전불이행,건조,맑음,단일로 - 기타,승용,남,64세,상해없음,이륜,남,65세,중상
2012100400100417,2012년 10월 4일 18시,목요일,경상북도 안동시 태화동,중상사고,0,1,0,0,차대차 - 측면직각충돌,안전운전불이행,건조,맑음,단일로 - 기타,화물,남,29세,상해없음,이륜,남,77세,중상
2012100400100418,2012년 10월 4일 18시,목요일,경상북도 김천시 개령면,경상사고,0,0,1,0,차량단독 - 기타,안전운전불이행,건조,맑음,단일로 - 기타,이륜,남,60세,경상,,,,
2012100400100419,2012년 10월 4일 18시,목요일,경상북도 영천시 신령면,중상사고,0,1,0,0,차대차 - 기타,안전운전불이행,건조,맑음,단일로 - 기타,승용,남,42세,상해없음,승용,여,47세,중상
2012100400100420,2012년 10월 4일 18시,목요일,경상북도 문경시 동로면,경상사고,0,0,1,0,차대사람 - 횡단중,안전운전불이행,건조,맑음,단일로 - 기타,승용,여,38세,상해없음,보행자,남,26세,경상
2012100400100421,2012년 10월 4일 18시,목요일,경상북도 문경시 흥덕동,중상사고,0,1,0,0,차대차 - 기타,중앙선침범,건조,맑음,교차로 - 교차로안,자전거,여,70세,중상,화물,남,38세,상해없음
2012100400100422,2012년 10월 4일 18시,목요일,경상북도 경산시 진량읍,중상사고,0,1,0,0,차대사람 - 기타,안전운전불이행,건조,맑음,교차로 - 교차로안,승용,남,39세,상해없음,보행자,여,35세,중상
2012100400100423,2012년 10월 4일 18시,목요일,경상북도 구미시 송정동,중상사고,0,1,0,1,차대차 - 측면직각충돌,중앙선침범,건조,맑음,단일로 - 기타,이륜,남,50세,부상신고,이륜,남,21세,중상
2012100400100466,2012년 10월 4일 19시,목요일,경상북도 경주시 외동읍,경상사고,0,0,1,0,차대차 - 기타,안전운전불이행,건조,맑음,기타 - 기타,화물,남,46세,경상,화물,남,37세,상해없음
2012100400100467,2012년 10월 4일 19시,목요일,경상북도 경주시 황오동,부상신고사고,0,0,0,1,차대차 - 기타,안전운전불이행,건조,맑음,단일로 - 기타,기타불명,기타불명,기타불명,기타불명,자전거,남,50세,부상신고
2012100400100468,2012년 10월 4일 19시,목요일,경상북도 포항시 북구 항구동,중상사고,0,1,0,0,차대차 - 기타,불법유턴,건조,맑음,단일로 - 기타,승용,남,55세,상해없음,원동기,남,53세,중상
2012100400100469,2012년 10월 4일 19시,목요일,경상북도 포항시 북구 흥해읍,경상사고,0,0,1,0,차대차 - 기타,신호위반,건조,맑음,교차로 - 교차로부근,화물,남,53세,상해없음,승용,여,62세,경상
2012100400100470,2012년 10월 4일 19시,목요일,경상북도 안동시 수상동,경상사고,0,0,1,0,차대차 - 측면직각충돌,중앙선침범,건조,맑음,단일로 - 기타,승용,남,62세,상해없음,승용,남,54세,경상
2012100400100508,2012년 10월 4일 20시,목요일,경상북도 울진군 서면,중상사고,0,1,0,0,차량단독 - 기타,안전운전불이행,건조,맑음,단일로 - 기타,화물,남,56세,중상,,,,
2012100400100524,2012년 10월 4일 21시,목요일,경상북도 칠곡군 지천면,부상신고사고,0,0,0,1,차대차 - 추돌 - 진행중,안전운전불이행,건조,맑음,단일로 - 기타,화물,남,32세,상해없음,승용,남,41세,상해없음
2012100400100525,2012년 10월 4일 21시,목요일,경상북도 포항시 남구 대도동,경상사고,0,0,1,0,차대사람 - 기타,기타,건조,맑음,기타 - 기타,승용,남,47세,상해없음,보행자,남,32세,경상
2012100400100557,2012년 10월 4일 22시,목요일,경상북도 구미시 도량동,부상신고사고,0,0,0,1,차량단독 - 전도전복,안전운전불이행,건조,맑음,단일로 - 기타,승용,여,39세,부상신고,,,,
2012100400100578,2012년 10월 4일 23시,목요일,경상북도 안동시 태화동,중상사고,0,1,0,0,차대차 - 기타,안전운전불이행,건조,맑음,교차로 - 교차로부근,승용,남,27세,상해없음,자전거,남,18세,중상
2012100500100006,2012년 10월 5일 00시,금요일,경상북도 칠곡군 북삼읍,경상사고,0,0,1,0,차대사람 - 횡단중,안전운전불이행,건조,맑음,단일로 - 기타,승용,여,28세,상해없음,보행자,남,30세,경상
2012100500100026,2012년 10월 5일 01시,금요일,경상북도 포항시 남구 오천읍,중상사고,0,3,0,2,차량단독 - 기타,안전운전불이행,건조,맑음,단일로 - 기타,승용,남,18세,중상,,,,
2012100500100037,2012년 10월 5일 02시,금요일,경상북도 김천시 성내동,경상사고,0,0,1,0,차대차 - 측면직각충돌,안전운전불이행,건조,맑음,단일로 - 기타,승용,남,56세,상해없음,이륜,남,25세,경상
2012100500100038,2012년 10월 5일 02시,금요일,경상북도 상주시 냉림동,중상사고,0,2,0,0,차대차 - 측면직각충돌,직진우회전진행방해,건조,맑음,교차로 - 교차로안,승용,남,36세,상해없음,이륜,남,81세,중상
2012100500100086,2012년 10월 5일 07시,금요일,경상북도 경산시 하양읍,중상사고,0,1,0,0,차대차 - 기타,안전운전불이행,건조,맑음,단일로 - 기타,건설기계,남,39세,상해없음,자전거,남,86세,중상
2012100500100087,2012년 10월 5일 07시,금요일,경상북도 포항시 남구 해도동,경상사고,0,0,1,0,차대차 - 기타,안전운전불이행,건조,맑음,교차로 - 교차로안,화물,남,65세,상해없음,승용,남,61세,경상
2012100500100119,2012년 10월 5일 08시,금요일,경상북도 경주시 조양동,경상사고,0,0,1,0,차대차 - 측면직각충돌,안전운전불이행,건조,맑음,단일로 - 기타,승용,남,61세,상해없음,화물,남,51세,경상
2012100500100120,2012년 10월 5일 08시,금요일,경상북도 포항시 북구 두호동,중상사고,0,1,0,0,차대차 - 기타,안전운전불이행,건조,맑음,단일로 - 기타,승용,남,34세,상해없음,자전거,남,53세,중상
2012100500100121,2012년 10월 5일 08시,금요일,경상북도 안동시 안기동,경상사고,0,0,3,0,차대차 - 측면직각충돌,직진우회전진행방해,건조,맑음,교차로 - 교차로안,화물,남,42세,상해없음,승용,남,38세,경상
2012100500100122,2012년 10월 5일 08시,금요일,경상북도 김천시 부곡동,경상사고,0,0,1,0,차대차 - 측면직각충돌,신호위반,건조,맑음,교차로 - 교차로안,승용,여,69세,상해없음,화물,남,24세,경상
2012100500100155,2012년 10월 5일 09시,금요일,경상북도 포항시 북구 송라면,중상사고,0,1,0,0,차대차 - 기타,안전거리미확보,건조,맑음,교차로 - 교차로안,승합,남,47세,상해없음,건설기계,남,54세,중상
2012100500100156,2012년 10월 5일 09시,금요일,경상북도 문경시 모전동,중상사고,0,1,0,0,차대사람 - 보도통행중,신호위반,건조,맑음,교차로 - 교차로부근,화물,남,71세,상해없음,보행자,여,37세,중상
2012100500100157,2012년 10월 5일 09시,금요일,경상북도 영양군 일월면,중상사고,0,1,0,0,차량단독 - 기타,안전운전불이행,건조,맑음,단일로 - 기타,이륜,남,66세,중상,,,,
2012100500100179,2012년 10월 5일 10시,금요일,경상북도 경주시 외동읍,사망사고,1,0,0,0,차대차 - 측면직각충돌,안전운전불이행,건조,맑음,단일로 - 기타,승용,남,29세,상해없음,자전거,남,81세,사망
2012100500100180,2012년 10월 5일 10시,금요일,경상북도 경주시 성건동,경상사고,0,0,1,0,차대사람 - 기타,안전운전불이행,건조,맑음,단일로 - 기타,기타불명,남,12세,기타불명,보행자,여,54세,경상
2012100500100181,2012년 10월 5일 10시,금요일,경상북도 김천시 대덕면,중상사고,0,1,0,0,차대차 - 측면직각충돌,안전운전불이행,건조,맑음,단일로 - 기타,화물,남,47세,상해없음,화물,남,77세,중상
2012100500100182,2012년 10월 5일 10시,금요일,경상북도 구미시 구포동,경상사고,0,0,1,1,차대차 - 기타,안전운전불이행,건조,맑음,단일로 - 기타,승용,남,27세,부상신고,승용,남,32세,경상
2012100500100207,2012년 10월 5일 11시,금요일,경상북도 경주시 노서동,중상사고,0,1,0,0,차대사람 - 기타,안전운전불이행,건조,맑음,교차로 - 교차로부근,승용,남,43세,상해없음,보행자,여,73세,중상
2012100500100208,2012년 10월 5일 11시,금요일,경상북도 안동시 와룡면,중상사고,0,1,2,3,차대차 - 추돌 - 진행중,안전운전불이행,건조,맑음,교차로 - 교차로안,승용,남,36세,상해없음,화물,남,67세,경상
2012100500100209,2012년 10월 5일 11시,금요일,경상북도 영덕군 지품면,경상사고,0,0,1,0,차대차 - 추돌 - 진행중,안전운전불이행,건조,맑음,단일로 - 기타,화물,남,62세,상해없음,원동기,남,76세,경상