사고번호,사고일시,요일,시군구,사고내용,사망자수,중상자수,경상자수,부상신고자수,사고유형,법규위반,노면상태,기상상태,도로형태,가해운전자 차종,가해운전자 성별,가해운전자 연령,가해운전자 상해정도,피해운전자 차종,피해운전자 성별,피해운전자 연령,피해운전자 상해정도
2012101600100038,2012년 10월 16일 01시,화요일,경상북도 포항시 북구 장성동,중상사고,0,1,1,0,차대차 - 기타,교차로운행방법위반,건조,맑음,교차로 - 교차로안,승용,남,57세,경상,승용,여,25세,중상
2012101600100039,2012년 10월 16일 01시,화요일,경상북도 구미시 도량동,경상사고,0,0,1,0,차대차 - 측면직각충돌,안전운전불이행,건조,맑음,기타 - 기타,기타불명,기타불명,기타불명,기타불명,승용,여,33세,경상
2012101600100048,2012년 10월 16일 02시,화요일,경상북도 포항시 남구 오천읍,경상사고,0,0,1,0,차대차 - 측면직각충돌,안전운전불이행,건조,맑음,단일로 - 기타,승용,남,35세,상해없음,원동기,남,18세,경상
2012101600100058,2012년 10월 16일 03시,화요일,경상북도 경산시 대동,경상사고,0,0,3,0,차대차 - 기타,안전운전불이행,건조,맑음,단일로 - 기타,승용,남,30세,상해없음,승용,남,20세,경상
2012101600100077,2012년 10월 16일 05시,화요일,경상북도 구미시 인의동,경상사고,0,0,1,0,차대차 - 측면직각충돌,안전운전불이행,건조,맑음,단일로 - 기타,승용,남,48세,상해없음,승용,남,32세,상해없음
2012101600100091,2012년 10월 16일 06시,화요일,경상북도 문경시 점촌동,경상사고,0,0,1,0,차대차 - 측면직각충돌,교차로운행방법위반,건조,맑음,교차로 - 교차로안,승용,여,61세,경상,화물,남,53세,상해없음
2012101600100117,2012년 10월 16일 07시,화요일,경상북도 경주시 외동읍,중상사고,0,2,0,0,차대차 - 기타,신호위반,건조,맑음,교차로 - 교차로안,특수,남,43세,중상,승용,남,45세,중상
2012101600100118,2012년 10월 16일 07시,화요일,경상북도 경주시 배반동,경상사고,0,0,4,0,차대차 - 측면직각충돌,안전운전불이행,건조,맑음,교차로 - 교차로부근,건설기계,남,47세,상해없음,승용,남,48세,경상
2012101600100119,2012년 10월 16일 07시,화요일,경상북도 성주군 선남면,경상사고,0,0,1,0,차대차 - 기타,신호위반,건조,맑음,교차로 - 교차로안,화물,남,45세,상해없음,승용,남,39세,경상
2012101600100120,2012년 10월 16일 07시,화요일,경상북도 구미시 광평동,경상사고,0,0,1,0,차대차 - 기타,직진우회전진행방해,건조,맑음,교차로 - 교차로부근,승용,여,29세,상해없음,원동기,여,61세,경상
2012101600100167,2012년 10월 16일 08시,화요일,경상북도 경주시 성건동,중상사고,0,1,0,0,차대차 - 측면직각충돌,안전운전불이행,건조,맑음,교차로 - 교차로부근,화물,남,47세,상해없음,자전거,남,82세,중상
2012101600100168,2012년 10월 16일 08시,화요일,경상북도 경주시 감포읍,중상사고,0,1,0,0,차대차 - 측면직각충돌,안전운전불이행,건조,맑음,단일로 - 기타,원동기,남,82세,중상,화물,남,69세,상해없음
2012101600100169,2012년 10월 16일 08시,화요일,경상북도 영주시 부석면,중상사고,0,1,0,0,차대차 - 정면충돌,안전운전불이행,건조,맑음,단일로 - 기타,승합,여,43세,상해없음,승용,남,62세,중상
2012101600100170,2012년 10월 16일 08시,화요일,경상북도 칠곡군 석적읍,경상사고,0,0,2,0,차대차 - 추돌 - 진행중,신호위반,건조,맑음,교차로 - 교차로안,승용,남,46세,상해없음,승용,남,66세,경상
2012101600100172,2012년 10월 16일 08시,화요일,경상북도 포항시 남구 구룡포읍,경상사고,0,0,2,0,차대차 - 추돌 - 진행중,안전운전불이행,건조,맑음,단일로 - 기타,승용,여,70세,경상,화물,남,69세,경상
2012101600100205,2012년 10월 16일 09시,화요일,경상북도 상주시 남성동,경상사고,0,0,1,0,차대사람 - 보도통행중,기타,건조,맑음,기타 - 기타,승용,남,48세,상해없음,보행자,남,78세,경상
2012101600100234,2012년 10월 16일 10시,화요일,경상북도 구미시 남통동,경상사고,0,0,2,0,차대차 - 기타,안전운전불이행,건조,맑음,교차로 - 교차로안,승용,여,30세,상해없음,승용,여,48세,경상
2012101600100253,2012년 10월 16일 11시,화요일,경상북도 안동시 옥동,경상사고,0,0,1,0,차대사람 - 차도통행중,안전운전불이행,건조,맑음,단일로 - 기타,화물,남,68세,상해없음,보행자,여,25세,경상
2012101600100254,2012년 10월 16일 11시,화요일,경상북도 경산시 계양동,중상사고,0,1,1,0,차대차 - 기타,안전운전불이행,건조,맑음,교차로 - 교차로안,이륜,남,55세,중상,이륜,남,55세,경상
2012101600100274,2012년 10월 16일 12시,화요일,경상북도 의성군 구천면,중상사고,0,2,0,0,차대차 - 측면직각충돌,교차로운행방법위반,건조,맑음,교차로 - 교차로안,원동기,남,63세,중상,화물,남,65세,상해없음
2012101600100275,2012년 10월 16일 12시,화요일,경상북도 영천시 금노동,경상사고,0,0,2,0,차대차 - 기타,교차로운행방법위반,건조,맑음,교차로 - 교차로안,승용,남,79세,상해없음,승용,남,64세,경상
2012101600100276,2012년 10월 16일 12시,화요일,경상북도 예천군 예천읍,중상사고,0,1,0,0,차대차 - 기타,안전운전불이행,습기,맑음,교차로 - 교차로안,승용,남,64세,상해없음,원동기,남,85세,중상
2012101600100277,2012년 10월 16일 12시,화요일,경상북도 포항시 남구 동촌동,중상사고,0,1,0,0,차대차 - 기타,안전운전불이행,건조,맑음,교차로 - 교차로부근,승용,남,41세,중상,승용,남,45세,상해없음
2012101600100311,2012년 10월 16일 13시,화요일,경상북도 포항시 북구 청하면,중상사고,0,1,0,0,차대차 - 기타,안전운전불이행,건조,맑음,단일로 - 기타,건설기계,여,45세,상해없음,승용,남,52세,중상
2012101600100312,2012년 10월 16일 13시,화요일,경상북도 포항시 남구 동해면,중상사고,0,1,0,0,차대사람 - 기타,안전운전불이행,건조,맑음,단일로 - 기타,승용,여,49세,상해없음,보행자,여,76세,중상
2012101600100342,2012년 10월 16일 14시,화요일,경상북도 경주시 성동동,경상사고,0,0,1,0,차대차 - 측면직각충돌,안전운전불이행,건조,맑음,단일로 - 횡단보도부근,승용,남,43세,상해없음,원동기,남,68세,경상
2012101600100343,2012년 10월 16일 14시,화요일,경상북도 포항시 북구 장성동,중상사고,0,1,0,0,차대차 - 측면직각충돌,교차로운행방법위반,건조,맑음,교차로 - 교차로안,승용,여,52세,상해없음,승용,여,32세,중상
2012101600100344,2012년 10월 16일 14시,화요일,경상북도 경산시 계양동,경상사고,0,0,1,0,차대차 - 기타,안전운전불이행,건조,맑음,단일로 - 기타,승용,남,61세,상해없음,승용,여,35세,경상
2012101600100376,2012년 10월 16일 15시,화요일,경상북도 경주시 배반동,중상사고,0,2,0,0,차대차 - 측면직각충돌,안전거리미확보,건조,맑음,단일로 - 기타,화물,남,61세,중상,화물,남,59세,중상
2012101600100378,2012년 10월 16일 15시,화요일,경상북도 상주시 중동면,중상사고,0,3,0,0,차대차 - 기타,안전운전불이행,건조,맑음,단일로 - 기타,화물,남,77세,상해없음,화물,남,49세,중상
2012101600100379,2012년 10월 16일 15시,화요일,경상북도 영주시 가흥동,중상사고,0,1,0,0,차대차 - 측면직각충돌,신호위반,건조,맑음,교차로 - 교차로안,승용,남,48세,상해없음,승용,남,21세,중상
2012101600100380,2012년 10월 16일 15시,화요일,경상북도 봉화군 물야면,중상사고,0,1,1,0,차대차 - 측면직각충돌,직진우회전진행방해,건조,맑음,교차로 - 교차로안,승용,남,29세,경상,승용,여,49세,중상
2012101600100381,2012년 10월 16일 15시,화요일,경상북도 포항시 남구 대잠동,경상사고,0,0,1,0,차대차 - 추돌 - 주정차중,신호위반,건조,맑음,교차로 - 교차로안,원동기,남,66세,경상,승용,여,46세,상해없음
2012101600100447,2012년 10월 16일 17시,화요일,경상북도 칠곡군 북삼읍,중상사고,0,1,1,0,차대차 - 기타,안전운전불이행,건조,맑음,단일로 - 기타,승용,남,52세,상해없음,승용,남,44세,경상
2012101600100448,2012년 10월 16일 17시,화요일,경상북도 성주군 선남면,경상사고,0,0,1,0,차대차 - 추돌 - 진행중,안전거리미확보,건조,맑음,교차로 - 교차로부근,승용,여,32세,상해없음,화물,남,44세,상해없음
2012101600100496,2012년 10월 16일 18시,화요일,경상북도 김천시 삼락동,중상사고,0,1,0,0,차대차 - 측면직각충돌,교차로운행방법위반,건조,맑음,교차로 - 교차로안,승용,여,47세,상해없음,이륜,남,37세,중상
2012101600100497,2012년 10월 16일 18시,화요일,경상북도 영천시 화남면,중상사고,0,1,0,0,차대차 - 추돌 - 진행중,안전운전불이행,건조,맑음,단일로 - 기타,승용,남,57세,상해없음,농기계,남,73세,중상
2012101600100498,2012년 10월 16일 18시,화요일,경상북도 영천시 금호읍,경상사고,0,0,1,0,차대차 - 추돌 - 진행중,안전운전불이행,건조,맑음,단일로 - 기타,원동기,남,56세,경상,화물,남,66세,상해없음
2012101600100499,2012년 10월 16일 18시,화요일,경상북도 봉화군 봉화읍,경상사고,0,0,1,0,차대차 - 추돌 - 주정차중,중앙선침범,건조,맑음,단일로 - 기타,화물,남,85세,상해없음,승용,여,46세,경상
2012101600100500,2012년 10월 16일 18시,화요일,경상북도 성주군 성주읍,경상사고,0,0,1,0,차대차 - 측면직각충돌,안전운전불이행,건조,맑음,단일로 - 기타,원동기,남,52세,경상,승용,여,32세,상해없음
2012101600100552,2012년 10월 16일 19시,화요일,경상북도 영덕군 강구면,중상사고,0,1,0,0,차대차 - 측면직각충돌,안전운전불이행,건조,맑음,교차로 - 교차로안,승용,여,49세,상해없음,원동기,남,44세,중상
2012101600100591,2012년 10월 16일 20시,화요일,경상북도 경주시 광명동,사망사고,1,0,1,1,차대차 - 기타,안전운전불이행,건조,맑음,단일로 - 기타,화물,남,70세,부상신고,농기계,남,80세,사망
2012101600100592,2012년 10월 16일 20시,화요일,경상북도 칠곡군 석적읍,중상사고,0,2,2,0,차대사람 - 기타,안전운전불이행,건조,맑음,기타 - 기타,화물,여,46세,상해없음,보행자,남,44세,경상
2012101600100618,2012년 10월 16일 21시,화요일,경상북도 상주시 무양동,경상사고,0,0,3,0,차대차 - 측면직각충돌,교차로운행방법위반,건조,맑음,교차로 - 교차로안,승용,남,36세,상해없음,승용,남,67세,경상
2012101600100646,2012년 10월 16일 22시,화요일,경상북도 경주시 외동읍,경상사고,0,0,2,0,차대차 - 기타,안전운전불이행,건조,맑음,단일로 - 기타,승용,남,52세,상해없음,승용,남,37세,경상
2012101600100673,2012년 10월 16일 23시,화요일,경상북도 구미시 시미동,중상사고,0,1,0,0,차대차 - 기타,안전운전불이행,건조,맑음,교차로 - 교차로부근,승용,남,30세,상해없음,승용,남,24세,중상
2012101700100011,2012년 10월 17일 00시,수요일,경상북도 포항시 남구 이동,중상사고,0,1,0,0,차대차 - 측면직각충돌,안전운전불이행,건조,맑음,교차로 - 교차로부근,승용,남,25세,상해없음,승용,남,34세,중상
2012101700100046,2012년 10월 17일 02시,수요일,경상북도 김천시 성내동,중상사고,0,2,1,0,차대차 - 측면직각충돌,안전운전불이행,습기,비,교차로 - 교차로부근,승용,남,27세,경상,승용,남,49세,기타불명
2012101700100047,2012년 10월 17일 02시,수요일,경상북도 영주시 휴천동,경상사고,0,0,1,0,차대차 - 측면직각충돌,교차로운행방법위반,습기,비,교차로 - 교차로안,승용,남,22세,상해없음,승용,남,52세,상해없음
2012101700100083,2012년 10월 17일 05시,수요일,경상북도 경주시 안강읍,중상사고,0,1,0,0,차량단독 - 기타,안전운전불이행,건조,맑음,단일로 - 기타,승용,여,31세,중상,,,,
2012101700100084,2012년 10월 17일 05시,수요일,경상북도 경주시 동천동,중상사고,0,3,1,0,차대차 - 기타,안전운전불이행,건조,맑음,교차로 - 교차로안,화물,남,58세,중상,승용,남,27세,경상
2012101700100085,2012년 10월 17일 05시,수요일,경상북도 구미시 인의동,중상사고,0,3,1,0,차대차 - 기타,신호위반,습기,비,교차로 - 교차로안,승용,남,23세,상해없음,승용,남,40세,중상
2012101700100086,2012년 10월 17일 05시,수요일,경상북도 포항시 남구 연일읍,경상사고,0,0,1,0,차대차 - 추돌 - 진행중,안전운전불이행,건조,맑음,교차로 - 교차로안,화물,남,47세,상해없음,화물,남,34세,상해없음
2012101700100110,2012년 10월 17일 06시,수요일,경상북도 포항시 북구 죽도동,중상사고,0,1,0,0,차대사람 - 기타,보행자보호의무위반,건조,맑음,단일로 - 횡단보도상,승합,남,49세,상해없음,보행자,여,73세,중상
2012101700100127,2012년 10월 17일 07시,수요일,경상북도 영천시 신령면,사망사고,1,0,0,0,차량단독 - 공작물충돌,안전운전불이행,습기,비,단일로 - 기타,승용,여,48세,사망,,,,
2012101700100128,2012년 10월 17일 07시,수요일,경상북도 포항시 남구 대송면,경상사고,0,0,1,0,차대차 - 추돌 - 진행중,중앙선침범,건조,맑음,교차로 - 교차로안,승용,남,56세,상해없음,승용,남,60세,경상
2012101700100172,2012년 10월 17일 08시,수요일,경상북도 경주시 황성동,경상사고,0,0,1,0,차대차 - 측면직각충돌,안전운전불이행,건조,맑음,교차로 - 교차로안,원동기,남,19세,경상,승용,여,22세,상해없음
2012101700100173,2012년 10월 17일 08시,수요일,경상북도 포항시 북구 송라면,경상사고,0,0,1,0,차대차 - 정면충돌,안전운전불이행,건조,맑음,단일로 - 기타,건설기계,남,50세,상해없음,승용,남,45세,경상
2012101700100174,2012년 10월 17일 08시,수요일,경상북도 영덕군 영덕읍,중상사고,0,1,0,0,차대차 - 추돌 - 주정차중,안전운전불이행,습기,비,단일로 - 기타,원동기,남,73세,중상,승용,남,70세,기타불명
2012101700100175,2012년 10월 17일 08시,수요일,경상북도 고령군 성산면,경상사고,0,0,1,0,차대차 - 측면직각충돌,교차로운행방법위반,건조,맑음,교차로 - 교차로안,화물,여,45세,기타불명,승용,여,37세,경상
2012101700100176,2012년 10월 17일 08시,수요일,경상북도 포항시 남구 이동,경상사고,0,0,1,0,차대차 - 측면직각충돌,안전운전불이행,건조,맑음,단일로 - 기타,승용,여,29세,상해없음,화물,남,76세,경상
2012101700100214,2012년 10월 17일 09시,수요일,경상북도 포항시 북구 양덕동,중상사고,0,1,2,0,차대차 - 기타,신호위반,건조,맑음,교차로 - 교차로안,승용,여,47세,상해없음,승용,여,54세,중상
2012101700100215,2012년 10월 17일 09시,수요일,경상북도 고령군 쌍림면,경상사고,0,0,2,1,차대차 - 측면직각충돌,불법유턴,습기,비,단일로 - 기타,승용,남,36세,경상,화물,남,38세,부상신고
2012101700100216,2012년 10월 17일 09시,수요일,경상북도 구미시 사곡동,경상사고,0,0,1,0,차대차 - 측면직각충돌,차로위반,습기,비,교차로 - 교차로안,승용,여,24세,경상,승용,남,69세,상해없음
2012101700100217,2012년 10월 17일 09시,수요일,경상북도 포항시 남구 구룡포읍,부상신고사고,0,0,0,1,차대차 - 기타,안전운전불이행,건조,맑음,교차로 - 교차로안,원동기,남,17세,부상신고,승용,여,54세,상해없음
2012101700100271,2012년 10월 17일 11시,수요일,경상북도 안동시 옥동,경상사고,0,0,2,0,차대차 - 추돌 - 진행중,안전운전불이행,건조,맑음,단일로 - 기타,승용,여,48세,상해없음,승용,여,40세,경상
2012101700100318,2012년 10월 17일 13시,수요일,경상북도 칠곡군 약목면,경상사고,0,0,1,0,차대차 - 추돌 - 진행중,안전운전불이행,건조,맑음,교차로 - 교차로부근,승용,남,61세,상해없음,승용,남,35세,경상
2012101700100339,2012년 10월 17일 14시,수요일,경상북도 안동시 법상동,경상사고,0,0,1,0,차대사람 - 횡단중,안전운전불이행,건조,맑음,단일로 - 기타,화물,남,50세,상해없음,보행자,여,14세,경상
2012101700100340,2012년 10월 17일 14시,수요일,경상북도 포항시 남구 괴동동,경상사고,0,0,3,0,차대차 - 기타,안전운전불이행,건조,맑음,교차로 - 교차로안,화물,남,60세,상해없음,화물,남,29세,경상
2012101700100374,2012년 10월 17일 15시,수요일,경상북도 경주시 강동면,중상사고,0,1,0,0,차대사람 - 기타,안전운전불이행,건조,맑음,교차로 - 교차로부근,승합,여,48세,상해없음,보행자,남,57세,중상
2012101700100375,2012년 10월 17일 15시,수요일,경상북도 영주시 영주동,경상사고,0,0,1,0,차대사람 - 횡단중,안전운전불이행,건조,맑음,단일로 - 횡단보도부근,승용,남,75세,상해없음,보행자,남,55세,경상
2012101700100411,2012년 10월 17일 16시,수요일,경상북도 경주시 천군동,중상사고,0,1,1,0,차량단독 - 기타,안전운전불이행,건조,맑음,단일로 - 기타,승용,남,22세,경상,,,,
2012101700100412,2012년 10월 17일 16시,수요일,경상북도 경산시 중방동,중상사고,0,1,0,0,차대사람 - 기타,보행자보호의무위반,건조,기타,단일로 - 횡단보도상,승용,남,27세,상해없음,보행자,남,75세,중상
2012101700100413,2012년 10월 17일 16시,수요일,경상북도 구미시 고아읍,중상사고,0,1,0,0,차대차 - 측면직각충돌,교차로운행방법위반,건조,맑음,교차로 - 교차로안,승용,남,44세,상해없음,자전거,여,68세,중상
2012101700100437,2012년 10월 17일 17시,수요일,경상북도 경주시 북군동,중상사고,0,1,0,0,차대차 - 측면직각충돌,교차로운행방법위반,건조,맑음,교차로 - 교차로부근,승합,남,26세,상해없음,이륜,남,60세,중상
2012101700100438,2012년 10월 17일 17시,수요일,경상북도 포항시 북구 장성동,중상사고,0,1,0,0,차대사람 - 기타,보행자보호의무위반,건조,맑음,단일로 - 횡단보도상,승용,여,29세,상해없음,보행자,여,44세,중상
2012101700100439,2012년 10월 17일 17시,수요일,경상북도 상주시 낙양동,중상사고,0,1,0,0,차대사람 - 기타,안전운전불이행,건조,맑음,단일로 - 기타,승용,여,54세,상해없음,보행자,남,44세,중상
2012101700100440,2012년 10월 17일 17시,수요일,경상북도 영천시 망정동,사망사고,1,0,0,0,차량단독 - 공작물충돌,안전운전불이행,건조,맑음,단일로 - 기타,이륜,남,57세,사망,,,,
2012101700100441,2012년 10월 17일 17시,수요일,경상북도 청도군 이서면,경상사고,0,0,3,0,차대차 - 기타,신호위반,건조,맑음,교차로 - 교차로안,승용,남,47세,상해없음,화물,남,48세,경상
2012101700100442,2012년 10월 17일 17시,수요일,경상북도 구미시 광평동,경상사고,0,0,1,0,차대차 - 측면직각충돌,안전운전불이행,건조,맑음,기타 - 기타,기타불명,기타불명,기타불명,기타불명,승용,여,31세,경상
2012101700100479,2012년 10월 17일 18시,수요일,경상북도 문경시 호계면,중상사고,0,1,0,0,차대차 - 측면직각충돌,중앙선침범,건조,맑음,단일로 - 기타,화물,남,57세,상해없음,승용,여,41세,중상
2012101700100480,2012년 10월 17일 18시,수요일,경상북도 구미시 상모동,사망사고,1,0,0,0,차대사람 - 횡단중,안전운전불이행,건조,맑음,교차로 - 교차로부근,승용,남,23세,상해없음,보행자,여,72세,사망
2012101700100533,2012년 10월 17일 19시,수요일,경상북도 경주시 안강읍,중상사고,0,1,0,0,차대차 - 기타,안전운전불이행,건조,맑음,단일로 - 기타,승용,남,21세,상해없음,농기계,남,53세,중상
2012101700100534,2012년 10월 17일 19시,수요일,경상북도 예천군 용문면,중상사고,0,1,0,0,차대사람 - 횡단중,안전운전불이행,건조,맑음,단일로 - 기타,화물,남,56세,상해없음,보행자,여,48세,중상
2012101700100604,2012년 10월 17일 21시,수요일,경상북도 포항시 북구 우현동,경상사고,0,0,1,0,차대차 - 기타,중앙선침범,건조,맑음,교차로 - 교차로안,승용,남,44세,상해없음,승용,남,52세,경상
2012101700100605,2012년 10월 17일 21시,수요일,경상북도 영주시 영주동,경상사고,0,0,3,0,차대차 - 측면직각충돌,안전운전불이행,건조,맑음,단일로 - 기타,화물,남,41세,상해없음,승용,남,43세,경상
2012101700100606,2012년 10월 17일 21시,수요일,경상북도 예천군 풍양면,사망사고,1,0,0,0,차대차 - 기타,안전운전불이행,건조,맑음,교차로 - 교차로안,승용,남,33세,상해없음,원동기,남,47세,사망
2012101700100649,2012년 10월 17일 22시,수요일,경상북도 김천시 모암동,경상사고,0,0,1,0,차대차 - 측면직각충돌,안전운전불이행,건조,맑음,교차로 - 교차로안,승용,남,40세,경상,기타불명,미분류,기타불명,기타불명
2012101700100650,2012년 10월 17일 22시,수요일,경상북도 구미시 임수동,경상사고,0,0,1,0,차대차 - 측면직각충돌,안전거리미확보,건조,맑음,단일로 - 기타,승용,남,31세,상해없음,승용,남,36세,상해없음
2012101700100674,2012년 10월 17일 23시,수요일,경상북도 포항시 남구 해도동,경상사고,0,0,1,0,차대차 - 기타,안전운전불이행,건조,맑음,단일로 - 기타,승용,여,47세,상해없음,자전거,남,20세,경상
2012101800100030,2012년 10월 18일 01시,목요일,경상북도 경산시 대동,중상사고,0,1,0,0,차대사람 - 기타,안전운전불이행,건조,기타,단일로 - 횡단보도상,승용,남,55세,상해없음,보행자,남,25세,중상
2012101800100113,2012년 10월 18일 07시,목요일,경상북도 구미시 원평동,중상사고,0,1,0,0,차대차 - 측면직각충돌,안전운전불이행,건조,맑음,교차로 - 교차로부근,화물,남,44세,상해없음,자전거,여,24세,중상
2012101800100114,2012년 10월 18일 07시,목요일,경상북도 구미시 오태동,경상사고,0,0,1,0,차대차 - 기타,안전운전불이행,건조,맑음,단일로 - 기타,화물,남,49세,상해없음,승용,남,58세,경상
2012101800100115,2012년 10월 18일 07시,목요일,경상북도 구미시 원평동,중상사고,0,1,0,0,차대사람 - 횡단중,신호위반,건조,맑음,단일로 - 기타,화물,남,56세,상해없음,보행자,여,63세,중상
2012101800100154,2012년 10월 18일 08시,목요일,경상북도 김천시 평화동,중상사고,0,1,0,0,차대차 - 측면직각충돌,교차로운행방법위반,건조,맑음,교차로 - 교차로안,승용,남,72세,상해없음,원동기,여,62세,중상
2012101800100155,2012년 10월 18일 08시,목요일,경상북도 영주시 영주동,경상사고,0,0,1,0,차대사람 - 횡단중,보행자보호의무위반,건조,맑음,교차로 - 교차로부근,화물,남,32세,상해없음,보행자,여,14세,경상
2012101800100156,2012년 10월 18일 08시,목요일,경상북도 칠곡군 가산면,중상사고,0,1,0,0,차대차 - 추돌 - 진행중,직진우회전진행방해,건조,맑음,교차로 - 교차로안,화물,남,32세,상해없음,이륜,남,50세,중상
2012101800100157,2012년 10월 18일 08시,목요일,경상북도 군위군 효령면,중상사고,0,2,0,0,차대차 - 측면직각충돌,안전운전불이행,건조,맑음,단일로 - 기타,승용,남,30세,상해없음,화물,남,63세,중상
2012101800100158,2012년 10월 18일 08시,목요일,경상북도 포항시 남구 오천읍,경상사고,0,0,1,0,차대차 - 추돌 - 진행중,직진우회전진행방해,건조,맑음,교차로 - 교차로안,승용,남,54세,상해없음,원동기,남,33세,경상
2012101800100159,2012년 10월 18일 08시,목요일,경상북도 포항시 남구 이동,중상사고,0,1,0,0,차대사람 - 기타,안전운전불이행,건조,맑음,단일로 - 기타,기타불명,기타불명,기타불명,기타불명,보행자,남,14세,중상
2012101800100160,2012년 10월 18일 08시,목요일,경상북도 포항시 남구 해도동,경상사고,0,0,2,0,차대차 - 추돌 - 진행중,교차로운행방법위반,건조,맑음,교차로 - 교차로안,승용,여,46세,경상,승용,여,47세,경상
2012101800100198,2012년 10월 18일 09시,목요일,경상북도 경주시 강동면,중상사고,0,1,0,0,차대차 - 측면직각충돌,안전운전불이행,건조,맑음,교차로 - 교차로부근,농기계,남,79세,중상,화물,남,43세,상해없음
2012101800100199,2012년 10월 18일 09시,목요일,경상북도 포항시 북구 장성동,경상사고,0,0,1,0,차대차 - 측면직각충돌,교차로운행방법위반,건조,맑음,교차로 - 교차로안,승용,여,46세,상해없음,원동기,남,63세,경상
2012101800100200,2012년 10월 18일 09시,목요일,경상북도 김천시 개령면,경상사고,0,0,1,0,차대차 - 측면직각충돌,교차로운행방법위반,건조,맑음,교차로 - 교차로안,원동기,남,72세,상해없음,화물,남,26세,경상
2012101800100231,2012년 10월 18일 10시,목요일,경상북도 경주시 양북면,중상사고,0,4,14,8,차대차 - 측면직각충돌,안전운전불이행,건조,맑음,단일로 - 기타,승합,남,44세,중상,건설기계,남,33세,경상
2012101800100290,2012년 10월 18일 12시,목요일,경상북도 영천시 금호읍,중상사고,0,1,0,0,차대차 - 측면직각충돌,안전운전불이행,건조,맑음,단일로 - 기타,화물,남,35세,상해없음,자전거,여,73세,중상
2012101800100321,2012년 10월 18일 13시,목요일,경상북도 울진군 후포면,중상사고,0,1,0,0,차대차 - 기타,안전운전불이행,건조,맑음,교차로 - 교차로안,화물,남,68세,상해없음,원동기,남,73세,중상
2012101800100322,2012년 10월 18일 13시,목요일,경상북도 구미시 원평동,부상신고사고,0,0,0,1,차대차 - 측면직각충돌,안전운전불이행,건조,맑음,교차로 - 교차로안,승합,남,35세,부상신고,승용,여,48세,상해없음
2012101800100389,2012년 10월 18일 15시,목요일,경상북도 경주시 광명동,경상사고,0,0,1,0,차대차 - 측면직각충돌,안전운전불이행,건조,맑음,단일로 - 기타,화물,남,53세,상해없음,승용,남,50세,경상
2012101800100390,2012년 10월 18일 15시,목요일,경상북도 포항시 북구 기북면,사망사고,1,0,0,0,차대차 - 기타,교차로운행방법위반,건조,맑음,교차로 - 교차로안,화물,남,57세,상해없음,화물,남,50세,사망
2012101800100391,2012년 10월 18일 15시,목요일,경상북도 포항시 북구 장성동,경상사고,0,0,3,0,차대차 - 기타,안전운전불이행,건조,맑음,단일로 - 기타,승용,여,53세,상해없음,승용,남,56세,경상
2012101800100392,2012년 10월 18일 15시,목요일,경상북도 경산시 중방동,경상사고,0,0,1,0,차대사람 - 기타,안전운전불이행,건조,맑음,기타 - 기타,승용,여,28세,기타불명,보행자,여,53세,경상
2012101800100434,2012년 10월 18일 16시,목요일,경상북도 상주시 헌신동,중상사고,0,1,0,0,차대차 - 기타,교차로운행방법위반,건조,맑음,교차로 - 교차로안,화물,남,72세,상해없음,농기계,남,72세,중상
2012101800100435,2012년 10월 18일 16시,목요일,경상북도 영천시 문외동,중상사고,0,1,1,0,차대차 - 측면직각충돌,중앙선침범,건조,맑음,단일로 - 기타,승합,남,35세,경상,승용,여,54세,중상
2012101800100474,2012년 10월 18일 17시,목요일,경상북도 봉화군 재산면,경상사고,0,0,1,0,차대차 - 측면직각충돌,중앙선침범,건조,맑음,단일로 - 기타,농기계,남,72세,경상,화물,남,56세,상해없음
2012101800100525,2012년 10월 18일 18시,목요일,경상북도 안동시 운흥동,중상사고,0,1,0,0,차대사람 - 횡단중,안전운전불이행,건조,맑음,단일로 - 횡단보도부근,승합,남,49세,상해없음,보행자,여,15세,중상
2012101800100526,2012년 10월 18일 18시,목요일,경상북도 영주시 휴천동,경상사고,0,0,1,0,차대사람 - 횡단중,보행자보호의무위반,건조,맑음,교차로 - 교차로부근,승용,기타불명,기타불명,기타불명,보행자,여,14세,경상
2012101800100527,2012년 10월 18일 18시,목요일,경상북도 칠곡군 가산면,중상사고,0,1,0,0,차대차 - 추돌 - 진행중,중앙선침범,건조,맑음,단일로 - 기타,승용,여,40세,상해없음,승용,남,39세,중상
2012101800100528,2012년 10월 18일 18시,목요일,경상북도 청송군 진보면,사망사고,1,0,0,0,차대사람 - 횡단중,안전운전불이행,건조,맑음,단일로 - 기타,화물,남,57세,상해없음,보행자,여,76세,사망
2012101800100565,2012년 10월 18일 19시,목요일,경상북도 경주시 성건동,경상사고,0,0,1,0,차대차 - 측면직각충돌,안전운전불이행,건조,맑음,교차로 - 교차로부근,승용,남,45세,상해없음,원동기,남,22세,경상
2012101800100566,2012년 10월 18일 19시,목요일,경상북도 포항시 북구 장성동,중상사고,0,1,0,0,차대사람 - 기타,안전운전불이행,건조,맑음,단일로 - 기타,승용,남,61세,상해없음,보행자,여,51세,중상