사고번호,사고일시,요일,시군구,사고내용,사망자수,중상자수,경상자수,부상신고자수,사고유형,법규위반,노면상태,기상상태,도로형태,가해운전자 차종,가해운전자 성별,가해운전자 연령,가해운전자 상해정도,피해운전자 차종,피해운전자 성별,피해운전자 연령,피해운전자 상해정도
2012102100100244,2012년 10월 21일 13시,일요일,경상북도 김천시 지례면,중상사고,0,2,0,0,차대차 - 측면직각충돌,안전운전불이행,건조,맑음,단일로 - 기타,이륜,남,28세,상해없음,이륜,남,30세,중상
2012102100100263,2012년 10월 21일 14시,일요일,경상북도 영덕군 달산면,중상사고,0,3,1,0,차량단독 - 도로외이탈 - 추락,안전운전불이행,건조,맑음,단일로 - 기타,승용,여,53세,중상,,,,
2012102100100264,2012년 10월 21일 14시,일요일,경상북도 성주군 수륜면,중상사고,0,2,0,0,차량단독 - 공작물충돌,안전운전불이행,건조,맑음,단일로 - 기타,승용,남,46세,상해없음,,,,
2012102100100265,2012년 10월 21일 14시,일요일,경상북도 영양군 입암면,중상사고,0,1,1,0,차대차 - 기타,직진우회전진행방해,건조,맑음,교차로 - 교차로안,화물,남,66세,경상,승용,여,34세,중상
2012102100100295,2012년 10월 21일 15시,일요일,경상북도 경주시 황성동,경상사고,0,0,3,1,차대차 - 기타,안전운전불이행,건조,맑음,단일로 - 기타,승용,여,36세,상해없음,승용,남,33세,경상
2012102100100296,2012년 10월 21일 15시,일요일,경상북도 포항시 북구 대신동,경상사고,0,0,1,0,차대사람 - 기타,안전운전불이행,건조,맑음,교차로 - 교차로안,승용,남,63세,상해없음,보행자,여,51세,경상
2012102100100297,2012년 10월 21일 15시,일요일,경상북도 안동시 옥동,중상사고,0,1,0,0,차대차 - 측면직각충돌,직진우회전진행방해,건조,맑음,교차로 - 교차로안,승용,남,43세,상해없음,승용,남,22세,중상
2012102100100298,2012년 10월 21일 15시,일요일,경상북도 안동시 운흥동,경상사고,0,0,1,0,차대사람 - 횡단중,안전운전불이행,건조,맑음,단일로 - 횡단보도상,승용,남,61세,상해없음,보행자,남,21세,경상
2012102100100299,2012년 10월 21일 15시,일요일,경상북도 영주시 휴천동,중상사고,0,1,0,0,차대차 - 측면직각충돌,중앙선침범,건조,맑음,단일로 - 기타,승용,남,43세,상해없음,승용,여,41세,중상
2012102100100300,2012년 10월 21일 15시,일요일,경상북도 청송군 안덕면,중상사고,0,1,1,0,차대차 - 정면충돌,중앙선침범,건조,맑음,단일로 - 기타,승용,남,41세,상해없음,승용,남,54세,경상
2012102100100339,2012년 10월 21일 16시,일요일,경상북도 경주시 동천동,중상사고,0,2,0,0,차대차 - 기타,중앙선침범,건조,맑음,단일로 - 기타,승용,남,42세,상해없음,승용,남,36세,중상
2012102100100340,2012년 10월 21일 16시,일요일,경상북도 김천시 농소면,경상사고,0,0,1,0,차대차 - 측면직각충돌,안전운전불이행,건조,맑음,단일로 - 기타,화물,남,69세,상해없음,이륜,남,75세,경상
2012102100100367,2012년 10월 21일 17시,일요일,경상북도 경주시 양남면,경상사고,0,0,1,1,차대차 - 기타,신호위반,건조,맑음,교차로 - 교차로안,승용,남,61세,부상신고,승용,남,46세,경상
2012102100100368,2012년 10월 21일 17시,일요일,경상북도 상주시 외남면,중상사고,0,1,0,0,차량단독 - 기타,안전운전불이행,건조,맑음,단일로 - 기타,농기계,남,69세,중상,,,,
2012102100100369,2012년 10월 21일 17시,일요일,경상북도 영주시 가흥동,중상사고,0,1,0,0,차대차 - 측면직각충돌,직진우회전진행방해,건조,맑음,교차로 - 교차로안,화물,남,45세,상해없음,승합,남,59세,상해없음
2012102100100370,2012년 10월 21일 17시,일요일,경상북도 경산시 와촌면,경상사고,0,0,1,0,차대차 - 기타,안전운전불이행,건조,맑음,단일로 - 기타,승용,남,44세,상해없음,자전거,남,59세,경상
2012102100100371,2012년 10월 21일 17시,일요일,경상북도 경산시 남천면,중상사고,0,1,0,0,차대차 - 기타,중앙선침범,건조,맑음,교차로 - 교차로부근,화물,남,49세,상해없음,화물,여,57세,중상
2012102100100372,2012년 10월 21일 17시,일요일,경상북도 포항시 남구 대잠동,경상사고,0,0,1,0,차대차 - 측면직각충돌,안전운전불이행,건조,맑음,단일로 - 기타,승용,남,52세,상해없음,화물,남,42세,상해없음
2012102100100407,2012년 10월 21일 18시,일요일,경상북도 경주시 하동,경상사고,0,0,4,0,차대차 - 기타,안전운전불이행,건조,맑음,단일로 - 기타,승용,남,45세,상해없음,승용,남,54세,경상
2012102100100408,2012년 10월 21일 18시,일요일,경상북도 상주시 외남면,중상사고,0,1,0,0,차대사람 - 횡단중,안전운전불이행,건조,맑음,단일로 - 기타,승용,여,31세,상해없음,보행자,여,63세,중상
2012102100100409,2012년 10월 21일 18시,일요일,경상북도 구미시 지산동,경상사고,0,0,4,0,차대차 - 추돌 - 주정차중,안전운전불이행,건조,맑음,단일로 - 기타,승용,남,43세,상해없음,승용,남,22세,경상
2012102100100410,2012년 10월 21일 18시,일요일,경상북도 포항시 남구 오천읍,경상사고,0,0,2,0,차대차 - 추돌 - 주정차중,안전운전불이행,건조,맑음,단일로 - 기타,승용,남,54세,상해없음,승용,여,49세,경상
2012102100100447,2012년 10월 21일 19시,일요일,경상북도 경주시 용강동,경상사고,0,0,1,0,차대차 - 추돌 - 진행중,안전운전불이행,건조,맑음,단일로 - 기타,승용,남,37세,상해없음,화물,남,49세,경상
2012102100100448,2012년 10월 21일 19시,일요일,경상북도 포항시 북구 흥해읍,사망사고,1,0,0,0,차대사람 - 횡단중,안전운전불이행,건조,맑음,단일로 - 기타,승용,남,63세,상해없음,보행자,남,48세,사망
2012102100100484,2012년 10월 21일 20시,일요일,경상북도 안동시 길안면,중상사고,0,1,0,0,차대사람 - 횡단중,안전운전불이행,건조,맑음,교차로 - 교차로안,승용,남,35세,상해없음,보행자,여,63세,중상
2012102100100504,2012년 10월 21일 21시,일요일,경상북도 영천시 망정동,중상사고,0,1,0,0,차대사람 - 기타,안전운전불이행,건조,맑음,단일로 - 기타,승용,남,21세,상해없음,보행자,남,22세,중상
2012102100100505,2012년 10월 21일 21시,일요일,경상북도 포항시 남구 지곡동,경상사고,0,0,1,0,차대사람 - 기타,보행자보호의무위반,건조,맑음,교차로 - 교차로부근,승용,여,52세,상해없음,보행자,남,16세,경상
2012102100100530,2012년 10월 21일 22시,일요일,경상북도 구미시 광평동,중상사고,0,3,0,0,차대차 - 측면직각충돌,안전운전불이행,건조,맑음,단일로 - 기타,승용,남,45세,상해없음,승합,남,42세,중상
2012102100100549,2012년 10월 21일 23시,일요일,경상북도 포항시 북구 항구동,경상사고,0,0,1,0,차대차 - 측면직각충돌,신호위반,건조,맑음,교차로 - 교차로안,승용,남,24세,상해없음,원동기,여,50세,경상
2012102100100550,2012년 10월 21일 23시,일요일,경상북도 구미시 고아읍,중상사고,0,1,0,0,차대차 - 측면직각충돌,안전운전불이행,건조,맑음,교차로 - 교차로부근,승용,남,21세,상해없음,원동기,남,17세,중상
2012102100100551,2012년 10월 21일 23시,일요일,경상북도 포항시 남구 해도동,경상사고,0,0,1,0,차대차 - 기타,안전운전불이행,건조,맑음,단일로 - 기타,원동기,남,44세,경상,승용,남,29세,상해없음
2012102200100009,2012년 10월 22일 00시,월요일,경상북도 칠곡군 왜관읍,경상사고,0,0,1,0,차량단독 - 전도전복,안전운전불이행,건조,맑음,단일로 - 기타,원동기,여,59세,경상,,,,
2012102200100019,2012년 10월 22일 01시,월요일,경상북도 포항시 남구 인덕동,경상사고,0,0,1,0,차량단독 - 기타,안전운전불이행,건조,맑음,단일로 - 교량,승용,남,29세,경상,,,,
2012102200100031,2012년 10월 22일 03시,월요일,경상북도 김천시 지좌동,경상사고,0,0,1,0,차대차 - 측면직각충돌,안전운전불이행,건조,맑음,단일로 - 기타,승용,남,34세,상해없음,승용,남,30세,경상
2012102200100036,2012년 10월 22일 04시,월요일,경상북도 포항시 북구 항구동,사망사고,1,1,0,0,차량단독 - 공작물충돌,안전운전불이행,건조,흐림,기타 - 기타,화물,남,24세,사망,,,,
2012102200100037,2012년 10월 22일 04시,월요일,경상북도 안동시 화성동,사망사고,1,0,0,0,차대사람 - 횡단중,안전운전불이행,건조,맑음,단일로 - 기타,승용,남,64세,상해없음,보행자,여,85세,사망
2012102200100049,2012년 10월 22일 05시,월요일,경상북도 칠곡군 동명면,부상신고사고,0,0,0,1,차량단독 - 공작물충돌,안전운전불이행,건조,맑음,단일로 - 기타,승용,남,20세,부상신고,,,,
2012102200100085,2012년 10월 22일 06시,월요일,경상북도 성주군 월항면,경상사고,0,0,2,0,차대차 - 측면직각충돌,교차로운행방법위반,건조,맑음,교차로 - 교차로안,승용,남,18세,상해없음,화물,여,52세,경상
2012102200100110,2012년 10월 22일 07시,월요일,경상북도 경주시 황남동,경상사고,0,0,1,0,차대차 - 측면직각충돌,신호위반,건조,맑음,교차로 - 교차로안,승용,여,51세,상해없음,승용,여,30세,경상
2012102200100111,2012년 10월 22일 07시,월요일,경상북도 경산시 중방동,중상사고,0,1,1,0,차대차 - 기타,신호위반,건조,맑음,교차로 - 교차로안,승용,남,67세,상해없음,승용,남,55세,중상
2012102200100140,2012년 10월 22일 08시,월요일,경상북도 안동시 당북동,경상사고,0,0,2,0,차대차 - 추돌 - 주정차중,안전운전불이행,건조,맑음,기타 - 기타,승용,남,42세,상해없음,승용,남,62세,경상
2012102200100141,2012년 10월 22일 08시,월요일,경상북도 구미시 상모동,경상사고,0,0,1,0,차대차 - 기타,안전운전불이행,건조,맑음,기타 - 기타,기타불명,기타불명,기타불명,기타불명,자전거,남,12세,경상
2012102200100180,2012년 10월 22일 09시,월요일,경상북도 경주시 동천동,중상사고,0,1,0,0,차대차 - 측면직각충돌,신호위반,건조,맑음,교차로 - 교차로안,화물,남,84세,상해없음,원동기,여,61세,중상
2012102200100181,2012년 10월 22일 09시,월요일,경상북도 포항시 북구 양덕동,경상사고,0,0,4,0,차대차 - 기타,신호위반,건조,맑음,교차로 - 교차로안,승용,여,35세,상해없음,승용,여,43세,경상
2012102200100182,2012년 10월 22일 09시,월요일,경상북도 칠곡군 지천면,부상신고사고,0,0,0,1,차대차 - 측면직각충돌,안전운전불이행,건조,맑음,단일로 - 기타,승용,남,57세,상해없음,원동기,남,82세,부상신고
2012102200100214,2012년 10월 22일 10시,월요일,경상북도 경주시 동천동,경상사고,0,0,1,0,차대차 - 기타,안전운전불이행,건조,맑음,단일로 - 기타,화물,남,56세,상해없음,자전거,남,58세,경상
2012102200100215,2012년 10월 22일 10시,월요일,경상북도 구미시 광평동,경상사고,0,0,2,0,차대차 - 기타,안전거리미확보,건조,흐림,교차로 - 교차로부근,화물,남,43세,상해없음,승용,남,47세,경상
2012102200100273,2012년 10월 22일 12시,월요일,경상북도 경주시 안강읍,경상사고,0,0,2,0,차대차 - 측면직각충돌,안전운전불이행,건조,맑음,교차로 - 교차로안,승용,여,51세,경상,승용,남,54세,경상
2012102200100274,2012년 10월 22일 12시,월요일,경상북도 포항시 남구 장흥동,경상사고,0,0,1,0,차대차 - 측면직각충돌,중앙선침범,건조,흐림,단일로 - 기타,기타불명,기타불명,기타불명,기타불명,승용,남,70세,경상
2012102200100311,2012년 10월 22일 13시,월요일,경상북도 봉화군 법전면,경상사고,0,0,4,0,차대차 - 측면직각충돌,안전운전불이행,습기,비,단일로 - 기타,승용,여,55세,상해없음,승용,남,66세,경상
2012102200100343,2012년 10월 22일 14시,월요일,경상북도 경주시 외동읍,경상사고,0,0,1,0,차대차 - 측면직각충돌,신호위반,건조,맑음,교차로 - 교차로안,농기계,남,70세,경상,화물,남,44세,상해없음
2012102200100344,2012년 10월 22일 14시,월요일,경상북도 고령군 고령읍,경상사고,0,0,1,0,차대차 - 측면직각충돌,안전운전불이행,건조,맑음,교차로 - 교차로안,승용,남,51세,상해없음,승용,남,49세,상해없음
2012102200100375,2012년 10월 22일 15시,월요일,경상북도 경주시 내남면,중상사고,0,1,0,0,차대차 - 측면직각충돌,안전운전불이행,건조,흐림,교차로 - 교차로부근,승용,남,43세,중상,화물,남,44세,상해없음
2012102200100376,2012년 10월 22일 15시,월요일,경상북도 경주시 성동동,경상사고,0,0,1,0,차대사람 - 기타,안전운전불이행,건조,흐림,교차로 - 교차로부근,승용,남,60세,상해없음,보행자,여,31세,경상
2012102200100377,2012년 10월 22일 15시,월요일,경상북도 상주시 남성동,중상사고,0,1,0,0,차대차 - 기타,안전운전불이행,습기,비,단일로 - 횡단보도부근,화물,남,40세,상해없음,승용,여,58세,상해없음
2012102200100378,2012년 10월 22일 15시,월요일,경상북도 칠곡군 약목면,경상사고,0,0,1,0,차대차 - 추돌 - 진행중,안전운전불이행,건조,맑음,교차로 - 교차로부근,승용,남,54세,상해없음,승용,남,27세,경상
2012102200100379,2012년 10월 22일 15시,월요일,경상북도 구미시 남통동,경상사고,0,0,1,0,차대차 - 기타,안전운전불이행,습기,비,단일로 - 기타,승용,남,29세,상해없음,승용,남,45세,경상
2012102200100380,2012년 10월 22일 15시,월요일,경상북도 구미시 송정동,경상사고,0,0,1,0,차대차 - 기타,안전운전불이행,습기,비,단일로 - 기타,승용,여,59세,상해없음,승용,남,28세,경상
2012102200100413,2012년 10월 22일 16시,월요일,경상북도 경주시 노서동,중상사고,0,2,0,0,차대차 - 측면직각충돌,안전거리미확보,습기,비,단일로 - 기타,화물,남,33세,중상,승합,남,63세,상해없음
2012102200100414,2012년 10월 22일 16시,월요일,경상북도 구미시 봉곡동,경상사고,0,0,1,0,차대사람 - 기타,안전운전불이행,건조,맑음,기타 - 기타,승용,여,45세,상해없음,보행자,여,15세,경상
2012102200100415,2012년 10월 22일 16시,월요일,경상북도 김천시 봉산면,중상사고,0,2,0,0,차대차 - 추돌 - 진행중,안전운전불이행,습기,비,단일로 - 기타,승용,남,30세,상해없음,승용,여,40세,중상
2012102200100457,2012년 10월 22일 17시,월요일,경상북도 경주시 외동읍,경상사고,0,0,3,2,차대차 - 측면직각충돌,안전운전불이행,습기,비,단일로 - 기타,화물,남,28세,상해없음,승용,여,33세,경상
2012102200100458,2012년 10월 22일 17시,월요일,경상북도 경주시 배반동,경상사고,0,0,1,0,차대차 - 기타,안전운전불이행,습기,비,미분류 - 미분류,화물,남,53세,상해없음,화물,남,45세,경상
2012102200100459,2012년 10월 22일 17시,월요일,경상북도 포항시 북구 죽장면,경상사고,0,0,2,0,차대차 - 측면직각충돌,중앙선침범,습기,비,단일로 - 기타,화물,남,57세,상해없음,승용,남,59세,경상
2012102200100460,2012년 10월 22일 17시,월요일,경상북도 포항시 북구 양덕동,중상사고,0,1,0,0,차대차 - 기타,기타,습기,비,단일로 - 기타,기타불명,기타불명,기타불명,기타불명,승용,남,36세,상해없음
2012102200100461,2012년 10월 22일 17시,월요일,경상북도 안동시 운흥동,경상사고,0,0,1,0,차대차 - 추돌 - 진행중,안전운전불이행,습기,비,단일로 - 기타,승합,남,63세,상해없음,승용,여,38세,경상
2012102200100462,2012년 10월 22일 17시,월요일,경상북도 안동시 옥동,경상사고,0,0,2,0,차대차 - 측면직각충돌,직진우회전진행방해,습기,비,교차로 - 교차로안,승합,남,35세,상해없음,화물,남,46세,경상
2012102200100463,2012년 10월 22일 17시,월요일,경상북도 경산시 백천동,경상사고,0,0,1,0,차대차 - 기타,안전운전불이행,습기,비,단일로 - 기타,기타불명,기타불명,기타불명,기타불명,자전거,남,13세,경상
2012102200100464,2012년 10월 22일 17시,월요일,경상북도 구미시 선산읍,중상사고,0,1,0,0,차대사람 - 횡단중,보행자보호의무위반,습기,비,교차로 - 교차로부근,화물,남,70세,상해없음,보행자,여,51세,중상
2012102200100523,2012년 10월 22일 18시,월요일,경상북도 포항시 북구 죽도동,경상사고,0,0,1,0,차대사람 - 횡단중,신호위반,습기,비,단일로 - 횡단보도상,승용,남,59세,상해없음,보행자,여,22세,경상
2012102200100524,2012년 10월 22일 18시,월요일,경상북도 안동시 옥동,중상사고,0,1,0,0,차대사람 - 횡단중,신호위반,습기,비,교차로 - 교차로부근,승용,여,59세,상해없음,보행자,여,37세,중상
2012102200100525,2012년 10월 22일 18시,월요일,경상북도 안동시 삼산동,중상사고,0,1,0,0,차대사람 - 횡단중,보행자보호의무위반,습기,비,단일로 - 횡단보도상,승용,남,53세,상해없음,보행자,여,73세,중상
2012102200100526,2012년 10월 22일 18시,월요일,경상북도 김천시 부곡동,경상사고,0,0,1,0,차대차 - 측면직각충돌,안전운전불이행,건조,맑음,단일로 - 횡단보도상,승합,여,36세,상해없음,승용,여,48세,경상
2012102200100527,2012년 10월 22일 18시,월요일,경상북도 영주시 가흥동,중상사고,0,1,0,0,차대차 - 기타,안전운전불이행,습기,비,교차로 - 교차로부근,화물,남,59세,상해없음,승용,남,71세,중상
2012102200100528,2012년 10월 22일 18시,월요일,경상북도 경산시 진량읍,경상사고,0,0,1,0,차대차 - 기타,신호위반,건조,맑음,교차로 - 교차로안,화물,남,61세,상해없음,승용,여,36세,경상
2012102200100529,2012년 10월 22일 18시,월요일,경상북도 구미시 공단동,중상사고,0,2,0,0,차대차 - 추돌 - 주정차중,안전운전불이행,습기,비,단일로 - 기타,승용,남,42세,상해없음,승용,남,28세,중상
2012102200100632,2012년 10월 22일 20시,월요일,경상북도 칠곡군 가산면,중상사고,0,1,1,0,차대차 - 측면직각충돌,교차로운행방법위반,습기,흐림,교차로 - 교차로안,승용,남,38세,상해없음,화물,남,64세,중상
2012102200100633,2012년 10월 22일 20시,월요일,경상북도 구미시 황상동,경상사고,0,0,1,0,차대차 - 기타,중앙선침범,건조,맑음,교차로 - 교차로부근,이륜,남,43세,상해없음,이륜,남,23세,경상
2012102200100674,2012년 10월 22일 21시,월요일,경상북도 포항시 북구 양덕동,경상사고,0,0,1,0,차대차 - 측면직각충돌,교차로운행방법위반,건조,맑음,교차로 - 교차로안,승용,여,34세,상해없음,승용,남,54세,경상
2012102200100705,2012년 10월 22일 22시,월요일,경상북도 포항시 북구 양덕동,경상사고,0,0,2,0,차대차 - 기타,안전거리미확보,건조,맑음,교차로 - 교차로부근,승용,남,49세,상해없음,승용,남,22세,경상
2012102200100706,2012년 10월 22일 22시,월요일,경상북도 경산시 하양읍,경상사고,0,0,1,0,차대차 - 기타,안전운전불이행,건조,맑음,교차로 - 교차로부근,승합,남,44세,상해없음,승용,남,38세,경상
2012102200100707,2012년 10월 22일 22시,월요일,경상북도 구미시 고아읍,중상사고,0,1,0,0,차량단독 - 기타,안전운전불이행,건조,맑음,교차로 - 교차로부근,화물,여,56세,중상,,,,
2012102200100737,2012년 10월 22일 23시,월요일,경상북도 김천시 지좌동,경상사고,0,0,1,0,차대차 - 측면직각충돌,안전운전불이행,건조,맑음,교차로 - 교차로안,승용,남,49세,상해없음,승용,남,35세,경상
2012102300100024,2012년 10월 23일 01시,화요일,경상북도 포항시 남구 해도동,경상사고,0,0,1,0,차대차 - 추돌 - 진행중,안전운전불이행,건조,맑음,교차로 - 교차로부근,승용,남,57세,상해없음,승용,남,52세,상해없음
2012102300100052,2012년 10월 23일 03시,화요일,경상북도 경주시 외동읍,경상사고,0,0,1,0,차대차 - 측면직각충돌,안전운전불이행,건조,맑음,기타 - 기타,화물,남,52세,상해없음,화물,남,34세,경상
2012102300100111,2012년 10월 23일 07시,화요일,경상북도 경주시 동천동,중상사고,0,1,0,0,차대사람 - 기타,안전운전불이행,건조,맑음,교차로 - 교차로안,승합,남,44세,상해없음,보행자,여,74세,중상
2012102300100112,2012년 10월 23일 07시,화요일,경상북도 포항시 북구 대흥동,경상사고,0,0,1,0,차대차 - 측면직각충돌,중앙선침범,건조,맑음,단일로 - 기타,승용,남,35세,상해없음,승용,남,61세,경상
2012102300100113,2012년 10월 23일 07시,화요일,경상북도 안동시 일직면,중상사고,0,2,0,0,차대차 - 추돌 - 진행중,안전거리미확보,습기,맑음,단일로 - 기타,화물,남,48세,상해없음,승용,여,33세,중상
2012102300100114,2012년 10월 23일 07시,화요일,경상북도 김천시 평화동,경상사고,0,0,2,0,차대차 - 측면직각충돌,안전운전불이행,건조,맑음,단일로 - 기타,화물,여,48세,상해없음,화물,남,52세,경상
2012102300100115,2012년 10월 23일 07시,화요일,경상북도 구미시 진평동,중상사고,0,1,0,0,차대차 - 측면직각충돌,교차로운행방법위반,건조,맑음,교차로 - 교차로안,승용,남,26세,상해없음,자전거,남,37세,중상
2012102300100116,2012년 10월 23일 07시,화요일,경상북도 포항시 남구 해도동,경상사고,0,0,2,0,차대차 - 기타,직진우회전진행방해,건조,맑음,교차로 - 교차로안,승용,남,60세,경상,승용,남,53세,경상
2012102300100117,2012년 10월 23일 07시,화요일,경상북도 포항시 남구 구룡포읍,중상사고,0,1,0,0,차대차 - 기타,안전운전불이행,건조,맑음,교차로 - 교차로안,승용,남,51세,상해없음,이륜,여,60세,중상
2012102300100118,2012년 10월 23일 07시,화요일,경상북도 포항시 남구 상도동,경상사고,0,0,1,0,차량단독 - 공작물충돌,안전운전불이행,건조,맑음,교차로 - 교차로부근,이륜,남,17세,경상,,,,
2012102300100162,2012년 10월 23일 08시,화요일,경상북도 경주시 동천동,경상사고,0,0,1,0,차대사람 - 길가장자리구역통행중,안전운전불이행,건조,맑음,단일로 - 기타,승용,여,38세,상해없음,보행자,남,21세,경상
2012102300100163,2012년 10월 23일 08시,화요일,경상북도 포항시 북구 기계면,중상사고,0,1,0,0,차대차 - 측면직각충돌,중앙선침범,건조,맑음,단일로 - 기타,승용,남,27세,상해없음,승용,여,61세,중상
2012102300100164,2012년 10월 23일 08시,화요일,경상북도 포항시 북구 죽도동,중상사고,0,2,0,0,차대차 - 측면직각충돌,신호위반,건조,맑음,교차로 - 교차로안,승용,여,25세,상해없음,승용,여,45세,중상
2012102300100165,2012년 10월 23일 08시,화요일,경상북도 칠곡군 왜관읍,경상사고,0,0,1,0,차대차 - 추돌 - 진행중,안전운전불이행,건조,맑음,교차로 - 교차로안,승용,남,81세,상해없음,이륜,남,78세,경상
2012102300100166,2012년 10월 23일 08시,화요일,경상북도 포항시 남구 오천읍,중상사고,0,2,1,0,차대차 - 측면직각충돌,중앙선침범,건조,맑음,교차로 - 교차로부근,승용,남,80세,중상,승용,남,44세,경상
2012102300100214,2012년 10월 23일 09시,화요일,경상북도 경주시 현곡면,경상사고,0,0,1,0,차대차 - 기타,안전운전불이행,건조,맑음,단일로 - 기타,승용,여,67세,상해없음,승합,남,43세,상해없음
2012102300100253,2012년 10월 23일 10시,화요일,경상북도 청도군 매전면,경상사고,0,0,1,0,차대차 - 측면직각충돌,안전운전불이행,건조,맑음,단일로 - 기타,승합,남,63세,상해없음,승용,남,47세,경상
2012102300100278,2012년 10월 23일 11시,화요일,경상북도 경주시 성건동,경상사고,0,0,1,0,차대차 - 측면직각충돌,안전운전불이행,건조,맑음,단일로 - 기타,승용,여,49세,상해없음,자전거,남,78세,경상
2012102300100279,2012년 10월 23일 11시,화요일,경상북도 포항시 북구 환호동,경상사고,0,0,1,0,차대사람 - 기타,안전운전불이행,건조,맑음,단일로 - 기타,화물,남,48세,상해없음,보행자,여,72세,경상
2012102300100280,2012년 10월 23일 11시,화요일,경상북도 영덕군 영덕읍,경상사고,0,0,1,0,차량단독 - 공작물충돌,안전운전불이행,건조,맑음,기타 - 기타,화물,남,60세,경상,,,,
2012102300100281,2012년 10월 23일 11시,화요일,경상북도 고령군 다산면,중상사고,0,1,0,0,차대사람 - 기타,안전운전불이행,건조,맑음,단일로 - 기타,승용,남,47세,상해없음,보행자,여,81세,중상
2012102300100295,2012년 10월 23일 12시,화요일,경상북도 경주시 성건동,경상사고,0,0,2,0,차대차 - 측면직각충돌,안전운전불이행,건조,맑음,단일로 - 기타,승용,여,35세,경상,승합,남,35세,상해없음
2012102300100319,2012년 10월 23일 13시,화요일,경상북도 경주시 용강동,중상사고,0,1,0,0,차대차 - 측면직각충돌,신호위반,건조,맑음,단일로 - 횡단보도상,승용,여,28세,상해없음,자전거,남,21세,중상
2012102300100320,2012년 10월 23일 13시,화요일,경상북도 경주시 황남동,경상사고,0,0,1,0,차대차 - 측면직각충돌,안전운전불이행,건조,맑음,단일로 - 기타,승용,남,54세,상해없음,원동기,남,78세,경상
2012102300100321,2012년 10월 23일 13시,화요일,경상북도 구미시 고아읍,경상사고,0,0,2,0,차대차 - 측면직각충돌,불법유턴,건조,맑음,교차로 - 교차로안,승용,여,43세,상해없음,승용,남,59세,경상
2012102300100349,2012년 10월 23일 14시,화요일,경상북도 문경시 흥덕동,경상사고,0,0,1,0,차대사람 - 기타,안전운전불이행,건조,맑음,교차로 - 교차로부근,화물,남,77세,상해없음,보행자,여,29세,경상
2012102300100350,2012년 10월 23일 14시,화요일,경상북도 청도군 금천면,경상사고,0,0,1,0,차대사람 - 보도통행중,안전운전불이행,건조,맑음,단일로 - 기타,승용,여,52세,상해없음,보행자,여,74세,경상
2012102300100388,2012년 10월 23일 15시,화요일,경상북도 영천시 고경면,중상사고,0,2,0,0,차량단독 - 전도전복,안전운전불이행,건조,맑음,단일로 - 기타,원동기,남,71세,중상,,,,
2012102300100389,2012년 10월 23일 15시,화요일,경상북도 영덕군 병곡면,중상사고,0,1,0,0,차대차 - 추돌 - 진행중,안전운전불이행,건조,맑음,단일로 - 기타,승용,여,59세,상해없음,자전거,남,76세,중상
2012102300100390,2012년 10월 23일 15시,화요일,경상북도 예천군 예천읍,사망사고,1,0,0,0,차대차 - 기타,안전운전불이행,건조,맑음,단일로 - 기타,원동기,남,81세,사망,화물,남,50세,상해없음
2012102300100391,2012년 10월 23일 15시,화요일,경상북도 포항시 남구 상도동,경상사고,0,0,3,0,차대차 - 측면직각충돌,직진우회전진행방해,건조,맑음,교차로 - 교차로안,승용,남,31세,상해없음,승용,남,43세,상해없음
2012102300100392,2012년 10월 23일 15시,화요일,경상북도 예천군 보문면,경상사고,0,0,1,0,차대차 - 기타,기타,건조,맑음,단일로 - 기타,특수,남,56세,상해없음,승합,남,54세,상해없음
2012102300100435,2012년 10월 23일 16시,화요일,경상북도 성주군 성주읍,경상사고,0,0,1,0,차대차 - 추돌 - 주정차중,안전거리미확보,건조,맑음,단일로 - 기타,이륜,남,68세,경상,승용,남,62세,상해없음
2012102300100436,2012년 10월 23일 16시,화요일,경상북도 구미시 광평동,부상신고사고,0,0,0,1,차대사람 - 기타,기타,건조,맑음,단일로 - 기타,승합,남,44세,상해없음,보행자,여,32세,부상신고
2012102300100478,2012년 10월 23일 17시,화요일,경상북도 포항시 북구 기계면,중상사고,0,1,0,0,차대차 - 기타,교차로운행방법위반,건조,맑음,교차로 - 교차로안,농기계,남,60세,상해없음,원동기,남,63세,중상
2012102300100479,2012년 10월 23일 17시,화요일,경상북도 영양군 영양읍,경상사고,0,0,1,0,차대차 - 기타,안전운전불이행,건조,맑음,단일로 - 기타,승용,여,44세,상해없음,승용,남,46세,경상
2012102300100535,2012년 10월 23일 18시,화요일,경상북도 포항시 북구 흥해읍,중상사고,0,1,0,0,차대차 - 기타,안전운전불이행,건조,맑음,단일로 - 기타,승용,남,47세,상해없음,자전거,남,15세,중상
2012102300100536,2012년 10월 23일 18시,화요일,경상북도 포항시 북구 장성동,경상사고,0,0,1,0,차대차 - 기타,안전거리미확보,건조,맑음,단일로 - 기타,화물,남,56세,상해없음,승용,남,35세,경상
2012102300100537,2012년 10월 23일 18시,화요일,경상북도 영천시 금호읍,경상사고,0,0,1,0,차대차 - 측면직각충돌,안전운전불이행,건조,맑음,단일로 - 기타,승용,남,41세,상해없음,이륜,남,69세,경상