사고번호,사고일시,요일,시군구,사고내용,사망자수,중상자수,경상자수,부상신고자수,사고유형,법규위반,노면상태,기상상태,도로형태,가해운전자 차종,가해운전자 성별,가해운전자 연령,가해운전자 상해정도,피해운전자 차종,피해운전자 성별,피해운전자 연령,피해운전자 상해정도
2012102600100387,2012년 10월 26일 15시,금요일,경상북도 청송군 부남면,경상사고,0,0,1,0,차대차 - 측면직각충돌,기타,건조,맑음,단일로 - 기타,원동기,남,59세,경상,농기계,남,63세,상해없음
2012102600100423,2012년 10월 26일 16시,금요일,경상북도 포항시 북구 청하면,경상사고,0,0,1,0,차대차 - 추돌 - 진행중,안전거리미확보,건조,맑음,단일로 - 기타,승용,남,37세,상해없음,화물,남,30세,경상
2012102600100424,2012년 10월 26일 16시,금요일,경상북도 안동시 용상동,경상사고,0,0,1,0,차대차 - 기타,안전운전불이행,건조,맑음,기타 - 기타,승용,남,33세,상해없음,자전거,남,68세,경상
2012102600100425,2012년 10월 26일 16시,금요일,경상북도 영천시 신령면,중상사고,0,1,3,0,차대차 - 기타,중앙선침범,건조,맑음,단일로 - 기타,화물,남,48세,경상,승용,남,78세,중상
2012102600100426,2012년 10월 26일 16시,금요일,경상북도 경산시 상방동,경상사고,0,0,1,0,차대차 - 기타,신호위반,건조,맑음,교차로 - 교차로안,승용,여,36세,상해없음,승용,여,28세,경상
2012102600100427,2012년 10월 26일 16시,금요일,경상북도 울진군 후포면,경상사고,0,0,4,0,차대차 - 측면직각충돌,안전운전불이행,건조,맑음,단일로 - 기타,승용,여,55세,경상,승용,여,50세,경상
2012102600100428,2012년 10월 26일 16시,금요일,경상북도 포항시 남구 이동,경상사고,0,0,1,0,차대차 - 측면직각충돌,안전운전불이행,건조,맑음,교차로 - 교차로부근,화물,남,45세,상해없음,승용,남,36세,경상
2012102600100467,2012년 10월 26일 17시,금요일,경상북도 포항시 북구 죽도동,경상사고,0,0,1,0,차대차 - 측면직각충돌,교차로운행방법위반,건조,맑음,단일로 - 기타,승용,남,55세,상해없음,승용,남,43세,경상
2012102600100468,2012년 10월 26일 17시,금요일,경상북도 경산시 와촌면,중상사고,0,1,0,0,차대사람 - 기타,안전운전불이행,건조,맑음,단일로 - 기타,승용,남,51세,상해없음,보행자,여,71세,중상
2012102600100503,2012년 10월 26일 18시,금요일,경상북도 포항시 북구 기계면,경상사고,0,0,8,1,차대차 - 기타,안전운전불이행,건조,맑음,교차로 - 교차로부근,화물,남,68세,상해없음,화물,남,62세,경상
2012102600100504,2012년 10월 26일 18시,금요일,경상북도 상주시 헌신동,사망사고,1,0,0,0,차대차 - 추돌 - 진행중,안전운전불이행,건조,맑음,단일로 - 기타,승용,남,63세,상해없음,농기계,남,71세,상해없음
2012102600100505,2012년 10월 26일 18시,금요일,경상북도 경산시 자인면,중상사고,0,1,0,0,차대차 - 기타,안전운전불이행,건조,맑음,단일로 - 기타,승용,남,51세,상해없음,이륜,남,66세,중상
2012102600100506,2012년 10월 26일 18시,금요일,경상북도 예천군 호명면,경상사고,0,0,1,1,차대차 - 기타,안전운전불이행,건조,맑음,단일로 - 기타,승용,여,28세,부상신고,농기계,남,58세,경상
2012102600100546,2012년 10월 26일 19시,금요일,경상북도 포항시 북구 장성동,경상사고,0,0,1,0,차대차 - 기타,중앙선침범,건조,맑음,단일로 - 기타,승용,남,39세,상해없음,원동기,남,18세,경상
2012102600100547,2012년 10월 26일 19시,금요일,경상북도 영주시 풍기읍,중상사고,0,1,0,0,차대차 - 측면직각충돌,교차로운행방법위반,건조,맑음,교차로 - 교차로안,승용,여,35세,상해없음,승용,남,30세,중상
2012102600100548,2012년 10월 26일 19시,금요일,경상북도 포항시 남구 연일읍,중상사고,0,1,0,0,차대사람 - 기타,안전운전불이행,건조,맑음,교차로 - 교차로안,승용,남,21세,상해없음,보행자,남,43세,중상
2012102600100587,2012년 10월 26일 20시,금요일,경상북도 칠곡군 석적읍,경상사고,0,0,1,0,차량단독 - 기타,안전운전불이행,건조,맑음,단일로 - 기타,승용,여,44세,상해없음,,,,
2012102600100588,2012년 10월 26일 20시,금요일,경상북도 구미시 옥계동,중상사고,0,1,0,0,차대사람 - 기타,안전운전불이행,건조,흐림,단일로 - 기타,화물,남,44세,상해없음,보행자,여,44세,중상
2012102600100589,2012년 10월 26일 20시,금요일,경상북도 김천시 봉산면,사망사고,1,1,0,0,차대차 - 측면직각충돌,안전운전불이행,건조,맑음,단일로 - 기타,승용,기타불명,기타불명,기타불명,승용,남,45세,사망
2012102600100629,2012년 10월 26일 21시,금요일,경상북도 경주시 동천동,경상사고,0,0,1,0,차대차 - 측면직각충돌,교차로운행방법위반,건조,맑음,교차로 - 교차로안,승용,남,44세,상해없음,원동기,여,29세,경상
2012102600100630,2012년 10월 26일 21시,금요일,경상북도 포항시 북구 청하면,경상사고,0,0,1,0,차대차 - 기타,안전운전불이행,건조,맑음,단일로 - 기타,승용,남,37세,기타불명,승용,여,30세,경상
2012102600100657,2012년 10월 26일 22시,금요일,경상북도 경주시 노서동,경상사고,0,0,2,0,차대차 - 측면직각충돌,안전운전불이행,건조,맑음,단일로 - 기타,원동기,남,17세,경상,승용,남,50세,상해없음
2012102600100658,2012년 10월 26일 22시,금요일,경상북도 포항시 북구 장성동,경상사고,0,0,1,0,차대사람 - 기타,안전운전불이행,건조,맑음,단일로 - 기타,원동기,남,19세,상해없음,보행자,여,44세,경상
2012102600100687,2012년 10월 26일 23시,금요일,경상북도 구미시 진평동,중상사고,0,2,1,0,차대차 - 측면직각충돌,직진우회전진행방해,건조,맑음,교차로 - 교차로안,승용,남,46세,경상,승용,남,45세,중상
2012102600100688,2012년 10월 26일 23시,금요일,경상북도 포항시 남구 지곡동,경상사고,0,0,2,0,차대차 - 추돌 - 주정차중,안전운전불이행,건조,맑음,교차로 - 교차로부근,승용,남,41세,상해없음,승용,남,22세,경상
2012102700100016,2012년 10월 27일 00시,토요일,경상북도 포항시 북구 죽도동,중상사고,0,1,0,0,차대차 - 측면직각충돌,교차로운행방법위반,건조,맑음,교차로 - 교차로안,승용,남,54세,상해없음,승합,남,44세,상해없음
2012102700100017,2012년 10월 27일 00시,토요일,경상북도 문경시 유곡동,중상사고,0,4,0,0,차량단독 - 기타,안전운전불이행,습기,비,단일로 - 기타,승합,남,56세,중상,,,,
2012102700100018,2012년 10월 27일 00시,토요일,경상북도 구미시 선산읍,부상신고사고,0,0,0,1,차량단독 - 전도전복,안전운전불이행,건조,맑음,교차로 - 교차로부근,이륜,남,53세,부상신고,,,,
2012102700100045,2012년 10월 27일 01시,토요일,경상북도 의성군 옥산면,중상사고,0,1,0,0,차대사람 - 기타,안전운전불이행,건조,맑음,단일로 - 기타,승용,남,57세,상해없음,보행자,남,31세,중상
2012102700100066,2012년 10월 27일 02시,토요일,경상북도 경산시 압량면,사망사고,2,2,0,0,차대차 - 기타,안전운전불이행,건조,흐림,단일로 - 기타,승용,남,20세,중상,특수,남,46세,중상
2012102700100067,2012년 10월 27일 02시,토요일,경상북도 구미시 옥계동,경상사고,0,0,2,0,차대차 - 측면직각충돌,안전운전불이행,건조,맑음,단일로 - 기타,승용,남,25세,기타불명,승용,남,42세,경상
2012102700100083,2012년 10월 27일 03시,토요일,경상북도 경주시 천북면,경상사고,0,0,1,0,차량단독 - 공작물충돌,안전운전불이행,습기,안개,단일로 - 기타,승용,남,57세,상해없음,,,,
2012102700100124,2012년 10월 27일 05시,토요일,경상북도 경주시 용강동,경상사고,0,0,1,1,차량단독 - 공작물충돌,안전운전불이행,건조,맑음,단일로 - 기타,승용,여,24세,부상신고,,,,
2012102700100156,2012년 10월 27일 06시,토요일,경상북도 경주시 광명동,중상사고,0,1,0,0,차대차 - 측면직각충돌,안전운전불이행,습기,비,교차로 - 교차로부근,화물,남,53세,상해없음,자전거,남,59세,중상
2012102700100193,2012년 10월 27일 08시,토요일,경상북도 의성군 단밀면,경상사고,0,0,2,0,차대차 - 기타,교차로운행방법위반,습기,비,교차로 - 교차로안,화물,남,58세,상해없음,화물,남,59세,경상
2012102700100194,2012년 10월 27일 08시,토요일,경상북도 영천시 완산동,경상사고,0,0,1,0,차대사람 - 횡단중,보행자보호의무위반,습기,비,단일로 - 횡단보도상,화물,남,63세,상해없음,보행자,남,56세,경상
2012102700100195,2012년 10월 27일 08시,토요일,경상북도 문경시 흥덕동,중상사고,0,2,0,0,차대차 - 측면직각충돌,직진우회전진행방해,습기,비,교차로 - 교차로안,승합,남,25세,상해없음,승용,남,47세,중상
2012102700100219,2012년 10월 27일 09시,토요일,경상북도 경주시 배반동,경상사고,0,0,2,0,차대차 - 추돌 - 진행중,안전운전불이행,습기,비,교차로 - 교차로부근,화물,남,68세,상해없음,승용,남,52세,경상
2012102700100220,2012년 10월 27일 09시,토요일,경상북도 칠곡군 약목면,경상사고,0,0,1,0,차대차 - 추돌 - 진행중,안전거리미확보,습기,비,단일로 - 기타,화물,남,44세,상해없음,승용,여,64세,경상
2012102700100221,2012년 10월 27일 09시,토요일,경상북도 경산시 하양읍,경상사고,0,0,1,0,차대차 - 기타,안전운전불이행,습기,비,교차로 - 교차로안,승용,남,23세,상해없음,승합,남,43세,경상
2012102700100222,2012년 10월 27일 09시,토요일,경상북도 경산시 삼남동,중상사고,0,1,0,0,차대차 - 기타,차로위반,건조,맑음,단일로 - 기타,승용,남,23세,상해없음,승용,남,56세,중상
2012102700100223,2012년 10월 27일 09시,토요일,경상북도 성주군 용암면,중상사고,0,2,1,0,차대차 - 정면충돌,직진우회전진행방해,습기,비,교차로 - 교차로안,화물,남,40세,경상,화물,여,57세,중상
2012102700100224,2012년 10월 27일 09시,토요일,경상북도 울진군 온정면,중상사고,0,1,1,0,차대차 - 정면충돌,중앙선침범,습기,비,단일로 - 기타,승용,여,49세,상해없음,승용,남,40세,경상
2012102700100225,2012년 10월 27일 09시,토요일,경상북도 포항시 남구 효자동,경상사고,0,0,2,0,차대차 - 추돌 - 진행중,신호위반,습기,비,교차로 - 교차로안,승용,여,44세,상해없음,승용,남,61세,경상
2012102700100262,2012년 10월 27일 10시,토요일,경상북도 김천시 구성면,경상사고,0,0,1,0,차대차 - 측면직각충돌,중앙선침범,습기,비,단일로 - 기타,승용,여,32세,상해없음,화물,남,56세,경상
2012102700100263,2012년 10월 27일 10시,토요일,경상북도 울진군 온정면,경상사고,0,0,2,0,차대차 - 기타,기타,습기,비,단일로 - 기타,특수,남,35세,상해없음,승용,여,52세,경상
2012102700100264,2012년 10월 27일 10시,토요일,경상북도 구미시 도량동,중상사고,0,1,0,0,차대차 - 측면직각충돌,안전운전불이행,습기,비,단일로 - 기타,승용,남,58세,상해없음,이륜,남,32세,중상
2012102700100299,2012년 10월 27일 11시,토요일,경상북도 경주시 배반동,중상사고,0,6,0,0,차대차 - 기타,중앙선침범,습기,비,단일로 - 기타,화물,남,37세,중상,특수,남,54세,중상
2012102700100300,2012년 10월 27일 11시,토요일,경상북도 의성군 단촌면,경상사고,0,0,2,0,차대차 - 기타,신호위반,습기,비,교차로 - 교차로안,화물,남,60세,상해없음,화물,남,29세,경상
2012102700100411,2012년 10월 27일 14시,토요일,경상북도 포항시 북구 죽도동,경상사고,0,0,1,0,차대차 - 기타,안전운전불이행,습기,비,단일로 - 기타,승용,남,71세,상해없음,원동기,여,55세,경상
2012102700100412,2012년 10월 27일 14시,토요일,경상북도 포항시 북구 용흥동,중상사고,0,1,2,0,차대차 - 기타,안전운전불이행,습기,비,교차로 - 교차로부근,화물,남,59세,상해없음,승용,남,54세,경상
2012102700100413,2012년 10월 27일 14시,토요일,경상북도 상주시 화서면,중상사고,0,1,4,0,차대차 - 추돌 - 주정차중,안전운전불이행,습기,비,교차로 - 교차로부근,화물,남,53세,상해없음,승용,여,46세,경상
2012102700100414,2012년 10월 27일 14시,토요일,경상북도 영주시 가흥동,경상사고,0,0,2,0,차대차 - 측면직각충돌,직진우회전진행방해,습기,비,교차로 - 교차로안,승용,남,62세,경상,승용,남,52세,경상
2012102700100415,2012년 10월 27일 14시,토요일,경상북도 문경시 모전동,경상사고,0,0,1,1,차대차 - 측면직각충돌,기타,습기,비,단일로 - 기타,승용,남,43세,경상,승용,남,46세,부상신고
2012102700100416,2012년 10월 27일 14시,토요일,경상북도 경산시 임당동,경상사고,0,0,2,0,차대차 - 추돌 - 주정차중,안전운전불이행,습기,비,교차로 - 교차로부근,화물,남,47세,상해없음,승용,남,29세,경상
2012102700100446,2012년 10월 27일 15시,토요일,경상북도 경주시 남산동,중상사고,0,1,0,0,차대사람 - 횡단중,보행자보호의무위반,습기,비,단일로 - 기타,승합,남,29세,상해없음,보행자,남,72세,중상
2012102700100447,2012년 10월 27일 15시,토요일,경상북도 구미시 인의동,경상사고,0,0,1,0,차대차 - 측면직각충돌,안전운전불이행,습기,비,교차로 - 교차로부근,승용,남,21세,상해없음,특수,남,37세,경상
2012102700100448,2012년 10월 27일 15시,토요일,경상북도 상주시 화서면,경상사고,0,0,2,0,차대차 - 측면직각충돌,안전운전불이행,건조,맑음,단일로 - 기타,승용,여,57세,상해없음,승용,여,25세,경상
2012102700100494,2012년 10월 27일 16시,토요일,경상북도 안동시 수상동,경상사고,0,0,4,0,차대차 - 측면직각충돌,교차로운행방법위반,습기,비,교차로 - 교차로안,승용,남,47세,상해없음,승용,남,37세,경상
2012102700100495,2012년 10월 27일 16시,토요일,경상북도 경산시 진량읍,중상사고,0,2,0,0,차대차 - 기타,안전운전불이행,습기,비,단일로 - 기타,승용,남,49세,중상,화물,남,27세,중상
2012102700100496,2012년 10월 27일 16시,토요일,경상북도 울진군 북면,경상사고,0,0,2,0,차대차 - 측면직각충돌,중앙선침범,습기,비,교차로 - 교차로부근,승용,여,53세,상해없음,승용,남,40세,경상
2012102700100497,2012년 10월 27일 16시,토요일,경상북도 영양군 입암면,중상사고,0,1,3,0,차대차 - 기타,중앙선침범,습기,흐림,단일로 - 기타,화물,남,57세,경상,승용,남,71세,중상
2012102700100498,2012년 10월 27일 16시,토요일,경상북도 구미시 도량동,중상사고,0,1,0,0,차대차 - 추돌 - 진행중,안전운전불이행,습기,비,교차로 - 교차로안,승용,남,27세,상해없음,승용,여,57세,중상
2012102700100499,2012년 10월 27일 16시,토요일,경상북도 구미시 봉곡동,경상사고,0,0,1,0,차대차 - 측면직각충돌,중앙선침범,건조,맑음,단일로 - 기타,화물,남,56세,상해없음,승용,여,50세,경상
2012102700100532,2012년 10월 27일 17시,토요일,경상북도 문경시 산양면,부상신고사고,0,0,0,1,차대차 - 기타,안전운전불이행,건조,맑음,교차로 - 교차로부근,기타불명,기타불명,기타불명,기타불명,이륜,남,71세,부상신고
2012102700100533,2012년 10월 27일 17시,토요일,경상북도 경산시 삼북동,중상사고,0,1,0,0,차대사람 - 기타,보행자보호의무위반,건조,맑음,교차로 - 교차로안,승용,남,45세,상해없음,보행자,남,12세,중상
2012102700100611,2012년 10월 27일 18시,토요일,경상북도 경주시 보문동,경상사고,0,0,1,0,차량단독 - 공작물충돌,안전운전불이행,습기,비,단일로 - 기타,승합,남,31세,상해없음,,,,
2012102700100612,2012년 10월 27일 18시,토요일,경상북도 경주시 강동면,중상사고,0,1,0,0,차량단독 - 기타,안전운전불이행,습기,비,단일로 - 기타,이륜,남,56세,중상,,,,
2012102700100613,2012년 10월 27일 18시,토요일,경상북도 포항시 북구 죽도동,경상사고,0,0,2,0,차대차 - 기타,안전운전불이행,습기,비,교차로 - 교차로부근,승용,여,58세,상해없음,승용,남,60세,경상
2012102700100614,2012년 10월 27일 18시,토요일,경상북도 김천시 대항면,사망사고,1,0,0,0,차대사람 - 기타,신호위반,습기,비,단일로 - 기타,승용,남,39세,상해없음,보행자,여,87세,사망
2012102700100615,2012년 10월 27일 18시,토요일,경상북도 영주시 봉현면,경상사고,0,0,2,1,차대차 - 추돌 - 진행중,안전운전불이행,건조,맑음,교차로 - 교차로안,승용,남,49세,상해없음,화물,남,55세,경상
2012102700100616,2012년 10월 27일 18시,토요일,경상북도 구미시 신평동,중상사고,0,1,0,0,차대사람 - 횡단중,보행자보호의무위반,습기,흐림,단일로 - 횡단보도상,승용,남,42세,상해없음,보행자,남,59세,중상
2012102700100617,2012년 10월 27일 18시,토요일,경상북도 구미시 형곡동,중상사고,0,3,0,0,차대차 - 기타,중앙선침범,건조,맑음,단일로 - 기타,승용,남,54세,상해없음,승용,여,28세,중상
2012102700100662,2012년 10월 27일 19시,토요일,경상북도 안동시 운흥동,경상사고,0,0,1,0,차대차 - 측면직각충돌,직진우회전진행방해,건조,맑음,교차로 - 교차로안,승용,남,38세,상해없음,승용,여,48세,경상
2012102700100663,2012년 10월 27일 19시,토요일,경상북도 칠곡군 왜관읍,중상사고,0,1,0,0,차대차 - 측면직각충돌,교차로운행방법위반,건조,맑음,교차로 - 교차로안,승용,여,49세,상해없음,이륜,남,17세,중상
2012102700100664,2012년 10월 27일 19시,토요일,경상북도 칠곡군 동명면,중상사고,0,1,1,0,차대차 - 추돌 - 주정차중,안전운전불이행,습기,비,교차로 - 교차로부근,승용,남,58세,상해없음,승용,남,49세,중상
2012102700100665,2012년 10월 27일 19시,토요일,경상북도 울진군 원남면,경상사고,0,0,1,0,차대차 - 측면직각충돌,안전운전불이행,건조,맑음,단일로 - 기타,승용,남,47세,상해없음,승용,남,28세,상해없음
2012102700100666,2012년 10월 27일 19시,토요일,경상북도 포항시 남구 대도동,경상사고,0,0,1,0,차대차 - 측면직각충돌,안전운전불이행,습기,비,교차로 - 교차로부근,승용,남,61세,상해없음,승용,여,54세,경상
2012102700100716,2012년 10월 27일 20시,토요일,경상북도 경주시 조양동,중상사고,0,1,0,0,차대차 - 기타,안전운전불이행,건조,흐림,단일로 - 기타,승용,여,28세,상해없음,승용,여,44세,중상
2012102700100717,2012년 10월 27일 20시,토요일,경상북도 경주시 보문동,경상사고,0,0,1,1,차량단독 - 기타,안전운전불이행,습기,비,단일로 - 기타,승용,남,30세,부상신고,,,,
2012102700100718,2012년 10월 27일 20시,토요일,경상북도 안동시 금곡동,경상사고,0,0,1,0,차대사람 - 횡단중,안전운전불이행,습기,비,기타 - 기타,승용,남,43세,상해없음,보행자,남,61세,경상
2012102700100719,2012년 10월 27일 20시,토요일,경상북도 칠곡군 가산면,중상사고,0,1,0,1,차대차 - 기타,안전운전불이행,습기,맑음,단일로 - 기타,승용,남,39세,부상신고,화물,남,61세,중상
2012102700100720,2012년 10월 27일 20시,토요일,경상북도 경산시 진량읍,중상사고,0,1,1,0,차대차 - 기타,안전운전불이행,건조,맑음,단일로 - 기타,승용,남,22세,상해없음,승용,여,49세,중상
2012102700100772,2012년 10월 27일 21시,토요일,경상북도 구미시 원평동,중상사고,0,1,0,0,차대차 - 측면직각충돌,안전운전불이행,습기,비,단일로 - 기타,이륜,남,17세,기타불명,승용,남,49세,중상
2012102700100773,2012년 10월 27일 21시,토요일,경상북도 포항시 남구 대잠동,경상사고,0,0,3,0,차대차 - 측면직각충돌,안전운전불이행,건조,맑음,교차로 - 교차로안,승용,남,42세,경상,승용,남,51세,경상
2012102700100804,2012년 10월 27일 22시,토요일,경상북도 경주시 황남동,경상사고,0,0,2,0,차대차 - 측면직각충돌,안전운전불이행,습기,비,교차로 - 교차로안,승용,남,63세,상해없음,승용,남,25세,경상
2012102700100805,2012년 10월 27일 22시,토요일,경상북도 경주시 용강동,경상사고,0,0,3,0,차대차 - 측면직각충돌,교차로운행방법위반,건조,맑음,교차로 - 교차로안,화물,남,61세,경상,승용,여,40세,경상
2012102700100806,2012년 10월 27일 22시,토요일,경상북도 포항시 북구 장성동,중상사고,0,1,0,0,차대차 - 측면직각충돌,안전운전불이행,습기,비,단일로 - 기타,승용,여,31세,상해없음,원동기,남,17세,중상
2012102700100838,2012년 10월 27일 23시,토요일,경상북도 문경시 산북면,경상사고,0,0,1,0,차량단독 - 전도전복,기타,건조,흐림,단일로 - 기타,승용,남,61세,경상,,,,
2012102700100839,2012년 10월 27일 23시,토요일,경상북도 구미시 봉곡동,중상사고,0,1,0,0,차대사람 - 기타,안전운전불이행,습기,비,교차로 - 교차로부근,승용,남,24세,상해없음,보행자,여,53세,중상
2012102800100056,2012년 10월 28일 02시,일요일,경상북도 구미시 원평동,중상사고,0,2,2,0,차대차 - 측면직각충돌,신호위반,건조,맑음,단일로 - 기타,승용,남,23세,상해없음,승용,남,48세,경상
2012102800100071,2012년 10월 28일 03시,일요일,경상북도 안동시 태화동,경상사고,0,0,5,0,차대차 - 측면직각충돌,교차로운행방법위반,건조,맑음,교차로 - 교차로안,승용,남,27세,경상,승용,남,21세,경상
2012102800100109,2012년 10월 28일 06시,일요일,경상북도 칠곡군 동명면,경상사고,0,0,1,0,차대차 - 측면직각충돌,신호위반,건조,맑음,교차로 - 교차로안,화물,남,63세,상해없음,승용,남,19세,경상
2012102800100177,2012년 10월 28일 10시,일요일,경상북도 포항시 북구 청하면,경상사고,0,0,4,0,차대차 - 기타,안전운전불이행,건조,맑음,교차로 - 교차로부근,승용,남,47세,상해없음,승용,남,42세,경상
2012102800100178,2012년 10월 28일 10시,일요일,경상북도 안동시 정하동,경상사고,0,0,1,0,차대차 - 기타,안전운전불이행,건조,맑음,기타 - 기타,이륜,기타불명,기타불명,기타불명,자전거,남,15세,경상
2012102800100179,2012년 10월 28일 10시,일요일,경상북도 상주시 공성면,중상사고,0,1,0,0,차대차 - 측면직각충돌,교차로운행방법위반,건조,맑음,교차로 - 교차로안,승용,여,34세,상해없음,원동기,남,74세,중상
2012102800100180,2012년 10월 28일 10시,일요일,경상북도 영덕군 지품면,중상사고,0,1,0,0,차대차 - 기타,안전운전불이행,건조,맑음,단일로 - 기타,농기계,남,79세,중상,화물,남,62세,상해없음
2012102800100204,2012년 10월 28일 11시,일요일,경상북도 상주시 화북면,경상사고,0,0,1,0,차대사람 - 기타,안전운전불이행,건조,맑음,단일로 - 기타,승합,남,51세,상해없음,보행자,여,53세,경상
2012102800100205,2012년 10월 28일 11시,일요일,경상북도 경산시 중산동,경상사고,0,0,4,0,차대차 - 기타,안전운전불이행,건조,맑음,단일로 - 기타,승용,남,36세,상해없음,승용,남,29세,경상
2012102800100206,2012년 10월 28일 11시,일요일,경상북도 성주군 대가면,중상사고,0,2,1,0,차대차 - 추돌 - 주정차중,안전거리미확보,건조,맑음,단일로 - 기타,승합,남,55세,상해없음,승용,남,70세,중상
2012102800100207,2012년 10월 28일 11시,일요일,경상북도 구미시 인의동,경상사고,0,0,1,0,차대사람 - 기타,안전운전불이행,건조,기타,단일로 - 기타,승용,남,35세,기타불명,보행자,남,32세,경상
2012102800100230,2012년 10월 28일 12시,일요일,경상북도 포항시 북구 남빈동,중상사고,0,1,4,0,차대차 - 기타,신호위반,건조,맑음,교차로 - 교차로안,승용,여,46세,상해없음,승용,남,52세,경상
2012102800100231,2012년 10월 28일 12시,일요일,경상북도 청송군 부동면,중상사고,0,2,3,0,차대차 - 추돌 - 진행중,안전운전불이행,건조,맑음,단일로 - 기타,승용,남,55세,상해없음,승용,남,37세,경상
2012102800100258,2012년 10월 28일 13시,일요일,경상북도 경주시 보문동,중상사고,0,1,2,0,차대차 - 추돌 - 주정차중,안전운전불이행,건조,맑음,단일로 - 기타,화물,남,53세,상해없음,승용,남,54세,중상
2012102800100259,2012년 10월 28일 13시,일요일,경상북도 울진군 기성면,중상사고,0,1,0,0,차대차 - 측면직각충돌,안전운전불이행,건조,맑음,단일로 - 기타,승용,남,69세,중상,승합,남,56세,상해없음
2012102800100260,2012년 10월 28일 13시,일요일,경상북도 포항시 남구 인덕동,경상사고,0,0,1,0,차대차 - 추돌 - 진행중,교차로운행방법위반,건조,맑음,교차로 - 교차로안,승용,여,51세,상해없음,원동기,남,51세,경상
2012102800100284,2012년 10월 28일 14시,일요일,경상북도 안동시 풍산읍,중상사고,0,1,0,0,차대차 - 기타,안전운전불이행,건조,맑음,단일로 - 기타,이륜,남,73세,중상,자전거,남,73세,상해없음
2012102800100285,2012년 10월 28일 14시,일요일,경상북도 김천시 부곡동,경상사고,0,0,7,0,차대차 - 측면직각충돌,안전운전불이행,건조,맑음,단일로 - 기타,승용,여,56세,상해없음,승용,여,54세,상해없음
2012102800100286,2012년 10월 28일 14시,일요일,경상북도 상주시 병성동,경상사고,0,0,2,0,차대차 - 추돌 - 진행중,안전거리미확보,건조,맑음,단일로 - 기타,화물,남,57세,상해없음,승용,여,27세,경상
2012102800100326,2012년 10월 28일 15시,일요일,경상북도 경주시 안강읍,중상사고,0,1,0,0,차대차 - 측면직각충돌,중앙선침범,건조,맑음,단일로 - 기타,승용,남,52세,상해없음,이륜,남,21세,중상
2012102800100327,2012년 10월 28일 15시,일요일,경상북도 의성군 의성읍,경상사고,0,0,3,0,차대차 - 기타,안전운전불이행,건조,맑음,단일로 - 기타,승용,여,42세,상해없음,승용,남,32세,경상
2012102800100328,2012년 10월 28일 15시,일요일,경상북도 구미시 원평동,경상사고,0,0,1,0,차대차 - 측면직각충돌,중앙선침범,건조,맑음,단일로 - 기타,자전거,남,12세,경상,승용,여,48세,상해없음
2012102800100329,2012년 10월 28일 15시,일요일,경상북도 구미시 상모동,중상사고,0,1,0,0,차대차 - 측면직각충돌,신호위반,건조,맑음,교차로 - 교차로안,승용,남,41세,상해없음,승용,남,26세,중상
2012102800100330,2012년 10월 28일 15시,일요일,경상북도 포항시 남구 연일읍,경상사고,0,0,4,0,차대차 - 추돌 - 진행중,안전운전불이행,건조,맑음,단일로 - 기타,승합,남,40세,경상,승용,남,46세,경상
2012102800100373,2012년 10월 28일 16시,일요일,경상북도 포항시 북구 장성동,경상사고,0,0,1,0,차대차 - 기타,기타,건조,맑음,단일로 - 기타,승용,남,40세,상해없음,승용,여,34세,경상
2012102800100405,2012년 10월 28일 17시,일요일,경상북도 안동시 예안면,중상사고,0,1,0,0,차대사람 - 기타,안전운전불이행,건조,맑음,단일로 - 기타,승합,남,53세,상해없음,보행자,여,81세,중상
2012102800100406,2012년 10월 28일 17시,일요일,경상북도 영주시 영주동,경상사고,0,0,2,0,차대차 - 측면직각충돌,신호위반,건조,맑음,교차로 - 교차로안,승용,남,59세,상해없음,승용,남,36세,경상
2012102800100450,2012년 10월 28일 18시,일요일,경상북도 경주시 성동동,중상사고,0,1,1,0,차대차 - 측면직각충돌,안전운전불이행,건조,맑음,단일로 - 기타,승용,남,62세,상해없음,승용,남,30세,중상
2012102800100451,2012년 10월 28일 18시,일요일,경상북도 김천시 구성면,경상사고,0,0,2,0,차대차 - 측면직각충돌,안전운전불이행,건조,맑음,단일로 - 기타,화물,남,56세,상해없음,농기계,남,79세,경상
2012102800100452,2012년 10월 28일 18시,일요일,경상북도 상주시 남성동,중상사고,0,1,0,0,차대사람 - 보도통행중,보행자보호의무위반,건조,맑음,교차로 - 교차로안,화물,남,52세,상해없음,보행자,여,44세,중상
2012102800100453,2012년 10월 28일 18시,일요일,경상북도 칠곡군 가산면,경상사고,0,0,1,0,차대차 - 추돌 - 진행중,기타,건조,맑음,교차로 - 교차로부근,승용,여,49세,상해없음,승용,여,29세,경상
2012102800100454,2012년 10월 28일 18시,일요일,경상북도 청도군 풍각면,중상사고,0,1,0,0,차대차 - 기타,안전운전불이행,건조,맑음,단일로 - 기타,화물,남,57세,상해없음,농기계,남,49세,중상