사고번호,사고일시,요일,시군구,사고내용,사망자수,중상자수,경상자수,부상신고자수,사고유형,법규위반,노면상태,기상상태,도로형태,가해운전자 차종,가해운전자 성별,가해운전자 연령,가해운전자 상해정도,피해운전자 차종,피해운전자 성별,피해운전자 연령,피해운전자 상해정도
2012103100100234,2012년 10월 31일 12시,수요일,경상북도 구미시 공단동,경상사고,0,0,1,0,차대차 - 추돌 - 주정차중,안전운전불이행,건조,맑음,단일로 - 교량,승용,남,24세,상해없음,승용,남,27세,경상
2012103100100253,2012년 10월 31일 13시,수요일,경상북도 포항시 남구 오천읍,중상사고,0,1,0,0,차대차 - 측면직각충돌,안전운전불이행,건조,맑음,단일로 - 기타,화물,남,57세,상해없음,원동기,남,45세,중상
2012103100100308,2012년 10월 31일 15시,수요일,경상북도 안동시 당북동,경상사고,0,0,2,0,차대차 - 측면직각충돌,과속,건조,맑음,교차로 - 교차로부근,화물,남,32세,상해없음,승용,남,70세,경상
2012103100100309,2012년 10월 31일 15시,수요일,경상북도 안동시 남문동,부상신고사고,0,0,0,1,차대차 - 측면직각충돌,직진우회전진행방해,건조,맑음,교차로 - 교차로안,화물,남,60세,상해없음,승용,남,55세,상해없음
2012103100100310,2012년 10월 31일 15시,수요일,경상북도 성주군 성주읍,경상사고,0,0,2,0,차대차 - 측면직각충돌,안전운전불이행,건조,맑음,단일로 - 기타,승용,남,48세,경상,승용,남,29세,경상
2012103100100311,2012년 10월 31일 15시,수요일,경상북도 청송군 진보면,중상사고,0,1,0,0,차대차 - 측면직각충돌,안전운전불이행,건조,맑음,단일로 - 교량,승용,남,26세,상해없음,이륜,남,77세,중상
2012103100100312,2012년 10월 31일 15시,수요일,경상북도 구미시 형곡동,경상사고,0,0,1,0,차대차 - 측면직각충돌,교차로운행방법위반,건조,맑음,교차로 - 교차로안,승용,여,44세,기타불명,승용,여,38세,경상
2012103100100339,2012년 10월 31일 16시,수요일,경상북도 의성군 점곡면,경상사고,0,0,2,0,차대차 - 정면충돌,중앙선침범,건조,맑음,단일로 - 기타,특수,남,59세,상해없음,승용,여,65세,경상
2012103100100340,2012년 10월 31일 16시,수요일,경상북도 울진군 북면,중상사고,0,1,0,0,차대사람 - 기타,안전운전불이행,건조,맑음,기타 - 기타,승용,여,37세,상해없음,보행자,여,8세,중상
2012103100100341,2012년 10월 31일 16시,수요일,경상북도 구미시 시미동,경상사고,0,0,1,1,차대차 - 측면직각충돌,안전운전불이행,건조,맑음,단일로 - 기타,승용,남,24세,부상신고,화물,남,18세,경상
2012103100100381,2012년 10월 31일 17시,수요일,경상북도 포항시 북구 두호동,경상사고,0,0,2,0,차대차 - 추돌 - 주정차중,안전거리미확보,건조,맑음,교차로 - 교차로부근,승용,여,49세,상해없음,승용,남,30세,경상
2012103100100382,2012년 10월 31일 17시,수요일,경상북도 김천시 응명동,중상사고,0,1,0,0,차대차 - 측면직각충돌,중앙선침범,건조,맑음,단일로 - 기타,승용,남,23세,상해없음,승용,남,51세,중상
2012103100100383,2012년 10월 31일 17시,수요일,경상북도 칠곡군 왜관읍,부상신고사고,0,0,0,1,차대차 - 정면충돌,안전운전불이행,건조,맑음,교차로 - 교차로부근,이륜,여,33세,부상신고,승용,남,58세,상해없음
2012103100100450,2012년 10월 31일 18시,수요일,경상북도 포항시 북구 흥해읍,중상사고,0,1,0,0,차대차 - 측면직각충돌,교차로운행방법위반,건조,맑음,교차로 - 교차로안,승용,남,52세,상해없음,승용,남,56세,중상
2012103100100451,2012년 10월 31일 18시,수요일,경상북도 상주시 공성면,중상사고,0,1,0,0,차대차 - 기타,교차로운행방법위반,건조,맑음,교차로 - 교차로안,화물,남,45세,상해없음,자전거,여,60세,중상
2012103100100452,2012년 10월 31일 18시,수요일,경상북도 칠곡군 북삼읍,경상사고,0,0,1,0,차대차 - 정면충돌,안전운전불이행,건조,맑음,교차로 - 교차로안,화물,남,53세,상해없음,이륜,남,36세,경상
2012103100100453,2012년 10월 31일 18시,수요일,경상북도 구미시 고아읍,경상사고,0,0,1,0,차대차 - 측면직각충돌,안전운전불이행,건조,맑음,단일로 - 기타,화물,남,74세,상해없음,승용,남,51세,경상
2012103100100454,2012년 10월 31일 18시,수요일,경상북도 구미시 지산동,경상사고,0,0,3,0,차대차 - 추돌 - 주정차중,안전운전불이행,건조,맑음,단일로 - 기타,승용,남,44세,상해없음,승용,남,32세,경상
2012103100100508,2012년 10월 31일 19시,수요일,경상북도 경주시 내남면,중상사고,0,1,1,0,차대차 - 측면직각충돌,신호위반,건조,맑음,단일로 - 기타,승용,여,53세,상해없음,화물,남,56세,상해없음
2012103100100509,2012년 10월 31일 19시,수요일,경상북도 상주시 모서면,사망사고,1,0,0,0,차대사람 - 횡단중,안전운전불이행,건조,맑음,교차로 - 교차로안,화물,남,52세,상해없음,보행자,여,79세,사망
2012103100100510,2012년 10월 31일 19시,수요일,경상북도 경산시 사정동,중상사고,0,1,0,0,차대사람 - 기타,안전운전불이행,건조,맑음,단일로 - 기타,기타불명,기타불명,기타불명,기타불명,보행자,남,70세,중상
2012103100100545,2012년 10월 31일 20시,수요일,경상북도 김천시 교동,경상사고,0,0,1,0,차대차 - 측면직각충돌,안전운전불이행,건조,맑음,단일로 - 기타,승용,남,19세,상해없음,승용,여,35세,경상
2012103100100546,2012년 10월 31일 20시,수요일,경상북도 구미시 원평동,경상사고,0,0,1,0,차대사람 - 기타,안전운전불이행,건조,맑음,단일로 - 기타,승용,남,46세,상해없음,보행자,남,52세,경상
2012103100100584,2012년 10월 31일 21시,수요일,경상북도 구미시 옥계동,경상사고,0,0,1,0,차대차 - 측면직각충돌,교차로운행방법위반,건조,맑음,교차로 - 교차로안,승용,남,51세,상해없음,이륜,남,34세,경상
2012103100100585,2012년 10월 31일 21시,수요일,경상북도 구미시 구포동,중상사고,0,1,0,0,차대차 - 측면직각충돌,직진우회전진행방해,습기,비,교차로 - 교차로안,승용,여,54세,상해없음,이륜,남,64세,중상
2012103100100622,2012년 10월 31일 22시,수요일,경상북도 경주시 황성동,중상사고,0,1,0,0,차대차 - 추돌 - 주정차중,안전운전불이행,건조,맑음,교차로 - 교차로부근,승용,남,50세,상해없음,승용,남,46세,중상
2012103100100623,2012년 10월 31일 22시,수요일,경상북도 구미시 인의동,경상사고,0,0,1,0,차대차 - 추돌 - 주정차중,안전운전불이행,건조,맑음,교차로 - 교차로부근,승용,여,38세,상해없음,승용,남,28세,상해없음
2012103100100659,2012년 10월 31일 23시,수요일,경상북도 경산시 조영동,중상사고,0,2,0,0,차대차 - 기타,안전운전불이행,건조,맑음,단일로 - 기타,승용,남,30세,상해없음,승용,남,31세,중상
2012103100100660,2012년 10월 31일 23시,수요일,경상북도 포항시 남구 동촌동,경상사고,0,0,1,0,차대차 - 추돌 - 주정차중,안전운전불이행,건조,맑음,단일로 - 기타,승용,남,27세,상해없음,승용,남,55세,상해없음
2012103100100661,2012년 10월 31일 23시,수요일,경상북도 포항시 남구 이동,경상사고,0,0,1,0,차대차 - 추돌 - 진행중,교차로운행방법위반,건조,맑음,교차로 - 교차로부근,승용,여,40세,상해없음,원동기,남,18세,경상
2012110100100016,2012년 11월 1일 00시,목요일,경상북도 구미시 옥계동,경상사고,0,0,1,0,차대차 - 기타,신호위반,건조,맑음,교차로 - 교차로안,승용,여,47세,상해없음,승용,여,43세,상해없음
2012110100100061,2012년 11월 1일 03시,목요일,경상북도 포항시 북구 흥해읍,사망사고,1,0,0,0,차대사람 - 기타,안전운전불이행,건조,맑음,단일로 - 기타,승용,남,58세,상해없음,보행자,남,75세,사망
2012110100100062,2012년 11월 1일 03시,목요일,경상북도 포항시 남구 효자동,경상사고,0,0,2,0,차대차 - 추돌 - 주정차중,안전운전불이행,건조,맑음,교차로 - 교차로부근,승용,남,30세,상해없음,승용,남,38세,경상
2012110100100079,2012년 11월 1일 05시,목요일,경상북도 포항시 남구 대잠동,경상사고,0,0,1,0,차대차 - 추돌 - 진행중,안전운전불이행,건조,맑음,단일로 - 기타,승용,남,33세,경상,건설기계,남,32세,상해없음
2012110100100153,2012년 11월 1일 08시,목요일,경상북도 구미시 사곡동,경상사고,0,0,1,1,차대차 - 측면직각충돌,안전운전불이행,건조,맑음,단일로 - 기타,승용,여,42세,부상신고,승용,남,35세,경상
2012110100100180,2012년 11월 1일 09시,목요일,경상북도 의성군 다인면,사망사고,1,0,0,0,차량단독 - 전도전복,안전운전불이행,건조,맑음,단일로 - 기타,이륜,남,70세,상해없음,,,,
2012110100100181,2012년 11월 1일 09시,목요일,경상북도 울진군 울진읍,중상사고,0,6,9,0,차대차 - 추돌 - 진행중,안전운전불이행,건조,맑음,단일로 - 기타,화물,남,47세,상해없음,승합,남,30세,경상
2012110100100216,2012년 11월 1일 10시,목요일,경상북도 경주시 용강동,경상사고,0,0,2,0,차대차 - 측면직각충돌,안전운전불이행,건조,맑음,단일로 - 기타,승용,여,39세,경상,승용,남,49세,경상
2012110100100217,2012년 11월 1일 10시,목요일,경상북도 경주시 도지동,경상사고,0,0,1,0,차대차 - 추돌 - 진행중,안전운전불이행,기타,안개,단일로 - 기타,승용,남,51세,상해없음,승용,남,29세,경상
2012110100100218,2012년 11월 1일 10시,목요일,경상북도 영주시 상망동,중상사고,0,1,1,0,차대차 - 측면직각충돌,직진우회전진행방해,건조,맑음,교차로 - 교차로안,화물,여,59세,중상,승용,남,59세,경상
2012110100100219,2012년 11월 1일 10시,목요일,경상북도 구미시 무을면,중상사고,0,1,4,0,차대차 - 측면직각충돌,교차로운행방법위반,건조,맑음,교차로 - 교차로안,화물,남,64세,경상,화물,남,58세,경상
2012110100100246,2012년 11월 1일 11시,목요일,경상북도 경주시 안강읍,경상사고,0,0,1,0,차량단독 - 기타,안전운전불이행,건조,맑음,단일로 - 기타,화물,남,31세,경상,,,,
2012110100100247,2012년 11월 1일 11시,목요일,경상북도 상주시 내서면,중상사고,0,2,0,0,차대차 - 측면직각충돌,교차로운행방법위반,건조,맑음,교차로 - 교차로안,승합,남,39세,중상,건설기계,남,46세,상해없음
2012110100100248,2012년 11월 1일 11시,목요일,경상북도 포항시 남구 송도동,중상사고,0,1,0,0,차대사람 - 기타,안전운전불이행,건조,맑음,단일로 - 기타,승용,여,61세,상해없음,보행자,여,63세,중상
2012110100100307,2012년 11월 1일 13시,목요일,경상북도 경주시 배반동,중상사고,0,1,0,0,차대차 - 측면직각충돌,차로위반,건조,맑음,단일로 - 기타,승용,남,44세,상해없음,승용,여,22세,중상
2012110100100308,2012년 11월 1일 13시,목요일,경상북도 상주시 무양동,경상사고,0,0,1,0,차대차 - 측면직각충돌,교차로운행방법위반,건조,맑음,교차로 - 교차로안,승용,남,47세,상해없음,화물,남,65세,경상
2012110100100309,2012년 11월 1일 13시,목요일,경상북도 구미시 광평동,중상사고,0,1,2,0,차대차 - 측면직각충돌,신호위반,건조,맑음,교차로 - 교차로부근,이륜,남,17세,중상,승합,여,32세,경상
2012110100100332,2012년 11월 1일 14시,목요일,경상북도 경주시 사정동,경상사고,0,0,1,0,차대차 - 측면직각충돌,안전운전불이행,건조,맑음,단일로 - 기타,승용,남,49세,상해없음,승용,남,44세,경상
2012110100100333,2012년 11월 1일 14시,목요일,경상북도 구미시 광평동,중상사고,0,1,1,0,차대차 - 측면직각충돌,안전운전불이행,건조,맑음,기타 - 기타,승용,남,55세,상해없음,승용,남,42세,경상
2012110100100352,2012년 11월 1일 15시,목요일,경상북도 문경시 산북면,중상사고,0,1,2,0,차량단독 - 공작물충돌,안전운전불이행,건조,맑음,단일로 - 기타,승합,남,36세,상해없음,,,,
2012110100100389,2012년 11월 1일 16시,목요일,경상북도 경주시 안강읍,경상사고,0,0,1,0,차대차 - 기타,안전운전불이행,건조,맑음,교차로 - 교차로안,승용,남,68세,상해없음,이륜,남,45세,경상
2012110100100429,2012년 11월 1일 17시,목요일,경상북도 경산시 하양읍,경상사고,0,0,3,0,차대차 - 기타,신호위반,건조,맑음,교차로 - 교차로안,승용,남,44세,상해없음,승용,남,59세,경상
2012110100100430,2012년 11월 1일 17시,목요일,경상북도 예천군 풍양면,사망사고,1,0,0,0,차량단독 - 공작물충돌,안전운전불이행,건조,맑음,단일로 - 기타,승용,남,38세,사망,,,,
2012110100100487,2012년 11월 1일 18시,목요일,경상북도 안동시 안막동,경상사고,0,0,1,0,차대사람 - 횡단중,보행자보호의무위반,건조,맑음,교차로 - 교차로부근,승용,여,43세,상해없음,보행자,여,35세,경상
2012110100100488,2012년 11월 1일 18시,목요일,경상북도 김천시 농소면,사망사고,1,0,0,0,차대사람 - 보도통행중,신호위반,건조,맑음,단일로 - 기타,승용,남,58세,상해없음,보행자,여,23세,사망
2012110100100489,2012년 11월 1일 18시,목요일,경상북도 의성군 의성읍,경상사고,0,0,1,0,차대차 - 기타,신호위반,건조,맑음,교차로 - 교차로안,승용,남,48세,상해없음,승용,남,49세,경상
2012110100100490,2012년 11월 1일 18시,목요일,경상북도 구미시 옥계동,경상사고,0,0,1,0,차대차 - 측면직각충돌,안전운전불이행,건조,맑음,단일로 - 기타,화물,남,48세,상해없음,이륜,남,34세,경상
2012110100100491,2012년 11월 1일 18시,목요일,경상북도 구미시 진평동,경상사고,0,0,1,0,차대차 - 추돌 - 진행중,안전거리미확보,건조,맑음,단일로 - 기타,승용,남,25세,상해없음,승용,남,42세,경상
2012110100100539,2012년 11월 1일 19시,목요일,경상북도 영덕군 강구면,중상사고,0,2,0,0,차대차 - 추돌 - 주정차중,안전운전불이행,건조,맑음,교차로 - 교차로부근,승용,여,46세,상해없음,승용,남,35세,상해없음
2012110100100540,2012년 11월 1일 19시,목요일,경상북도 울진군 울진읍,중상사고,0,1,0,0,차대차 - 측면직각충돌,안전운전불이행,건조,맑음,단일로 - 기타,승용,남,51세,상해없음,이륜,남,68세,중상
2012110100100577,2012년 11월 1일 20시,목요일,경상북도 칠곡군 왜관읍,중상사고,0,1,1,0,차대차 - 추돌 - 진행중,안전운전불이행,건조,맑음,단일로 - 기타,승용,남,31세,상해없음,승합,남,63세,경상
2012110100100578,2012년 11월 1일 20시,목요일,경상북도 경산시 정평동,경상사고,0,0,1,0,차대차 - 기타,교차로운행방법위반,건조,맑음,교차로 - 교차로안,이륜,남,23세,상해없음,승용,여,42세,경상
2012110100100579,2012년 11월 1일 20시,목요일,경상북도 구미시 구평동,중상사고,0,1,0,0,차대차 - 측면직각충돌,안전운전불이행,건조,맑음,교차로 - 교차로부근,승용,남,55세,상해없음,화물,남,56세,중상
2012110100100641,2012년 11월 1일 22시,목요일,경상북도 영주시 하망동,경상사고,0,0,1,0,차량단독 - 기타,안전운전불이행,건조,맑음,교차로 - 교차로안,승용,남,69세,상해없음,,,,
2012110100100642,2012년 11월 1일 22시,목요일,경상북도 영양군 영양읍,중상사고,0,1,0,0,차대차 - 기타,직진우회전진행방해,건조,맑음,교차로 - 교차로안,승용,남,41세,상해없음,승용,여,52세,중상
2012110100100643,2012년 11월 1일 22시,목요일,경상북도 구미시 진평동,경상사고,0,0,1,0,차대사람 - 횡단중,안전운전불이행,건조,맑음,교차로 - 교차로부근,승용,남,36세,상해없음,보행자,남,29세,경상
2012110100100644,2012년 11월 1일 22시,목요일,경상북도 구미시 임은동,경상사고,0,0,2,0,차대차 - 측면직각충돌,신호위반,건조,맑음,교차로 - 교차로안,승용,남,47세,상해없음,승용,남,19세,경상
2012110200100030,2012년 11월 2일 01시,금요일,경상북도 영주시 휴천동,중상사고,0,1,0,0,차대사람 - 횡단중,안전운전불이행,건조,맑음,교차로 - 교차로부근,승용,남,65세,상해없음,보행자,남,52세,중상
2012110200100049,2012년 11월 2일 03시,금요일,경상북도 구미시 진평동,경상사고,0,0,1,0,차대차 - 측면직각충돌,안전운전불이행,건조,맑음,교차로 - 교차로안,이륜,남,22세,경상,승용,여,26세,기타불명
2012110200100050,2012년 11월 2일 03시,금요일,경상북도 포항시 남구 연일읍,경상사고,0,0,1,0,차대차 - 추돌 - 주정차중,안전운전불이행,건조,맑음,단일로 - 기타,승용,남,23세,경상,특수,남,46세,기타불명
2012110200100061,2012년 11월 2일 05시,금요일,경상북도 구미시 진평동,경상사고,0,0,1,0,차대사람 - 횡단중,안전운전불이행,건조,맑음,교차로 - 교차로부근,화물,남,62세,상해없음,보행자,여,23세,경상
2012110200100102,2012년 11월 2일 07시,금요일,경상북도 경산시 계양동,중상사고,0,1,0,0,차대차 - 측면직각충돌,교차로운행방법위반,건조,맑음,교차로 - 교차로안,승용,남,60세,상해없음,화물,남,38세,중상
2012110200100103,2012년 11월 2일 07시,금요일,경상북도 영주시 휴천동,경상사고,0,0,1,0,차대차 - 추돌 - 진행중,안전운전불이행,건조,맑음,교차로 - 교차로안,화물,남,33세,상해없음,승합,남,48세,경상
2012110200100137,2012년 11월 2일 08시,금요일,경상북도 포항시 북구 양덕동,부상신고사고,0,0,0,1,차대차 - 추돌 - 주정차중,안전거리미확보,건조,맑음,단일로 - 기타,화물,남,49세,상해없음,승용,여,49세,부상신고
2012110200100138,2012년 11월 2일 08시,금요일,경상북도 고령군 운수면,중상사고,0,1,0,0,차대차 - 추돌 - 진행중,안전거리미확보,건조,맑음,단일로 - 기타,화물,남,39세,상해없음,화물,남,53세,중상
2012110200100177,2012년 11월 2일 09시,금요일,경상북도 상주시 화서면,중상사고,0,1,0,0,차대차 - 측면직각충돌,교차로운행방법위반,건조,맑음,교차로 - 교차로안,승합,여,42세,상해없음,이륜,남,66세,상해없음
2012110200100207,2012년 11월 2일 10시,금요일,경상북도 경주시 내남면,중상사고,0,1,0,0,차량단독 - 도로외이탈 - 추락,안전운전불이행,건조,맑음,미분류 - 미분류,승용,여,51세,중상,,,,
2012110200100208,2012년 11월 2일 10시,금요일,경상북도 영주시 풍기읍,경상사고,0,0,1,0,차대차 - 추돌 - 주정차중,안전운전불이행,건조,맑음,단일로 - 터널,자전거,남,90세 이상,경상,농기계,남,90세 이상,기타불명
2012110200100209,2012년 11월 2일 10시,금요일,경상북도 영주시 가흥동,경상사고,0,0,5,0,차대차 - 측면직각충돌,직진우회전진행방해,건조,맑음,교차로 - 교차로안,승용,여,26세,경상,승용,남,39세,경상
2012110200100238,2012년 11월 2일 11시,금요일,경상북도 경주시 용강동,중상사고,0,1,0,0,차대사람 - 기타,안전운전불이행,건조,맑음,기타 - 기타,승용,여,40세,상해없음,보행자,남,7세,중상
2012110200100239,2012년 11월 2일 11시,금요일,경상북도 김천시 황금동,경상사고,0,0,1,0,차대사람 - 기타,안전운전불이행,건조,맑음,교차로 - 교차로안,승용,여,63세,상해없음,보행자,여,74세,경상
2012110200100240,2012년 11월 2일 11시,금요일,경상북도 문경시 문경읍,중상사고,0,4,0,0,차대차 - 추돌 - 진행중,안전운전불이행,건조,맑음,단일로 - 기타,화물,남,49세,중상,화물,남,63세,중상
2012110200100276,2012년 11월 2일 12시,금요일,경상북도 경주시 양남면,중상사고,0,1,1,0,차대차 - 측면직각충돌,안전운전불이행,건조,맑음,교차로 - 교차로안,승용,남,31세,상해없음,승용,남,52세,경상
2012110200100277,2012년 11월 2일 12시,금요일,경상북도 구미시 장천면,경상사고,0,0,1,0,차대차 - 기타,불법유턴,건조,맑음,단일로 - 기타,건설기계,남,39세,상해없음,승용,여,41세,경상
2012110200100339,2012년 11월 2일 14시,금요일,경상북도 경주시 사정동,중상사고,0,1,0,0,차대차 - 측면직각충돌,안전운전불이행,건조,맑음,단일로 - 기타,승용,남,22세,상해없음,승용,남,68세,중상
2012110200100340,2012년 11월 2일 14시,금요일,경상북도 의성군 의성읍,경상사고,0,0,1,0,차대차 - 기타,교차로운행방법위반,건조,맑음,교차로 - 교차로안,화물,남,46세,상해없음,원동기,남,57세,경상
2012110200100375,2012년 11월 2일 15시,금요일,경상북도 경주시 성건동,경상사고,0,0,1,0,차대사람 - 기타,안전운전불이행,건조,맑음,단일로 - 기타,승용,여,54세,상해없음,보행자,여,43세,경상
2012110200100376,2012년 11월 2일 15시,금요일,경상북도 구미시 광평동,중상사고,0,1,0,0,차대차 - 측면직각충돌,교차로운행방법위반,건조,맑음,교차로 - 교차로안,승합,남,49세,상해없음,승용,여,40세,중상
2012110200100405,2012년 11월 2일 16시,금요일,경상북도 상주시 신봉동,중상사고,0,2,0,0,차대차 - 추돌 - 주정차중,안전운전불이행,건조,맑음,단일로 - 기타,승용,여,41세,상해없음,승용,여,53세,중상
2012110200100406,2012년 11월 2일 16시,금요일,경상북도 경산시 중방동,중상사고,0,1,0,0,차대차 - 기타,안전운전불이행,건조,맑음,단일로 - 기타,승용,남,29세,상해없음,이륜,남,52세,중상
2012110200100439,2012년 11월 2일 17시,금요일,경상북도 포항시 북구 장성동,중상사고,0,1,0,0,차대차 - 추돌 - 진행중,중앙선침범,건조,맑음,단일로 - 기타,승용,여,40세,상해없음,원동기,남,40세,중상
2012110200100440,2012년 11월 2일 17시,금요일,경상북도 안동시 풍산읍,경상사고,0,0,1,0,차대차 - 추돌 - 진행중,안전운전불이행,건조,맑음,교차로 - 교차로부근,화물,남,66세,상해없음,승용,여,46세,경상
2012110200100441,2012년 11월 2일 17시,금요일,경상북도 문경시 산양면,중상사고,0,2,2,0,차대차 - 측면직각충돌,신호위반,건조,맑음,교차로 - 교차로안,승용,남,61세,경상,승용,남,26세,중상
2012110200100442,2012년 11월 2일 17시,금요일,경상북도 경산시 조영동,중상사고,0,1,0,0,차대사람 - 기타,안전운전불이행,건조,맑음,교차로 - 교차로안,승용,여,43세,상해없음,보행자,남,17세,중상
2012110200100443,2012년 11월 2일 17시,금요일,경상북도 포항시 남구 해도동,경상사고,0,0,1,0,차대차 - 추돌 - 진행중,안전운전불이행,건조,맑음,단일로 - 횡단보도부근,화물,남,44세,상해없음,승용,남,50세,경상
2012110200100500,2012년 11월 2일 18시,금요일,경상북도 칠곡군 동명면,중상사고,0,1,0,0,차대차 - 기타,안전운전불이행,건조,맑음,교차로 - 교차로안,승용,남,56세,상해없음,이륜,남,54세,중상
2012110200100554,2012년 11월 2일 19시,금요일,경상북도 경주시 충효동,경상사고,0,0,1,0,차대차 - 기타,신호위반,건조,맑음,교차로 - 교차로안,승용,남,22세,상해없음,승용,남,34세,경상
2012110200100555,2012년 11월 2일 19시,금요일,경상북도 안동시 옥야동,경상사고,0,0,1,0,차대사람 - 기타,보행자보호의무위반,건조,맑음,교차로 - 교차로안,기타불명,기타불명,기타불명,기타불명,보행자,여,26세,경상
2012110200100556,2012년 11월 2일 19시,금요일,경상북도 경산시 백천동,중상사고,0,1,0,0,차대차 - 기타,신호위반,건조,기타,교차로 - 교차로부근,승용,여,30세,상해없음,이륜,남,43세,중상
2012110200100557,2012년 11월 2일 19시,금요일,경상북도 포항시 남구 상도동,중상사고,0,1,0,1,차대사람 - 기타,안전운전불이행,건조,맑음,단일로 - 기타,승용,남,42세,상해없음,보행자,남,13세,중상
2012110200100603,2012년 11월 2일 20시,금요일,경상북도 경주시 시래동,경상사고,0,0,4,0,차대차 - 측면직각충돌,안전운전불이행,건조,맑음,단일로 - 기타,화물,남,75세,상해없음,승용,남,50세,경상
2012110200100604,2012년 11월 2일 20시,금요일,경상북도 안동시 법흥동,부상신고사고,0,0,0,1,차대차 - 기타,안전운전불이행,건조,맑음,단일로 - 기타,승용,여,55세,상해없음,승용,남,38세,부상신고
2012110200100605,2012년 11월 2일 20시,금요일,경상북도 안동시 당북동,중상사고,0,1,0,0,차대사람 - 기타,안전운전불이행,건조,맑음,단일로 - 횡단보도상,승용,여,39세,상해없음,보행자,남,55세,중상
2012110200100606,2012년 11월 2일 20시,금요일,경상북도 영주시 영주동,경상사고,0,0,1,0,차대사람 - 기타,보행자보호의무위반,건조,맑음,교차로 - 교차로안,승용,남,54세,상해없음,보행자,여,49세,경상
2012110200100607,2012년 11월 2일 20시,금요일,경상북도 울진군 후포면,경상사고,0,0,1,0,차대차 - 추돌 - 진행중,안전운전불이행,건조,맑음,단일로 - 기타,화물,남,56세,상해없음,특수,남,42세,경상
2012110200100640,2012년 11월 2일 21시,금요일,경상북도 안동시 옥야동,중상사고,0,1,0,0,차대사람 - 기타,안전운전불이행,건조,맑음,교차로 - 교차로안,승용,남,71세,상해없음,보행자,여,54세,중상
2012110200100641,2012년 11월 2일 21시,금요일,경상북도 칠곡군 약목면,경상사고,0,0,1,0,차대차 - 추돌 - 진행중,안전거리미확보,건조,맑음,단일로 - 기타,승용,남,26세,상해없음,승용,남,31세,경상
2012110200100642,2012년 11월 2일 21시,금요일,경상북도 칠곡군 약목면,부상신고사고,0,0,0,1,차량단독 - 공작물충돌,안전운전불이행,건조,맑음,단일로 - 기타,승용,남,35세,부상신고,,,,
2012110200100643,2012년 11월 2일 21시,금요일,경상북도 구미시 고아읍,중상사고,0,1,1,0,차대차 - 추돌 - 진행중,안전운전불이행,건조,맑음,단일로 - 기타,승용,여,58세,상해없음,자전거,여,35세,중상
2012110200100675,2012년 11월 2일 22시,금요일,경상북도 영주시 가흥동,경상사고,0,0,2,0,차대차 - 추돌 - 진행중,안전운전불이행,건조,맑음,교차로 - 교차로부근,승용,남,39세,상해없음,승용,남,53세,경상
2012110300100020,2012년 11월 3일 00시,토요일,경상북도 경주시 배반동,중상사고,0,1,0,0,차량단독 - 공작물충돌,안전운전불이행,건조,맑음,단일로 - 기타,승용,남,37세,중상,,,,
2012110300100021,2012년 11월 3일 00시,토요일,경상북도 포항시 북구 죽도동,중상사고,0,3,1,0,차대차 - 기타,안전운전불이행,건조,맑음,단일로 - 기타,승용,남,35세,상해없음,승용,남,44세,중상
2012110300100045,2012년 11월 3일 01시,토요일,경상북도 포항시 북구 죽도동,경상사고,0,0,1,0,차대사람 - 기타,안전운전불이행,건조,맑음,단일로 - 기타,기타불명,기타불명,기타불명,기타불명,보행자,남,40세,경상
2012110300100046,2012년 11월 3일 01시,토요일,경상북도 김천시 지좌동,경상사고,0,0,1,0,차대차 - 측면직각충돌,중앙선침범,건조,맑음,단일로 - 기타,승용,남,45세,상해없음,화물,남,59세,경상
2012110300100047,2012년 11월 3일 01시,토요일,경상북도 경산시 하양읍,경상사고,0,0,3,0,차대차 - 기타,안전운전불이행,건조,맑음,단일로 - 기타,승용,남,35세,상해없음,승용,남,22세,경상
2012110300100062,2012년 11월 3일 02시,토요일,경상북도 예천군 보문면,사망사고,1,6,12,3,차대차 - 추돌 - 진행중,안전운전불이행,건조,맑음,단일로 - 기타,승합,남,53세,사망,화물,남,54세,상해없음
2012110300100131,2012년 11월 3일 06시,토요일,경상북도 김천시 양천동,사망사고,1,3,1,0,차대차 - 측면직각충돌,안전운전불이행,건조,맑음,단일로 - 기타,화물,남,59세,상해없음,농기계,남,67세,사망
2012110300100132,2012년 11월 3일 06시,토요일,경상북도 영양군 입암면,중상사고,0,1,1,0,차대차 - 추돌 - 진행중,안전운전불이행,건조,맑음,단일로 - 기타,화물,남,69세,경상,농기계,남,63세,중상
2012110300100152,2012년 11월 3일 07시,토요일,경상북도 포항시 북구 송라면,중상사고,0,4,0,0,차대차 - 기타,교차로운행방법위반,건조,맑음,교차로 - 교차로안,승합,남,65세,상해없음,화물,남,69세,중상
2012110300100153,2012년 11월 3일 07시,토요일,경상북도 김천시 황금동,경상사고,0,0,1,0,차대차 - 측면직각충돌,안전운전불이행,건조,맑음,단일로 - 기타,승용,여,67세,상해없음,화물,남,55세,경상
2012110300100154,2012년 11월 3일 07시,토요일,경상북도 의성군 의성읍,경상사고,0,0,1,0,차대사람 - 기타,보행자보호의무위반,건조,맑음,교차로 - 교차로안,화물,남,53세,상해없음,보행자,남,54세,경상
2012110300100155,2012년 11월 3일 07시,토요일,경상북도 경산시 자인면,경상사고,0,0,1,0,차대차 - 기타,신호위반,건조,맑음,교차로 - 교차로안,승용,남,32세,상해없음,승용,남,66세,경상