사고번호,사고일시,요일,시군구,사고내용,사망자수,중상자수,경상자수,부상신고자수,사고유형,법규위반,노면상태,기상상태,도로형태,가해운전자 차종,가해운전자 성별,가해운전자 연령,가해운전자 상해정도,피해운전자 차종,피해운전자 성별,피해운전자 연령,피해운전자 상해정도
2012110300100185,2012년 11월 3일 08시,토요일,경상북도 영덕군 병곡면,경상사고,0,0,4,0,차대차 - 추돌 - 진행중,기타,건조,맑음,단일로 - 기타,승용,남,28세,경상,승합,남,47세,경상
2012110300100209,2012년 11월 3일 09시,토요일,경상북도 김천시 평화동,경상사고,0,0,2,0,차대차 - 측면직각충돌,신호위반,건조,맑음,교차로 - 교차로안,화물,남,60세,상해없음,화물,남,41세,상해없음
2012110300100244,2012년 11월 3일 10시,토요일,경상북도 김천시 신음동,경상사고,0,0,4,0,차대차 - 측면직각충돌,안전거리미확보,건조,맑음,단일로 - 기타,승용,남,56세,상해없음,승용,남,35세,경상
2012110300100245,2012년 11월 3일 10시,토요일,경상북도 영천시 망정동,중상사고,0,3,0,0,차대차 - 기타,신호위반,건조,맑음,교차로 - 교차로안,승합,남,21세,상해없음,승용,남,63세,중상
2012110300100246,2012년 11월 3일 10시,토요일,경상북도 구미시 옥성면,중상사고,0,1,3,0,차대차 - 추돌 - 진행중,안전운전불이행,건조,맑음,단일로 - 기타,승용,남,44세,중상,승용,남,30세,경상
2012110300100283,2012년 11월 3일 11시,토요일,경상북도 포항시 북구 기계면,경상사고,0,0,1,0,차대사람 - 기타,안전운전불이행,건조,맑음,단일로 - 기타,승용,남,65세,상해없음,보행자,여,66세,경상
2012110300100284,2012년 11월 3일 11시,토요일,경상북도 포항시 북구 대흥동,경상사고,0,0,1,0,차대사람 - 횡단중,보행자보호의무위반,건조,맑음,단일로 - 횡단보도상,승용,남,21세,상해없음,보행자,여,61세,경상
2012110300100285,2012년 11월 3일 11시,토요일,경상북도 군위군 군위읍,중상사고,0,1,0,0,차대차 - 기타,기타,건조,맑음,교차로 - 교차로안,화물,남,54세,상해없음,승용,남,63세,중상
2012110300100328,2012년 11월 3일 12시,토요일,경상북도 경주시 하동,경상사고,0,0,3,0,차대차 - 기타,중앙선침범,건조,맑음,단일로 - 기타,승용,여,39세,상해없음,승용,남,46세,경상
2012110300100329,2012년 11월 3일 12시,토요일,경상북도 영덕군 축산면,중상사고,0,1,1,0,차대차 - 정면충돌,중앙선침범,건조,맑음,교차로 - 교차로안,승용,여,46세,경상,승용,여,55세,상해없음
2012110300100362,2012년 11월 3일 13시,토요일,경상북도 포항시 북구 청하면,사망사고,1,0,0,0,차대사람 - 기타,안전운전불이행,건조,맑음,교차로 - 교차로안,화물,여,54세,상해없음,보행자,남,77세,사망
2012110300100363,2012년 11월 3일 13시,토요일,경상북도 영덕군 강구면,중상사고,0,1,2,0,차대차 - 추돌 - 진행중,안전운전불이행,건조,맑음,기타 - 기타,승합,남,27세,상해없음,승용,여,54세,중상
2012110300100408,2012년 11월 3일 14시,토요일,경상북도 안동시 길안면,사망사고,1,0,0,0,차대차 - 기타,중앙선침범,건조,맑음,단일로 - 기타,이륜,남,56세,사망,승합,여,57세,상해없음
2012110300100409,2012년 11월 3일 14시,토요일,경상북도 영주시 휴천동,경상사고,0,0,3,0,차대차 - 정면충돌,교차로운행방법위반,건조,맑음,교차로 - 교차로안,승용,남,47세,상해없음,화물,남,51세,경상
2012110300100410,2012년 11월 3일 14시,토요일,경상북도 성주군 수륜면,사망사고,1,0,0,0,차량단독 - 공작물충돌,안전운전불이행,건조,맑음,단일로 - 기타,화물,남,40세,사망,,,,
2012110300100411,2012년 11월 3일 14시,토요일,경상북도 구미시 산동면,경상사고,0,0,1,0,차대차 - 측면직각충돌,직진우회전진행방해,건조,맑음,교차로 - 교차로안,승용,여,40세,상해없음,화물,남,47세,경상
2012110300100449,2012년 11월 3일 15시,토요일,경상북도 경주시 보문동,경상사고,0,0,1,0,차대차 - 측면직각충돌,안전운전불이행,건조,맑음,교차로 - 교차로안,승용,남,31세,상해없음,승용,남,48세,상해없음
2012110300100450,2012년 11월 3일 15시,토요일,경상북도 칠곡군 왜관읍,부상신고사고,0,0,0,1,차대차 - 기타,중앙선침범,건조,맑음,단일로 - 기타,승용,여,61세,상해없음,승용,여,49세,부상신고
2012110300100451,2012년 11월 3일 15시,토요일,경상북도 예천군 용궁면,중상사고,0,1,0,0,차대사람 - 기타,안전운전불이행,건조,맑음,단일로 - 기타,건설기계,남,26세,상해없음,보행자,여,90세,중상
2012110300100452,2012년 11월 3일 15시,토요일,경상북도 봉화군 물야면,중상사고,0,2,1,0,차대차 - 측면직각충돌,교차로운행방법위반,건조,맑음,교차로 - 교차로안,화물,여,40세,중상,승합,남,57세,중상
2012110300100453,2012년 11월 3일 15시,토요일,경상북도 구미시 남통동,경상사고,0,0,3,0,차대차 - 측면직각충돌,안전운전불이행,건조,맑음,단일로 - 기타,승용,남,37세,상해없음,승용,여,40세,경상
2012110300100454,2012년 11월 3일 15시,토요일,경상북도 포항시 남구 구룡포읍,중상사고,0,1,1,0,차대차 - 측면직각충돌,안전운전불이행,건조,맑음,교차로 - 교차로안,기타불명,기타불명,기타불명,기타불명,원동기,여,51세,중상
2012110300100485,2012년 11월 3일 16시,토요일,경상북도 안동시 길안면,경상사고,0,0,1,0,차대차 - 기타,안전운전불이행,건조,맑음,단일로 - 기타,승용,남,44세,상해없음,화물,남,57세,경상
2012110300100486,2012년 11월 3일 16시,토요일,경상북도 청송군 안덕면,중상사고,0,1,0,0,차대사람 - 횡단중,안전운전불이행,건조,맑음,교차로 - 교차로안,승용,남,46세,상해없음,보행자,여,54세,중상
2012110300100487,2012년 11월 3일 16시,토요일,경상북도 영양군 석보면,중상사고,0,1,0,0,차대차 - 기타,안전운전불이행,건조,맑음,단일로 - 기타,농기계,남,76세,중상,화물,남,70세,상해없음
2012110300100488,2012년 11월 3일 16시,토요일,경상북도 포항시 남구 오천읍,중상사고,0,1,0,0,차대차 - 기타,안전운전불이행,건조,맑음,교차로 - 교차로부근,기타불명,기타불명,기타불명,기타불명,자전거,남,18세,중상
2012110300100524,2012년 11월 3일 17시,토요일,경상북도 경주시 도지동,중상사고,0,1,1,0,차대차 - 측면직각충돌,중앙선침범,건조,맑음,단일로 - 기타,승용,남,51세,상해없음,승용,남,59세,중상
2012110300100525,2012년 11월 3일 17시,토요일,경상북도 칠곡군 동명면,중상사고,0,1,0,0,차대차 - 기타,안전운전불이행,건조,맑음,단일로 - 기타,자전거,남,58세,중상,승용,여,57세,상해없음
2012110300100526,2012년 11월 3일 17시,토요일,경상북도 영천시 본촌동,사망사고,1,0,0,0,차대사람 - 길가장자리구역통행중,안전운전불이행,건조,맑음,단일로 - 기타,승용,여,44세,상해없음,보행자,여,91세,사망
2012110300100583,2012년 11월 3일 18시,토요일,경상북도 경주시 성건동,경상사고,0,0,2,0,차대차 - 추돌 - 주정차중,안전운전불이행,건조,맑음,교차로 - 교차로부근,승용,남,42세,상해없음,승용,남,46세,경상
2012110300100584,2012년 11월 3일 18시,토요일,경상북도 의성군 비안면,중상사고,0,1,1,0,차대차 - 기타,교차로운행방법위반,건조,맑음,교차로 - 교차로부근,화물,남,57세,상해없음,승용,남,58세,경상
2012110300100585,2012년 11월 3일 18시,토요일,경상북도 영천시 금호읍,중상사고,0,1,1,0,차대사람 - 기타,안전운전불이행,건조,맑음,기타 - 기타,이륜,남,63세,경상,보행자,남,75세,중상
2012110300100586,2012년 11월 3일 18시,토요일,경상북도 영천시 창구동,중상사고,0,2,1,0,차대차 - 추돌 - 주정차중,안전운전불이행,건조,맑음,교차로 - 교차로안,승합,남,52세,상해없음,승용,여,31세,중상
2012110300100587,2012년 11월 3일 18시,토요일,경상북도 경산시 하양읍,중상사고,0,1,0,0,차대차 - 기타,안전운전불이행,건조,맑음,단일로 - 기타,승용,남,54세,상해없음,농기계,남,68세,중상
2012110300100588,2012년 11월 3일 18시,토요일,경상북도 청도군 금천면,중상사고,0,1,0,0,차량단독 - 공작물충돌,안전운전불이행,건조,맑음,단일로 - 기타,화물,남,55세,중상,,,,
2012110300100589,2012년 11월 3일 18시,토요일,경상북도 구미시 봉곡동,경상사고,0,0,1,0,차대차 - 측면직각충돌,직진우회전진행방해,건조,맑음,교차로 - 교차로안,승용,남,49세,상해없음,원동기,남,16세,경상
2012110300100628,2012년 11월 3일 19시,토요일,경상북도 경산시 중산동,경상사고,0,0,1,0,차대차 - 기타,신호위반,건조,맑음,교차로 - 교차로안,승용,남,25세,상해없음,승용,남,46세,경상
2012110300100665,2012년 11월 3일 20시,토요일,경상북도 경주시 황오동,경상사고,0,0,2,0,차대차 - 측면직각충돌,안전운전불이행,건조,맑음,교차로 - 교차로안,승용,남,48세,경상,승용,남,34세,상해없음
2012110300100666,2012년 11월 3일 20시,토요일,경상북도 경주시 천북면,중상사고,0,1,0,0,차대차 - 추돌 - 주정차중,안전운전불이행,건조,맑음,교차로 - 교차로부근,화물,남,34세,상해없음,승용,남,27세,중상
2012110300100667,2012년 11월 3일 20시,토요일,경상북도 경주시 노서동,경상사고,0,0,1,0,차대차 - 측면직각충돌,교차로운행방법위반,건조,맑음,교차로 - 교차로안,승용,남,65세,상해없음,자전거,남,61세,경상
2012110300100668,2012년 11월 3일 20시,토요일,경상북도 포항시 북구 기계면,경상사고,0,0,1,0,차대차 - 기타,안전운전불이행,건조,맑음,교차로 - 교차로부근,승용,남,59세,상해없음,승용,여,55세,상해없음
2012110300100669,2012년 11월 3일 20시,토요일,경상북도 구미시 상모동,경상사고,0,0,1,0,차대사람 - 기타,보행자보호의무위반,건조,맑음,단일로 - 횡단보도상,승용,여,42세,상해없음,보행자,여,51세,경상
2012110300100710,2012년 11월 3일 21시,토요일,경상북도 포항시 북구 양덕동,경상사고,0,0,3,0,차대차 - 측면직각충돌,교차로운행방법위반,건조,맑음,교차로 - 교차로안,승용,남,42세,상해없음,승용,남,36세,경상
2012110300100746,2012년 11월 3일 22시,토요일,경상북도 포항시 북구 기계면,중상사고,0,1,1,0,차대사람 - 기타,안전운전불이행,건조,맑음,단일로 - 기타,원동기,남,58세,상해없음,보행자,여,55세,중상
2012110300100747,2012년 11월 3일 22시,토요일,경상북도 구미시 임수동,중상사고,0,2,0,0,차대차 - 기타,안전운전불이행,건조,맑음,단일로 - 기타,승용,남,36세,상해없음,승용,남,26세,중상
2012110300100787,2012년 11월 3일 23시,토요일,경상북도 경주시 서면,경상사고,0,0,1,0,차대차 - 기타,안전운전불이행,건조,맑음,단일로 - 기타,화물,남,37세,상해없음,화물,남,39세,경상
2012110300100788,2012년 11월 3일 23시,토요일,경상북도 포항시 북구 두호동,경상사고,0,0,1,0,차대사람 - 기타,보행자보호의무위반,건조,맑음,단일로 - 횡단보도상,승용,남,29세,상해없음,보행자,남,51세,경상
2012110300100789,2012년 11월 3일 23시,토요일,경상북도 포항시 남구 이동,경상사고,0,0,1,0,차대차 - 추돌 - 진행중,중앙선침범,건조,맑음,기타 - 기타,승용,남,26세,상해없음,원동기,남,20세,경상
2012110400100018,2012년 11월 4일 00시,일요일,경상북도 청송군 진보면,사망사고,1,0,0,0,차대사람 - 길가장자리구역통행중,안전운전불이행,건조,맑음,단일로 - 기타,승용,남,52세,상해없음,보행자,남,56세,사망
2012110400100065,2012년 11월 4일 03시,일요일,경상북도 경주시 외동읍,중상사고,0,1,0,1,차대차 - 추돌 - 주정차중,안전운전불이행,건조,맑음,단일로 - 기타,화물,남,35세,부상신고,화물,남,44세,중상
2012110400100066,2012년 11월 4일 03시,일요일,경상북도 구미시 비산동,경상사고,0,0,2,0,차대차 - 기타,신호위반,건조,맑음,교차로 - 교차로안,승용,여,54세,상해없음,승용,남,55세,경상
2012110400100079,2012년 11월 4일 04시,일요일,경상북도 청도군 청도읍,중상사고,0,1,0,0,차대차 - 추돌 - 진행중,안전운전불이행,건조,맑음,단일로 - 교량,승용,남,27세,상해없음,이륜,여,74세,중상
2012110400100097,2012년 11월 4일 05시,일요일,경상북도 칠곡군 가산면,부상신고사고,0,0,0,1,차량단독 - 기타,안전운전불이행,건조,맑음,단일로 - 기타,승용,남,26세,부상신고,,,,
2012110400100120,2012년 11월 4일 07시,일요일,경상북도 영양군 일월면,중상사고,0,3,0,0,차량단독 - 도로외이탈 - 기타,안전운전불이행,건조,맑음,단일로 - 기타,승용,남,43세,중상,,,,
2012110400100121,2012년 11월 4일 07시,일요일,경상북도 포항시 남구 해도동,중상사고,0,1,0,0,차대차 - 측면직각충돌,안전운전불이행,건조,맑음,단일로 - 교량,승용,남,30세,상해없음,승용,남,53세,상해없음
2012110400100126,2012년 11월 4일 08시,일요일,경상북도 구미시 선산읍,중상사고,0,1,6,0,차대차 - 측면직각충돌,신호위반,건조,맑음,교차로 - 교차로안,승용,남,42세,경상,화물,남,41세,경상
2012110400100140,2012년 11월 4일 09시,일요일,경상북도 영천시 임고면,경상사고,0,0,1,0,차량단독 - 전도전복,안전운전불이행,건조,맑음,단일로 - 기타,승용,남,53세,경상,,,,
2012110400100159,2012년 11월 4일 10시,일요일,경상북도 상주시 공성면,중상사고,0,1,0,0,차대차 - 정면충돌,중앙선침범,건조,흐림,교차로 - 교차로부근,승용,남,45세,상해없음,승용,여,59세,중상
2012110400100200,2012년 11월 4일 12시,일요일,경상북도 구미시 고아읍,중상사고,0,1,1,0,차대차 - 측면직각충돌,신호위반,건조,맑음,교차로 - 교차로안,승용,남,48세,경상,승용,여,55세,중상
2012110400100219,2012년 11월 4일 13시,일요일,경상북도 경주시 신평동,경상사고,0,0,1,0,차대차 - 기타,안전운전불이행,건조,맑음,단일로 - 기타,승용,남,54세,상해없음,이륜,남,35세,경상
2012110400100220,2012년 11월 4일 13시,일요일,경상북도 영주시 휴천동,중상사고,0,1,0,0,차대차 - 측면직각충돌,중앙선침범,습기,비,단일로 - 기타,승합,남,52세,상해없음,승용,남,47세,중상
2012110400100221,2012년 11월 4일 13시,일요일,경상북도 구미시 진평동,경상사고,0,0,2,0,차대차 - 측면직각충돌,직진우회전진행방해,건조,흐림,교차로 - 교차로안,승용,여,32세,상해없음,승용,남,40세,경상
2012110400100222,2012년 11월 4일 13시,일요일,경상북도 구미시 광평동,중상사고,0,1,0,0,차대차 - 측면직각충돌,안전운전불이행,건조,흐림,단일로 - 기타,승용,여,57세,상해없음,이륜,남,32세,중상
2012110400100223,2012년 11월 4일 13시,일요일,경상북도 구미시 장천면,중상사고,0,1,1,0,차대차 - 측면직각충돌,안전운전불이행,건조,맑음,단일로 - 기타,화물,남,51세,상해없음,승용,여,37세,중상
2012110400100249,2012년 11월 4일 14시,일요일,경상북도 상주시 모서면,경상사고,0,0,1,0,차대차 - 측면직각충돌,교차로운행방법위반,습기,비,교차로 - 교차로안,승용,남,30세,상해없음,승용,남,41세,경상
2012110400100250,2012년 11월 4일 14시,일요일,경상북도 경산시 임당동,경상사고,0,0,1,0,차대차 - 기타,직진우회전진행방해,건조,흐림,교차로 - 교차로안,승용,남,22세,상해없음,이륜,남,24세,경상
2012110400100251,2012년 11월 4일 14시,일요일,경상북도 구미시 신평동,경상사고,0,0,1,0,차대차 - 기타,안전운전불이행,건조,맑음,교차로 - 교차로안,승용,여,40세,상해없음,이륜,남,28세,경상
2012110400100284,2012년 11월 4일 15시,일요일,경상북도 상주시 함창읍,중상사고,0,1,0,0,차대차 - 측면직각충돌,교차로운행방법위반,건조,흐림,교차로 - 교차로안,이륜,남,46세,중상,승용,여,60세,상해없음
2012110400100285,2012년 11월 4일 15시,일요일,경상북도 문경시 흥덕동,경상사고,0,0,1,0,차대차 - 측면직각충돌,안전운전불이행,건조,맑음,교차로 - 교차로안,승용,여,28세,상해없음,승용,남,47세,경상
2012110400100286,2012년 11월 4일 15시,일요일,경상북도 경산시 사정동,경상사고,0,0,1,0,차대사람 - 기타,안전운전불이행,건조,맑음,단일로 - 기타,기타불명,기타불명,기타불명,기타불명,보행자,남,17세,경상
2012110400100314,2012년 11월 4일 16시,일요일,경상북도 칠곡군 왜관읍,경상사고,0,0,2,2,차대차 - 측면직각충돌,안전운전불이행,습기,비,교차로 - 교차로안,승용,남,58세,상해없음,승용,남,21세,경상
2012110400100315,2012년 11월 4일 16시,일요일,경상북도 영천시 북안면,경상사고,0,0,5,0,차대차 - 기타,안전거리미확보,습기,비,기타 - 기타,승용,남,52세,상해없음,승용,남,42세,경상
2012110400100316,2012년 11월 4일 16시,일요일,경상북도 경산시 자인면,경상사고,0,0,1,0,차대차 - 기타,중앙선침범,건조,맑음,단일로 - 기타,승용,남,56세,상해없음,승용,남,61세,경상
2012110400100357,2012년 11월 4일 17시,일요일,경상북도 구미시 선산읍,사망사고,1,0,0,0,차대사람 - 기타,안전운전불이행,습기,비,단일로 - 기타,화물,남,51세,상해없음,보행자,남,72세,사망
2012110400100358,2012년 11월 4일 17시,일요일,경상북도 김천시 아포읍,경상사고,0,0,1,0,차대차 - 추돌 - 진행중,안전거리미확보,습기,비,단일로 - 기타,화물,남,30세,상해없음,승용,남,32세,경상
2012110400100417,2012년 11월 4일 18시,일요일,경상북도 경주시 동천동,중상사고,0,1,0,0,차대차 - 기타,안전운전불이행,습기,비,교차로 - 교차로안,승용,남,46세,상해없음,원동기,여,30세,중상
2012110400100418,2012년 11월 4일 18시,일요일,경상북도 경주시 내남면,부상신고사고,0,0,0,1,차량단독 - 기타,안전운전불이행,습기,비,단일로 - 기타,승합,여,59세,부상신고,,,,
2012110400100419,2012년 11월 4일 18시,일요일,경상북도 안동시 임동면,경상사고,0,0,3,0,차대차 - 측면직각충돌,안전운전불이행,습기,비,교차로 - 교차로안,승용,남,35세,상해없음,승용,남,52세,경상
2012110400100420,2012년 11월 4일 18시,일요일,경상북도 김천시 남산동,경상사고,0,0,2,0,차대차 - 측면직각충돌,안전운전불이행,습기,비,교차로 - 교차로안,승용,남,50세,상해없음,화물,남,66세,경상
2012110400100421,2012년 11월 4일 18시,일요일,경상북도 상주시 서성동,중상사고,0,1,0,0,차대차 - 측면직각충돌,교차로운행방법위반,습기,비,교차로 - 교차로안,화물,남,60세,상해없음,이륜,남,50세,중상
2012110400100422,2012년 11월 4일 18시,일요일,경상북도 영주시 휴천동,경상사고,0,0,1,0,차대차 - 정면충돌,중앙선침범,습기,비,교차로 - 교차로부근,승용,여,33세,상해없음,승용,남,46세,상해없음
2012110400100423,2012년 11월 4일 18시,일요일,경상북도 문경시 문경읍,중상사고,0,2,3,0,차대차 - 추돌 - 진행중,안전운전불이행,습기,흐림,단일로 - 기타,화물,남,41세,상해없음,승용,여,50세,중상
2012110400100424,2012년 11월 4일 18시,일요일,경상북도 문경시 흥덕동,경상사고,0,0,1,0,차대사람 - 기타,안전운전불이행,습기,비,교차로 - 교차로안,승용,남,45세,기타불명,보행자,남,46세,경상
2012110400100425,2012년 11월 4일 18시,일요일,경상북도 경산시 하양읍,경상사고,0,0,1,0,차대차 - 기타,안전운전불이행,습기,비,단일로 - 기타,승용,남,43세,상해없음,승용,남,23세,경상
2012110400100426,2012년 11월 4일 18시,일요일,경상북도 구미시 인의동,경상사고,0,0,1,0,차대사람 - 기타,안전운전불이행,건조,맑음,교차로 - 교차로부근,승용,여,28세,상해없음,보행자,남,43세,경상
2012110400100427,2012년 11월 4일 18시,일요일,경상북도 포항시 남구 해도동,경상사고,0,0,1,0,차대차 - 추돌 - 주정차중,안전거리미확보,습기,비,교차로 - 교차로부근,승용,남,54세,상해없음,승용,여,38세,경상
2012110400100490,2012년 11월 4일 19시,일요일,경상북도 영주시 영주동,중상사고,0,1,0,0,차대사람 - 횡단중,안전운전불이행,습기,비,단일로 - 기타,승합,남,51세,상해없음,보행자,남,53세,중상
2012110400100491,2012년 11월 4일 19시,일요일,경상북도 구미시 원평동,경상사고,0,0,2,0,차대차 - 측면직각충돌,안전운전불이행,건조,맑음,단일로 - 기타,승용,기타불명,기타불명,기타불명,승용,남,41세,경상
2012110400100492,2012년 11월 4일 19시,일요일,경상북도 구미시 사곡동,중상사고,0,1,3,0,차대차 - 기타,신호위반,습기,비,교차로 - 교차로안,승용,남,35세,상해없음,승용,여,43세,중상
2012110400100493,2012년 11월 4일 19시,일요일,경상북도 포항시 남구 상도동,중상사고,0,1,0,0,차대사람 - 기타,신호위반,습기,비,교차로 - 교차로안,승용,남,53세,상해없음,보행자,여,28세,중상
2012110400100555,2012년 11월 4일 20시,일요일,경상북도 경주시 시래동,경상사고,0,0,1,0,차대차 - 기타,안전운전불이행,습기,비,교차로 - 교차로안,승용,남,40세,상해없음,승용,남,37세,경상
2012110400100556,2012년 11월 4일 20시,일요일,경상북도 경산시 진량읍,경상사고,0,0,3,0,차대차 - 기타,중앙선침범,습기,비,단일로 - 기타,승합,남,49세,상해없음,승용,남,26세,경상
2012110400100557,2012년 11월 4일 20시,일요일,경상북도 구미시 봉곡동,중상사고,0,1,0,0,차대차 - 기타,교차로운행방법위반,습기,비,교차로 - 교차로안,기타불명,기타불명,기타불명,기타불명,이륜,남,47세,중상
2012110400100558,2012년 11월 4일 20시,일요일,경상북도 포항시 남구 오천읍,경상사고,0,0,3,0,차대차 - 기타,안전운전불이행,습기,비,단일로 - 기타,승용,여,42세,경상,승용,여,52세,상해없음
2012110400100599,2012년 11월 4일 21시,일요일,경상북도 구미시 옥계동,경상사고,0,0,1,0,차대차 - 측면직각충돌,신호위반,습기,비,교차로 - 교차로안,승용,여,46세,상해없음,이륜,남,35세,경상
2012110400100667,2012년 11월 4일 23시,일요일,경상북도 울릉군 울릉읍,중상사고,0,2,0,0,차대차 - 측면직각충돌,기타,기타,비,기타 - 기타,화물,여,41세,상해없음,승용,남,30세,중상
2012110500100041,2012년 11월 5일 04시,월요일,경상북도 영주시 이산면,경상사고,0,0,1,0,차량단독 - 전도전복,안전운전불이행,습기,비,단일로 - 기타,승용,여,44세,경상,,,,
2012110500100051,2012년 11월 5일 05시,월요일,경상북도 상주시 냉림동,중상사고,0,1,0,0,차대사람 - 보도통행중,안전운전불이행,건조,맑음,단일로 - 기타,기타불명,기타불명,기타불명,기타불명,보행자,여,62세,중상
2012110500100068,2012년 11월 5일 06시,월요일,경상북도 칠곡군 동명면,중상사고,0,1,0,0,차대차 - 측면직각충돌,신호위반,건조,맑음,교차로 - 교차로안,승용,남,66세,상해없음,승용,남,31세,중상
2012110500100069,2012년 11월 5일 06시,월요일,경상북도 구미시 인의동,중상사고,0,1,0,0,차대차 - 측면직각충돌,직진우회전진행방해,건조,맑음,교차로 - 교차로안,승용,남,30세,상해없음,원동기,남,70세,중상
2012110500100070,2012년 11월 5일 06시,월요일,경상북도 구미시 진평동,경상사고,0,0,1,0,차대사람 - 기타,안전운전불이행,건조,맑음,교차로 - 교차로부근,승용,남,28세,상해없음,보행자,남,49세,경상
2012110500100100,2012년 11월 5일 07시,월요일,경상북도 경주시 안강읍,중상사고,0,1,0,0,차대차 - 측면직각충돌,중앙선침범,건조,맑음,단일로 - 기타,승용,남,48세,상해없음,화물,남,70세,중상
2012110500100101,2012년 11월 5일 07시,월요일,경상북도 안동시 풍천면,중상사고,0,1,0,1,차대차 - 추돌 - 진행중,안전운전불이행,습기,맑음,단일로 - 기타,승용,남,42세,상해없음,승용,남,55세,상해없음
2012110500100102,2012년 11월 5일 07시,월요일,경상북도 김천시 조마면,경상사고,0,0,2,0,차대차 - 측면직각충돌,중앙선침범,건조,맑음,단일로 - 기타,화물,남,68세,상해없음,승용,여,45세,경상
2012110500100103,2012년 11월 5일 07시,월요일,경상북도 구미시 인의동,경상사고,0,0,1,0,차대사람 - 기타,안전운전불이행,건조,맑음,교차로 - 교차로안,승용,남,43세,상해없음,보행자,남,17세,경상
2012110500100104,2012년 11월 5일 07시,월요일,경상북도 포항시 남구 오천읍,중상사고,0,1,0,0,차대차 - 추돌 - 진행중,안전운전불이행,건조,맑음,단일로 - 기타,화물,남,39세,상해없음,자전거,남,33세,중상
2012110500100138,2012년 11월 5일 08시,월요일,경상북도 문경시 흥덕동,경상사고,0,0,1,0,차대차 - 추돌 - 주정차중,안전운전불이행,습기,흐림,교차로 - 교차로부근,승용,남,57세,상해없음,승용,여,34세,경상
2012110500100139,2012년 11월 5일 08시,월요일,경상북도 울진군 죽변면,경상사고,0,0,1,0,차대사람 - 기타,안전운전불이행,건조,맑음,단일로 - 기타,승용,여,46세,상해없음,보행자,여,49세,경상
2012110500100140,2012년 11월 5일 08시,월요일,경상북도 포항시 남구 구룡포읍,경상사고,0,0,1,0,차대사람 - 기타,안전운전불이행,건조,맑음,교차로 - 교차로부근,승용,여,25세,상해없음,보행자,남,52세,경상
2012110500100183,2012년 11월 5일 09시,월요일,경상북도 영천시 야사동,경상사고,0,0,1,0,차대차 - 기타,안전운전불이행,건조,맑음,기타 - 기타,화물,남,68세,상해없음,승용,남,42세,경상
2012110500100184,2012년 11월 5일 09시,월요일,경상북도 경산시 진량읍,중상사고,0,1,0,0,차대차 - 기타,안전운전불이행,건조,맑음,교차로 - 교차로안,승용,남,51세,상해없음,이륜,남,56세,중상
2012110500100205,2012년 11월 5일 10시,월요일,경상북도 경주시 노서동,경상사고,0,0,1,0,차대차 - 측면직각충돌,안전운전불이행,건조,맑음,교차로 - 교차로안,승합,남,55세,상해없음,승용,남,68세,경상
2012110500100206,2012년 11월 5일 10시,월요일,경상북도 상주시 청리면,중상사고,0,2,0,0,차대차 - 추돌 - 진행중,안전운전불이행,건조,맑음,단일로 - 기타,화물,남,43세,상해없음,화물,남,63세,중상
2012110500100207,2012년 11월 5일 10시,월요일,경상북도 청송군 진보면,중상사고,0,1,0,0,차대차 - 측면직각충돌,안전운전불이행,건조,맑음,단일로 - 기타,승용,여,51세,상해없음,원동기,남,64세,중상
2012110500100235,2012년 11월 5일 11시,월요일,경상북도 상주시 복룡동,중상사고,0,1,0,0,차대사람 - 횡단중,안전운전불이행,건조,맑음,교차로 - 교차로안,화물,남,41세,상해없음,보행자,남,75세,중상
2012110500100236,2012년 11월 5일 11시,월요일,경상북도 영천시 쌍계동,경상사고,0,0,1,0,차대차 - 기타,안전운전불이행,건조,맑음,단일로 - 기타,승용,남,64세,상해없음,승용,남,37세,경상
2012110500100262,2012년 11월 5일 12시,월요일,경상북도 칠곡군 북삼읍,중상사고,0,1,1,0,차대차 - 추돌 - 진행중,교차로운행방법위반,건조,맑음,교차로 - 교차로안,승용,남,52세,상해없음,승용,여,51세,경상
2012110500100263,2012년 11월 5일 12시,월요일,경상북도 구미시 원평동,중상사고,0,1,0,0,차대사람 - 기타,보행자보호의무위반,건조,맑음,교차로 - 교차로부근,승용,여,52세,상해없음,보행자,남,78세,중상
2012110500100264,2012년 11월 5일 12시,월요일,경상북도 포항시 남구 상도동,중상사고,0,1,0,0,차대차 - 추돌 - 진행중,안전운전불이행,건조,맑음,기타 - 기타,자전거,여,57세,중상,승용,남,45세,상해없음
2012110500100265,2012년 11월 5일 12시,월요일,경상북도 포항시 남구 동해면,중상사고,0,3,1,0,차대차 - 추돌 - 진행중,안전운전불이행,건조,맑음,단일로 - 기타,승용,남,35세,상해없음,승용,남,40세,중상
2012110500100293,2012년 11월 5일 13시,월요일,경상북도 김천시 대항면,중상사고,0,1,0,0,차대차 - 측면직각충돌,기타,건조,맑음,단일로 - 기타,승용,여,57세,상해없음,자전거,남,46세,중상
2012110500100294,2012년 11월 5일 13시,월요일,경상북도 경산시 정평동,사망사고,1,0,0,0,차대차 - 기타,안전운전불이행,건조,맑음,교차로 - 교차로부근,이륜,남,77세,사망,승용,남,51세,상해없음
2012110500100319,2012년 11월 5일 14시,월요일,경상북도 포항시 북구 우현동,중상사고,0,1,0,0,차대차 - 측면직각충돌,교차로운행방법위반,건조,맑음,교차로 - 교차로안,승용,여,51세,상해없음,승용,남,49세,중상