사고번호,사고일시,요일,시군구,사고내용,사망자수,중상자수,경상자수,부상신고자수,사고유형,법규위반,노면상태,기상상태,도로형태,가해운전자 차종,가해운전자 성별,가해운전자 연령,가해운전자 상해정도,피해운전자 차종,피해운전자 성별,피해운전자 연령,피해운전자 상해정도
2012110500100351,2012년 11월 5일 15시,월요일,경상북도 안동시 송현동,중상사고,0,1,0,0,차대차 - 기타,안전운전불이행,건조,맑음,교차로 - 교차로안,화물,남,53세,상해없음,이륜,여,56세,중상
2012110500100431,2012년 11월 5일 17시,월요일,경상북도 포항시 북구 흥해읍,중상사고,0,1,1,0,차대차 - 기타,교차로운행방법위반,건조,맑음,교차로 - 교차로안,승용,남,41세,상해없음,승용,남,73세,경상
2012110500100432,2012년 11월 5일 17시,월요일,경상북도 안동시 광석동,부상신고사고,0,0,0,1,차대사람 - 횡단중,보행자보호의무위반,건조,맑음,교차로 - 교차로부근,승용,여,64세,상해없음,보행자,남,36세,부상신고
2012110500100433,2012년 11월 5일 17시,월요일,경상북도 김천시 양천동,중상사고,0,1,0,0,차대차 - 측면직각충돌,신호위반,건조,맑음,교차로 - 교차로안,화물,남,66세,상해없음,원동기,남,61세,중상
2012110500100434,2012년 11월 5일 17시,월요일,경상북도 김천시 성내동,경상사고,0,0,1,0,차대사람 - 횡단중,보행자보호의무위반,건조,맑음,단일로 - 횡단보도상,승합,남,62세,상해없음,보행자,여,13세,경상
2012110500100435,2012년 11월 5일 17시,월요일,경상북도 상주시 남성동,중상사고,0,1,0,0,차대차 - 기타,안전운전불이행,건조,흐림,교차로 - 교차로부근,승합,남,44세,상해없음,자전거,남,8세,중상
2012110500100436,2012년 11월 5일 17시,월요일,경상북도 영덕군 영해면,중상사고,0,1,1,0,차대차 - 추돌 - 진행중,안전운전불이행,건조,맑음,교차로 - 교차로안,승합,남,60세,상해없음,화물,남,56세,상해없음
2012110500100437,2012년 11월 5일 17시,월요일,경상북도 구미시 선산읍,중상사고,0,1,0,0,차대사람 - 기타,안전운전불이행,건조,흐림,교차로 - 교차로안,화물,남,54세,상해없음,보행자,여,24세,중상
2012110500100488,2012년 11월 5일 18시,월요일,경상북도 영주시 상망동,중상사고,0,1,0,0,차대사람 - 길가장자리구역통행중,안전운전불이행,습기,비,단일로 - 기타,승용,남,25세,상해없음,보행자,여,63세,중상
2012110500100489,2012년 11월 5일 18시,월요일,경상북도 군위군 의흥면,경상사고,0,0,1,0,차대사람 - 길가장자리구역통행중,안전운전불이행,건조,맑음,단일로 - 기타,화물,남,69세,상해없음,보행자,여,75세,경상
2012110500100528,2012년 11월 5일 19시,월요일,경상북도 청송군 진보면,경상사고,0,0,1,0,차대차 - 추돌 - 진행중,안전거리미확보,건조,맑음,단일로 - 기타,화물,남,58세,상해없음,승용,여,48세,경상
2012110500100529,2012년 11월 5일 19시,월요일,경상북도 구미시 신평동,경상사고,0,0,1,0,차대차 - 측면직각충돌,직진우회전진행방해,건조,맑음,교차로 - 교차로안,승용,여,47세,상해없음,승용,여,25세,경상
2012110500100602,2012년 11월 5일 21시,월요일,경상북도 안동시 풍산읍,경상사고,0,0,1,0,차대차 - 추돌 - 진행중,안전운전불이행,습기,흐림,단일로 - 기타,화물,남,34세,상해없음,농기계,남,60세,경상
2012110500100603,2012년 11월 5일 21시,월요일,경상북도 칠곡군 가산면,중상사고,0,1,0,0,차대차 - 추돌 - 진행중,안전거리미확보,건조,맑음,단일로 - 기타,승용,여,19세,상해없음,승용,남,24세,중상
2012110500100604,2012년 11월 5일 21시,월요일,경상북도 고령군 성산면,경상사고,0,0,1,0,차대차 - 측면직각충돌,중앙선침범,건조,맑음,단일로 - 기타,승용,남,54세,상해없음,승용,여,55세,경상
2012110500100638,2012년 11월 5일 22시,월요일,경상북도 칠곡군 가산면,중상사고,0,1,0,0,차량단독 - 기타,안전운전불이행,습기,흐림,단일로 - 기타,승합,여,51세,상해없음,,,,
2012110500100676,2012년 11월 5일 23시,월요일,경상북도 경주시 성동동,중상사고,0,1,0,0,차대차 - 기타,중앙선침범,건조,맑음,단일로 - 기타,자전거,남,54세,중상,승용,남,29세,상해없음
2012110500100677,2012년 11월 5일 23시,월요일,경상북도 포항시 북구 장성동,경상사고,0,0,1,0,차대차 - 기타,안전거리미확보,건조,맑음,단일로 - 기타,승용,여,40세,상해없음,승용,여,35세,경상
2012110500100678,2012년 11월 5일 23시,월요일,경상북도 포항시 북구 창포동,경상사고,0,0,1,0,차대차 - 기타,교차로운행방법위반,건조,맑음,교차로 - 교차로안,승용,남,51세,상해없음,원동기,남,37세,경상
2012110600100023,2012년 11월 6일 00시,화요일,경상북도 영덕군 강구면,중상사고,0,1,0,0,차량단독 - 공작물충돌,안전운전불이행,건조,맑음,단일로 - 기타,승용,남,54세,중상,,,,
2012110600100024,2012년 11월 6일 00시,화요일,경상북도 성주군 대가면,중상사고,0,1,0,0,차량단독 - 공작물충돌,안전운전불이행,습기,비,단일로 - 기타,화물,남,42세,중상,,,,
2012110600100046,2012년 11월 6일 01시,화요일,경상북도 구미시 진평동,중상사고,0,1,0,0,차대차 - 기타,중앙선침범,건조,흐림,단일로 - 기타,승용,남,41세,상해없음,이륜,남,36세,중상
2012110600100047,2012년 11월 6일 01시,화요일,경상북도 경산시 와촌면,중상사고,0,1,0,0,차대차 - 추돌 - 진행중,안전운전불이행,건조,흐림,단일로 - 기타,승용,남,42세,상해없음,화물,남,53세,상해없음
2012110600100071,2012년 11월 6일 02시,화요일,경상북도 경주시 성동동,중상사고,0,1,1,0,차대차 - 기타,안전운전불이행,건조,맑음,교차로 - 교차로안,승용,남,48세,상해없음,승용,남,62세,경상
2012110600100082,2012년 11월 6일 03시,화요일,경상북도 경주시 광명동,중상사고,0,1,0,0,차대사람 - 기타,보행자보호의무위반,습기,비,단일로 - 횡단보도상,승용,남,55세,상해없음,보행자,여,60세,중상
2012110600100124,2012년 11월 6일 06시,화요일,경상북도 포항시 북구 양덕동,경상사고,0,0,1,0,차대차 - 측면직각충돌,신호위반,건조,맑음,교차로 - 교차로안,승용,남,64세,상해없음,승용,여,46세,경상
2012110600100150,2012년 11월 6일 07시,화요일,경상북도 경주시 구황동,중상사고,0,1,2,0,차대차 - 측면직각충돌,안전운전불이행,건조,맑음,교차로 - 교차로안,승용,여,48세,중상,화물,남,43세,경상
2012110600100151,2012년 11월 6일 07시,화요일,경상북도 경산시 중방동,중상사고,0,1,0,0,차대사람 - 기타,보행자보호의무위반,건조,맑음,단일로 - 기타,기타불명,기타불명,기타불명,기타불명,보행자,남,12세,중상
2012110600100185,2012년 11월 6일 08시,화요일,경상북도 경산시 하양읍,경상사고,0,0,1,0,차대차 - 기타,안전운전불이행,건조,맑음,교차로 - 교차로안,승용,여,55세,상해없음,승용,남,28세,경상
2012110600100186,2012년 11월 6일 08시,화요일,경상북도 울진군 북면,중상사고,0,1,0,0,차대차 - 측면직각충돌,안전운전불이행,건조,맑음,교차로 - 교차로안,이륜,남,73세,중상,승용,여,38세,상해없음
2012110600100221,2012년 11월 6일 09시,화요일,경상북도 성주군 대가면,중상사고,0,2,0,0,차량단독 - 전도전복,안전운전불이행,건조,맑음,단일로 - 기타,승합,남,39세,중상,,,,
2012110600100222,2012년 11월 6일 09시,화요일,경상북도 고령군 고령읍,중상사고,0,1,0,0,차대차 - 측면직각충돌,직진우회전진행방해,건조,맑음,단일로 - 기타,승용,남,71세,상해없음,자전거,남,75세,중상
2012110600100240,2012년 11월 6일 10시,화요일,경상북도 경주시 황성동,중상사고,0,1,2,0,차대차 - 측면직각충돌,안전운전불이행,건조,맑음,교차로 - 교차로부근,승용,남,57세,상해없음,승용,여,39세,중상
2012110600100304,2012년 11월 6일 13시,화요일,경상북도 경주시 동천동,경상사고,0,0,2,0,차대차 - 측면직각충돌,안전운전불이행,건조,맑음,단일로 - 기타,화물,남,24세,상해없음,자전거,남,7세,경상
2012110600100337,2012년 11월 6일 14시,화요일,경상북도 경주시 안강읍,중상사고,0,1,0,0,차대차 - 측면직각충돌,안전운전불이행,건조,맑음,교차로 - 교차로부근,이륜,남,60세,중상,승용,여,53세,상해없음
2012110600100375,2012년 11월 6일 15시,화요일,경상북도 경주시 용강동,경상사고,0,0,1,0,차대사람 - 기타,안전운전불이행,건조,맑음,기타 - 기타,건설기계,남,27세,상해없음,보행자,남,54세,경상
2012110600100376,2012년 11월 6일 15시,화요일,경상북도 청도군 화양읍,중상사고,0,2,1,0,차대차 - 측면직각충돌,안전운전불이행,건조,흐림,단일로 - 기타,농기계,남,39세,중상,화물,남,68세,경상
2012110600100403,2012년 11월 6일 16시,화요일,경상북도 경주시 안강읍,사망사고,1,0,0,0,차대사람 - 기타,안전운전불이행,건조,맑음,단일로 - 횡단보도부근,화물,여,46세,상해없음,보행자,여,70세,사망
2012110600100437,2012년 11월 6일 17시,화요일,경상북도 경주시 천북면,중상사고,0,1,0,0,차대차 - 측면직각충돌,안전거리미확보,건조,맑음,교차로 - 교차로부근,승용,남,18세,상해없음,승용,여,44세,중상
2012110600100438,2012년 11월 6일 17시,화요일,경상북도 영천시 문외동,경상사고,0,0,1,0,차대차 - 기타,안전운전불이행,건조,맑음,교차로 - 교차로안,화물,남,65세,상해없음,승용,남,49세,상해없음
2012110600100439,2012년 11월 6일 17시,화요일,경상북도 경산시 대동,경상사고,0,0,1,0,차대사람 - 기타,안전운전불이행,건조,맑음,교차로 - 교차로안,승용,남,54세,상해없음,보행자,남,21세,경상
2012110600100440,2012년 11월 6일 17시,화요일,경상북도 구미시 임은동,경상사고,0,0,2,0,차대차 - 측면직각충돌,신호위반,습기,비,교차로 - 교차로안,승용,남,48세,상해없음,승용,남,40세,경상
2012110600100441,2012년 11월 6일 17시,화요일,경상북도 구미시 남통동,경상사고,0,0,1,0,차대차 - 측면직각충돌,안전운전불이행,건조,맑음,교차로 - 교차로부근,승용,남,60세,상해없음,승용,여,25세,경상
2012110600100489,2012년 11월 6일 18시,화요일,경상북도 경주시 서면,경상사고,0,0,1,0,차대차 - 측면직각충돌,안전운전불이행,습기,비,교차로 - 교차로안,화물,남,47세,상해없음,승용,남,36세,경상
2012110600100490,2012년 11월 6일 18시,화요일,경상북도 포항시 북구 죽장면,경상사고,0,0,1,0,차대차 - 측면직각충돌,교차로운행방법위반,건조,맑음,교차로 - 교차로안,화물,남,48세,상해없음,승용,여,53세,경상
2012110600100491,2012년 11월 6일 18시,화요일,경상북도 영주시 가흥동,중상사고,0,1,0,0,차대사람 - 횡단중,안전운전불이행,습기,비,단일로 - 기타,화물,남,67세,상해없음,보행자,여,55세,중상
2012110600100492,2012년 11월 6일 18시,화요일,경상북도 문경시 유곡동,중상사고,0,1,1,0,차대차 - 측면직각충돌,직진우회전진행방해,습기,비,교차로 - 교차로안,승용,여,49세,경상,화물,남,53세,중상
2012110600100493,2012년 11월 6일 18시,화요일,경상북도 경산시 남천면,경상사고,0,0,1,0,차대차 - 측면직각충돌,안전운전불이행,습기,비,교차로 - 교차로안,승용,남,38세,상해없음,자전거,남,51세,경상
2012110600100494,2012년 11월 6일 18시,화요일,경상북도 포항시 남구 동촌동,중상사고,0,1,0,0,차대사람 - 기타,안전운전불이행,건조,맑음,교차로 - 교차로안,승용,남,40세,상해없음,보행자,남,43세,중상
2012110600100530,2012년 11월 6일 19시,화요일,경상북도 경주시 충효동,중상사고,0,1,0,0,차대차 - 기타,안전운전불이행,건조,맑음,교차로 - 교차로안,승용,여,51세,상해없음,이륜,남,42세,중상
2012110600100531,2012년 11월 6일 19시,화요일,경상북도 영천시 북안면,중상사고,0,1,0,0,차대차 - 추돌 - 주정차중,안전운전불이행,건조,맑음,교차로 - 교차로부근,화물,남,70세,상해없음,승용,여,57세,중상
2012110600100532,2012년 11월 6일 19시,화요일,경상북도 경산시 진량읍,중상사고,0,1,0,0,차대차 - 기타,안전운전불이행,습기,비,단일로 - 기타,승용,남,57세,상해없음,이륜,남,33세,중상
2012110600100565,2012년 11월 6일 20시,화요일,경상북도 경산시 하양읍,경상사고,0,0,1,0,차대차 - 기타,안전운전불이행,습기,비,단일로 - 기타,승용,남,23세,상해없음,자전거,여,74세,경상
2012110600100566,2012년 11월 6일 20시,화요일,경상북도 봉화군 소천면,중상사고,0,1,0,0,차대사람 - 길가장자리구역통행중,안전운전불이행,습기,비,단일로 - 기타,승용,남,45세,상해없음,보행자,남,38세,중상
2012110600100621,2012년 11월 6일 22시,화요일,경상북도 경주시 내남면,경상사고,0,0,3,0,차대차 - 측면직각충돌,안전운전불이행,건조,맑음,교차로 - 교차로안,화물,남,51세,상해없음,화물,남,53세,경상
2012110700100016,2012년 11월 7일 00시,수요일,경상북도 김천시 황금동,중상사고,0,1,0,0,차대사람 - 기타,안전운전불이행,습기,흐림,교차로 - 교차로부근,승용,여,46세,상해없음,보행자,남,57세,중상
2012110700100017,2012년 11월 7일 00시,수요일,경상북도 구미시 송정동,중상사고,0,2,3,0,차대차 - 측면직각충돌,안전운전불이행,건조,맑음,교차로 - 교차로부근,승용,여,31세,상해없음,승용,남,24세,경상
2012110700100018,2012년 11월 7일 00시,수요일,경상북도 구미시 봉곡동,중상사고,0,1,0,0,차대차 - 측면직각충돌,안전운전불이행,건조,맑음,단일로 - 기타,승용,남,33세,상해없음,원동기,남,24세,중상
2012110700100019,2012년 11월 7일 00시,수요일,경상북도 구미시 공단동,중상사고,0,1,0,0,차대차 - 측면직각충돌,신호위반,건조,흐림,교차로 - 교차로안,승용,남,18세,상해없음,승용,남,57세,중상
2012110700100034,2012년 11월 7일 01시,수요일,경상북도 영천시 고경면,경상사고,0,0,1,0,차량단독 - 공작물충돌,안전운전불이행,건조,맑음,단일로 - 기타,원동기,남,25세,경상,,,,
2012110700100049,2012년 11월 7일 02시,수요일,경상북도 영천시 대창면,중상사고,0,1,1,0,차량단독 - 기타,안전운전불이행,건조,흐림,기타 - 기타,이륜,남,19세,경상,,,,
2012110700100050,2012년 11월 7일 02시,수요일,경상북도 청도군 각북면,중상사고,0,2,0,0,차량단독 - 공작물충돌,안전운전불이행,건조,맑음,단일로 - 기타,승용,남,57세,중상,,,,
2012110700100054,2012년 11월 7일 03시,수요일,경상북도 포항시 북구 두호동,경상사고,0,0,3,0,차대차 - 기타,신호위반,건조,맑음,교차로 - 교차로안,승용,남,49세,경상,승용,남,34세,경상
2012110700100074,2012년 11월 7일 05시,수요일,경상북도 경주시 동천동,중상사고,0,1,0,0,차량단독 - 공작물충돌,안전운전불이행,건조,맑음,단일로 - 기타,승용,남,31세,중상,,,,
2012110700100092,2012년 11월 7일 06시,수요일,경상북도 포항시 북구 흥해읍,경상사고,0,0,1,0,차대차 - 기타,안전운전불이행,건조,맑음,단일로 - 기타,승용,남,41세,상해없음,농기계,남,67세,경상
2012110700100112,2012년 11월 7일 07시,수요일,경상북도 구미시 구포동,경상사고,0,0,1,0,차대차 - 측면직각충돌,안전운전불이행,건조,맑음,교차로 - 교차로부근,승용,남,32세,상해없음,승용,남,22세,경상
2012110700100179,2012년 11월 7일 09시,수요일,경상북도 포항시 북구 청하면,중상사고,0,1,0,0,차대차 - 추돌 - 진행중,안전거리미확보,건조,맑음,교차로 - 교차로안,화물,남,26세,상해없음,화물,남,78세,상해없음
2012110700100180,2012년 11월 7일 09시,수요일,경상북도 안동시 운흥동,중상사고,0,2,1,0,차대차 - 측면직각충돌,신호위반,건조,맑음,교차로 - 교차로안,화물,남,50세,상해없음,승용,남,33세,중상
2012110700100204,2012년 11월 7일 10시,수요일,경상북도 경산시 남산면,중상사고,0,2,0,0,차대차 - 기타,중앙선침범,건조,맑음,단일로 - 기타,승합,남,46세,상해없음,화물,남,32세,중상
2012110700100205,2012년 11월 7일 10시,수요일,경상북도 포항시 남구 대송면,경상사고,0,0,2,0,차대차 - 추돌 - 진행중,교차로운행방법위반,건조,맑음,교차로 - 교차로안,승용,여,42세,경상,특수,남,58세,경상
2012110700100234,2012년 11월 7일 11시,수요일,경상북도 경주시 강동면,경상사고,0,0,3,1,차대차 - 측면직각충돌,안전운전불이행,건조,맑음,단일로 - 터널,화물,남,43세,부상신고,화물,남,57세,경상
2012110700100235,2012년 11월 7일 11시,수요일,경상북도 경주시 노서동,중상사고,0,1,0,0,차대차 - 측면직각충돌,안전운전불이행,건조,맑음,단일로 - 기타,승합,여,55세,상해없음,승용,여,52세,중상
2012110700100256,2012년 11월 7일 12시,수요일,경상북도 경주시 동천동,중상사고,0,1,0,0,차대차 - 측면직각충돌,신호위반,건조,맑음,단일로 - 횡단보도상,화물,남,57세,상해없음,이륜,남,78세,중상
2012110700100257,2012년 11월 7일 12시,수요일,경상북도 경주시 효현동,중상사고,0,1,1,0,차대차 - 측면직각충돌,안전운전불이행,건조,맑음,교차로 - 교차로안,승용,남,38세,상해없음,승용,남,21세,중상
2012110700100258,2012년 11월 7일 12시,수요일,경상북도 포항시 북구 항구동,경상사고,0,0,1,0,차대차 - 기타,안전거리미확보,건조,맑음,단일로 - 기타,화물,여,51세,상해없음,승용,남,53세,경상
2012110700100259,2012년 11월 7일 12시,수요일,경상북도 영주시 영주동,경상사고,0,0,2,0,차대차 - 추돌 - 진행중,안전운전불이행,건조,맑음,단일로 - 기타,승합,남,25세,상해없음,승합,남,40세,경상
2012110700100260,2012년 11월 7일 12시,수요일,경상북도 칠곡군 석적읍,부상신고사고,0,0,0,1,차량단독 - 공작물충돌,안전운전불이행,건조,맑음,단일로 - 기타,화물,남,42세,부상신고,,,,
2012110700100261,2012년 11월 7일 12시,수요일,경상북도 구미시 옥계동,중상사고,0,1,1,0,차대차 - 측면직각충돌,중앙선침범,건조,맑음,단일로 - 기타,자전거,남,20세,경상,원동기,남,22세,중상
2012110700100262,2012년 11월 7일 12시,수요일,경상북도 포항시 남구 상도동,중상사고,0,1,0,0,차대차 - 측면직각충돌,안전운전불이행,건조,맑음,단일로 - 기타,화물,남,47세,상해없음,승용,남,59세,중상
2012110700100282,2012년 11월 7일 13시,수요일,경상북도 안동시 옥동,중상사고,0,1,1,0,차대차 - 측면직각충돌,안전운전불이행,건조,맑음,단일로 - 기타,승용,남,50세,상해없음,승용,여,42세,경상
2012110700100283,2012년 11월 7일 13시,수요일,경상북도 김천시 평화동,중상사고,0,1,0,0,차대차 - 측면직각충돌,차로위반,건조,맑음,단일로 - 기타,승용,남,65세,상해없음,이륜,남,42세,중상
2012110700100303,2012년 11월 7일 14시,수요일,경상북도 영주시 휴천동,경상사고,0,0,1,0,차대차 - 기타,안전운전불이행,건조,맑음,기타 - 기타,승용,남,44세,상해없음,자전거,남,20세,경상
2012110700100304,2012년 11월 7일 14시,수요일,경상북도 문경시 점촌동,경상사고,0,0,1,0,차대차 - 측면직각충돌,직진우회전진행방해,건조,흐림,교차로 - 교차로안,승용,남,68세,상해없음,승용,여,50세,경상
2012110700100356,2012년 11월 7일 16시,수요일,경상북도 포항시 북구 죽도동,경상사고,0,0,1,0,차대사람 - 기타,안전운전불이행,건조,맑음,단일로 - 기타,원동기,남,70세,상해없음,보행자,여,60세,경상
2012110700100357,2012년 11월 7일 16시,수요일,경상북도 성주군 벽진면,경상사고,0,0,1,0,차대차 - 측면직각충돌,안전운전불이행,건조,맑음,단일로 - 기타,승용,남,37세,상해없음,원동기,남,78세,경상
2012110700100399,2012년 11월 7일 17시,수요일,경상북도 안동시 대석동,경상사고,0,0,1,0,차대차 - 측면직각충돌,직진우회전진행방해,건조,맑음,교차로 - 교차로안,승합,남,29세,상해없음,승용,여,42세,경상
2012110700100400,2012년 11월 7일 17시,수요일,경상북도 상주시 남성동,경상사고,0,0,1,0,차대사람 - 기타,안전운전불이행,건조,맑음,교차로 - 교차로안,승용,여,60세,상해없음,보행자,여,16세,경상
2012110700100401,2012년 11월 7일 17시,수요일,경상북도 의성군 의성읍,경상사고,0,0,1,0,차대차 - 기타,교차로운행방법위반,건조,흐림,교차로 - 교차로안,승용,여,31세,상해없음,화물,남,56세,경상
2012110700100402,2012년 11월 7일 17시,수요일,경상북도 고령군 다산면,경상사고,0,0,2,0,차대차 - 측면직각충돌,교차로운행방법위반,건조,맑음,교차로 - 교차로안,화물,남,62세,기타불명,승용,남,42세,경상
2012110700100403,2012년 11월 7일 17시,수요일,경상북도 구미시 비산동,경상사고,0,0,1,0,차대사람 - 횡단중,신호위반,건조,맑음,교차로 - 교차로안,원동기,남,54세,상해없음,보행자,여,15세,경상
2012110700100404,2012년 11월 7일 17시,수요일,경상북도 포항시 남구 오천읍,중상사고,0,1,0,0,차대차 - 측면직각충돌,직진우회전진행방해,건조,맑음,교차로 - 교차로안,승합,여,46세,상해없음,원동기,남,16세,중상
2012110700100458,2012년 11월 7일 18시,수요일,경상북도 영주시 풍기읍,경상사고,0,0,4,0,차대차 - 추돌 - 진행중,안전운전불이행,건조,맑음,교차로 - 교차로부근,승용,여,42세,경상,화물,남,51세,경상
2012110700100459,2012년 11월 7일 18시,수요일,경상북도 봉화군 소천면,중상사고,0,1,1,0,차대차 - 측면직각충돌,안전운전불이행,건조,맑음,교차로 - 교차로안,승용,남,22세,경상,승용,남,64세,중상
2012110700100460,2012년 11월 7일 18시,수요일,경상북도 청도군 청도읍,중상사고,0,1,0,0,차대사람 - 횡단중,안전운전불이행,건조,맑음,단일로 - 기타,승용,남,22세,상해없음,보행자,여,80세,중상
2012110700100461,2012년 11월 7일 18시,수요일,경상북도 울진군 근남면,중상사고,0,1,0,0,차대사람 - 차도통행중,안전운전불이행,건조,맑음,단일로 - 기타,이륜,남,63세,상해없음,보행자,남,71세,중상
2012110700100462,2012년 11월 7일 18시,수요일,경상북도 구미시 비산동,경상사고,0,0,1,0,차대차 - 추돌 - 진행중,안전운전불이행,건조,맑음,교차로 - 교차로부근,원동기,남,26세,경상,승용,남,48세,상해없음
2012110700100508,2012년 11월 7일 19시,수요일,경상북도 안동시 녹전면,부상신고사고,0,0,0,1,차대차 - 정면충돌,중앙선침범,건조,맑음,단일로 - 기타,이륜,남,47세,부상신고,승합,남,53세,상해없음
2012110700100509,2012년 11월 7일 19시,수요일,경상북도 문경시 모전동,중상사고,0,1,0,1,차대차 - 측면직각충돌,직진우회전진행방해,건조,맑음,교차로 - 교차로안,화물,여,52세,부상신고,화물,남,36세,중상
2012110700100511,2012년 11월 7일 19시,수요일,경상북도 구미시 황상동,중상사고,0,1,0,0,차대사람 - 기타,보행자보호의무위반,건조,맑음,교차로 - 교차로부근,승용,남,56세,상해없음,보행자,여,50세,중상
2012110700100549,2012년 11월 7일 20시,수요일,경상북도 칠곡군 석적읍,경상사고,0,0,1,1,차대차 - 기타,교차로운행방법위반,건조,맑음,교차로 - 교차로안,승용,남,26세,부상신고,승용,남,57세,경상
2012110700100550,2012년 11월 7일 20시,수요일,경상북도 영천시 임고면,경상사고,0,0,1,0,차대차 - 측면직각충돌,신호위반,건조,흐림,교차로 - 교차로안,화물,남,62세,상해없음,승용,남,37세,경상
2012110700100551,2012년 11월 7일 20시,수요일,경상북도 문경시 점촌동,중상사고,0,2,0,0,차대사람 - 보도통행중,보행자보호의무위반,건조,흐림,교차로 - 교차로부근,승용,남,58세,상해없음,보행자,여,74세,중상
2012110700100552,2012년 11월 7일 20시,수요일,경상북도 포항시 남구 송도동,중상사고,0,1,0,0,차대사람 - 횡단중,안전운전불이행,건조,맑음,교차로 - 교차로안,원동기,남,28세,상해없음,보행자,여,58세,중상
2012110700100578,2012년 11월 7일 21시,수요일,경상북도 경주시 황성동,경상사고,0,0,1,0,차대차 - 측면직각충돌,안전운전불이행,건조,맑음,교차로 - 교차로부근,승합,남,50세,상해없음,승용,남,49세,경상
2012110700100579,2012년 11월 7일 21시,수요일,경상북도 안동시 옥동,경상사고,0,0,2,0,차대차 - 추돌 - 주정차중,안전운전불이행,건조,맑음,교차로 - 교차로부근,승용,남,47세,상해없음,승용,여,27세,경상
2012110700100580,2012년 11월 7일 21시,수요일,경상북도 영천시 완산동,중상사고,0,1,0,0,차대차 - 추돌 - 진행중,안전거리미확보,건조,맑음,교차로 - 교차로안,승용,남,29세,상해없음,이륜,남,22세,중상
2012110700100630,2012년 11월 7일 23시,수요일,경상북도 안동시 수상동,부상신고사고,0,0,0,2,차량단독 - 공작물충돌,안전운전불이행,건조,맑음,기타 - 기타,승용,여,20세,상해없음,,,,
2012110800100018,2012년 11월 8일 00시,목요일,경상북도 포항시 북구 죽도동,중상사고,0,2,0,0,차대차 - 기타,신호위반,건조,맑음,교차로 - 교차로안,승용,남,27세,상해없음,승용,남,47세,중상
2012110800100019,2012년 11월 8일 00시,목요일,경상북도 구미시 도량동,경상사고,0,0,1,0,차대차 - 측면직각충돌,신호위반,건조,맑음,교차로 - 교차로안,승용,남,55세,상해없음,승용,남,47세,경상
2012110800100040,2012년 11월 8일 01시,목요일,경상북도 구미시 옥계동,경상사고,0,0,2,0,차대차 - 추돌 - 진행중,안전운전불이행,건조,맑음,교차로 - 교차로부근,승용,남,26세,상해없음,승용,남,31세,경상
2012110800100041,2012년 11월 8일 01시,목요일,경상북도 구미시 사곡동,중상사고,0,1,0,0,차대사람 - 기타,안전운전불이행,건조,맑음,단일로 - 기타,화물,남,33세,기타불명,보행자,여,80세,중상
2012110800100099,2012년 11월 8일 06시,목요일,경상북도 포항시 북구 동빈1가,중상사고,0,1,0,0,차대차 - 기타,차로위반,건조,맑음,단일로 - 기타,화물,남,61세,상해없음,원동기,남,27세,중상
2012110800100136,2012년 11월 8일 08시,목요일,경상북도 구미시 고아읍,경상사고,0,0,1,0,차대사람 - 기타,안전운전불이행,건조,맑음,단일로 - 기타,승용,남,55세,상해없음,보행자,여,14세,경상
2012110800100137,2012년 11월 8일 08시,목요일,경상북도 포항시 남구 송내동,중상사고,0,1,0,0,차대차 - 추돌 - 주정차중,안전운전불이행,건조,맑음,단일로 - 교량,승용,여,48세,상해없음,화물,남,34세,중상
2012110800100138,2012년 11월 8일 08시,목요일,경상북도 포항시 남구 연일읍,경상사고,0,0,1,0,차대차 - 추돌 - 진행중,안전운전불이행,건조,맑음,기타 - 기타,승용,여,47세,상해없음,승용,여,56세,경상
2012110800100165,2012년 11월 8일 09시,목요일,경상북도 포항시 북구 장성동,중상사고,0,1,1,0,차대차 - 기타,안전거리미확보,건조,맑음,교차로 - 교차로부근,승용,여,54세,상해없음,승용,여,51세,중상
2012110800100166,2012년 11월 8일 09시,목요일,경상북도 상주시 청리면,중상사고,0,1,0,0,차대차 - 기타,교차로운행방법위반,건조,맑음,단일로 - 기타,화물,여,40세,상해없음,농기계,남,82세,중상
2012110800100167,2012년 11월 8일 09시,목요일,경상북도 고령군 성산면,중상사고,0,1,0,0,차대사람 - 기타,안전운전불이행,건조,맑음,교차로 - 교차로안,승합,남,33세,상해없음,보행자,남,76세,중상
2012110800100209,2012년 11월 8일 11시,목요일,경상북도 안동시 길안면,경상사고,0,0,1,0,차대차 - 기타,안전운전불이행,건조,맑음,단일로 - 기타,화물,기타불명,기타불명,기타불명,화물,남,50세,경상
2012110800100210,2012년 11월 8일 11시,목요일,경상북도 경산시 사동,중상사고,0,2,0,0,차대차 - 추돌 - 주정차중,안전운전불이행,건조,맑음,교차로 - 교차로부근,승용,남,48세,상해없음,승용,남,22세,중상
2012110800100252,2012년 11월 8일 13시,목요일,경상북도 경주시 노서동,경상사고,0,0,1,0,차대차 - 측면직각충돌,안전운전불이행,건조,맑음,교차로 - 교차로부근,승합,남,42세,상해없음,승용,남,58세,경상
2012110800100253,2012년 11월 8일 13시,목요일,경상북도 안동시 옥동,중상사고,0,1,0,0,차대사람 - 차도통행중,안전운전불이행,건조,맑음,단일로 - 기타,승용,여,50세,상해없음,보행자,여,43세,중상
2012110800100254,2012년 11월 8일 13시,목요일,경상북도 상주시 은척면,사망사고,1,0,0,0,차량단독 - 도로외이탈 - 기타,안전운전불이행,건조,흐림,교차로 - 교차로부근,이륜,남,67세,사망,,,,