사고번호,사고일시,요일,시군구,사고내용,사망자수,중상자수,경상자수,부상신고자수,사고유형,법규위반,노면상태,기상상태,도로형태,가해운전자 차종,가해운전자 성별,가해운전자 연령,가해운전자 상해정도,피해운전자 차종,피해운전자 성별,피해운전자 연령,피해운전자 상해정도
2012111000100674,2012년 11월 10일 20시,토요일,경상북도 경산시 대동,경상사고,0,0,5,0,차대차 - 추돌 - 주정차중,안전운전불이행,건조,흐림,교차로 - 교차로부근,승용,남,28세,상해없음,승용,여,29세,경상
2012111000100711,2012년 11월 10일 21시,토요일,경상북도 김천시 평화동,중상사고,0,1,0,0,차대차 - 측면직각충돌,안전운전불이행,건조,맑음,단일로 - 기타,승용,남,55세,상해없음,이륜,남,22세,중상
2012111100100017,2012년 11월 11일 00시,일요일,경상북도 경주시 성동동,경상사고,0,0,3,0,차대차 - 추돌 - 진행중,안전운전불이행,습기,비,단일로 - 기타,승용,남,41세,상해없음,승용,여,53세,경상
2012111100100062,2012년 11월 11일 01시,일요일,경상북도 포항시 북구 학산동,중상사고,0,1,0,0,차대사람 - 기타,안전운전불이행,습기,비,단일로 - 기타,승용,남,54세,상해없음,보행자,여,58세,중상
2012111100100063,2012년 11월 11일 01시,일요일,경상북도 포항시 북구 대흥동,중상사고,0,1,0,0,차대차 - 측면직각충돌,안전운전불이행,습기,비,교차로 - 교차로안,승용,남,59세,상해없음,승용,남,59세,중상
2012111100100064,2012년 11월 11일 01시,일요일,경상북도 구미시 신평동,경상사고,0,0,1,0,차대차 - 기타,중앙선침범,습기,비,교차로 - 교차로부근,승용,남,35세,상해없음,승용,남,55세,경상
2012111100100174,2012년 11월 11일 04시,일요일,경상북도 포항시 남구 오천읍,중상사고,0,2,0,0,차대차 - 추돌 - 진행중,중앙선침범,건조,맑음,단일로 - 기타,승용,남,26세,상해없음,승용,남,53세,중상
2012111100100193,2012년 11월 11일 05시,일요일,경상북도 구미시 진평동,경상사고,0,0,1,0,차대차 - 측면직각충돌,안전운전불이행,습기,비,교차로 - 교차로안,승용,남,31세,상해없음,승용,남,53세,경상
2012111100100273,2012년 11월 11일 09시,일요일,경상북도 경주시 배반동,경상사고,0,0,1,0,차대차 - 기타,중앙선침범,습기,비,단일로 - 기타,화물,남,42세,상해없음,승용,남,46세,상해없음
2012111100100274,2012년 11월 11일 09시,일요일,경상북도 경주시 황성동,부상신고사고,0,0,0,1,차대차 - 기타,안전운전불이행,습기,비,교차로 - 교차로부근,원동기,여,24세,부상신고,승용,남,53세,상해없음
2012111100100275,2012년 11월 11일 09시,일요일,경상북도 경산시 와촌면,중상사고,0,1,0,0,차대차 - 기타,신호위반,건조,맑음,교차로 - 교차로안,이륜,남,52세,중상,화물,남,59세,상해없음
2012111100100291,2012년 11월 11일 10시,일요일,경상북도 울진군 울진읍,중상사고,0,2,0,0,차대차 - 정면충돌,중앙선침범,습기,비,단일로 - 기타,화물,남,45세,상해없음,승용,남,50세,중상
2012111100100292,2012년 11월 11일 10시,일요일,경상북도 구미시 원평동,경상사고,0,0,1,0,차대사람 - 기타,교차로운행방법위반,습기,비,단일로 - 기타,승용,여,45세,기타불명,보행자,남,51세,경상
2012111100100312,2012년 11월 11일 11시,일요일,경상북도 안동시 안흥동,경상사고,0,0,1,0,차대차 - 추돌 - 진행중,안전운전불이행,습기,비,단일로 - 기타,승용,남,34세,상해없음,자전거,남,50세,경상
2012111100100331,2012년 11월 11일 12시,일요일,경상북도 경주시 진현동,경상사고,0,0,5,0,차대차 - 기타,중앙선침범,습기,비,단일로 - 기타,승용,남,33세,경상,승용,여,47세,경상
2012111100100332,2012년 11월 11일 12시,일요일,경상북도 안동시 율세동,중상사고,0,1,0,0,차대사람 - 차도통행중,안전운전불이행,건조,맑음,단일로 - 횡단보도부근,승용,여,40세,상해없음,보행자,여,80세,중상
2012111100100353,2012년 11월 11일 13시,일요일,경상북도 안동시 태화동,중상사고,0,1,0,0,차대사람 - 길가장자리구역통행중,안전운전불이행,건조,맑음,교차로 - 교차로부근,승용,여,39세,상해없음,보행자,남,52세,중상
2012111100100354,2012년 11월 11일 13시,일요일,경상북도 구미시 남통동,경상사고,0,0,4,0,차대차 - 측면직각충돌,중앙선침범,습기,비,단일로 - 기타,승용,남,34세,상해없음,승용,남,43세,경상
2012111100100355,2012년 11월 11일 13시,일요일,경상북도 구미시 원평동,중상사고,0,1,2,0,차대차 - 측면직각충돌,안전운전불이행,습기,비,교차로 - 교차로부근,승용,남,54세,상해없음,승용,남,47세,경상
2012111100100388,2012년 11월 11일 14시,일요일,경상북도 칠곡군 동명면,중상사고,0,2,2,0,차량단독 - 기타,안전운전불이행,건조,맑음,단일로 - 기타,승용,남,75세,경상,,,,
2012111100100418,2012년 11월 11일 15시,일요일,경상북도 안동시 용상동,중상사고,0,1,0,0,차대차 - 측면직각충돌,안전운전불이행,건조,맑음,단일로 - 횡단보도상,원동기,남,20세,상해없음,자전거,남,58세,중상
2012111100100419,2012년 11월 11일 15시,일요일,경상북도 경산시 정평동,중상사고,0,1,0,0,차대차 - 기타,안전운전불이행,건조,맑음,교차로 - 교차로부근,승용,여,57세,상해없음,이륜,남,59세,중상
2012111100100445,2012년 11월 11일 16시,일요일,경상북도 경주시 노동동,경상사고,0,0,4,0,차대차 - 측면직각충돌,안전운전불이행,건조,맑음,교차로 - 교차로부근,화물,남,70세,상해없음,승용,남,42세,경상
2012111100100476,2012년 11월 11일 17시,일요일,경상북도 청송군 부동면,경상사고,0,0,1,0,차대차 - 정면충돌,중앙선침범,건조,맑음,단일로 - 기타,화물,남,29세,상해없음,승용,여,50세,경상
2012111100100527,2012년 11월 11일 18시,일요일,경상북도 김천시 부곡동,경상사고,0,0,2,0,차대차 - 측면직각충돌,안전운전불이행,건조,맑음,교차로 - 교차로부근,승용,남,61세,상해없음,승용,남,21세,경상
2012111100100528,2012년 11월 11일 18시,일요일,경상북도 의성군 춘산면,중상사고,0,1,0,0,차대사람 - 횡단중,안전운전불이행,건조,맑음,단일로 - 기타,화물,여,48세,상해없음,보행자,여,47세,중상
2012111100100529,2012년 11월 11일 18시,일요일,경상북도 구미시 오태동,경상사고,0,0,2,0,차대차 - 추돌 - 진행중,안전운전불이행,건조,흐림,단일로 - 기타,승용,남,40세,상해없음,승용,남,49세,경상
2012111100100530,2012년 11월 11일 18시,일요일,경상북도 포항시 남구 상도동,중상사고,0,1,2,0,차대차 - 추돌 - 진행중,안전운전불이행,건조,맑음,교차로 - 교차로부근,원동기,남,17세,상해없음,승용,여,33세,경상
2012111100100571,2012년 11월 11일 19시,일요일,경상북도 경주시 용강동,중상사고,0,2,0,0,차대사람 - 기타,안전운전불이행,건조,맑음,단일로 - 횡단보도상,원동기,남,20세,중상,보행자,남,13세,중상
2012111100100572,2012년 11월 11일 19시,일요일,경상북도 포항시 북구 죽도동,경상사고,0,0,2,0,차대차 - 추돌 - 주정차중,안전운전불이행,건조,맑음,단일로 - 기타,승용,여,35세,상해없음,승용,남,32세,경상
2012111100100573,2012년 11월 11일 19시,일요일,경상북도 칠곡군 왜관읍,부상신고사고,0,0,0,1,차대사람 - 기타,안전운전불이행,건조,맑음,단일로 - 기타,이륜,남,35세,부상신고,보행자,남,67세,상해없음
2012111100100574,2012년 11월 11일 19시,일요일,경상북도 영덕군 강구면,사망사고,1,0,0,0,차대사람 - 횡단중,안전운전불이행,건조,맑음,기타 - 기타,화물,남,42세,상해없음,보행자,남,77세,사망
2012111100100605,2012년 11월 11일 20시,일요일,경상북도 경주시 효현동,중상사고,0,1,0,0,차대차 - 측면직각충돌,신호위반,건조,맑음,교차로 - 교차로안,승용,남,67세,상해없음,승용,남,62세,중상
2012111100100607,2012년 11월 11일 20시,일요일,경상북도 경주시 동방동,경상사고,0,0,1,0,차대차 - 추돌 - 주정차중,안전운전불이행,건조,맑음,교차로 - 교차로부근,승용,남,40세,상해없음,승용,여,41세,경상
2012111100100608,2012년 11월 11일 20시,일요일,경상북도 칠곡군 왜관읍,부상신고사고,0,0,0,1,차대차 - 기타,안전운전불이행,건조,맑음,교차로 - 교차로안,이륜,남,49세,부상신고,승합,남,50세,상해없음
2012111100100609,2012년 11월 11일 20시,일요일,경상북도 영천시 문외동,경상사고,0,0,1,0,차대차 - 추돌 - 진행중,안전거리미확보,건조,맑음,교차로 - 교차로부근,승용,남,49세,상해없음,승용,여,49세,상해없음
2012111100100610,2012년 11월 11일 20시,일요일,경상북도 영천시 오수동,중상사고,0,1,0,0,차대사람 - 기타,안전운전불이행,건조,맑음,단일로 - 기타,승합,남,48세,상해없음,보행자,남,48세,중상
2012111100100634,2012년 11월 11일 21시,일요일,경상북도 상주시 남성동,중상사고,0,1,0,0,차대차 - 기타,교차로운행방법위반,건조,흐림,교차로 - 교차로안,승용,남,63세,상해없음,이륜,여,27세,중상
2012111100100635,2012년 11월 11일 21시,일요일,경상북도 경산시 옥산동,중상사고,0,1,0,0,차대사람 - 기타,안전운전불이행,건조,맑음,단일로 - 기타,승용,남,65세,상해없음,보행자,여,5세,중상
2012111100100636,2012년 11월 11일 21시,일요일,경상북도 구미시 도량동,경상사고,0,0,1,0,차대차 - 측면직각충돌,안전운전불이행,건조,맑음,단일로 - 기타,이륜,남,36세,상해없음,이륜,남,18세,경상
2012111100100637,2012년 11월 11일 21시,일요일,경상북도 포항시 남구 이동,경상사고,0,0,3,0,차대차 - 추돌 - 진행중,안전운전불이행,건조,맑음,교차로 - 교차로부근,승용,남,32세,상해없음,승용,남,28세,경상
2012111100100638,2012년 11월 11일 21시,일요일,경상북도 포항시 남구 상도동,경상사고,0,0,1,0,차대사람 - 기타,신호위반,건조,맑음,단일로 - 기타,승용,남,28세,상해없음,보행자,남,54세,경상
2012111100100665,2012년 11월 11일 22시,일요일,경상북도 경주시 황오동,경상사고,0,0,2,0,차대차 - 측면직각충돌,신호위반,건조,맑음,교차로 - 교차로안,승용,남,65세,상해없음,승용,남,37세,경상
2012111100100666,2012년 11월 11일 22시,일요일,경상북도 구미시 원평동,경상사고,0,0,1,0,차대사람 - 기타,안전운전불이행,건조,맑음,단일로 - 기타,기타불명,기타불명,기타불명,기타불명,보행자,남,23세,경상
2012111100100687,2012년 11월 11일 23시,일요일,경상북도 구미시 황상동,중상사고,0,3,1,0,차대차 - 측면직각충돌,안전운전불이행,건조,맑음,교차로 - 교차로부근,승용,남,36세,상해없음,승용,남,48세,중상
2012111100100688,2012년 11월 11일 23시,일요일,경상북도 포항시 남구 대송면,사망사고,1,0,0,0,차대차 - 추돌 - 진행중,안전운전불이행,건조,맑음,교차로 - 교차로부근,승용,남,31세,사망,화물,남,44세,상해없음
2012111200100110,2012년 11월 12일 07시,월요일,경상북도 칠곡군 석적읍,경상사고,0,0,1,0,차대사람 - 기타,신호위반,건조,맑음,단일로 - 기타,승용,여,39세,상해없음,보행자,여,10세,경상
2012111200100164,2012년 11월 12일 09시,월요일,경상북도 포항시 북구 흥해읍,경상사고,0,0,1,0,차대차 - 측면직각충돌,교차로운행방법위반,건조,맑음,교차로 - 교차로안,승용,여,33세,상해없음,승용,여,36세,경상
2012111200100165,2012년 11월 12일 09시,월요일,경상북도 경산시 계양동,경상사고,0,0,1,0,차대차 - 기타,안전운전불이행,건조,맑음,단일로 - 기타,승합,남,35세,상해없음,승용,여,56세,경상
2012111200100166,2012년 11월 12일 09시,월요일,경상북도 경주시 내남면,중상사고,0,1,0,0,차대차 - 추돌 - 진행중,안전운전불이행,건조,맑음,단일로 - 기타,승용,남,51세,상해없음,화물,남,58세,상해없음
2012111200100188,2012년 11월 12일 10시,월요일,경상북도 경산시 와촌면,중상사고,0,1,1,0,차대차 - 기타,안전운전불이행,건조,맑음,단일로 - 기타,승용,여,49세,중상,화물,남,27세,경상
2012111200100189,2012년 11월 12일 10시,월요일,경상북도 구미시 선산읍,경상사고,0,0,1,0,차대차 - 측면직각충돌,교차로운행방법위반,건조,맑음,교차로 - 교차로안,이륜,남,65세,경상,승용,남,41세,상해없음
2012111200100207,2012년 11월 12일 11시,월요일,경상북도 김천시 아포읍,중상사고,0,1,0,0,차대차 - 측면직각충돌,안전거리미확보,건조,기타,교차로 - 교차로부근,승용,여,57세,상해없음,승용,여,41세,중상
2012111200100208,2012년 11월 12일 11시,월요일,경상북도 상주시 남성동,경상사고,0,0,1,0,차대차 - 기타,교차로운행방법위반,건조,맑음,교차로 - 교차로안,화물,남,53세,상해없음,원동기,남,79세,경상
2012111200100209,2012년 11월 12일 11시,월요일,경상북도 경산시 하양읍,중상사고,0,1,3,2,차대차 - 측면직각충돌,안전운전불이행,건조,맑음,단일로 - 기타,화물,남,57세,상해없음,승합,남,48세,상해없음
2012111200100210,2012년 11월 12일 11시,월요일,경상북도 예천군 감천면,경상사고,0,0,1,0,차대차 - 기타,안전운전불이행,건조,흐림,교차로 - 교차로안,화물,남,38세,상해없음,승용,남,70세,경상
2012111200100230,2012년 11월 12일 12시,월요일,경상북도 경주시 동천동,경상사고,0,0,1,0,차대차 - 측면직각충돌,안전운전불이행,건조,맑음,교차로 - 교차로안,승용,남,53세,상해없음,승용,여,49세,상해없음
2012111200100231,2012년 11월 12일 12시,월요일,경상북도 문경시 농암면,경상사고,0,0,1,0,차대차 - 측면직각충돌,직진우회전진행방해,건조,맑음,교차로 - 교차로안,화물,남,72세,상해없음,승용,남,76세,상해없음
2012111200100259,2012년 11월 12일 13시,월요일,경상북도 경주시 진현동,경상사고,0,0,3,0,차량단독 - 도로외이탈 - 추락,안전운전불이행,건조,맑음,단일로 - 기타,승용,남,24세,상해없음,,,,
2012111200100260,2012년 11월 12일 13시,월요일,경상북도 안동시 송현동,중상사고,0,1,0,0,차대차 - 추돌 - 진행중,안전운전불이행,건조,맑음,단일로 - 기타,승용,남,64세,상해없음,이륜,남,63세,중상
2012111200100285,2012년 11월 12일 14시,월요일,경상북도 포항시 북구 죽도동,경상사고,0,0,3,0,차량단독 - 공작물충돌,안전운전불이행,건조,맑음,단일로 - 기타,승용,남,57세,상해없음,,,,
2012111200100286,2012년 11월 12일 14시,월요일,경상북도 포항시 북구 죽도동,경상사고,0,0,1,0,차대차 - 기타,안전운전불이행,건조,맑음,단일로 - 기타,승용,남,37세,상해없음,승용,여,37세,경상
2012111200100287,2012년 11월 12일 14시,월요일,경상북도 안동시 북문동,경상사고,0,0,2,0,차대차 - 추돌 - 진행중,안전거리미확보,건조,맑음,단일로 - 기타,승용,남,36세,상해없음,화물,남,70세,경상
2012111200100288,2012년 11월 12일 14시,월요일,경상북도 안동시 서후면,중상사고,0,1,0,0,차대차 - 정면충돌,중앙선침범,건조,맑음,단일로 - 기타,승용,남,26세,상해없음,이륜,남,59세,중상
2012111200100289,2012년 11월 12일 14시,월요일,경상북도 안동시 남선면,중상사고,0,1,0,0,차대차 - 추돌 - 진행중,안전운전불이행,건조,맑음,기타 - 기타,화물,남,67세,상해없음,화물,여,62세,중상
2012111200100320,2012년 11월 12일 15시,월요일,경상북도 칠곡군 약목면,중상사고,0,1,0,0,차대차 - 기타,안전운전불이행,건조,맑음,단일로 - 기타,승용,여,40세,상해없음,이륜,남,58세,중상
2012111200100321,2012년 11월 12일 15시,월요일,경상북도 영천시 야사동,중상사고,0,1,0,0,차대차 - 기타,안전운전불이행,건조,맑음,교차로 - 교차로안,화물,남,44세,상해없음,이륜,남,64세,중상
2012111200100322,2012년 11월 12일 15시,월요일,경상북도 고령군 다산면,경상사고,0,0,1,0,차대사람 - 차도통행중,안전운전불이행,건조,맑음,단일로 - 기타,화물,남,63세,상해없음,보행자,여,61세,경상
2012111200100323,2012년 11월 12일 15시,월요일,경상북도 포항시 남구 상도동,경상사고,0,0,1,0,차대차 - 추돌 - 진행중,안전운전불이행,건조,맑음,단일로 - 기타,승용,남,56세,상해없음,승용,남,36세,경상
2012111200100324,2012년 11월 12일 15시,월요일,경상북도 포항시 남구 장기면,중상사고,0,1,2,0,차대차 - 정면충돌,중앙선침범,건조,맑음,단일로 - 기타,화물,남,64세,경상,승용,남,54세,경상
2012111200100359,2012년 11월 12일 16시,월요일,경상북도 안동시 길안면,중상사고,0,2,0,0,차대차 - 기타,안전운전불이행,건조,맑음,단일로 - 기타,화물,남,59세,상해없음,농기계,남,73세,중상
2012111200100360,2012년 11월 12일 16시,월요일,경상북도 김천시 평화동,경상사고,0,0,1,0,차대사람 - 기타,신호위반,건조,맑음,단일로 - 기타,승용,여,39세,기타불명,보행자,여,13세,경상
2012111200100361,2012년 11월 12일 16시,월요일,경상북도 구미시 지산동,중상사고,0,1,0,0,차대차 - 기타,안전운전불이행,건조,맑음,교차로 - 교차로부근,승합,남,49세,상해없음,자전거,남,80세,중상
2012111200100399,2012년 11월 12일 17시,월요일,경상북도 경주시 안강읍,사망사고,1,0,0,0,차대차 - 추돌 - 진행중,안전운전불이행,건조,맑음,단일로 - 기타,승용,남,63세,상해없음,농기계,남,77세,사망
2012111200100400,2012년 11월 12일 17시,월요일,경상북도 영주시 하망동,중상사고,0,1,0,0,차대사람 - 횡단중,안전운전불이행,건조,맑음,교차로 - 교차로안,승용,남,51세,상해없음,보행자,여,79세,중상
2012111200100462,2012년 11월 12일 18시,월요일,경상북도 경산시 압량면,경상사고,0,0,1,0,차대사람 - 횡단중,안전운전불이행,건조,맑음,교차로 - 교차로안,승용,여,59세,상해없음,보행자,남,55세,경상
2012111200100510,2012년 11월 12일 19시,월요일,경상북도 칠곡군 석적읍,경상사고,0,0,1,0,차대사람 - 횡단중,안전운전불이행,건조,맑음,단일로 - 기타,승용,남,33세,상해없음,보행자,남,39세,경상
2012111200100542,2012년 11월 12일 20시,월요일,경상북도 의성군 금성면,중상사고,0,1,0,0,차대차 - 기타,직진우회전진행방해,건조,맑음,교차로 - 교차로안,화물,남,50세,상해없음,화물,여,57세,중상
2012111200100543,2012년 11월 12일 20시,월요일,경상북도 영주시 영주동,중상사고,0,1,0,0,차대차 - 측면직각충돌,안전운전불이행,건조,맑음,교차로 - 교차로안,승용,남,71세,상해없음,이륜,남,50세,중상
2012111200100544,2012년 11월 12일 20시,월요일,경상북도 경산시 계양동,중상사고,0,1,3,0,차대차 - 기타,안전운전불이행,건조,맑음,단일로 - 기타,승용,남,45세,상해없음,승용,남,33세,경상
2012111200100545,2012년 11월 12일 20시,월요일,경상북도 구미시 원평동,부상신고사고,0,0,0,1,차대차 - 측면직각충돌,신호위반,건조,맑음,교차로 - 교차로안,이륜,남,51세,부상신고,승용,남,74세,상해없음
2012111200100546,2012년 11월 12일 20시,월요일,경상북도 구미시 임은동,중상사고,0,1,0,0,차대사람 - 횡단중,안전운전불이행,건조,맑음,단일로 - 기타,승용,여,44세,상해없음,보행자,여,15세,중상
2012111200100588,2012년 11월 12일 21시,월요일,경상북도 경산시 압량면,경상사고,0,0,3,0,차대차 - 추돌 - 진행중,안전운전불이행,건조,맑음,단일로 - 기타,승용,남,24세,상해없음,승용,남,47세,경상
2012111200100589,2012년 11월 12일 21시,월요일,경상북도 구미시 진평동,경상사고,0,0,1,0,차대사람 - 기타,안전운전불이행,건조,맑음,교차로 - 교차로안,승용,남,20세,상해없음,보행자,여,23세,경상
2012111200100590,2012년 11월 12일 21시,월요일,경상북도 포항시 남구 장기면,사망사고,1,1,1,0,차량단독 - 도로외이탈 - 추락,안전운전불이행,건조,맑음,단일로 - 기타,화물,남,42세,중상,,,,
2012111200100636,2012년 11월 12일 22시,월요일,경상북도 경주시 건천읍,경상사고,0,0,1,0,차대사람 - 횡단중,안전운전불이행,건조,맑음,교차로 - 교차로안,승용,남,65세,상해없음,보행자,남,52세,경상
2012111200100637,2012년 11월 12일 22시,월요일,경상북도 경주시 양남면,경상사고,0,0,1,1,차대차 - 추돌 - 주정차중,안전운전불이행,건조,맑음,단일로 - 기타,승합,남,28세,부상신고,승용,남,39세,경상
2012111300100022,2012년 11월 13일 00시,화요일,경상북도 경산시 옥곡동,중상사고,0,2,0,0,차대차 - 기타,안전운전불이행,건조,맑음,교차로 - 교차로부근,기타불명,기타불명,기타불명,기타불명,승용,남,26세,중상
2012111300100023,2012년 11월 13일 00시,화요일,경상북도 구미시 원평동,중상사고,0,1,0,0,차대차 - 측면직각충돌,신호위반,건조,맑음,교차로 - 교차로안,승용,남,23세,상해없음,승용,남,21세,중상
2012111300100024,2012년 11월 13일 00시,화요일,경상북도 포항시 남구 동해면,경상사고,0,0,1,0,차대사람 - 길가장자리구역통행중,안전운전불이행,건조,맑음,단일로 - 기타,기타불명,기타불명,기타불명,기타불명,보행자,남,54세,경상
2012111300100080,2012년 11월 13일 05시,화요일,경상북도 영천시 망정동,경상사고,0,0,1,0,차대차 - 추돌 - 진행중,안전운전불이행,건조,맑음,교차로 - 교차로부근,승용,남,24세,상해없음,화물,미분류,기타불명,기타불명
2012111300100115,2012년 11월 13일 07시,화요일,경상북도 영천시 조교동,중상사고,0,1,0,0,차대차 - 측면직각충돌,신호위반,건조,맑음,교차로 - 교차로안,승용,남,60세,상해없음,화물,남,52세,중상
2012111300100147,2012년 11월 13일 08시,화요일,경상북도 경주시 외동읍,경상사고,0,0,1,0,차대차 - 측면직각충돌,중앙선침범,건조,맑음,단일로 - 기타,기타불명,기타불명,기타불명,기타불명,승용,남,43세,경상
2012111300100148,2012년 11월 13일 08시,화요일,경상북도 안동시 풍산읍,중상사고,0,1,0,0,차대차 - 정면충돌,안전운전불이행,건조,맑음,교차로 - 교차로안,승용,남,32세,상해없음,이륜,남,77세,중상
2012111300100149,2012년 11월 13일 08시,화요일,경상북도 안동시 송현동,중상사고,0,1,2,0,차대차 - 추돌 - 주정차중,안전운전불이행,건조,맑음,단일로 - 기타,승용,여,19세,경상,승용,남,44세,중상
2012111300100150,2012년 11월 13일 08시,화요일,경상북도 영주시 풍기읍,경상사고,0,0,2,0,차대차 - 측면직각충돌,안전운전불이행,건조,맑음,교차로 - 교차로안,승용,여,54세,경상,승합,남,41세,경상
2012111300100151,2012년 11월 13일 08시,화요일,경상북도 문경시 공평동,경상사고,0,0,1,0,차대차 - 추돌 - 주정차중,안전운전불이행,습기,흐림,교차로 - 교차로부근,원동기,남,66세,경상,승용,남,57세,상해없음
2012111300100152,2012년 11월 13일 08시,화요일,경상북도 구미시 황상동,경상사고,0,0,1,0,차대차 - 측면직각충돌,안전운전불이행,건조,맑음,교차로 - 교차로부근,승용,남,23세,상해없음,이륜,남,23세,경상
2012111300100192,2012년 11월 13일 09시,화요일,경상북도 경주시 동천동,부상신고사고,0,0,0,1,차대차 - 측면직각충돌,안전운전불이행,건조,맑음,단일로 - 기타,화물,남,49세,상해없음,이륜,남,73세,부상신고
2012111300100193,2012년 11월 13일 09시,화요일,경상북도 예천군 예천읍,경상사고,0,0,2,0,차대차 - 기타,안전운전불이행,습기,비,단일로 - 기타,화물,남,51세,상해없음,화물,남,56세,경상
2012111300100215,2012년 11월 13일 10시,화요일,경상북도 경주시 용강동,경상사고,0,0,1,0,차대차 - 측면직각충돌,안전운전불이행,건조,맑음,교차로 - 교차로부근,승용,남,53세,상해없음,자전거,여,46세,경상
2012111300100252,2012년 11월 13일 12시,화요일,경상북도 구미시 형곡동,경상사고,0,0,1,0,차대차 - 측면직각충돌,안전운전불이행,건조,맑음,교차로 - 교차로안,승용,여,34세,상해없음,기타불명,여,59세,경상
2012111300100275,2012년 11월 13일 13시,화요일,경상북도 상주시 외답동,경상사고,0,0,1,0,차대차 - 추돌 - 주정차중,안전운전불이행,습기,비,교차로 - 교차로부근,화물,남,85세,상해없음,승용,남,62세,경상
2012111300100303,2012년 11월 13일 14시,화요일,경상북도 김천시 응명동,경상사고,0,0,1,0,차대차 - 측면직각충돌,안전운전불이행,습기,기타,교차로 - 교차로안,승용,남,23세,상해없음,승용,남,39세,경상
2012111300100304,2012년 11월 13일 14시,화요일,경상북도 의성군 안계면,경상사고,0,0,1,0,차대차 - 기타,중앙선침범,습기,맑음,단일로 - 기타,화물,남,67세,상해없음,화물,남,52세,경상
2012111300100305,2012년 11월 13일 14시,화요일,경상북도 영천시 화룡동,중상사고,0,1,0,0,차대사람 - 기타,안전운전불이행,건조,맑음,기타 - 기타,승용,남,40세,상해없음,보행자,여,64세,중상
2012111300100306,2012년 11월 13일 14시,화요일,경상북도 포항시 남구 오천읍,중상사고,0,2,0,0,차대사람 - 기타,보행자보호의무위반,건조,맑음,교차로 - 교차로부근,승합,여,45세,상해없음,보행자,남,7세,중상
2012111300100335,2012년 11월 13일 15시,화요일,경상북도 김천시 황금동,중상사고,0,1,0,0,차대차 - 측면직각충돌,교차로운행방법위반,건조,맑음,교차로 - 교차로안,자전거,남,64세,중상,승용,여,56세,상해없음
2012111300100336,2012년 11월 13일 15시,화요일,경상북도 경산시 중방동,경상사고,0,0,1,0,차대차 - 기타,신호위반,건조,맑음,교차로 - 교차로안,승용,남,24세,상해없음,이륜,남,19세,경상
2012111300100365,2012년 11월 13일 16시,화요일,경상북도 영주시 휴천동,중상사고,0,1,0,0,차대차 - 정면충돌,직진우회전진행방해,건조,흐림,교차로 - 교차로안,승용,남,50세,중상,화물,남,47세,상해없음
2012111300100366,2012년 11월 13일 16시,화요일,경상북도 칠곡군 약목면,중상사고,0,2,0,0,차대차 - 추돌 - 진행중,안전거리미확보,습기,비,단일로 - 기타,승합,남,68세,상해없음,승용,남,59세,중상
2012111300100367,2012년 11월 13일 16시,화요일,경상북도 영천시 도동,중상사고,0,1,0,0,차대차 - 측면직각충돌,안전운전불이행,건조,맑음,단일로 - 기타,화물,남,55세,상해없음,화물,남,35세,중상
2012111300100368,2012년 11월 13일 16시,화요일,경상북도 포항시 남구 연일읍,경상사고,0,0,3,0,차대차 - 추돌 - 진행중,신호위반,건조,맑음,교차로 - 교차로안,승용,여,50세,경상,건설기계,남,45세,상해없음
2012111300100405,2012년 11월 13일 17시,화요일,경상북도 경주시 안강읍,중상사고,0,1,0,0,차대차 - 기타,안전운전불이행,건조,맑음,단일로 - 기타,승용,남,29세,중상,화물,남,44세,상해없음
2012111300100406,2012년 11월 13일 17시,화요일,경상북도 칠곡군 약목면,중상사고,0,2,0,0,차대차 - 추돌 - 주정차중,안전운전불이행,습기,비,교차로 - 교차로부근,승합,남,54세,상해없음,승용,여,46세,중상
2012111300100407,2012년 11월 13일 17시,화요일,경상북도 포항시 남구 대송면,경상사고,0,0,1,0,차대차 - 기타,안전운전불이행,건조,맑음,단일로 - 기타,화물,남,50세,상해없음,화물,남,44세,경상
2012111300100454,2012년 11월 13일 18시,화요일,경상북도 안동시 풍천면,경상사고,0,0,1,0,차대차 - 기타,안전운전불이행,건조,맑음,단일로 - 기타,화물,남,51세,경상,승용,남,52세,상해없음
2012111300100455,2012년 11월 13일 18시,화요일,경상북도 김천시 남면,사망사고,1,0,1,0,차대차 - 측면직각충돌,안전거리미확보,습기,비,단일로 - 기타,승용,남,44세,사망,승합,남,37세,상해없음
2012111300100456,2012년 11월 13일 18시,화요일,경상북도 포항시 남구 대도동,경상사고,0,0,3,0,차대차 - 추돌 - 진행중,안전거리미확보,건조,맑음,교차로 - 교차로부근,승용,남,42세,경상,승용,남,59세,경상
2012111300100517,2012년 11월 13일 19시,화요일,경상북도 구미시 원평동,중상사고,0,1,0,0,차대사람 - 횡단중,안전운전불이행,건조,맑음,단일로 - 기타,기타불명,기타불명,기타불명,기타불명,보행자,남,49세,중상
2012111300100518,2012년 11월 13일 19시,화요일,경상북도 구미시 임은동,중상사고,0,1,2,0,차대차 - 측면직각충돌,신호위반,건조,맑음,교차로 - 교차로안,승용,남,25세,경상,승용,여,28세,중상