사고번호,사고일시,요일,시군구,사고내용,사망자수,중상자수,경상자수,부상신고자수,사고유형,법규위반,노면상태,기상상태,도로형태,가해운전자 차종,가해운전자 성별,가해운전자 연령,가해운전자 상해정도,피해운전자 차종,피해운전자 성별,피해운전자 연령,피해운전자 상해정도
2012112400100646,2012년 11월 24일 22시,토요일,경상북도 포항시 남구 오천읍,경상사고,0,0,2,0,차대차 - 측면직각충돌,안전운전불이행,건조,맑음,단일로 - 기타,화물,남,57세,상해없음,승용,남,41세,경상
2012112400100667,2012년 11월 24일 23시,토요일,경상북도 경주시 건천읍,경상사고,0,0,1,0,차량단독 - 공작물충돌,안전운전불이행,기타,맑음,단일로 - 기타,승용,남,39세,상해없음,,,,
2012112400100668,2012년 11월 24일 23시,토요일,경상북도 영천시 야사동,경상사고,0,0,1,0,차대차 - 기타,안전운전불이행,건조,맑음,교차로 - 교차로안,승용,기타불명,기타불명,기타불명,승용,여,41세,상해없음
2012112400100669,2012년 11월 24일 23시,토요일,경상북도 구미시 형곡동,경상사고,0,0,3,0,차대차 - 측면직각충돌,안전운전불이행,건조,맑음,단일로 - 기타,승용,남,43세,상해없음,승용,남,29세,경상
2012112500100044,2012년 11월 25일 01시,일요일,경상북도 경주시 도지동,중상사고,0,1,0,0,차량단독 - 공작물충돌,안전운전불이행,건조,맑음,단일로 - 기타,화물,남,64세,중상,,,,
2012112500100045,2012년 11월 25일 01시,일요일,경상북도 경주시 율동,중상사고,0,1,0,0,차량단독 - 공작물충돌,안전운전불이행,건조,맑음,교차로 - 교차로부근,이륜,남,47세,중상,,,,
2012112500100046,2012년 11월 25일 01시,일요일,경상북도 구미시 신평동,경상사고,0,0,2,0,차대차 - 측면직각충돌,신호위반,건조,맑음,교차로 - 교차로안,승용,남,45세,상해없음,승용,여,41세,경상
2012112500100061,2012년 11월 25일 02시,일요일,경상북도 구미시 공단동,경상사고,0,0,2,0,차대차 - 측면직각충돌,안전운전불이행,건조,맑음,교차로 - 교차로부근,승용,남,23세,상해없음,승용,남,30세,경상
2012112500100076,2012년 11월 25일 03시,일요일,경상북도 포항시 북구 송라면,사망사고,1,0,0,0,차대차 - 기타,안전운전불이행,건조,맑음,단일로 - 기타,화물,남,49세,상해없음,승용,남,31세,상해없음
2012112500100077,2012년 11월 25일 03시,일요일,경상북도 안동시 옥동,경상사고,0,0,2,0,차대사람 - 기타,안전운전불이행,건조,맑음,단일로 - 기타,승용,남,32세,기타불명,보행자,남,24세,경상
2012112500100078,2012년 11월 25일 03시,일요일,경상북도 경산시 사동,경상사고,0,0,1,0,차대차 - 기타,안전운전불이행,건조,맑음,교차로 - 교차로부근,화물,남,36세,상해없음,승용,남,35세,경상
2012112500100079,2012년 11월 25일 03시,일요일,경상북도 경산시 임당동,경상사고,0,0,1,0,차대차 - 기타,안전운전불이행,건조,맑음,교차로 - 교차로안,승용,남,22세,상해없음,승용,남,59세,경상
2012112500100129,2012년 11월 25일 08시,일요일,경상북도 김천시 평화동,경상사고,0,0,2,0,차대차 - 측면직각충돌,안전운전불이행,건조,맑음,교차로 - 교차로부근,승용,남,29세,상해없음,승용,남,57세,경상
2012112500100130,2012년 11월 25일 08시,일요일,경상북도 문경시 마성면,중상사고,0,1,0,0,차대차 - 추돌 - 진행중,안전운전불이행,건조,맑음,교차로 - 교차로부근,이륜,남,51세,중상,승합,남,50세,상해없음
2012112500100170,2012년 11월 25일 10시,일요일,경상북도 경주시 외동읍,경상사고,0,0,1,0,차대차 - 측면직각충돌,안전운전불이행,건조,맑음,교차로 - 교차로안,승용,남,30세,경상,화물,남,32세,상해없음
2012112500100171,2012년 11월 25일 10시,일요일,경상북도 경산시 진량읍,중상사고,0,3,3,0,차대차 - 추돌 - 진행중,안전운전불이행,건조,맑음,교차로 - 교차로부근,승용,남,34세,경상,승용,남,46세,상해없음
2012112500100191,2012년 11월 25일 11시,일요일,경상북도 경산시 옥산동,중상사고,0,1,0,0,차대사람 - 기타,안전운전불이행,건조,맑음,단일로 - 기타,승용,여,52세,상해없음,보행자,남,3세,중상
2012112500100212,2012년 11월 25일 12시,일요일,경상북도 청도군 청도읍,경상사고,0,0,1,0,차대사람 - 기타,안전운전불이행,건조,맑음,단일로 - 기타,화물,남,65세,상해없음,보행자,남,23세,경상
2012112500100213,2012년 11월 25일 12시,일요일,경상북도 군위군 산성면,경상사고,0,0,1,0,차대차 - 측면직각충돌,안전운전불이행,건조,맑음,교차로 - 교차로안,승용,남,60세,경상,화물,여,50세,상해없음
2012112500100214,2012년 11월 25일 12시,일요일,경상북도 구미시 봉곡동,경상사고,0,0,2,0,차대차 - 기타,안전거리미확보,건조,맑음,교차로 - 교차로부근,승용,남,48세,상해없음,승용,남,56세,경상
2012112500100244,2012년 11월 25일 13시,일요일,경상북도 포항시 북구 장성동,경상사고,0,0,1,0,차대차 - 기타,안전운전불이행,건조,맑음,교차로 - 교차로안,승용,남,50세,상해없음,승용,남,46세,경상
2012112500100258,2012년 11월 25일 14시,일요일,경상북도 칠곡군 약목면,경상사고,0,0,1,0,차대차 - 기타,안전운전불이행,건조,맑음,교차로 - 교차로부근,기타불명,기타불명,기타불명,기타불명,자전거,남,63세,경상
2012112500100287,2012년 11월 25일 15시,일요일,경상북도 포항시 북구 중앙동,경상사고,0,0,4,0,차대차 - 측면직각충돌,교차로운행방법위반,건조,맑음,교차로 - 교차로안,승용,남,25세,기타불명,승용,남,46세,경상
2012112500100288,2012년 11월 25일 15시,일요일,경상북도 영주시 하망동,경상사고,0,0,1,0,차대차 - 측면직각충돌,안전운전불이행,건조,맑음,단일로 - 기타,화물,남,63세,상해없음,승용,여,39세,경상
2012112500100289,2012년 11월 25일 15시,일요일,경상북도 영덕군 영덕읍,경상사고,0,0,2,0,차대차 - 측면직각충돌,안전운전불이행,건조,맑음,교차로 - 교차로부근,승용,남,66세,상해없음,승용,남,71세,상해없음
2012112500100321,2012년 11월 25일 16시,일요일,경상북도 경주시 배반동,중상사고,0,1,0,0,차대차 - 기타,안전운전불이행,건조,맑음,단일로 - 기타,승합,남,55세,상해없음,자전거,남,24세,중상
2012112500100322,2012년 11월 25일 16시,일요일,경상북도 경산시 진량읍,경상사고,0,0,1,0,차대차 - 기타,안전운전불이행,건조,맑음,단일로 - 기타,승용,여,56세,상해없음,이륜,남,17세,경상
2012112500100323,2012년 11월 25일 16시,일요일,경상북도 성주군 성주읍,중상사고,0,1,0,0,차대차 - 측면직각충돌,직진우회전진행방해,건조,맑음,교차로 - 교차로부근,승용,남,58세,상해없음,이륜,여,57세,중상
2012112500100324,2012년 11월 25일 16시,일요일,경상북도 울진군 후포면,중상사고,0,1,1,0,차대차 - 추돌 - 진행중,안전운전불이행,건조,맑음,단일로 - 기타,승용,여,51세,경상,승용,남,59세,중상
2012112500100353,2012년 11월 25일 17시,일요일,경상북도 경주시 건천읍,경상사고,0,0,1,0,차대차 - 기타,안전운전불이행,건조,맑음,단일로 - 기타,원동기,남,69세,상해없음,자전거,남,70세,경상
2012112500100354,2012년 11월 25일 17시,일요일,경상북도 포항시 북구 흥해읍,중상사고,0,1,2,0,차대차 - 기타,안전거리미확보,건조,맑음,교차로 - 교차로부근,승용,남,46세,상해없음,승용,남,42세,중상
2012112500100355,2012년 11월 25일 17시,일요일,경상북도 문경시 영신동,중상사고,0,2,2,0,차대차 - 측면직각충돌,직진우회전진행방해,건조,맑음,교차로 - 교차로안,승용,남,48세,경상,승용,남,63세,경상
2012112500100378,2012년 11월 25일 18시,일요일,경상북도 칠곡군 왜관읍,경상사고,0,0,12,1,차대차 - 기타,안전운전불이행,건조,맑음,단일로 - 기타,승용,여,37세,부상신고,승용,여,34세,경상
2012112500100413,2012년 11월 25일 19시,일요일,경상북도 안동시 송현동,경상사고,0,0,1,0,차량단독 - 기타,안전운전불이행,건조,맑음,교차로 - 교차로안,이륜,남,37세,경상,,,,
2012112500100414,2012년 11월 25일 19시,일요일,경상북도 영천시 금호읍,경상사고,0,0,5,0,차대차 - 추돌 - 주정차중,안전운전불이행,건조,맑음,교차로 - 교차로안,승용,여,57세,상해없음,승용,남,39세,경상
2012112500100415,2012년 11월 25일 19시,일요일,경상북도 구미시 구평동,경상사고,0,0,1,0,차대차 - 기타,신호위반,건조,맑음,교차로 - 교차로안,승용,여,44세,상해없음,승용,여,26세,경상
2012112500100446,2012년 11월 25일 20시,일요일,경상북도 문경시 흥덕동,경상사고,0,0,1,0,차대사람 - 보도통행중,보행자보호의무위반,건조,맑음,교차로 - 교차로안,승용,여,37세,상해없음,보행자,남,49세,경상
2012112500100447,2012년 11월 25일 20시,일요일,경상북도 경산시 중방동,중상사고,0,1,0,0,차대사람 - 기타,안전운전불이행,건조,맑음,단일로 - 기타,승용,남,21세,상해없음,보행자,남,60세,중상
2012112500100493,2012년 11월 25일 21시,일요일,경상북도 구미시 봉곡동,중상사고,0,1,0,0,차대차 - 기타,안전운전불이행,건조,맑음,기타 - 기타,기타불명,기타불명,기타불명,기타불명,승용,여,50세,중상
2012112500100530,2012년 11월 25일 22시,일요일,경상북도 칠곡군 동명면,부상신고사고,0,0,0,1,차량단독 - 전도전복,안전운전불이행,습기,비,단일로 - 기타,승용,남,43세,부상신고,,,,
2012112500100531,2012년 11월 25일 22시,일요일,경상북도 구미시 도량동,경상사고,0,0,1,0,차대차 - 기타,안전운전불이행,건조,맑음,단일로 - 기타,기타불명,기타불명,기타불명,기타불명,승용,남,51세,경상
2012112500100551,2012년 11월 25일 23시,일요일,경상북도 경산시 압량면,중상사고,0,1,0,0,차대사람 - 길가장자리구역통행중,안전운전불이행,건조,맑음,단일로 - 기타,승용,남,40세,상해없음,보행자,남,50세,중상
2012112600100017,2012년 11월 26일 00시,월요일,경상북도 포항시 북구 득량동,사망사고,1,0,0,0,차대사람 - 횡단중,안전운전불이행,습기,비,교차로 - 교차로부근,승용,남,52세,상해없음,보행자,여,72세,사망
2012112600100018,2012년 11월 26일 00시,월요일,경상북도 구미시 옥계동,중상사고,0,1,0,0,차대차 - 기타,안전운전불이행,건조,맑음,단일로 - 기타,승용,남,36세,상해없음,승용,남,39세,상해없음
2012112600100026,2012년 11월 26일 01시,월요일,경상북도 경산시 대평동,중상사고,0,1,0,0,차량단독 - 공작물충돌,안전운전불이행,습기,비,단일로 - 기타,승용,남,33세,상해없음,,,,
2012112600100045,2012년 11월 26일 03시,월요일,경상북도 경주시 조양동,경상사고,0,0,1,0,차대차 - 기타,중앙선침범,습기,비,단일로 - 기타,승용,여,47세,상해없음,화물,남,42세,경상
2012112600100046,2012년 11월 26일 03시,월요일,경상북도 포항시 북구 죽도동,경상사고,0,0,2,0,차대사람 - 횡단중,중앙선침범,습기,비,단일로 - 기타,승용,여,52세,상해없음,보행자,남,44세,경상
2012112600100059,2012년 11월 26일 05시,월요일,경상북도 구미시 임수동,중상사고,0,1,0,0,차대차 - 기타,신호위반,건조,맑음,교차로 - 교차로안,승용,여,62세,상해없음,승용,남,37세,중상
2012112600100081,2012년 11월 26일 06시,월요일,경상북도 경주시 황오동,중상사고,0,1,0,0,차대사람 - 기타,안전운전불이행,습기,비,교차로 - 교차로부근,승용,남,30세,상해없음,보행자,여,71세,중상
2012112600100109,2012년 11월 26일 07시,월요일,경상북도 구미시 선산읍,경상사고,0,0,2,0,차대차 - 기타,안전운전불이행,건조,흐림,단일로 - 기타,승용,남,36세,상해없음,원동기,여,41세,경상
2012112600100137,2012년 11월 26일 08시,월요일,경상북도 경주시 외동읍,중상사고,0,1,0,0,차대차 - 측면직각충돌,중앙선침범,습기,비,단일로 - 기타,승용,남,62세,상해없음,승용,남,51세,중상
2012112600100138,2012년 11월 26일 08시,월요일,경상북도 경주시 황남동,중상사고,0,1,0,0,차대차 - 측면직각충돌,안전운전불이행,건조,맑음,교차로 - 교차로부근,승합,남,55세,상해없음,승용,여,45세,중상
2012112600100139,2012년 11월 26일 08시,월요일,경상북도 김천시 성내동,경상사고,0,0,2,0,차대차 - 측면직각충돌,직진우회전진행방해,건조,맑음,교차로 - 교차로안,승용,남,19세,경상,승용,여,46세,경상
2012112600100140,2012년 11월 26일 08시,월요일,경상북도 칠곡군 왜관읍,중상사고,0,1,0,0,차대차 - 추돌 - 진행중,신호위반,습기,맑음,교차로 - 교차로안,화물,남,57세,상해없음,승용,남,32세,중상
2012112600100141,2012년 11월 26일 08시,월요일,경상북도 경산시 백천동,경상사고,0,0,1,0,차대사람 - 기타,기타,건조,맑음,단일로 - 횡단보도부근,기타불명,기타불명,기타불명,기타불명,보행자,여,27세,경상
2012112600100142,2012년 11월 26일 08시,월요일,경상북도 예천군 예천읍,중상사고,0,1,0,0,차대차 - 기타,신호위반,습기,흐림,교차로 - 교차로안,승용,남,69세,상해없음,승용,여,32세,중상
2012112600100143,2012년 11월 26일 08시,월요일,경상북도 봉화군 법전면,경상사고,0,0,2,0,차대차 - 추돌 - 진행중,안전운전불이행,결빙,맑음,단일로 - 기타,승용,남,34세,상해없음,특수,남,51세,상해없음
2012112600100144,2012년 11월 26일 08시,월요일,경상북도 봉화군 법전면,중상사고,0,3,2,1,차대차 - 추돌 - 주정차중,안전운전불이행,결빙,맑음,단일로 - 기타,승용,여,48세,부상신고,승용,남,29세,상해없음
2012112600100145,2012년 11월 26일 08시,월요일,경상북도 청송군 안덕면,경상사고,0,0,1,0,차대차 - 측면직각충돌,교차로운행방법위반,결빙,흐림,교차로 - 교차로안,화물,남,64세,상해없음,농기계,남,73세,경상
2012112600100169,2012년 11월 26일 09시,월요일,경상북도 김천시 용두동,경상사고,0,0,2,0,차대차 - 측면직각충돌,안전운전불이행,건조,맑음,교차로 - 교차로안,승용,남,58세,상해없음,승용,남,56세,경상
2012112600100170,2012년 11월 26일 09시,월요일,경상북도 김천시 신음동,중상사고,0,2,0,0,차대차 - 측면직각충돌,안전운전불이행,습기,비,단일로 - 기타,승용,남,55세,상해없음,승용,남,32세,중상
2012112600100171,2012년 11월 26일 09시,월요일,경상북도 구미시 형곡동,경상사고,0,0,1,0,차대사람 - 기타,보행자보호의무위반,건조,맑음,단일로 - 횡단보도상,승용,여,41세,상해없음,보행자,여,39세,경상
2012112600100202,2012년 11월 26일 10시,월요일,경상북도 포항시 북구 죽도동,경상사고,0,0,1,0,차대사람 - 기타,안전운전불이행,건조,맑음,단일로 - 기타,승용,남,65세,상해없음,보행자,여,60세,경상
2012112600100203,2012년 11월 26일 10시,월요일,경상북도 안동시 송현동,중상사고,0,1,1,0,차대차 - 추돌 - 주정차중,안전운전불이행,건조,맑음,교차로 - 교차로부근,특수,남,35세,상해없음,승합,남,54세,경상
2012112600100204,2012년 11월 26일 10시,월요일,경상북도 안동시 운흥동,경상사고,0,0,1,0,차대차 - 측면직각충돌,직진우회전진행방해,건조,맑음,교차로 - 교차로안,승용,남,37세,상해없음,승용,여,44세,경상
2012112600100229,2012년 11월 26일 11시,월요일,경상북도 상주시 서성동,중상사고,0,1,0,0,차대차 - 기타,안전운전불이행,건조,맑음,교차로 - 교차로부근,승용,남,73세,상해없음,원동기,여,62세,중상
2012112600100230,2012년 11월 26일 11시,월요일,경상북도 울진군 죽변면,중상사고,0,1,0,0,차대차 - 추돌 - 진행중,안전운전불이행,건조,맑음,단일로 - 기타,이륜,남,72세,상해없음,승용,남,36세,상해없음
2012112600100256,2012년 11월 26일 12시,월요일,경상북도 구미시 인의동,경상사고,0,0,1,0,차대차 - 측면직각충돌,안전운전불이행,건조,맑음,교차로 - 교차로안,승용,여,50세,상해없음,승합,남,60세,경상
2012112600100278,2012년 11월 26일 13시,월요일,경상북도 문경시 모전동,중상사고,0,1,0,0,차대차 - 정면충돌,안전운전불이행,건조,맑음,교차로 - 교차로안,승용,여,55세,상해없음,원동기,남,47세,중상
2012112600100279,2012년 11월 26일 13시,월요일,경상북도 경산시 하양읍,중상사고,0,1,0,0,차대차 - 기타,안전운전불이행,건조,맑음,단일로 - 기타,화물,남,61세,상해없음,농기계,남,71세,중상
2012112600100346,2012년 11월 26일 15시,월요일,경상북도 경주시 현곡면,사망사고,2,0,0,0,차대차 - 측면직각충돌,안전운전불이행,건조,맑음,단일로 - 기타,화물,남,40세,상해없음,농기계,남,75세,사망
2012112600100347,2012년 11월 26일 15시,월요일,경상북도 군위군 효령면,중상사고,0,3,0,0,차대차 - 추돌 - 진행중,안전운전불이행,건조,맑음,단일로 - 기타,화물,남,55세,상해없음,승합,남,42세,중상
2012112600100348,2012년 11월 26일 15시,월요일,경상북도 구미시 상모동,경상사고,0,0,1,0,차대사람 - 기타,안전운전불이행,건조,맑음,교차로 - 교차로안,승용,여,40세,상해없음,보행자,남,60세,경상
2012112600100384,2012년 11월 26일 16시,월요일,경상북도 영주시 풍기읍,중상사고,0,1,0,0,차대차 - 측면직각충돌,안전운전불이행,건조,맑음,단일로 - 기타,승용,여,32세,상해없음,원동기,남,83세,중상
2012112600100385,2012년 11월 26일 16시,월요일,경상북도 구미시 광평동,중상사고,0,1,0,0,차대차 - 기타,안전운전불이행,건조,맑음,단일로 - 횡단보도상,승합,남,34세,상해없음,자전거,남,15세,상해없음
2012112600100386,2012년 11월 26일 16시,월요일,경상북도 포항시 남구 대잠동,경상사고,0,0,1,0,차대차 - 추돌 - 진행중,안전운전불이행,건조,맑음,기타 - 기타,승합,남,54세,상해없음,승용,남,40세,경상
2012112600100425,2012년 11월 26일 17시,월요일,경상북도 칠곡군 기산면,중상사고,0,1,0,0,차대사람 - 기타,안전운전불이행,건조,맑음,교차로 - 교차로부근,승합,여,36세,상해없음,보행자,여,75세,중상
2012112600100426,2012년 11월 26일 17시,월요일,경상북도 경산시 중방동,중상사고,0,1,1,0,차대차 - 기타,신호위반,건조,맑음,교차로 - 교차로안,승용,여,71세,상해없음,승용,여,55세,중상
2012112600100473,2012년 11월 26일 18시,월요일,경상북도 포항시 북구 학산동,경상사고,0,0,1,0,차대차 - 기타,중앙선침범,건조,맑음,단일로 - 기타,화물,남,41세,상해없음,자전거,남,42세,경상
2012112600100474,2012년 11월 26일 18시,월요일,경상북도 상주시 외서면,중상사고,0,4,0,0,차대차 - 기타,안전운전불이행,건조,맑음,단일로 - 기타,화물,남,46세,상해없음,승합,남,49세,중상
2012112600100475,2012년 11월 26일 18시,월요일,경상북도 의성군 사곡면,중상사고,0,1,1,0,차대차 - 기타,안전운전불이행,건조,맑음,단일로 - 기타,승용,여,64세,상해없음,농기계,남,64세,경상
2012112600100476,2012년 11월 26일 18시,월요일,경상북도 칠곡군 석적읍,부상신고사고,0,0,0,1,차대차 - 추돌 - 진행중,안전운전불이행,건조,맑음,교차로 - 교차로안,이륜,남,20세,부상신고,승용,남,32세,상해없음
2012112600100477,2012년 11월 26일 18시,월요일,경상북도 구미시 선산읍,중상사고,0,1,1,0,차대사람 - 기타,안전운전불이행,건조,맑음,교차로 - 교차로안,이륜,남,27세,경상,보행자,여,80세,중상
2012112600100520,2012년 11월 26일 19시,월요일,경상북도 안동시 태화동,중상사고,0,1,0,0,차대차 - 측면직각충돌,교차로운행방법위반,건조,맑음,교차로 - 교차로안,승용,남,54세,상해없음,승합,남,59세,중상
2012112600100521,2012년 11월 26일 19시,월요일,경상북도 김천시 남산동,중상사고,0,1,0,0,차대차 - 측면직각충돌,기타,건조,맑음,단일로 - 기타,승용,남,46세,상해없음,이륜,남,30세,중상
2012112600100522,2012년 11월 26일 19시,월요일,경상북도 구미시 사곡동,경상사고,0,0,1,0,차대사람 - 기타,신호위반,건조,맑음,교차로 - 교차로안,이륜,남,40세,상해없음,보행자,여,16세,경상
2012112600100582,2012년 11월 26일 21시,월요일,경상북도 경주시 보문동,경상사고,0,0,1,0,차량단독 - 도로외이탈 - 추락,안전운전불이행,건조,맑음,단일로 - 기타,승용,남,30세,상해없음,,,,
2012112600100583,2012년 11월 26일 21시,월요일,경상북도 포항시 북구 두호동,경상사고,0,0,1,0,차대차 - 기타,중앙선침범,건조,맑음,교차로 - 교차로부근,승용,남,51세,상해없음,원동기,남,17세,경상
2012112600100621,2012년 11월 26일 22시,월요일,경상북도 경주시 성건동,경상사고,0,0,1,0,차대차 - 측면직각충돌,신호위반,건조,맑음,교차로 - 교차로안,승용,남,27세,상해없음,원동기,남,17세,경상
2012112600100622,2012년 11월 26일 22시,월요일,경상북도 경산시 진량읍,경상사고,0,0,1,0,차대차 - 측면직각충돌,신호위반,건조,맑음,교차로 - 교차로안,승용,남,54세,상해없음,승용,남,24세,경상
2012112600100653,2012년 11월 26일 23시,월요일,경상북도 안동시 옥동,부상신고사고,0,0,0,1,차대차 - 기타,차로위반,건조,맑음,단일로 - 기타,승용,남,29세,상해없음,이륜,남,16세,부상신고
2012112600100654,2012년 11월 26일 23시,월요일,경상북도 안동시 서후면,중상사고,0,1,0,0,차대차 - 기타,차로위반,건조,맑음,기타 - 기타,화물,남,46세,상해없음,승용,여,28세,중상
2012112600100655,2012년 11월 26일 23시,월요일,경상북도 구미시 옥계동,경상사고,0,0,1,0,차대차 - 측면직각충돌,안전운전불이행,건조,맑음,단일로 - 기타,승용,남,22세,상해없음,이륜,남,41세,경상
2012112600100656,2012년 11월 26일 23시,월요일,경상북도 구미시 진평동,경상사고,0,0,1,0,차대차 - 추돌 - 진행중,안전운전불이행,건조,맑음,교차로 - 교차로안,승용,남,43세,기타불명,승용,남,30세,경상
2012112600100657,2012년 11월 26일 23시,월요일,경상북도 구미시 고아읍,중상사고,0,1,2,0,차대차 - 측면직각충돌,교차로운행방법위반,건조,맑음,교차로 - 교차로안,화물,남,29세,경상,승용,남,46세,경상
2012112700100028,2012년 11월 27일 01시,화요일,경상북도 포항시 남구 지곡동,중상사고,0,1,0,0,차량단독 - 전도전복,안전운전불이행,건조,맑음,단일로 - 기타,승용,남,24세,중상,,,,
2012112700100037,2012년 11월 27일 02시,화요일,경상북도 경주시 안강읍,부상신고사고,0,0,0,1,차량단독 - 공작물충돌,안전운전불이행,건조,맑음,단일로 - 기타,승용,여,49세,부상신고,,,,
2012112700100056,2012년 11월 27일 04시,화요일,경상북도 구미시 옥계동,경상사고,0,0,1,0,차대차 - 기타,안전운전불이행,건조,맑음,단일로 - 기타,승용,남,33세,경상,승합,남,60세,상해없음
2012112700100062,2012년 11월 27일 05시,화요일,경상북도 구미시 거의동,중상사고,0,1,0,0,차량단독 - 공작물충돌,안전운전불이행,건조,맑음,단일로 - 기타,승용,남,25세,중상,,,,
2012112700100114,2012년 11월 27일 07시,화요일,경상북도 포항시 북구 장성동,경상사고,0,0,3,0,차대차 - 기타,교차로운행방법위반,건조,맑음,교차로 - 교차로안,승용,여,40세,경상,승용,여,42세,경상
2012112700100159,2012년 11월 27일 08시,화요일,경상북도 포항시 북구 죽도동,경상사고,0,0,1,0,차대차 - 정면충돌,차로위반,건조,맑음,단일로 - 기타,승용,여,30세,상해없음,원동기,남,23세,경상
2012112700100160,2012년 11월 27일 08시,화요일,경상북도 안동시 용상동,경상사고,0,0,1,0,차대차 - 측면직각충돌,직진우회전진행방해,건조,맑음,교차로 - 교차로안,승합,남,37세,상해없음,승용,남,39세,경상
2012112700100184,2012년 11월 27일 09시,화요일,경상북도 포항시 북구 용흥동,중상사고,0,1,0,0,차대사람 - 기타,신호위반,건조,맑음,교차로 - 교차로안,승용,남,66세,상해없음,보행자,남,17세,중상
2012112700100185,2012년 11월 27일 09시,화요일,경상북도 안동시 수상동,경상사고,0,0,1,0,차대차 - 측면직각충돌,안전운전불이행,건조,맑음,단일로 - 기타,승용,남,71세,상해없음,건설기계,남,39세,경상
2012112700100186,2012년 11월 27일 09시,화요일,경상북도 군위군 군위읍,중상사고,0,1,0,0,차대차 - 측면직각충돌,안전운전불이행,건조,맑음,교차로 - 교차로안,화물,남,55세,상해없음,자전거,여,54세,중상
2012112700100187,2012년 11월 27일 09시,화요일,경상북도 청송군 파천면,중상사고,0,1,2,0,차대차 - 측면직각충돌,중앙선침범,건조,맑음,단일로 - 기타,승용,여,62세,상해없음,승용,남,31세,경상
2012112700100241,2012년 11월 27일 11시,화요일,경상북도 영주시 휴천동,중상사고,0,1,0,0,차대차 - 측면직각충돌,안전운전불이행,건조,맑음,단일로 - 기타,승용,남,21세,상해없음,이륜,남,65세,중상
2012112700100242,2012년 11월 27일 11시,화요일,경상북도 영주시 휴천동,중상사고,0,1,0,0,차대사람 - 횡단중,안전운전불이행,건조,맑음,교차로 - 교차로부근,승용,여,57세,상해없음,보행자,여,55세,중상
2012112700100243,2012년 11월 27일 11시,화요일,경상북도 칠곡군 왜관읍,경상사고,0,0,1,0,차대차 - 측면직각충돌,안전운전불이행,건조,맑음,단일로 - 기타,승용,남,30세,상해없음,이륜,남,73세,경상
2012112700100244,2012년 11월 27일 11시,화요일,경상북도 문경시 흥덕동,경상사고,0,0,1,0,차대사람 - 차도통행중,안전운전불이행,건조,맑음,교차로 - 교차로부근,승용,남,62세,상해없음,보행자,남,45세,경상
2012112700100271,2012년 11월 27일 12시,화요일,경상북도 구미시 고아읍,중상사고,0,1,0,0,차대차 - 추돌 - 진행중,안전거리미확보,건조,맑음,단일로 - 기타,승용,남,63세,상해없음,승용,남,30세,중상
2012112700100272,2012년 11월 27일 12시,화요일,경상북도 포항시 남구 대잠동,중상사고,0,1,0,0,차대사람 - 기타,안전운전불이행,건조,맑음,단일로 - 기타,화물,남,44세,상해없음,보행자,남,79세,중상
2012112700100303,2012년 11월 27일 13시,화요일,경상북도 안동시 풍산읍,경상사고,0,0,1,0,차대사람 - 길가장자리구역통행중,안전운전불이행,건조,맑음,기타 - 기타,승용,여,46세,상해없음,보행자,남,59세,경상
2012112700100329,2012년 11월 27일 14시,화요일,경상북도 경주시 황남동,경상사고,0,0,3,0,차대차 - 측면직각충돌,신호위반,건조,맑음,교차로 - 교차로안,승용,여,63세,상해없음,승용,여,48세,경상
2012112700100330,2012년 11월 27일 14시,화요일,경상북도 경주시 양북면,중상사고,0,1,0,0,차대차 - 측면직각충돌,안전운전불이행,건조,맑음,교차로 - 교차로안,화물,남,33세,상해없음,화물,남,37세,중상
2012112700100331,2012년 11월 27일 14시,화요일,경상북도 경주시 양북면,중상사고,0,2,0,0,차대차 - 측면직각충돌,안전운전불이행,건조,맑음,기타 - 기타,승용,남,21세,상해없음,승용,남,39세,중상
2012112700100332,2012년 11월 27일 14시,화요일,경상북도 포항시 북구 죽도동,중상사고,0,1,1,0,차대차 - 추돌 - 주정차중,안전거리미확보,건조,맑음,단일로 - 기타,승용,남,57세,상해없음,승용,여,33세,중상
2012112700100333,2012년 11월 27일 14시,화요일,경상북도 청송군 청송읍,경상사고,0,0,2,0,차대차 - 정면충돌,교차로운행방법위반,건조,맑음,교차로 - 교차로안,화물,남,70세,상해없음,승합,여,37세,경상
2012112700100334,2012년 11월 27일 14시,화요일,경상북도 구미시 선산읍,중상사고,0,2,0,0,차대차 - 기타,안전운전불이행,건조,맑음,단일로 - 기타,화물,남,33세,상해없음,농기계,남,71세,중상
2012112700100335,2012년 11월 27일 14시,화요일,경상북도 고령군 성산면,사망사고,1,0,1,0,차대차 - 정면충돌,중앙선침범,건조,맑음,단일로 - 기타,승용,남,59세,사망,화물,남,55세,경상
2012112700100365,2012년 11월 27일 15시,화요일,경상북도 성주군 성주읍,경상사고,0,0,1,0,차대차 - 추돌 - 진행중,불법유턴,건조,맑음,단일로 - 기타,승용,남,58세,상해없음,승용,남,42세,경상
2012112700100388,2012년 11월 27일 16시,화요일,경상북도 안동시 남문동,경상사고,0,0,1,0,차대차 - 측면직각충돌,안전운전불이행,건조,맑음,교차로 - 교차로부근,건설기계,남,38세,상해없음,승용,여,42세,경상