사고번호,사고일시,요일,시군구,사고내용,사망자수,중상자수,경상자수,부상신고자수,사고유형,법규위반,노면상태,기상상태,도로형태,가해운전자 차종,가해운전자 성별,가해운전자 연령,가해운전자 상해정도,피해운전자 차종,피해운전자 성별,피해운전자 연령,피해운전자 상해정도
2012112700100431,2012년 11월 27일 17시,화요일,경상북도 상주시 공성면,사망사고,1,0,0,0,차대차 - 기타,안전운전불이행,건조,맑음,단일로 - 기타,화물,남,49세,상해없음,원동기,여,59세,사망
2012112700100432,2012년 11월 27일 17시,화요일,경상북도 구미시 도량동,중상사고,0,1,0,0,차량단독 - 공작물충돌,안전운전불이행,건조,맑음,단일로 - 기타,승용,여,47세,중상,,,,
2012112700100476,2012년 11월 27일 18시,화요일,경상북도 포항시 북구 두호동,중상사고,0,1,0,0,차대차 - 기타,안전거리미확보,건조,맑음,단일로 - 기타,화물,남,46세,상해없음,원동기,남,17세,중상
2012112700100477,2012년 11월 27일 18시,화요일,경상북도 경산시 와촌면,중상사고,0,1,0,0,차대차 - 측면직각충돌,신호위반,건조,맑음,교차로 - 교차로안,승용,남,49세,상해없음,승용,남,34세,중상
2012112700100478,2012년 11월 27일 18시,화요일,경상북도 청도군 각남면,중상사고,0,1,0,0,차대사람 - 길가장자리구역통행중,보행자보호의무위반,건조,맑음,단일로 - 횡단보도상,화물,여,50세,상해없음,보행자,여,54세,중상
2012112700100517,2012년 11월 27일 19시,화요일,경상북도 포항시 북구 용흥동,중상사고,0,1,0,0,차대차 - 측면직각충돌,교차로운행방법위반,건조,맑음,교차로 - 교차로안,승용,남,26세,상해없음,원동기,남,45세,중상
2012112700100518,2012년 11월 27일 19시,화요일,경상북도 안동시 송현동,중상사고,0,1,0,0,차대사람 - 기타,안전운전불이행,건조,맑음,단일로 - 기타,특수,남,58세,상해없음,보행자,남,54세,중상
2012112700100519,2012년 11월 27일 19시,화요일,경상북도 안동시 송현동,경상사고,0,0,1,0,차대차 - 측면직각충돌,안전운전불이행,건조,맑음,교차로 - 교차로부근,승용,여,58세,상해없음,승합,남,36세,경상
2012112700100520,2012년 11월 27일 19시,화요일,경상북도 영천시 성내동,중상사고,0,2,2,0,차대차 - 추돌 - 주정차중,안전운전불이행,건조,맑음,교차로 - 교차로부근,화물,남,51세,상해없음,승용,남,42세,중상
2012112700100562,2012년 11월 27일 20시,화요일,경상북도 경주시 용강동,경상사고,0,0,1,0,차대차 - 기타,안전운전불이행,건조,맑음,교차로 - 교차로부근,화물,남,39세,상해없음,승용,남,31세,경상
2012112700100563,2012년 11월 27일 20시,화요일,경상북도 경주시 강동면,중상사고,0,1,0,0,차대차 - 추돌 - 진행중,안전운전불이행,건조,맑음,기타 - 기타,화물,남,64세,상해없음,승용,남,30세,중상
2012112700100564,2012년 11월 27일 20시,화요일,경상북도 포항시 남구 오천읍,경상사고,0,0,1,0,차대차 - 추돌 - 진행중,교차로운행방법위반,건조,맑음,교차로 - 교차로안,승용,여,47세,상해없음,원동기,남,46세,경상
2012112700100590,2012년 11월 27일 21시,화요일,경상북도 포항시 남구 괴동동,중상사고,0,3,2,0,차대차 - 추돌 - 진행중,중앙선침범,건조,맑음,단일로 - 기타,승합,남,35세,중상,특수,남,52세,상해없음
2012112700100611,2012년 11월 27일 22시,화요일,경상북도 경주시 용강동,중상사고,0,1,0,0,차량단독 - 공작물충돌,안전운전불이행,건조,맑음,단일로 - 기타,승용,남,45세,중상,,,,
2012112700100612,2012년 11월 27일 22시,화요일,경상북도 안동시 안기동,경상사고,0,0,1,0,차대차 - 정면충돌,중앙선침범,건조,맑음,단일로 - 기타,승용,남,44세,상해없음,화물,남,64세,경상
2012112700100613,2012년 11월 27일 22시,화요일,경상북도 청도군 화양읍,경상사고,0,0,1,0,차대차 - 정면충돌,중앙선침범,건조,맑음,단일로 - 기타,승용,남,23세,상해없음,승용,남,41세,경상
2012112700100644,2012년 11월 27일 23시,화요일,경상북도 구미시 임수동,중상사고,0,1,0,0,차대차 - 기타,안전운전불이행,건조,맑음,교차로 - 교차로부근,승용,남,28세,상해없음,이륜,남,22세,중상
2012112800100007,2012년 11월 28일 00시,수요일,경상북도 포항시 북구 두호동,경상사고,0,0,3,0,차대차 - 기타,교차로운행방법위반,건조,맑음,교차로 - 교차로안,승용,남,66세,상해없음,승용,남,18세,경상
2012112800100033,2012년 11월 28일 02시,수요일,경상북도 포항시 남구 오천읍,경상사고,0,0,1,0,차대차 - 추돌 - 주정차중,안전운전불이행,건조,맑음,단일로 - 기타,승용,여,47세,경상,특수,남,49세,상해없음
2012112800100076,2012년 11월 28일 06시,수요일,경상북도 경산시 진량읍,경상사고,0,0,1,0,차대사람 - 기타,안전운전불이행,건조,맑음,교차로 - 교차로부근,승용,남,31세,상해없음,보행자,여,24세,경상
2012112800100077,2012년 11월 28일 06시,수요일,경상북도 경산시 대동,중상사고,0,1,1,0,차량단독 - 공작물충돌,안전운전불이행,건조,맑음,단일로 - 기타,이륜,남,19세,경상,,,,
2012112800100092,2012년 11월 28일 07시,수요일,경상북도 경주시 안강읍,경상사고,0,0,1,0,차대차 - 측면직각충돌,중앙선침범,건조,맑음,단일로 - 기타,승용,남,64세,상해없음,승용,여,48세,경상
2012112800100093,2012년 11월 28일 07시,수요일,경상북도 김천시 양천동,경상사고,0,0,1,0,차대차 - 측면직각충돌,교차로운행방법위반,건조,맑음,교차로 - 교차로안,승용,남,49세,상해없음,승용,남,57세,경상
2012112800100094,2012년 11월 28일 07시,수요일,경상북도 상주시 냉림동,경상사고,0,0,1,0,차대차 - 측면직각충돌,신호위반,건조,맑음,교차로 - 교차로안,화물,남,48세,상해없음,승합,남,53세,상해없음
2012112800100095,2012년 11월 28일 07시,수요일,경상북도 고령군 성산면,사망사고,1,0,1,0,차대차 - 추돌 - 주정차중,안전운전불이행,건조,맑음,단일로 - 터널,화물,남,35세,사망,화물,남,47세,경상
2012112800100130,2012년 11월 28일 08시,수요일,경상북도 경주시 동천동,부상신고사고,0,0,0,1,차대차 - 측면직각충돌,신호위반,건조,맑음,교차로 - 교차로안,원동기,여,27세,부상신고,승용,여,39세,상해없음
2012112800100131,2012년 11월 28일 08시,수요일,경상북도 경주시 황성동,중상사고,0,1,0,0,차대차 - 측면직각충돌,안전거리미확보,건조,맑음,교차로 - 교차로부근,승용,남,56세,상해없음,승용,남,52세,중상
2012112800100132,2012년 11월 28일 08시,수요일,경상북도 포항시 남구 대도동,경상사고,0,0,1,0,차대차 - 추돌 - 진행중,안전운전불이행,건조,맑음,교차로 - 교차로부근,승용,여,42세,상해없음,원동기,남,75세,경상
2012112800100133,2012년 11월 28일 08시,수요일,경상북도 포항시 남구 상도동,경상사고,0,0,2,0,차대차 - 추돌 - 진행중,안전운전불이행,건조,맑음,단일로 - 기타,승용,여,44세,경상,승용,여,44세,상해없음
2012112800100167,2012년 11월 28일 09시,수요일,경상북도 김천시 아포읍,중상사고,0,1,0,0,차량단독 - 기타,안전운전불이행,건조,맑음,단일로 - 기타,원동기,남,77세,상해없음,,,,
2012112800100168,2012년 11월 28일 09시,수요일,경상북도 영천시 완산동,중상사고,0,2,0,0,차대차 - 측면직각충돌,안전운전불이행,건조,맑음,교차로 - 교차로안,화물,남,63세,상해없음,승용,남,43세,중상
2012112800100169,2012년 11월 28일 09시,수요일,경상북도 구미시 원평동,경상사고,0,0,1,1,차대차 - 기타,신호위반,건조,맑음,교차로 - 교차로안,승용,여,50세,부상신고,승용,여,35세,경상
2012112800100194,2012년 11월 28일 10시,수요일,경상북도 칠곡군 왜관읍,사망사고,1,0,0,0,차대사람 - 횡단중,안전운전불이행,건조,맑음,단일로 - 기타,승합,남,42세,상해없음,보행자,여,78세,사망
2012112800100195,2012년 11월 28일 10시,수요일,경상북도 영천시 청통면,경상사고,0,0,1,0,차대차 - 추돌 - 주정차중,안전운전불이행,건조,맑음,기타 - 기타,화물,남,56세,경상,승합,남,51세,상해없음
2012112800100196,2012년 11월 28일 10시,수요일,경상북도 경산시 중방동,경상사고,0,0,2,0,차대차 - 기타,교차로운행방법위반,건조,맑음,교차로 - 교차로부근,화물,남,68세,상해없음,승용,남,24세,경상
2012112800100223,2012년 11월 28일 11시,수요일,경상북도 김천시 성내동,중상사고,0,1,0,0,차대사람 - 기타,보행자보호의무위반,건조,맑음,단일로 - 기타,원동기,남,85세,상해없음,보행자,남,78세,중상
2012112800100224,2012년 11월 28일 11시,수요일,경상북도 칠곡군 동명면,경상사고,0,0,2,0,차대차 - 추돌 - 진행중,안전거리미확보,건조,맑음,단일로 - 기타,화물,남,32세,상해없음,승합,남,55세,경상
2012112800100225,2012년 11월 28일 11시,수요일,경상북도 경산시 진량읍,경상사고,0,0,2,0,차대차 - 기타,안전운전불이행,건조,맑음,단일로 - 기타,화물,남,39세,기타불명,승용,남,32세,경상
2012112800100226,2012년 11월 28일 11시,수요일,경상북도 고령군 우곡면,경상사고,0,0,2,0,차대차 - 추돌 - 주정차중,안전거리미확보,건조,맑음,단일로 - 기타,건설기계,남,36세,상해없음,화물,남,49세,경상
2012112800100227,2012년 11월 28일 11시,수요일,경상북도 구미시 신평동,경상사고,0,0,1,0,차대차 - 기타,안전운전불이행,건조,맑음,단일로 - 기타,자전거,여,68세,경상,화물,남,58세,상해없음
2012112800100228,2012년 11월 28일 11시,수요일,경상북도 포항시 남구 대도동,중상사고,0,1,0,0,차대차 - 추돌 - 진행중,안전운전불이행,건조,맑음,단일로 - 기타,승용,남,50세,상해없음,자전거,미분류,12세,중상
2012112800100266,2012년 11월 28일 13시,수요일,경상북도 포항시 북구 두호동,경상사고,0,0,1,0,차대차 - 기타,안전운전불이행,건조,맑음,단일로 - 기타,승용,여,41세,상해없음,자전거,남,69세,경상
2012112800100267,2012년 11월 28일 13시,수요일,경상북도 문경시 점촌동,경상사고,0,0,1,0,차량단독 - 기타,안전운전불이행,건조,흐림,단일로 - 기타,원동기,남,90세 이상,경상,,,90세 이상,
2012112800100326,2012년 11월 28일 15시,수요일,경상북도 안동시 풍산읍,중상사고,0,1,0,0,차대사람 - 횡단중,안전운전불이행,건조,맑음,교차로 - 교차로부근,화물,남,54세,상해없음,보행자,남,40세,중상
2012112800100327,2012년 11월 28일 15시,수요일,경상북도 구미시 원평동,중상사고,0,1,0,0,차대차 - 기타,신호위반,건조,맑음,교차로 - 교차로안,승용,여,58세,상해없음,원동기,남,81세,중상
2012112800100328,2012년 11월 28일 15시,수요일,경상북도 포항시 남구 상도동,중상사고,0,1,0,0,차대차 - 기타,안전운전불이행,건조,맑음,교차로 - 교차로부근,승용,여,35세,상해없음,자전거,남,69세,중상
2012112800100357,2012년 11월 28일 16시,수요일,경상북도 안동시 송현동,경상사고,0,0,1,0,차대차 - 측면직각충돌,안전운전불이행,건조,맑음,단일로 - 기타,이륜,여,70세,경상,승용,여,36세,상해없음
2012112800100397,2012년 11월 28일 17시,수요일,경상북도 안동시 당북동,중상사고,0,1,0,0,차대사람 - 횡단중,안전운전불이행,습기,비,단일로 - 기타,승용,남,48세,상해없음,보행자,여,77세,중상
2012112800100398,2012년 11월 28일 17시,수요일,경상북도 구미시 인의동,경상사고,0,0,1,0,차대차 - 기타,교차로운행방법위반,건조,맑음,교차로 - 교차로안,화물,남,24세,상해없음,승용,여,30세,경상
2012112800100399,2012년 11월 28일 17시,수요일,경상북도 포항시 남구 해도동,경상사고,0,0,1,0,차대차 - 추돌 - 진행중,안전운전불이행,건조,맑음,교차로 - 교차로안,승용,남,46세,상해없음,원동기,남,28세,경상
2012112800100495,2012년 11월 28일 19시,수요일,경상북도 문경시 가은읍,경상사고,0,0,1,0,차대차 - 기타,안전운전불이행,결빙,흐림,교차로 - 교차로안,기타불명,기타불명,기타불명,기타불명,승용,여,33세,경상
2012112800100496,2012년 11월 28일 19시,수요일,경상북도 봉화군 법전면,중상사고,0,1,3,0,차량단독 - 공작물충돌,안전운전불이행,결빙,맑음,단일로 - 기타,화물,남,39세,상해없음,,,,
2012112800100530,2012년 11월 28일 20시,수요일,경상북도 경주시 양남면,중상사고,0,1,0,0,차대사람 - 길가장자리구역통행중,안전운전불이행,건조,맑음,단일로 - 기타,화물,남,36세,상해없음,보행자,남,47세,중상
2012112800100531,2012년 11월 28일 20시,수요일,경상북도 포항시 북구 장성동,중상사고,0,1,0,0,차대차 - 정면충돌,중앙선침범,건조,맑음,교차로 - 교차로안,승용,남,47세,기타불명,승용,남,42세,중상
2012112800100532,2012년 11월 28일 20시,수요일,경상북도 김천시 덕곡동,경상사고,0,0,1,0,차대차 - 측면직각충돌,안전운전불이행,건조,맑음,교차로 - 교차로부근,승용,남,40세,기타불명,승용,여,48세,경상
2012112800100533,2012년 11월 28일 20시,수요일,경상북도 봉화군 봉화읍,중상사고,0,5,1,0,차대차 - 추돌 - 주정차중,안전운전불이행,결빙,맑음,단일로 - 기타,승용,남,68세,중상,승용,여,47세,중상
2012112800100534,2012년 11월 28일 20시,수요일,경상북도 봉화군 봉화읍,중상사고,0,2,0,0,차대차 - 추돌 - 진행중,안전운전불이행,결빙,맑음,단일로 - 기타,승용,남,44세,상해없음,화물,남,35세,중상
2012112800100535,2012년 11월 28일 20시,수요일,경상북도 성주군 성주읍,중상사고,0,1,0,0,차대차 - 추돌 - 주정차중,안전운전불이행,건조,맑음,단일로 - 기타,승용,남,44세,중상,화물,남,55세,기타불명
2012112800100536,2012년 11월 28일 20시,수요일,경상북도 구미시 오태동,경상사고,0,0,2,0,차대차 - 기타,안전운전불이행,건조,맑음,단일로 - 기타,승용,남,46세,상해없음,승용,남,42세,경상
2012112800100537,2012년 11월 28일 20시,수요일,경상북도 구미시 고아읍,경상사고,0,0,2,0,차대차 - 기타,안전운전불이행,건조,맑음,교차로 - 교차로부근,화물,남,41세,상해없음,승용,여,43세,경상
2012112800100538,2012년 11월 28일 20시,수요일,경상북도 구미시 도량동,중상사고,0,1,5,0,차대차 - 기타,중앙선침범,건조,맑음,단일로 - 기타,승용,남,37세,중상,승용,남,64세,경상
2012112800100566,2012년 11월 28일 21시,수요일,경상북도 경주시 안강읍,경상사고,0,0,3,0,차대차 - 측면직각충돌,교차로운행방법위반,건조,맑음,교차로 - 교차로안,승용,남,65세,경상,승용,여,23세,경상
2012112800100567,2012년 11월 28일 21시,수요일,경상북도 안동시 옥동,경상사고,0,0,1,0,차대차 - 추돌 - 진행중,안전거리미확보,건조,맑음,기타 - 기타,이륜,남,18세,상해없음,승용,남,18세,경상
2012112800100568,2012년 11월 28일 21시,수요일,경상북도 경산시 대동,경상사고,0,0,2,0,차대차 - 기타,안전운전불이행,건조,맑음,교차로 - 교차로부근,승용,여,49세,상해없음,승용,남,32세,경상
2012112800100569,2012년 11월 28일 21시,수요일,경상북도 영덕군 남정면,경상사고,0,0,1,0,차대차 - 추돌 - 주정차중,안전운전불이행,건조,맑음,교차로 - 교차로부근,승용,여,50세,상해없음,승용,남,57세,경상
2012112800100570,2012년 11월 28일 21시,수요일,경상북도 예천군 보문면,중상사고,0,1,0,0,차대차 - 기타,중앙선침범,결빙,비,단일로 - 기타,승용,여,48세,상해없음,승용,남,34세,중상
2012112800100571,2012년 11월 28일 21시,수요일,경상북도 예천군 보문면,중상사고,0,1,0,0,차대차 - 기타,안전운전불이행,결빙,흐림,단일로 - 기타,승용,남,57세,상해없음,화물,남,39세,상해없음
2012112800100618,2012년 11월 28일 23시,수요일,경상북도 구미시 옥계동,경상사고,0,0,2,0,차대차 - 기타,안전운전불이행,건조,맑음,단일로 - 기타,승용,남,24세,경상,원동기,남,30세,경상
2012112900100022,2012년 11월 29일 00시,목요일,경상북도 포항시 북구 죽도동,경상사고,0,0,1,0,차대차 - 측면직각충돌,교차로운행방법위반,건조,맑음,교차로 - 교차로부근,승용,여,33세,상해없음,승용,남,58세,경상
2012112900100037,2012년 11월 29일 01시,목요일,경상북도 칠곡군 석적읍,경상사고,0,0,2,0,차대차 - 추돌 - 진행중,안전운전불이행,건조,맑음,교차로 - 교차로부근,승용,남,47세,상해없음,승용,남,26세,경상
2012112900100038,2012년 11월 29일 01시,목요일,경상북도 구미시 송정동,경상사고,0,0,1,0,차대차 - 측면직각충돌,안전운전불이행,건조,맑음,단일로 - 기타,승용,남,56세,경상,승용,남,48세,상해없음
2012112900100054,2012년 11월 29일 03시,목요일,경상북도 구미시 임수동,경상사고,0,0,1,0,차량단독 - 기타,안전운전불이행,건조,맑음,단일로 - 교량,승용,여,27세,경상,,,,
2012112900100088,2012년 11월 29일 06시,목요일,경상북도 안동시 동문동,경상사고,0,0,1,0,차대차 - 측면직각충돌,직진우회전진행방해,건조,맑음,교차로 - 교차로안,화물,남,53세,상해없음,승용,여,30세,경상
2012112900100112,2012년 11월 29일 07시,목요일,경상북도 안동시 옥야동,경상사고,0,0,1,0,차대차 - 추돌 - 주정차중,안전운전불이행,건조,맑음,교차로 - 교차로부근,승용,남,45세,상해없음,승합,남,33세,경상
2012112900100113,2012년 11월 29일 07시,목요일,경상북도 구미시 인의동,중상사고,0,1,0,0,차대차 - 기타,교차로운행방법위반,건조,흐림,교차로 - 교차로안,승용,남,31세,상해없음,원동기,남,38세,중상
2012112900100143,2012년 11월 29일 08시,목요일,경상북도 포항시 북구 항구동,경상사고,0,0,1,0,차대사람 - 기타,신호위반,건조,맑음,교차로 - 교차로안,기타불명,기타불명,기타불명,기타불명,보행자,남,32세,경상
2012112900100144,2012년 11월 29일 08시,목요일,경상북도 포항시 남구 대잠동,경상사고,0,0,1,0,차대차 - 추돌 - 진행중,안전운전불이행,건조,맑음,교차로 - 교차로부근,화물,남,50세,상해없음,승용,남,50세,경상
2012112900100166,2012년 11월 29일 09시,목요일,경상북도 포항시 남구 상도동,중상사고,0,1,0,0,차대차 - 추돌 - 진행중,신호위반,건조,맑음,단일로 - 횡단보도상,승용,남,44세,상해없음,자전거,여,50세,중상
2012112900100188,2012년 11월 29일 10시,목요일,경상북도 경주시 구정동,중상사고,0,1,0,0,차대차 - 측면직각충돌,안전운전불이행,건조,맑음,교차로 - 교차로안,원동기,남,79세,중상,승용,여,39세,상해없음
2012112900100189,2012년 11월 29일 10시,목요일,경상북도 포항시 북구 죽도동,경상사고,0,0,2,0,차대차 - 기타,교차로운행방법위반,건조,맑음,교차로 - 교차로안,승용,남,63세,상해없음,승합,남,58세,상해없음
2012112900100190,2012년 11월 29일 10시,목요일,경상북도 포항시 남구 효자동,부상신고사고,0,0,0,1,차대차 - 추돌 - 진행중,안전운전불이행,건조,맑음,교차로 - 교차로부근,승용,여,48세,상해없음,승용,남,55세,부상신고
2012112900100219,2012년 11월 29일 11시,목요일,경상북도 영덕군 축산면,경상사고,0,0,3,0,차대차 - 추돌 - 진행중,안전운전불이행,건조,맑음,기타 - 기타,승용,남,24세,상해없음,승합,남,38세,경상
2012112900100220,2012년 11월 29일 11시,목요일,경상북도 울진군 후포면,중상사고,0,1,0,0,차대차 - 측면직각충돌,안전운전불이행,건조,맑음,교차로 - 교차로안,이륜,남,69세,중상,화물,남,55세,상해없음
2012112900100270,2012년 11월 29일 13시,목요일,경상북도 포항시 북구 우현동,중상사고,0,1,0,0,차대차 - 기타,안전운전불이행,건조,맑음,단일로 - 기타,승용,여,45세,상해없음,원동기,남,43세,중상
2012112900100271,2012년 11월 29일 13시,목요일,경상북도 상주시 부원동,경상사고,0,0,1,0,차대차 - 기타,안전운전불이행,건조,맑음,단일로 - 기타,화물,남,29세,상해없음,화물,남,52세,경상
2012112900100297,2012년 11월 29일 14시,목요일,경상북도 김천시 아포읍,경상사고,0,0,2,0,차대차 - 측면직각충돌,교차로운행방법위반,건조,맑음,교차로 - 교차로안,화물,남,55세,경상,화물,남,45세,경상
2012112900100298,2012년 11월 29일 14시,목요일,경상북도 포항시 남구 연일읍,경상사고,0,0,1,0,차대차 - 추돌 - 진행중,안전운전불이행,건조,맑음,단일로 - 기타,자전거,여,54세,경상,승합,남,45세,상해없음
2012112900100329,2012년 11월 29일 15시,목요일,경상북도 상주시 냉림동,중상사고,0,1,0,0,차대차 - 추돌 - 진행중,안전운전불이행,건조,맑음,단일로 - 기타,화물,남,63세,상해없음,자전거,남,61세,중상
2012112900100330,2012년 11월 29일 15시,목요일,경상북도 구미시 산동면,중상사고,0,1,1,0,차대차 - 기타,안전운전불이행,건조,맑음,교차로 - 교차로안,기타불명,기타불명,기타불명,기타불명,승용,여,49세,경상
2012112900100364,2012년 11월 29일 16시,목요일,경상북도 포항시 북구 양덕동,경상사고,0,0,1,0,차대차 - 기타,교차로운행방법위반,건조,맑음,교차로 - 교차로안,승용,남,46세,상해없음,화물,남,35세,경상
2012112900100365,2012년 11월 29일 16시,목요일,경상북도 포항시 남구 오천읍,경상사고,0,0,2,0,차대차 - 추돌 - 진행중,안전운전불이행,건조,맑음,단일로 - 기타,승용,남,25세,상해없음,승용,남,36세,경상
2012112900100396,2012년 11월 29일 17시,목요일,경상북도 안동시 당북동,중상사고,0,1,1,0,차대차 - 측면직각충돌,직진우회전진행방해,건조,맑음,교차로 - 교차로안,승용,여,69세,경상,승용,여,57세,중상
2012112900100397,2012년 11월 29일 17시,목요일,경상북도 안동시 북후면,부상신고사고,0,0,0,1,차대차 - 측면직각충돌,안전운전불이행,건조,맑음,단일로 - 기타,이륜,남,65세,부상신고,화물,남,37세,상해없음
2012112900100439,2012년 11월 29일 18시,목요일,경상북도 경주시 황성동,부상신고사고,0,0,0,1,차대차 - 측면직각충돌,안전운전불이행,건조,맑음,단일로 - 기타,화물,여,47세,부상신고,승용,남,50세,상해없음
2012112900100440,2012년 11월 29일 18시,목요일,경상북도 예천군 지보면,사망사고,1,0,0,0,차대사람 - 길가장자리구역통행중,안전운전불이행,건조,맑음,단일로 - 기타,승용,남,31세,상해없음,보행자,남,75세,사망
2012112900100473,2012년 11월 29일 19시,목요일,경상북도 영주시 영주동,경상사고,0,0,1,0,차량단독 - 기타,안전운전불이행,건조,맑음,교차로 - 교차로안,승용,남,60세,상해없음,,,,
2012112900100474,2012년 11월 29일 19시,목요일,경상북도 군위군 부계면,중상사고,0,1,0,0,차대사람 - 길가장자리구역통행중,안전운전불이행,건조,맑음,단일로 - 기타,승용,남,41세,상해없음,보행자,남,77세,중상
2012112900100475,2012년 11월 29일 19시,목요일,경상북도 구미시 사곡동,중상사고,0,1,0,0,차대차 - 기타,안전운전불이행,건조,맑음,교차로 - 교차로안,화물,여,45세,상해없음,이륜,남,23세,중상
2012112900100476,2012년 11월 29일 19시,목요일,경상북도 구미시 도량동,중상사고,0,1,1,0,차대차 - 기타,신호위반,건조,맑음,교차로 - 교차로부근,화물,남,22세,경상,승용,남,59세,중상
2012112900100507,2012년 11월 29일 20시,목요일,경상북도 문경시 점촌동,중상사고,0,2,1,0,차대사람 - 기타,안전운전불이행,건조,맑음,기타 - 기타,원동기,남,15세,중상,보행자,여,41세,중상
2012112900100508,2012년 11월 29일 20시,목요일,경상북도 포항시 남구 연일읍,경상사고,0,0,1,0,차대차 - 추돌 - 진행중,안전운전불이행,건조,맑음,단일로 - 기타,화물,남,49세,상해없음,승용,남,38세,경상
2012112900100546,2012년 11월 29일 21시,목요일,경상북도 구미시 황상동,경상사고,0,0,1,0,차대차 - 기타,직진우회전진행방해,건조,맑음,교차로 - 교차로안,승용,여,43세,상해없음,원동기,남,18세,경상
2012112900100613,2012년 11월 29일 23시,목요일,경상북도 경주시 구황동,경상사고,0,0,1,0,차대차 - 기타,안전거리미확보,건조,맑음,교차로 - 교차로부근,승용,남,30세,경상,승합,남,35세,상해없음
2012113000100011,2012년 11월 30일 00시,금요일,경상북도 예천군 예천읍,중상사고,0,1,0,0,차대차 - 기타,안전운전불이행,건조,맑음,교차로 - 교차로안,승용,남,35세,상해없음,승용,남,43세,중상
2012113000100045,2012년 11월 30일 02시,금요일,경상북도 경주시 천북면,중상사고,0,1,0,0,차량단독 - 도로외이탈 - 추락,안전운전불이행,건조,맑음,단일로 - 기타,화물,남,39세,중상,,,,
2012113000100071,2012년 11월 30일 05시,금요일,경상북도 구미시 형곡동,중상사고,0,1,0,0,차대차 - 기타,신호위반,건조,맑음,교차로 - 교차로안,승합,여,49세,상해없음,승용,남,49세,중상
2012113000100084,2012년 11월 30일 06시,금요일,경상북도 경주시 안강읍,중상사고,0,1,0,0,차대사람 - 횡단중,신호위반,건조,맑음,교차로 - 교차로부근,승용,남,43세,상해없음,보행자,남,66세,중상
2012113000100085,2012년 11월 30일 06시,금요일,경상북도 경주시 외동읍,중상사고,0,1,0,0,차대차 - 기타,안전운전불이행,건조,맑음,교차로 - 교차로부근,승용,남,53세,상해없음,자전거,남,77세,중상
2012113000100086,2012년 11월 30일 06시,금요일,경상북도 경산시 자인면,사망사고,1,0,0,0,차대사람 - 기타,안전운전불이행,건조,맑음,교차로 - 교차로부근,승용,남,55세,상해없음,보행자,여,76세,사망
2012113000100129,2012년 11월 30일 08시,금요일,경상북도 영천시 완산동,중상사고,0,1,0,0,차대사람 - 횡단중,보행자보호의무위반,건조,맑음,단일로 - 횡단보도상,화물,남,75세,상해없음,보행자,여,50세,중상
2012113000100130,2012년 11월 30일 08시,금요일,경상북도 청도군 풍각면,중상사고,0,1,1,0,차대차 - 측면직각충돌,안전운전불이행,건조,맑음,단일로 - 기타,승용,여,33세,경상,화물,남,53세,중상
2012113000100131,2012년 11월 30일 08시,금요일,경상북도 구미시 무을면,중상사고,0,1,1,0,차대차 - 측면직각충돌,중앙선침범,건조,맑음,단일로 - 기타,승용,남,27세,상해없음,승용,여,39세,중상
2012113000100151,2012년 11월 30일 09시,금요일,경상북도 경산시 자인면,경상사고,0,0,1,0,차대차 - 추돌 - 진행중,안전운전불이행,건조,맑음,교차로 - 교차로부근,화물,남,68세,상해없음,이륜,남,40세,경상
2012113000100152,2012년 11월 30일 09시,금요일,경상북도 청송군 안덕면,중상사고,0,1,0,0,차대사람 - 횡단중,안전운전불이행,건조,맑음,단일로 - 기타,화물,남,50세,상해없음,보행자,남,46세,중상
2012113000100153,2012년 11월 30일 09시,금요일,경상북도 포항시 남구 대도동,경상사고,0,0,1,0,차대차 - 측면직각충돌,직진우회전진행방해,건조,맑음,교차로 - 교차로안,화물,남,65세,상해없음,승용,남,54세,상해없음
2012113000100172,2012년 11월 30일 10시,금요일,경상북도 구미시 옥계동,중상사고,0,1,0,0,차대차 - 측면직각충돌,신호위반,건조,맑음,교차로 - 교차로안,승용,남,65세,상해없음,화물,남,29세,중상
2012113000100192,2012년 11월 30일 11시,금요일,경상북도 경주시 외동읍,부상신고사고,0,0,0,1,차대차 - 측면직각충돌,안전운전불이행,건조,맑음,교차로 - 교차로안,승합,남,49세,상해없음,화물,남,37세,부상신고
2012113000100193,2012년 11월 30일 11시,금요일,경상북도 청송군 현동면,중상사고,0,1,0,0,차대차 - 측면직각충돌,안전운전불이행,건조,맑음,단일로 - 기타,원동기,남,72세,중상,화물,남,60세,상해없음
2012113000100215,2012년 11월 30일 12시,금요일,경상북도 경주시 황오동,중상사고,0,1,0,0,차대사람 - 기타,안전운전불이행,건조,맑음,미분류 - 미분류,승용,남,79세,상해없음,보행자,여,87세,중상
2012113000100216,2012년 11월 30일 12시,금요일,경상북도 김천시 어모면,경상사고,0,0,2,0,차대차 - 측면직각충돌,교차로운행방법위반,건조,맑음,교차로 - 교차로안,승용,여,49세,상해없음,승용,남,59세,경상
2012113000100244,2012년 11월 30일 13시,금요일,경상북도 경산시 진량읍,중상사고,0,1,0,0,차대사람 - 기타,안전운전불이행,건조,맑음,단일로 - 기타,승용,남,19세,상해없음,보행자,남,18세,중상