사고번호,사고일시,요일,시군구,사고내용,사망자수,중상자수,경상자수,부상신고자수,사고유형,법규위반,노면상태,기상상태,도로형태,가해운전자 차종,가해운전자 성별,가해운전자 연령,가해운전자 상해정도,피해운전자 차종,피해운전자 성별,피해운전자 연령,피해운전자 상해정도
2012120300100434,2012년 12월 3일 18시,월요일,경상북도 영천시 북안면,사망사고,1,3,0,0,차량단독 - 공작물충돌,안전운전불이행,습기,비,단일로 - 기타,승용,남,54세,중상,,,,
2012120300100435,2012년 12월 3일 18시,월요일,경상북도 안동시 남후면,중상사고,0,2,0,0,차대차 - 추돌 - 진행중,안전운전불이행,습기,비,단일로 - 기타,승용,기타불명,기타불명,기타불명,승용,여,61세,중상
2012120300100462,2012년 12월 3일 19시,월요일,경상북도 안동시 풍산읍,중상사고,0,1,0,0,차대사람 - 길가장자리구역통행중,안전운전불이행,습기,흐림,단일로 - 기타,화물,남,72세,상해없음,보행자,남,48세,중상
2012120300100463,2012년 12월 3일 19시,월요일,경상북도 울진군 기성면,중상사고,0,1,0,0,차대차 - 측면직각충돌,교차로운행방법위반,건조,맑음,교차로 - 교차로안,승합,여,52세,상해없음,원동기,남,16세,중상
2012120300100464,2012년 12월 3일 19시,월요일,경상북도 군위군 효령면,사망사고,1,0,0,0,차대사람 - 횡단중,안전운전불이행,습기,비,교차로 - 교차로안,승합,남,41세,상해없음,보행자,남,50세,사망
2012120300100465,2012년 12월 3일 19시,월요일,경상북도 구미시 형곡동,경상사고,0,0,1,0,차대차 - 측면직각충돌,안전운전불이행,습기,비,단일로 - 기타,승용,여,39세,상해없음,이륜,남,18세,경상
2012120300100466,2012년 12월 3일 19시,월요일,경상북도 포항시 남구 효자동,중상사고,0,1,0,0,차대차 - 기타,불법유턴,건조,맑음,교차로 - 교차로안,승용,남,52세,상해없음,이륜,남,60세,중상
2012120300100503,2012년 12월 3일 20시,월요일,경상북도 경주시 현곡면,경상사고,0,0,1,0,차대차 - 기타,안전운전불이행,건조,흐림,단일로 - 기타,승합,여,42세,상해없음,승용,남,27세,상해없음
2012120300100504,2012년 12월 3일 20시,월요일,경상북도 구미시 광평동,경상사고,0,0,1,0,차대차 - 측면직각충돌,안전운전불이행,건조,맑음,교차로 - 교차로부근,승용,남,53세,기타불명,승용,남,44세,경상
2012120300100505,2012년 12월 3일 20시,월요일,경상북도 포항시 남구 대송면,사망사고,1,0,0,0,차대사람 - 기타,안전운전불이행,습기,비,단일로 - 기타,승용,남,42세,상해없음,보행자,남,69세,사망
2012120300100545,2012년 12월 3일 21시,월요일,경상북도 경산시 조영동,중상사고,0,1,0,0,차대사람 - 기타,안전운전불이행,건조,맑음,기타 - 기타,승용,남,49세,상해없음,보행자,여,55세,중상
2012120300100582,2012년 12월 3일 22시,월요일,경상북도 경주시 강동면,사망사고,1,0,0,1,차대차 - 추돌 - 진행중,안전운전불이행,건조,맑음,단일로 - 기타,승용,남,37세,사망,화물,남,35세,부상신고
2012120300100583,2012년 12월 3일 22시,월요일,경상북도 경산시 사동,경상사고,0,0,1,0,차대사람 - 기타,안전운전불이행,건조,맑음,단일로 - 기타,승용,남,52세,상해없음,보행자,여,16세,경상
2012120300100584,2012년 12월 3일 22시,월요일,경상북도 구미시 지산동,경상사고,0,0,1,0,차대차 - 측면직각충돌,안전운전불이행,건조,맑음,단일로 - 기타,기타불명,기타불명,기타불명,기타불명,승용,남,46세,경상
2012120300100585,2012년 12월 3일 22시,월요일,경상북도 안동시 풍산읍,중상사고,0,2,0,0,차대차 - 추돌 - 진행중,안전운전불이행,건조,흐림,단일로 - 기타,화물,남,57세,상해없음,승용,남,41세,중상
2012120300100621,2012년 12월 3일 23시,월요일,경상북도 상주시 화서면,사망사고,1,1,0,0,차대차 - 추돌 - 진행중,안전운전불이행,결빙,흐림,단일로 - 기타,승용,여,26세,사망,특수,남,43세,중상
2012120400100012,2012년 12월 4일 00시,화요일,경상북도 예천군 예천읍,경상사고,0,0,2,0,차대차 - 기타,안전운전불이행,결빙,눈,단일로 - 기타,승용,여,55세,경상,화물,남,42세,경상
2012120400100033,2012년 12월 4일 01시,화요일,경상북도 경산시 와촌면,사망사고,1,0,2,0,차대차 - 추돌 - 진행중,안전운전불이행,습기,흐림,단일로 - 기타,승용,남,25세,경상,화물,남,39세,경상
2012120400100047,2012년 12월 4일 02시,화요일,경상북도 구미시 송정동,경상사고,0,0,2,0,차대차 - 측면직각충돌,안전운전불이행,건조,맑음,단일로 - 기타,기타불명,기타불명,기타불명,기타불명,원동기,남,17세,경상
2012120400100082,2012년 12월 4일 06시,화요일,경상북도 칠곡군 석적읍,중상사고,0,1,1,0,차대차 - 측면직각충돌,신호위반,건조,맑음,교차로 - 교차로안,승용,남,26세,상해없음,승용,남,43세,경상
2012120400100083,2012년 12월 4일 06시,화요일,경상북도 구미시 지산동,중상사고,0,1,0,0,차대사람 - 횡단중,안전운전불이행,건조,맑음,단일로 - 기타,화물,남,57세,상해없음,보행자,여,66세,중상
2012120400100144,2012년 12월 4일 08시,화요일,경상북도 포항시 북구 덕수동,중상사고,0,1,0,0,차대사람 - 기타,안전운전불이행,건조,맑음,단일로 - 기타,승용,여,40세,상해없음,보행자,여,30세,중상
2012120400100145,2012년 12월 4일 08시,화요일,경상북도 김천시 지좌동,중상사고,0,1,0,0,차대사람 - 기타,안전운전불이행,건조,맑음,교차로 - 교차로부근,승용,남,63세,상해없음,보행자,여,71세,중상
2012120400100146,2012년 12월 4일 08시,화요일,경상북도 영주시 상망동,경상사고,0,0,1,0,차대차 - 측면직각충돌,안전운전불이행,결빙,맑음,교차로 - 교차로부근,기타불명,기타불명,기타불명,기타불명,자전거,남,12세,경상
2012120400100147,2012년 12월 4일 08시,화요일,경상북도 경산시 진량읍,경상사고,0,0,1,0,차대차 - 기타,직진우회전진행방해,건조,맑음,교차로 - 교차로안,승용,남,20세,상해없음,승용,남,34세,경상
2012120400100148,2012년 12월 4일 08시,화요일,경상북도 예천군 예천읍,경상사고,0,0,1,0,차대차 - 기타,안전운전불이행,건조,맑음,교차로 - 교차로안,화물,남,45세,상해없음,원동기,남,65세,경상
2012120400100149,2012년 12월 4일 08시,화요일,경상북도 구미시 장천면,중상사고,0,1,0,0,차대차 - 기타,안전운전불이행,건조,맑음,교차로 - 교차로부근,승용,남,66세,기타불명,화물,남,35세,중상
2012120400100150,2012년 12월 4일 08시,화요일,경상북도 포항시 남구 오천읍,경상사고,0,0,1,0,차대차 - 측면직각충돌,직진우회전진행방해,건조,맑음,교차로 - 교차로안,승용,남,66세,상해없음,승용,남,32세,경상
2012120400100185,2012년 12월 4일 09시,화요일,경상북도 포항시 북구 동빈1가,중상사고,0,1,0,0,차대사람 - 횡단중,보행자보호의무위반,건조,맑음,교차로 - 교차로안,화물,여,56세,상해없음,보행자,여,47세,중상
2012120400100186,2012년 12월 4일 09시,화요일,경상북도 칠곡군 가산면,경상사고,0,0,1,0,차대차 - 추돌 - 진행중,안전운전불이행,건조,맑음,단일로 - 기타,화물,남,81세,상해없음,승용,남,70세,상해없음
2012120400100216,2012년 12월 4일 10시,화요일,경상북도 포항시 북구 용흥동,경상사고,0,0,2,0,차대차 - 기타,안전운전불이행,건조,맑음,단일로 - 기타,승용,여,52세,경상,승용,남,64세,경상
2012120400100217,2012년 12월 4일 10시,화요일,경상북도 상주시 낙동면,중상사고,0,1,0,0,차량단독 - 도로외이탈 - 추락,안전운전불이행,결빙,맑음,단일로 - 기타,건설기계,남,37세,중상,,,,
2012120400100218,2012년 12월 4일 10시,화요일,경상북도 칠곡군 약목면,경상사고,0,0,1,0,차대차 - 추돌 - 진행중,안전운전불이행,건조,맑음,단일로 - 기타,화물,남,54세,상해없음,승용,여,58세,경상
2012120400100249,2012년 12월 4일 11시,화요일,경상북도 경주시 외동읍,중상사고,0,1,1,0,차대차 - 측면직각충돌,안전운전불이행,건조,맑음,단일로 - 기타,건설기계,남,29세,상해없음,승용,남,59세,중상
2012120400100275,2012년 12월 4일 12시,화요일,경상북도 포항시 남구 대잠동,중상사고,0,1,0,0,차대차 - 측면직각충돌,신호위반,건조,맑음,교차로 - 교차로안,이륜,남,44세,중상,승용,남,57세,상해없음
2012120400100299,2012년 12월 4일 13시,화요일,경상북도 청송군 파천면,경상사고,0,0,2,0,차대차 - 정면충돌,중앙선침범,건조,맑음,단일로 - 기타,화물,남,51세,상해없음,화물,남,40세,경상
2012120400100324,2012년 12월 4일 14시,화요일,경상북도 칠곡군 가산면,중상사고,0,2,2,1,차대차 - 추돌 - 진행중,안전거리미확보,건조,맑음,단일로 - 기타,승용,남,66세,부상신고,승용,여,56세,경상
2012120400100325,2012년 12월 4일 14시,화요일,경상북도 영천시 화남면,중상사고,0,1,1,0,차대차 - 측면직각충돌,안전운전불이행,건조,맑음,단일로 - 기타,승용,여,56세,상해없음,승용,남,47세,경상
2012120400100365,2012년 12월 4일 15시,화요일,경상북도 포항시 북구 용흥동,경상사고,0,0,2,0,차대차 - 기타,안전거리미확보,건조,맑음,미분류 - 미분류,승용,여,51세,상해없음,승용,여,46세,경상
2012120400100392,2012년 12월 4일 16시,화요일,경상북도 상주시 냉림동,경상사고,0,0,1,0,차대차 - 기타,안전운전불이행,건조,맑음,단일로 - 기타,승합,남,43세,상해없음,자전거,남,57세,경상
2012120400100393,2012년 12월 4일 16시,화요일,경상북도 영천시 완산동,중상사고,0,2,0,0,차대차 - 측면직각충돌,직진우회전진행방해,건조,맑음,교차로 - 교차로안,승용,남,39세,상해없음,승용,남,27세,상해없음
2012120400100394,2012년 12월 4일 16시,화요일,경상북도 예천군 용문면,중상사고,0,1,0,0,차량단독 - 공작물충돌,기타,건조,맑음,단일로 - 기타,원동기,여,33세,중상,,,,
2012120400100395,2012년 12월 4일 16시,화요일,경상북도 구미시 구평동,중상사고,0,1,0,0,차대차 - 측면직각충돌,안전운전불이행,건조,맑음,단일로 - 기타,승용,남,33세,상해없음,자전거,여,66세,중상
2012120400100396,2012년 12월 4일 16시,화요일,경상북도 구미시 인의동,경상사고,0,0,2,0,차대차 - 측면직각충돌,교차로운행방법위반,건조,맑음,교차로 - 교차로안,이륜,남,57세,상해없음,승용,여,40세,경상
2012120400100437,2012년 12월 4일 17시,화요일,경상북도 문경시 호계면,중상사고,0,1,0,0,차대차 - 정면충돌,중앙선침범,건조,흐림,단일로 - 기타,승용,남,71세,상해없음,승용,남,62세,중상
2012120400100438,2012년 12월 4일 17시,화요일,경상북도 경산시 진량읍,중상사고,0,1,0,0,차대차 - 기타,교차로운행방법위반,건조,맑음,교차로 - 교차로안,승용,남,74세,상해없음,이륜,남,36세,중상
2012120400100439,2012년 12월 4일 17시,화요일,경상북도 포항시 남구 장흥동,경상사고,0,0,1,0,차대차 - 추돌 - 진행중,직진우회전진행방해,건조,맑음,교차로 - 교차로안,승용,남,61세,상해없음,특수,남,50세,경상
2012120400100490,2012년 12월 4일 18시,화요일,경상북도 경주시 구황동,경상사고,0,0,1,0,차대차 - 기타,중앙선침범,건조,맑음,단일로 - 기타,자전거,남,15세,경상,승합,남,61세,상해없음
2012120400100491,2012년 12월 4일 18시,화요일,경상북도 안동시 안기동,경상사고,0,0,1,0,차대사람 - 길가장자리구역통행중,안전운전불이행,건조,맑음,단일로 - 기타,승용,남,65세,상해없음,보행자,여,22세,경상
2012120400100492,2012년 12월 4일 18시,화요일,경상북도 구미시 옥계동,중상사고,0,1,0,0,차대사람 - 기타,안전운전불이행,건조,맑음,기타 - 기타,승합,남,37세,상해없음,보행자,여,61세,중상
2012120400100535,2012년 12월 4일 19시,화요일,경상북도 김천시 대항면,중상사고,0,1,0,0,차대사람 - 기타,안전운전불이행,건조,맑음,단일로 - 기타,화물,여,47세,상해없음,보행자,남,81세,중상
2012120400100571,2012년 12월 4일 20시,화요일,경상북도 경주시 석장동,경상사고,0,0,1,0,차대사람 - 기타,안전운전불이행,건조,흐림,교차로 - 교차로부근,승용,남,34세,상해없음,보행자,남,21세,경상
2012120400100626,2012년 12월 4일 22시,화요일,경상북도 경주시 충효동,중상사고,0,1,0,0,차대차 - 기타,안전운전불이행,건조,맑음,교차로 - 교차로부근,승용,남,28세,상해없음,승용,여,45세,중상
2012120400100627,2012년 12월 4일 22시,화요일,경상북도 영주시 가흥동,경상사고,0,0,1,0,차대차 - 추돌 - 주정차중,안전운전불이행,건조,맑음,교차로 - 교차로부근,승용,남,41세,상해없음,승용,남,58세,경상
2012120400100658,2012년 12월 4일 23시,화요일,경상북도 안동시 옥동,경상사고,0,0,1,0,차대차 - 기타,안전운전불이행,건조,맑음,단일로 - 기타,승용,남,52세,상해없음,이륜,남,48세,경상
2012120500100014,2012년 12월 5일 00시,수요일,경상북도 구미시 공단동,경상사고,0,0,1,0,차대차 - 측면직각충돌,안전운전불이행,건조,맑음,교차로 - 교차로부근,승용,남,41세,상해없음,승용,여,50세,경상
2012120500100028,2012년 12월 5일 01시,수요일,경상북도 구미시 구포동,중상사고,0,1,1,0,차대차 - 추돌 - 주정차중,안전운전불이행,건조,맑음,교차로 - 교차로부근,승용,남,45세,상해없음,승용,남,45세,중상
2012120500100090,2012년 12월 5일 07시,수요일,경상북도 상주시 화서면,사망사고,1,1,0,0,차량단독 - 공작물충돌,안전운전불이행,결빙,눈,단일로 - 기타,화물,남,60세,상해없음,,,,
2012120500100091,2012년 12월 5일 07시,수요일,경상북도 영천시 완산동,경상사고,0,0,1,0,차대차 - 기타,안전운전불이행,건조,맑음,기타 - 기타,승용,남,58세,상해없음,자전거,남,58세,경상
2012120500100092,2012년 12월 5일 07시,수요일,경상북도 경산시 옥산동,경상사고,0,0,1,0,차대차 - 기타,안전운전불이행,건조,맑음,교차로 - 교차로부근,승용,여,48세,상해없음,승합,남,29세,상해없음
2012120500100130,2012년 12월 5일 09시,수요일,경상북도 포항시 북구 두호동,중상사고,0,1,0,0,차대차 - 측면직각충돌,신호위반,건조,맑음,교차로 - 교차로안,승용,남,46세,상해없음,승용,여,35세,중상
2012120500100131,2012년 12월 5일 09시,수요일,경상북도 김천시 지좌동,경상사고,0,0,1,0,차대차 - 측면직각충돌,안전운전불이행,건조,맑음,교차로 - 교차로안,기타불명,기타불명,기타불명,기타불명,이륜,남,79세,경상
2012120500100132,2012년 12월 5일 09시,수요일,경상북도 경산시 하양읍,경상사고,0,0,1,0,차대차 - 기타,안전운전불이행,건조,맑음,교차로 - 교차로안,이륜,남,69세,경상,승용,남,54세,상해없음
2012120500100133,2012년 12월 5일 09시,수요일,경상북도 군위군 의흥면,중상사고,0,1,0,0,차대차 - 정면충돌,중앙선침범,건조,맑음,단일로 - 기타,승용,남,55세,상해없음,승용,남,38세,중상
2012120500100134,2012년 12월 5일 09시,수요일,경상북도 청송군 부동면,중상사고,0,1,2,0,차대차 - 정면충돌,중앙선침범,건조,맑음,단일로 - 기타,승용,여,36세,상해없음,승용,남,68세,경상
2012120500100150,2012년 12월 5일 10시,수요일,경상북도 김천시 평화동,경상사고,0,0,1,0,차대차 - 측면직각충돌,불법유턴,건조,맑음,교차로 - 교차로부근,화물,남,55세,상해없음,이륜,남,26세,경상
2012120500100151,2012년 12월 5일 10시,수요일,경상북도 영천시 도동,중상사고,0,1,0,0,차대차 - 측면직각충돌,안전운전불이행,건조,맑음,단일로 - 기타,화물,남,47세,상해없음,이륜,남,60세,중상
2012120500100152,2012년 12월 5일 10시,수요일,경상북도 문경시 영순면,경상사고,0,0,2,0,차대차 - 기타,직진우회전진행방해,건조,맑음,교차로 - 교차로안,이륜,여,73세,경상,이륜,남,65세,경상
2012120500100171,2012년 12월 5일 11시,수요일,경상북도 영천시 망정동,경상사고,0,0,1,0,차대차 - 추돌 - 진행중,안전운전불이행,건조,맑음,단일로 - 기타,화물,남,53세,상해없음,특수,남,24세,경상
2012120500100172,2012년 12월 5일 11시,수요일,경상북도 영덕군 영덕읍,중상사고,0,3,0,0,차대차 - 추돌 - 진행중,안전운전불이행,건조,맑음,교차로 - 교차로부근,화물,남,48세,상해없음,승용,남,40세,중상
2012120500100229,2012년 12월 5일 12시,수요일,경상북도 구미시 공단동,경상사고,0,0,1,0,차량단독 - 기타,안전운전불이행,건조,맑음,단일로 - 기타,승용,남,64세,상해없음,,,,
2012120500100230,2012년 12월 5일 12시,수요일,경상북도 구미시 선산읍,경상사고,0,0,1,0,차대사람 - 기타,안전운전불이행,건조,맑음,단일로 - 횡단보도부근,기타불명,기타불명,기타불명,기타불명,보행자,여,7세,경상
2012120500100231,2012년 12월 5일 12시,수요일,경상북도 포항시 남구 구룡포읍,경상사고,0,0,1,0,차대차 - 기타,안전운전불이행,건조,맑음,단일로 - 기타,승용,남,41세,상해없음,원동기,남,66세,경상
2012120500100294,2012년 12월 5일 13시,수요일,경상북도 경주시 건천읍,중상사고,0,1,0,0,차대사람 - 기타,안전운전불이행,건조,맑음,교차로 - 교차로안,승용,남,38세,상해없음,보행자,여,61세,중상
2012120500100295,2012년 12월 5일 13시,수요일,경상북도 영천시 문외동,중상사고,0,1,0,0,차대차 - 기타,안전운전불이행,건조,맑음,기타 - 기타,승용,남,32세,상해없음,이륜,남,28세,중상
2012120500100296,2012년 12월 5일 13시,수요일,경상북도 청도군 청도읍,경상사고,0,0,2,0,차대차 - 측면직각충돌,중앙선침범,건조,맑음,단일로 - 기타,화물,남,59세,상해없음,승용,남,56세,경상
2012120500100331,2012년 12월 5일 14시,수요일,경상북도 김천시 성내동,경상사고,0,0,2,0,차대차 - 측면직각충돌,안전거리미확보,건조,기타,교차로 - 교차로안,승용,여,50세,상해없음,승용,여,30세,경상
2012120500100332,2012년 12월 5일 14시,수요일,경상북도 군위군 군위읍,중상사고,0,1,0,0,차대차 - 기타,직진우회전진행방해,건조,맑음,교차로 - 교차로안,승용,남,30세,상해없음,원동기,여,60세,중상
2012120500100360,2012년 12월 5일 15시,수요일,경상북도 김천시 황금동,경상사고,0,0,1,0,차대사람 - 기타,안전운전불이행,건조,맑음,단일로 - 기타,승용,남,32세,상해없음,보행자,남,63세,경상
2012120500100361,2012년 12월 5일 15시,수요일,경상북도 포항시 남구 동촌동,경상사고,0,0,1,0,차대사람 - 기타,안전운전불이행,건조,맑음,기타 - 기타,승용,여,40세,상해없음,보행자,여,29세,경상
2012120500100413,2012년 12월 5일 17시,수요일,경상북도 경주시 구정동,경상사고,0,0,3,0,차대차 - 기타,안전운전불이행,습기,비,교차로 - 교차로부근,승용,남,73세,상해없음,승용,남,39세,경상
2012120500100414,2012년 12월 5일 17시,수요일,경상북도 경주시 석장동,중상사고,0,1,0,0,차대사람 - 기타,안전운전불이행,습기,비,단일로 - 기타,원동기,남,42세,상해없음,보행자,여,48세,중상
2012120500100415,2012년 12월 5일 17시,수요일,경상북도 김천시 감호동,경상사고,0,0,1,0,차대사람 - 기타,안전운전불이행,습기,비,단일로 - 교량,이륜,남,44세,상해없음,보행자,여,75세,경상
2012120500100416,2012년 12월 5일 17시,수요일,경상북도 영천시 망정동,경상사고,0,0,1,0,차대차 - 측면직각충돌,안전운전불이행,습기,비,단일로 - 기타,승용,남,36세,상해없음,이륜,남,16세,경상
2012120500100467,2012년 12월 5일 18시,수요일,경상북도 상주시 남성동,중상사고,0,1,0,0,차대사람 - 횡단중,안전운전불이행,결빙,눈,단일로 - 기타,승용,남,53세,상해없음,보행자,여,70세,중상
2012120500100468,2012년 12월 5일 18시,수요일,경상북도 영천시 도동,중상사고,0,1,0,0,차대사람 - 횡단중,안전운전불이행,건조,맑음,교차로 - 교차로안,승용,남,52세,상해없음,보행자,여,66세,중상
2012120500100469,2012년 12월 5일 18시,수요일,경상북도 경산시 진량읍,중상사고,0,2,1,0,차대차 - 기타,기타,건조,맑음,교차로 - 교차로안,화물,남,25세,중상,화물,남,49세,경상
2012120500100470,2012년 12월 5일 18시,수요일,경상북도 구미시 신평동,중상사고,0,1,0,0,차대차 - 측면직각충돌,안전운전불이행,습기,비,교차로 - 교차로안,화물,남,53세,상해없음,이륜,남,69세,중상
2012120500100471,2012년 12월 5일 18시,수요일,경상북도 구미시 상모동,중상사고,0,1,0,0,차대사람 - 기타,안전운전불이행,습기,비,단일로 - 기타,승용,남,34세,상해없음,보행자,남,17세,중상
2012120500100516,2012년 12월 5일 19시,수요일,경상북도 칠곡군 약목면,부상신고사고,0,0,0,1,차대사람 - 보도통행중,안전운전불이행,습기,비,교차로 - 교차로부근,승용,남,36세,상해없음,보행자,남,15세,부상신고
2012120500100517,2012년 12월 5일 19시,수요일,경상북도 구미시 원평동,중상사고,0,1,0,0,차대사람 - 기타,보행자보호의무위반,습기,비,교차로 - 교차로안,승용,여,36세,상해없음,보행자,여,50세,중상
2012120500100518,2012년 12월 5일 19시,수요일,경상북도 구미시 옥계동,중상사고,0,1,0,0,차대차 - 측면직각충돌,안전운전불이행,습기,비,교차로 - 교차로안,승용,남,52세,상해없음,이륜,남,47세,중상
2012120500100519,2012년 12월 5일 19시,수요일,경상북도 구미시 임은동,경상사고,0,0,1,0,차대차 - 측면직각충돌,안전거리미확보,적설,눈,단일로 - 횡단보도상,화물,남,53세,상해없음,승용,여,57세,경상
2012120500100551,2012년 12월 5일 20시,수요일,경상북도 경주시 황오동,부상신고사고,0,0,0,1,차대차 - 추돌 - 주정차중,안전운전불이행,습기,비,단일로 - 기타,승용,여,27세,상해없음,원동기,남,50세,부상신고
2012120500100552,2012년 12월 5일 20시,수요일,경상북도 안동시 옥동,중상사고,0,1,0,0,차대사람 - 기타,안전운전불이행,적설,흐림,교차로 - 교차로부근,기타불명,기타불명,기타불명,기타불명,보행자,여,16세,중상
2012120500100580,2012년 12월 5일 21시,수요일,경상북도 포항시 남구 해도동,경상사고,0,0,1,1,차대사람 - 기타,안전운전불이행,건조,흐림,단일로 - 기타,승용,남,67세,상해없음,보행자,남,41세,경상
2012120500100608,2012년 12월 5일 22시,수요일,경상북도 경주시 천북면,사망사고,1,0,0,0,차대사람 - 기타,안전운전불이행,습기,흐림,단일로 - 기타,승용,남,46세,상해없음,보행자,남,44세,사망
2012120500100609,2012년 12월 5일 22시,수요일,경상북도 포항시 북구 용흥동,경상사고,0,0,1,0,차대사람 - 길가장자리구역통행중,기타,건조,맑음,단일로 - 기타,승용,남,46세,상해없음,보행자,남,16세,경상
2012120500100610,2012년 12월 5일 22시,수요일,경상북도 구미시 구평동,경상사고,0,0,1,0,차대사람 - 기타,안전운전불이행,건조,맑음,기타 - 기타,승용,남,41세,상해없음,보행자,남,5세,경상
2012120500100611,2012년 12월 5일 22시,수요일,경상북도 구미시 임수동,경상사고,0,0,1,0,차대차 - 측면직각충돌,안전거리미확보,결빙,흐림,단일로 - 기타,승용,남,29세,상해없음,승용,남,27세,경상
2012120500100648,2012년 12월 5일 23시,수요일,경상북도 경주시 효현동,부상신고사고,0,0,0,1,차대차 - 기타,중앙선침범,결빙,비,단일로 - 기타,화물,남,70세,상해없음,화물,남,27세,부상신고
2012120500100649,2012년 12월 5일 23시,수요일,경상북도 포항시 북구 죽도동,경상사고,0,0,2,0,차대차 - 측면직각충돌,안전운전불이행,건조,맑음,단일로 - 기타,화물,남,44세,상해없음,승용,남,65세,경상
2012120500100650,2012년 12월 5일 23시,수요일,경상북도 구미시 오태동,중상사고,0,1,2,0,차대차 - 측면직각충돌,안전운전불이행,결빙,눈,단일로 - 기타,승용,남,33세,상해없음,승용,남,41세,중상
2012120600100016,2012년 12월 6일 00시,목요일,경상북도 구미시 지산동,경상사고,0,0,3,0,차대차 - 측면직각충돌,중앙선침범,결빙,눈,단일로 - 기타,화물,남,50세,상해없음,승용,남,25세,경상
2012120600100064,2012년 12월 6일 03시,목요일,경상북도 구미시 공단동,경상사고,0,0,1,0,차대차 - 측면직각충돌,안전운전불이행,결빙,눈,교차로 - 교차로부근,승용,남,35세,기타불명,승용,남,29세,경상
2012120600100089,2012년 12월 6일 05시,목요일,경상북도 칠곡군 북삼읍,중상사고,0,1,0,1,차대차 - 기타,안전운전불이행,결빙,눈,단일로 - 기타,승용,남,48세,부상신고,승용,남,38세,중상
2012120600100090,2012년 12월 6일 05시,목요일,경상북도 구미시 인의동,중상사고,0,2,2,0,차대차 - 추돌 - 주정차중,안전운전불이행,건조,맑음,교차로 - 교차로부근,승용,남,33세,경상,승합,남,39세,경상
2012120600100096,2012년 12월 6일 06시,목요일,경상북도 안동시 풍천면,중상사고,0,3,1,0,차대차 - 정면충돌,안전운전불이행,적설,맑음,기타 - 기타,승합,여,46세,상해없음,화물,남,55세,경상
2012120600100158,2012년 12월 6일 08시,목요일,경상북도 경주시 용강동,중상사고,0,1,0,0,차대사람 - 기타,보행자보호의무위반,건조,맑음,단일로 - 횡단보도상,승용,여,43세,상해없음,보행자,여,11세,중상
2012120600100203,2012년 12월 6일 09시,목요일,경상북도 경주시 건천읍,경상사고,0,0,1,0,차대차 - 측면직각충돌,안전운전불이행,건조,맑음,단일로 - 기타,승용,남,56세,경상,건설기계,남,47세,상해없음
2012120600100204,2012년 12월 6일 09시,목요일,경상북도 상주시 낙양동,중상사고,0,1,0,0,차량단독 - 공작물충돌,안전운전불이행,결빙,눈,단일로 - 기타,승용,여,21세,중상,,,,
2012120600100205,2012년 12월 6일 09시,목요일,경상북도 칠곡군 북삼읍,부상신고사고,0,0,0,1,차량단독 - 공작물충돌,안전운전불이행,결빙,맑음,교차로 - 교차로부근,승용,남,30세,부상신고,,,,
2012120600100245,2012년 12월 6일 10시,목요일,경상북도 안동시 태화동,중상사고,0,1,0,0,차대차 - 측면직각충돌,직진우회전진행방해,건조,맑음,교차로 - 교차로안,화물,남,44세,상해없음,승용,남,46세,중상
2012120600100270,2012년 12월 6일 11시,목요일,경상북도 구미시 사곡동,경상사고,0,0,2,0,차대차 - 추돌 - 진행중,안전운전불이행,결빙,눈,단일로 - 기타,승용,남,48세,상해없음,승합,남,35세,경상
2012120600100300,2012년 12월 6일 12시,목요일,경상북도 성주군 선남면,경상사고,0,0,1,0,차대사람 - 기타,안전운전불이행,기타,맑음,단일로 - 기타,승용,남,45세,상해없음,보행자,남,50세,경상
2012120600100326,2012년 12월 6일 13시,목요일,경상북도 안동시 풍산읍,경상사고,0,0,1,0,차대차 - 측면직각충돌,차로위반,건조,맑음,단일로 - 기타,승용,남,35세,상해없음,승용,남,37세,경상
2012120600100327,2012년 12월 6일 13시,목요일,경상북도 칠곡군 지천면,부상신고사고,0,0,0,1,차대차 - 추돌 - 진행중,안전운전불이행,결빙,흐림,단일로 - 기타,승용,여,48세,상해없음,승합,남,51세,부상신고
2012120600100344,2012년 12월 6일 14시,목요일,경상북도 포항시 북구 청하면,중상사고,0,1,1,0,차대차 - 추돌 - 진행중,안전거리미확보,건조,맑음,단일로 - 기타,건설기계,남,57세,상해없음,화물,남,49세,경상
2012120600100345,2012년 12월 6일 14시,목요일,경상북도 안동시 금곡동,중상사고,0,1,1,0,차대차 - 기타,안전운전불이행,건조,맑음,단일로 - 기타,승용,남,55세,경상,승용,남,44세,중상
2012120600100373,2012년 12월 6일 15시,목요일,경상북도 성주군 성주읍,경상사고,0,0,1,0,차대차 - 추돌 - 진행중,안전운전불이행,건조,맑음,단일로 - 기타,승용,남,76세,상해없음,승용,남,34세,경상
2012120600100374,2012년 12월 6일 15시,목요일,경상북도 구미시 인의동,경상사고,0,0,1,0,차대사람 - 기타,안전운전불이행,건조,맑음,기타 - 기타,기타불명,기타불명,기타불명,기타불명,보행자,여,12세,경상
2012120600100395,2012년 12월 6일 16시,목요일,경상북도 칠곡군 약목면,경상사고,0,0,1,0,차대차 - 추돌 - 주정차중,안전운전불이행,건조,맑음,단일로 - 기타,승합,남,41세,상해없음,화물,여,46세,기타불명
2012120600100396,2012년 12월 6일 16시,목요일,경상북도 구미시 선기동,경상사고,0,0,3,0,차대차 - 측면직각충돌,교차로운행방법위반,기타,흐림,교차로 - 교차로안,승용,여,39세,상해없음,승용,여,35세,경상