사고번호,사고일시,요일,시군구,사고내용,사망자수,중상자수,경상자수,부상신고자수,사고유형,법규위반,노면상태,기상상태,도로형태,가해운전자 차종,가해운전자 성별,가해운전자 연령,가해운전자 상해정도,피해운전자 차종,피해운전자 성별,피해운전자 연령,피해운전자 상해정도
2012120600100415,2012년 12월 6일 17시,목요일,경상북도 구미시 신평동,경상사고,0,0,1,0,차대차 - 측면직각충돌,직진우회전진행방해,건조,맑음,교차로 - 교차로안,승용,여,35세,상해없음,승용,여,55세,상해없음
2012120600100443,2012년 12월 6일 18시,목요일,경상북도 경주시 천군동,경상사고,0,0,1,1,차대차 - 측면직각충돌,안전운전불이행,건조,맑음,교차로 - 교차로부근,승용,남,47세,기타불명,승용,남,56세,경상
2012120600100444,2012년 12월 6일 18시,목요일,경상북도 영천시 망정동,중상사고,0,1,0,0,차대차 - 측면직각충돌,안전운전불이행,건조,맑음,교차로 - 교차로안,승용,남,36세,상해없음,이륜,남,16세,중상
2012120600100445,2012년 12월 6일 18시,목요일,경상북도 군위군 부계면,경상사고,0,0,1,0,차대차 - 정면충돌,중앙선침범,건조,맑음,단일로 - 기타,화물,남,58세,상해없음,승용,여,50세,경상
2012120600100446,2012년 12월 6일 18시,목요일,경상북도 포항시 남구 오천읍,경상사고,0,0,6,0,차대차 - 기타,교차로운행방법위반,건조,맑음,교차로 - 교차로안,승용,남,30세,경상,승용,남,35세,경상
2012120600100447,2012년 12월 6일 18시,목요일,경상북도 포항시 남구 지곡동,경상사고,0,0,1,0,차대차 - 측면직각충돌,안전운전불이행,건조,맑음,기타 - 기타,승용,여,31세,상해없음,승용,여,49세,경상
2012120600100495,2012년 12월 6일 20시,목요일,경상북도 포항시 북구 항구동,경상사고,0,0,1,0,차대차 - 기타,안전거리미확보,건조,맑음,단일로 - 기타,화물,남,36세,상해없음,승용,남,59세,경상
2012120600100496,2012년 12월 6일 20시,목요일,경상북도 포항시 남구 상도동,경상사고,0,0,1,0,차대차 - 추돌 - 진행중,안전운전불이행,건조,맑음,교차로 - 교차로부근,승용,남,51세,상해없음,승용,여,32세,경상
2012120600100516,2012년 12월 6일 21시,목요일,경상북도 구미시 황상동,중상사고,0,1,2,1,차대차 - 추돌 - 진행중,안전운전불이행,건조,맑음,교차로 - 교차로안,승용,남,26세,상해없음,승용,남,41세,중상
2012120600100538,2012년 12월 6일 22시,목요일,경상북도 경주시 내남면,중상사고,0,1,0,0,차량단독 - 공작물충돌,안전운전불이행,건조,맑음,교차로 - 교차로부근,승용,남,30세,중상,,,,
2012120600100539,2012년 12월 6일 22시,목요일,경상북도 안동시 태화동,경상사고,0,0,1,0,차대차 - 기타,안전운전불이행,건조,맑음,단일로 - 기타,기타불명,기타불명,기타불명,기타불명,승합,남,46세,경상
2012120600100540,2012년 12월 6일 22시,목요일,경상북도 영천시 청통면,중상사고,0,1,0,0,차대사람 - 기타,안전운전불이행,건조,맑음,단일로 - 기타,승용,여,31세,상해없음,보행자,남,50세,중상
2012120600100541,2012년 12월 6일 22시,목요일,경상북도 구미시 광평동,중상사고,0,1,0,0,차대사람 - 기타,안전운전불이행,건조,맑음,교차로 - 교차로부근,승용,남,43세,상해없음,보행자,남,49세,중상
2012120600100542,2012년 12월 6일 22시,목요일,경상북도 포항시 남구 연일읍,경상사고,0,0,1,0,차대차 - 기타,직진우회전진행방해,건조,맑음,교차로 - 교차로안,승용,남,56세,상해없음,원동기,남,40세,경상
2012120700100026,2012년 12월 7일 01시,금요일,경상북도 구미시 인의동,중상사고,0,1,1,0,차대차 - 기타,안전운전불이행,건조,맑음,단일로 - 기타,승용,남,50세,상해없음,승용,남,55세,중상
2012120700100048,2012년 12월 7일 03시,금요일,경상북도 구미시 오태동,경상사고,0,0,1,0,차량단독 - 공작물충돌,안전운전불이행,건조,맑음,단일로 - 기타,승용,여,33세,경상,,,,
2012120700100056,2012년 12월 7일 04시,금요일,경상북도 구미시 오태동,경상사고,0,0,1,0,차대차 - 추돌 - 진행중,안전운전불이행,건조,맑음,교차로 - 교차로부근,승용,남,26세,상해없음,승합,남,35세,경상
2012120700100062,2012년 12월 7일 05시,금요일,경상북도 포항시 북구 용흥동,경상사고,0,0,1,0,차량단독 - 공작물충돌,안전운전불이행,건조,맑음,교차로 - 교차로안,승용,남,27세,상해없음,,,,
2012120700100072,2012년 12월 7일 06시,금요일,경상북도 포항시 북구 죽도동,중상사고,0,1,0,0,차대사람 - 기타,신호위반,건조,맑음,교차로 - 교차로부근,승용,남,68세,상해없음,보행자,여,72세,중상
2012120700100073,2012년 12월 7일 06시,금요일,경상북도 구미시 진평동,경상사고,0,0,1,0,차대사람 - 기타,안전운전불이행,건조,맑음,교차로 - 교차로부근,승용,남,48세,상해없음,보행자,여,23세,경상
2012120700100100,2012년 12월 7일 07시,금요일,경상북도 경주시 강동면,중상사고,0,1,0,0,차대차 - 측면직각충돌,안전운전불이행,건조,맑음,단일로 - 교량,승용,남,25세,중상,건설기계,남,44세,상해없음
2012120700100101,2012년 12월 7일 07시,금요일,경상북도 포항시 북구 용흥동,경상사고,0,0,1,0,차대차 - 기타,신호위반,습기,눈,교차로 - 교차로안,승용,남,60세,상해없음,화물,남,52세,경상
2012120700100132,2012년 12월 7일 08시,금요일,경상북도 김천시 대광동,경상사고,0,0,1,0,차대차 - 측면직각충돌,중앙선침범,건조,맑음,단일로 - 기타,승용,남,46세,상해없음,승용,남,49세,경상
2012120700100133,2012년 12월 7일 08시,금요일,경상북도 칠곡군 동명면,중상사고,0,1,0,1,차대차 - 측면직각충돌,안전거리미확보,건조,맑음,단일로 - 기타,승용,남,44세,부상신고,화물,남,53세,중상
2012120700100134,2012년 12월 7일 08시,금요일,경상북도 고령군 다산면,경상사고,0,0,1,0,차대차 - 측면직각충돌,안전운전불이행,결빙,맑음,단일로 - 기타,승용,여,36세,상해없음,승용,여,63세,경상
2012120700100161,2012년 12월 7일 09시,금요일,경상북도 문경시 호계면,중상사고,0,1,1,0,차대차 - 정면충돌,중앙선침범,결빙,맑음,단일로 - 기타,승용,남,66세,중상,승용,남,65세,경상
2012120700100162,2012년 12월 7일 09시,금요일,경상북도 포항시 남구 해도동,경상사고,0,0,2,0,차대차 - 측면직각충돌,안전운전불이행,건조,맑음,교차로 - 교차로안,승용,남,63세,경상,승용,남,57세,경상
2012120700100188,2012년 12월 7일 10시,금요일,경상북도 포항시 북구 죽도동,경상사고,0,0,2,0,차대차 - 추돌 - 주정차중,안전거리미확보,건조,맑음,교차로 - 교차로부근,승용,남,60세,상해없음,승용,여,64세,경상
2012120700100189,2012년 12월 7일 10시,금요일,경상북도 영천시 오미동,경상사고,0,0,2,0,차대차 - 추돌 - 주정차중,안전운전불이행,건조,흐림,교차로 - 교차로안,화물,남,73세,상해없음,승용,여,24세,경상
2012120700100211,2012년 12월 7일 11시,금요일,경상북도 울진군 후포면,경상사고,0,0,1,0,차대차 - 기타,안전운전불이행,건조,맑음,교차로 - 교차로안,자전거,남,51세,경상,화물,남,46세,상해없음
2012120700100236,2012년 12월 7일 12시,금요일,경상북도 경주시 현곡면,중상사고,0,1,4,0,차대차 - 측면직각충돌,안전운전불이행,건조,흐림,교차로 - 교차로안,승용,남,52세,경상,승용,남,29세,경상
2012120700100237,2012년 12월 7일 12시,금요일,경상북도 포항시 남구 상도동,사망사고,1,0,0,0,차량단독 - 기타,기타,습기,눈,교차로 - 교차로안,화물,남,43세,상해없음,,,,
2012120700100256,2012년 12월 7일 13시,금요일,경상북도 포항시 북구 청하면,경상사고,0,0,5,0,차대차 - 기타,안전거리미확보,결빙,눈,단일로 - 기타,화물,남,72세,상해없음,화물,남,37세,경상
2012120700100257,2012년 12월 7일 13시,금요일,경상북도 안동시 풍산읍,중상사고,0,2,0,0,차량단독 - 도로외이탈 - 기타,안전운전불이행,적설,눈,단일로 - 기타,승합,남,71세,상해없음,,,,
2012120700100258,2012년 12월 7일 13시,금요일,경상북도 청송군 파천면,중상사고,0,6,0,0,차대차 - 정면충돌,중앙선침범,결빙,눈,단일로 - 기타,승용,남,65세,상해없음,화물,남,37세,중상
2012120700100259,2012년 12월 7일 13시,금요일,경상북도 포항시 남구 대도동,경상사고,0,0,2,0,차대차 - 추돌 - 진행중,안전거리미확보,기타,눈,단일로 - 기타,원동기,남,19세,상해없음,승용,남,47세,경상
2012120700100295,2012년 12월 7일 14시,금요일,경상북도 경주시 건천읍,중상사고,0,2,0,0,차량단독 - 전도전복,안전운전불이행,습기,비,단일로 - 기타,승용,남,21세,중상,,,,
2012120700100296,2012년 12월 7일 14시,금요일,경상북도 경주시 용강동,중상사고,0,1,0,0,차대사람 - 기타,안전운전불이행,습기,눈,단일로 - 기타,승용,여,31세,상해없음,보행자,여,54세,중상
2012120700100297,2012년 12월 7일 14시,금요일,경상북도 칠곡군 석적읍,경상사고,0,0,1,0,차대차 - 추돌 - 진행중,안전운전불이행,결빙,눈,단일로 - 기타,승용,여,41세,상해없음,승용,여,35세,경상
2012120700100298,2012년 12월 7일 14시,금요일,경상북도 영천시 대창면,경상사고,0,0,1,0,차대차 - 추돌 - 진행중,안전운전불이행,적설,눈,단일로 - 기타,승용,여,55세,상해없음,화물,남,63세,경상
2012120700100299,2012년 12월 7일 14시,금요일,경상북도 영천시 망정동,경상사고,0,0,1,0,차대사람 - 기타,안전운전불이행,적설,흐림,기타 - 기타,승용,여,41세,상해없음,보행자,남,8세,경상
2012120700100300,2012년 12월 7일 14시,금요일,경상북도 경산시 조영동,경상사고,0,0,2,0,차대차 - 기타,안전운전불이행,습기,눈,단일로 - 기타,승용,남,47세,상해없음,승용,여,49세,경상
2012120700100301,2012년 12월 7일 14시,금요일,경상북도 구미시 선산읍,경상사고,0,0,1,0,차대차 - 기타,안전운전불이행,기타,맑음,단일로 - 기타,승용,남,25세,상해없음,승용,여,51세,경상
2012120700100302,2012년 12월 7일 14시,금요일,경상북도 구미시 공단동,경상사고,0,0,1,0,차대차 - 측면직각충돌,신호위반,결빙,눈,교차로 - 교차로안,승용,남,52세,상해없음,승용,남,34세,경상
2012120700100303,2012년 12월 7일 14시,금요일,경상북도 영천시 북안면,중상사고,0,1,0,0,차대차 - 추돌 - 진행중,기타,결빙,눈,단일로 - 기타,승용,남,55세,중상,승용,여,46세,상해없음
2012120700100326,2012년 12월 7일 15시,금요일,경상북도 영주시 봉현면,중상사고,0,2,0,0,차대차 - 기타,안전운전불이행,적설,눈,단일로 - 기타,화물,남,57세,중상,화물,남,52세,상해없음
2012120700100327,2012년 12월 7일 15시,금요일,경상북도 영천시 금호읍,경상사고,0,0,1,0,차대차 - 측면직각충돌,중앙선침범,적설,눈,단일로 - 기타,화물,남,41세,상해없음,화물,남,42세,경상
2012120700100328,2012년 12월 7일 15시,금요일,경상북도 포항시 남구 오천읍,중상사고,0,1,0,0,차대차 - 추돌 - 진행중,직진우회전진행방해,습기,흐림,교차로 - 교차로안,승용,남,45세,상해없음,원동기,남,49세,중상
2012120700100329,2012년 12월 7일 15시,금요일,경상북도 칠곡군 왜관읍,중상사고,0,2,0,0,차대차 - 추돌 - 진행중,안전운전불이행,결빙,눈,단일로 - 기타,승용,남,70세,중상,승용,남,67세,상해없음
2012120700100330,2012년 12월 7일 15시,금요일,경상북도 영천시 화산면,경상사고,0,0,1,0,차대차 - 추돌 - 진행중,안전운전불이행,결빙,눈,단일로 - 기타,승용,여,39세,상해없음,승용,남,34세,경상
2012120700100354,2012년 12월 7일 16시,금요일,경상북도 포항시 북구 두호동,경상사고,0,0,1,0,차대차 - 기타,교차로운행방법위반,습기,비,교차로 - 교차로안,승용,여,30세,상해없음,승용,남,48세,경상
2012120700100355,2012년 12월 7일 16시,금요일,경상북도 포항시 북구 환호동,중상사고,0,2,0,0,차량단독 - 공작물충돌,안전운전불이행,건조,맑음,단일로 - 기타,승합,남,45세,상해없음,,,,
2012120700100356,2012년 12월 7일 16시,금요일,경상북도 경산시 진량읍,중상사고,0,1,0,0,차대차 - 기타,안전운전불이행,적설,눈,단일로 - 기타,승용,남,22세,상해없음,승용,남,31세,중상
2012120700100357,2012년 12월 7일 16시,금요일,경상북도 구미시 도개면,중상사고,0,3,3,0,차대차 - 기타,안전운전불이행,적설,눈,단일로 - 기타,승용,남,32세,경상,승용,남,36세,중상
2012120700100390,2012년 12월 7일 17시,금요일,경상북도 경주시 건천읍,경상사고,0,0,1,0,차량단독 - 기타,안전운전불이행,결빙,눈,단일로 - 기타,승용,남,51세,경상,,,,
2012120700100391,2012년 12월 7일 17시,금요일,경상북도 영덕군 축산면,경상사고,0,0,2,0,차량단독 - 공작물충돌,안전운전불이행,결빙,흐림,단일로 - 기타,화물,남,44세,경상,,,,
2012120700100392,2012년 12월 7일 17시,금요일,경상북도 영덕군 축산면,중상사고,0,1,0,0,차량단독 - 공작물충돌,안전운전불이행,결빙,흐림,기타 - 기타,화물,남,48세,중상,,,,
2012120700100393,2012년 12월 7일 17시,금요일,경상북도 영덕군 축산면,중상사고,0,1,0,0,차대사람 - 기타,안전운전불이행,적설,눈,단일로 - 기타,승용,여,45세,상해없음,보행자,남,48세,중상
2012120700100394,2012년 12월 7일 17시,금요일,경상북도 구미시 인의동,경상사고,0,0,1,0,차대차 - 추돌 - 주정차중,안전운전불이행,적설,눈,교차로 - 교차로부근,승용,남,51세,상해없음,승용,남,36세,상해없음
2012120700100395,2012년 12월 7일 17시,금요일,경상북도 구미시 지산동,중상사고,0,1,0,0,차대차 - 측면직각충돌,안전운전불이행,결빙,눈,단일로 - 기타,승용,남,56세,상해없음,승용,남,55세,중상
2012120700100396,2012년 12월 7일 17시,금요일,경상북도 김천시 아포읍,경상사고,0,0,1,0,차대차 - 추돌 - 진행중,안전운전불이행,적설,눈,단일로 - 기타,승용,남,48세,상해없음,승용,여,33세,경상
2012120700100432,2012년 12월 7일 18시,금요일,경상북도 경주시 효현동,경상사고,0,0,2,0,차대차 - 추돌 - 진행중,안전운전불이행,결빙,눈,단일로 - 교량,승용,여,54세,경상,승용,여,26세,경상
2012120700100433,2012년 12월 7일 18시,금요일,경상북도 포항시 북구 흥해읍,중상사고,0,1,0,0,차대사람 - 기타,안전운전불이행,결빙,눈,단일로 - 기타,화물,남,31세,상해없음,보행자,여,70세,중상
2012120700100434,2012년 12월 7일 18시,금요일,경상북도 포항시 북구 흥해읍,경상사고,0,0,3,0,차대차 - 기타,안전운전불이행,결빙,눈,단일로 - 기타,승용,남,28세,상해없음,승용,여,50세,경상
2012120700100435,2012년 12월 7일 18시,금요일,경상북도 포항시 북구 용흥동,중상사고,0,1,0,0,차대사람 - 길가장자리구역통행중,안전운전불이행,건조,맑음,교차로 - 교차로부근,승용,남,46세,상해없음,보행자,남,50세,중상
2012120700100436,2012년 12월 7일 18시,금요일,경상북도 영덕군 병곡면,중상사고,0,2,0,0,차량단독 - 공작물충돌,안전운전불이행,결빙,눈,단일로 - 교량,화물,남,66세,상해없음,,,,
2012120700100437,2012년 12월 7일 18시,금요일,경상북도 군위군 효령면,중상사고,0,1,0,0,차대차 - 추돌 - 진행중,안전운전불이행,적설,눈,단일로 - 교량,승용,남,36세,상해없음,승합,남,64세,중상
2012120700100438,2012년 12월 7일 18시,금요일,경상북도 포항시 남구 장흥동,중상사고,0,1,0,0,차대사람 - 기타,안전운전불이행,습기,눈,단일로 - 기타,화물,남,35세,상해없음,보행자,남,65세,중상
2012120700100473,2012년 12월 7일 19시,금요일,경상북도 경주시 충효동,중상사고,0,1,0,0,차대차 - 측면직각충돌,안전운전불이행,결빙,눈,단일로 - 교량,승용,남,41세,상해없음,승용,남,49세,중상
2012120700100474,2012년 12월 7일 19시,금요일,경상북도 포항시 북구 청하면,경상사고,0,0,2,0,차대차 - 측면직각충돌,안전거리미확보,적설,눈,단일로 - 기타,승용,남,50세,상해없음,화물,남,43세,경상
2012120700100475,2012년 12월 7일 19시,금요일,경상북도 칠곡군 동명면,경상사고,0,0,1,0,차대차 - 정면충돌,중앙선침범,결빙,눈,단일로 - 기타,화물,남,50세,상해없음,승용,여,21세,경상
2012120700100476,2012년 12월 7일 19시,금요일,경상북도 문경시 모전동,경상사고,0,0,2,0,차대차 - 기타,안전운전불이행,결빙,기타,교차로 - 교차로부근,승용,남,45세,경상,승용,여,39세,경상
2012120700100477,2012년 12월 7일 19시,금요일,경상북도 청송군 진보면,중상사고,0,1,0,0,차량단독 - 공작물충돌,안전운전불이행,결빙,맑음,단일로 - 기타,승용,남,55세,상해없음,,,,
2012120700100478,2012년 12월 7일 19시,금요일,경상북도 포항시 남구 동해면,경상사고,0,0,1,0,차량단독 - 도로외이탈 - 추락,안전운전불이행,결빙,흐림,단일로 - 교량,승용,남,60세,상해없음,,,,
2012120700100508,2012년 12월 7일 20시,금요일,경상북도 경주시 황성동,경상사고,0,0,1,0,차대차 - 기타,중앙선침범,결빙,비,교차로 - 교차로부근,화물,남,46세,상해없음,화물,남,56세,경상
2012120700100509,2012년 12월 7일 20시,금요일,경상북도 경주시 안강읍,경상사고,0,0,2,0,차대차 - 기타,안전운전불이행,결빙,눈,단일로 - 기타,승용,남,32세,상해없음,승용,여,26세,경상
2012120700100510,2012년 12월 7일 20시,금요일,경상북도 안동시 용상동,중상사고,0,1,0,0,차대차 - 기타,안전운전불이행,적설,눈,단일로 - 기타,승용,남,33세,중상,화물,남,48세,상해없음
2012120700100511,2012년 12월 7일 20시,금요일,경상북도 군위군 군위읍,경상사고,0,0,1,0,차대차 - 기타,안전운전불이행,결빙,눈,단일로 - 기타,건설기계,남,53세,상해없음,화물,남,42세,경상
2012120700100512,2012년 12월 7일 20시,금요일,경상북도 포항시 남구 동해면,중상사고,0,2,1,0,차량단독 - 도로외이탈 - 추락,안전운전불이행,결빙,눈,단일로 - 기타,승용,남,56세,경상,,,,
2012120700100513,2012년 12월 7일 20시,금요일,경상북도 포항시 남구 연일읍,경상사고,0,0,2,0,차대차 - 기타,안전운전불이행,기타,기타,기타 - 기타,승용,여,41세,상해없음,승용,남,26세,경상
2012120700100534,2012년 12월 7일 21시,금요일,경상북도 영주시 상망동,경상사고,0,0,1,0,차대차 - 측면직각충돌,안전운전불이행,적설,눈,교차로 - 교차로안,승용,남,44세,상해없음,화물,남,46세,경상
2012120700100535,2012년 12월 7일 21시,금요일,경상북도 구미시 신동,중상사고,0,1,0,0,차대차 - 측면직각충돌,안전운전불이행,결빙,눈,기타 - 기타,승용,남,29세,상해없음,승용,남,43세,중상
2012120700100567,2012년 12월 7일 22시,금요일,경상북도 경주시 강동면,중상사고,0,1,1,0,차대차 - 기타,안전운전불이행,습기,흐림,단일로 - 기타,승용,남,41세,상해없음,승합,남,52세,상해없음
2012120700100568,2012년 12월 7일 22시,금요일,경상북도 포항시 북구 두호동,중상사고,0,1,1,0,차대사람 - 기타,안전운전불이행,결빙,눈,단일로 - 기타,승용,남,44세,상해없음,보행자,남,15세,경상
2012120700100569,2012년 12월 7일 22시,금요일,경상북도 영천시 임고면,경상사고,0,0,1,0,차량단독 - 기타,안전운전불이행,결빙,눈,기타 - 기타,화물,남,42세,경상,,,,
2012120700100610,2012년 12월 7일 23시,금요일,경상북도 경주시 강동면,경상사고,0,0,1,0,차대차 - 추돌 - 진행중,안전운전불이행,결빙,눈,단일로 - 교량,승용,남,31세,상해없음,승용,남,48세,상해없음
2012120700100611,2012년 12월 7일 23시,금요일,경상북도 김천시 평화동,경상사고,0,0,3,0,차대차 - 측면직각충돌,안전운전불이행,결빙,눈,단일로 - 기타,승용,남,38세,상해없음,승용,남,30세,경상
2012120700100612,2012년 12월 7일 23시,금요일,경상북도 구미시 사곡동,경상사고,0,0,1,0,차대차 - 측면직각충돌,안전운전불이행,결빙,눈,교차로 - 교차로부근,승용,여,30세,상해없음,화물,남,40세,기타불명
2012120800100017,2012년 12월 8일 00시,토요일,경상북도 구미시 옥계동,경상사고,0,0,3,0,차대차 - 기타,안전운전불이행,적설,눈,교차로 - 교차로부근,승용,남,47세,상해없음,승용,남,27세,경상
2012120800100018,2012년 12월 8일 00시,토요일,경상북도 포항시 남구 이동,경상사고,0,0,1,0,차대차 - 추돌 - 진행중,안전운전불이행,건조,맑음,교차로 - 교차로부근,승용,남,41세,상해없음,원동기,남,19세,경상
2012120800100038,2012년 12월 8일 01시,토요일,경상북도 포항시 북구 남빈동,경상사고,0,0,1,0,차대차 - 기타,불법유턴,건조,맑음,단일로 - 기타,승용,남,60세,상해없음,승용,남,55세,경상
2012120800100058,2012년 12월 8일 02시,토요일,경상북도 포항시 북구 죽도동,경상사고,0,0,2,0,차대차 - 측면직각충돌,차로위반,건조,맑음,단일로 - 기타,승용,남,52세,상해없음,승용,남,51세,경상
2012120800100059,2012년 12월 8일 02시,토요일,경상북도 영천시 오수동,경상사고,0,0,1,0,차량단독 - 공작물충돌,안전운전불이행,결빙,눈,기타 - 기타,승용,남,56세,상해없음,,,,
2012120800100060,2012년 12월 8일 02시,토요일,경상북도 포항시 남구 대잠동,중상사고,0,1,0,0,차대사람 - 기타,안전운전불이행,건조,흐림,교차로 - 교차로안,승용,남,45세,상해없음,보행자,남,44세,중상
2012120800100098,2012년 12월 8일 04시,토요일,경상북도 칠곡군 석적읍,경상사고,0,0,3,0,차대차 - 추돌 - 진행중,안전운전불이행,결빙,흐림,단일로 - 기타,승용,남,27세,상해없음,승용,남,44세,경상
2012120800100112,2012년 12월 8일 05시,토요일,경상북도 포항시 북구 신광면,중상사고,0,1,1,0,차대차 - 기타,안전거리미확보,결빙,맑음,단일로 - 교량,승용,여,51세,상해없음,승용,남,52세,경상
2012120800100138,2012년 12월 8일 07시,토요일,경상북도 포항시 북구 흥해읍,경상사고,0,0,1,0,차대차 - 측면직각충돌,안전운전불이행,적설,눈,단일로 - 기타,화물,남,41세,상해없음,화물,남,44세,경상
2012120800100208,2012년 12월 8일 10시,토요일,경상북도 경주시 동천동,중상사고,0,1,3,0,차대차 - 측면직각충돌,안전운전불이행,건조,맑음,교차로 - 교차로안,승용,여,37세,경상,승용,남,33세,중상
2012120800100236,2012년 12월 8일 11시,토요일,경상북도 봉화군 소천면,중상사고,0,2,2,0,차대차 - 정면충돌,안전운전불이행,적설,맑음,단일로 - 기타,승용,남,32세,경상,승용,남,58세,중상
2012120800100260,2012년 12월 8일 12시,토요일,경상북도 영덕군 강구면,중상사고,0,1,3,0,차대차 - 측면직각충돌,안전운전불이행,건조,맑음,교차로 - 교차로안,승용,여,57세,상해없음,특수,남,43세,상해없음
2012120800100285,2012년 12월 8일 13시,토요일,경상북도 경주시 성동동,중상사고,0,1,0,0,차대사람 - 기타,안전운전불이행,건조,맑음,단일로 - 기타,화물,남,52세,상해없음,보행자,여,74세,중상
2012120800100286,2012년 12월 8일 13시,토요일,경상북도 의성군 단밀면,중상사고,0,1,1,0,차대차 - 기타,안전운전불이행,적설,맑음,단일로 - 기타,승용,남,41세,상해없음,화물,남,51세,중상
2012120800100287,2012년 12월 8일 13시,토요일,경상북도 봉화군 봉성면,경상사고,0,0,1,0,차대차 - 측면직각충돌,안전운전불이행,결빙,맑음,단일로 - 기타,승용,여,29세,상해없음,승용,남,50세,경상
2012120800100311,2012년 12월 8일 14시,토요일,경상북도 경산시 삼풍동,중상사고,0,1,2,0,차대차 - 기타,안전운전불이행,건조,맑음,교차로 - 교차로안,승용,남,46세,경상,승용,남,72세,경상
2012120800100362,2012년 12월 8일 16시,토요일,경상북도 경주시 용강동,경상사고,0,0,2,0,차대차 - 기타,안전운전불이행,건조,맑음,단일로 - 기타,승용,남,26세,상해없음,승용,남,51세,상해없음
2012120800100393,2012년 12월 8일 17시,토요일,경상북도 포항시 북구 용흥동,경상사고,0,0,1,0,차대차 - 기타,안전거리미확보,건조,맑음,단일로 - 기타,승합,남,54세,상해없음,승용,남,27세,경상
2012120800100394,2012년 12월 8일 17시,토요일,경상북도 영천시 대전동,중상사고,0,3,0,0,차대차 - 추돌 - 주정차중,안전운전불이행,결빙,흐림,단일로 - 교량,승용,남,40세,중상,승용,남,62세,상해없음
2012120800100395,2012년 12월 8일 17시,토요일,경상북도 영천시 대전동,중상사고,0,1,1,0,차대차 - 기타,안전운전불이행,결빙,눈,단일로 - 기타,승용,남,44세,상해없음,승용,남,41세,중상
2012120800100425,2012년 12월 8일 18시,토요일,경상북도 포항시 남구 이동,중상사고,0,2,0,0,차대차 - 기타,중앙선침범,결빙,맑음,단일로 - 기타,승용,남,30세,상해없음,승용,남,61세,중상
2012120800100426,2012년 12월 8일 18시,토요일,경상북도 포항시 남구 대송면,중상사고,0,1,2,0,차대차 - 기타,안전운전불이행,결빙,맑음,단일로 - 기타,승용,남,35세,상해없음,화물,남,39세,중상
2012120800100457,2012년 12월 8일 19시,토요일,경상북도 경주시 충효동,경상사고,0,0,1,0,차대차 - 추돌 - 주정차중,안전운전불이행,건조,맑음,교차로 - 교차로부근,승용,남,58세,상해없음,승용,여,32세,경상
2012120800100481,2012년 12월 8일 20시,토요일,경상북도 경주시 건천읍,중상사고,0,2,0,0,차대차 - 기타,안전운전불이행,건조,맑음,교차로 - 교차로안,승용,남,36세,상해없음,원동기,여,66세,중상
2012120800100482,2012년 12월 8일 20시,토요일,경상북도 포항시 북구 대신동,경상사고,0,0,1,0,차대차 - 추돌 - 주정차중,안전운전불이행,건조,맑음,교차로 - 교차로부근,승용,남,53세,상해없음,승용,남,58세,경상
2012120800100483,2012년 12월 8일 20시,토요일,경상북도 구미시 송정동,경상사고,0,0,2,0,차대차 - 측면직각충돌,신호위반,건조,맑음,교차로 - 교차로안,승용,남,42세,상해없음,승용,남,53세,경상
2012120800100498,2012년 12월 8일 21시,토요일,경상북도 포항시 북구 학산동,경상사고,0,0,2,0,차대차 - 기타,안전운전불이행,건조,맑음,교차로 - 교차로안,승용,남,52세,상해없음,승용,여,52세,경상
2012120800100522,2012년 12월 8일 22시,토요일,경상북도 김천시 구성면,경상사고,0,0,1,0,차대차 - 측면직각충돌,안전운전불이행,결빙,흐림,단일로 - 기타,승용,남,47세,상해없음,승용,남,35세,경상
2012120800100523,2012년 12월 8일 22시,토요일,경상북도 의성군 의성읍,중상사고,0,1,0,0,차대사람 - 길가장자리구역통행중,안전운전불이행,결빙,맑음,단일로 - 기타,승용,남,33세,상해없음,보행자,남,45세,중상
2012120900100041,2012년 12월 9일 01시,일요일,경상북도 경주시 양북면,경상사고,0,0,1,0,차대사람 - 기타,안전운전불이행,건조,흐림,단일로 - 기타,승용,남,41세,기타불명,보행자,남,18세,경상
2012120900100083,2012년 12월 9일 03시,일요일,경상북도 영천시 고경면,경상사고,0,0,1,0,차대차 - 추돌 - 진행중,안전운전불이행,건조,맑음,교차로 - 교차로부근,승용,남,25세,상해없음,특수,남,27세,경상
2012120900100105,2012년 12월 9일 05시,일요일,경상북도 포항시 북구 죽도동,경상사고,0,0,1,1,차대차 - 측면직각충돌,교차로운행방법위반,건조,맑음,교차로 - 교차로안,승용,남,54세,상해없음,승용,남,54세,경상
2012120900100147,2012년 12월 9일 09시,일요일,경상북도 고령군 쌍림면,경상사고,0,0,1,1,차대차 - 정면충돌,중앙선침범,기타,맑음,단일로 - 기타,승용,남,64세,부상신고,승용,남,51세,경상
2012120900100164,2012년 12월 9일 10시,일요일,경상북도 경주시 용강동,경상사고,0,0,1,0,차대차 - 기타,교차로운행방법위반,건조,맑음,교차로 - 교차로안,승용,남,53세,상해없음,승용,남,44세,상해없음
2012120900100212,2012년 12월 9일 12시,일요일,경상북도 포항시 북구 죽도동,중상사고,0,1,0,0,차대사람 - 횡단중,보행자보호의무위반,건조,맑음,교차로 - 교차로부근,승용,남,29세,상해없음,보행자,여,25세,중상