사고번호,사고일시,요일,시군구,사고내용,사망자수,중상자수,경상자수,부상신고자수,사고유형,법규위반,노면상태,기상상태,도로형태,가해운전자 차종,가해운전자 성별,가해운전자 연령,가해운전자 상해정도,피해운전자 차종,피해운전자 성별,피해운전자 연령,피해운전자 상해정도
2012120900100237,2012년 12월 9일 13시,일요일,경상북도 문경시 가은읍,중상사고,0,1,1,0,차량단독 - 공작물충돌,안전운전불이행,결빙,흐림,단일로 - 기타,승용,남,28세,경상,,,,
2012120900100238,2012년 12월 9일 13시,일요일,경상북도 포항시 남구 대도동,경상사고,0,0,1,3,차대차 - 추돌 - 주정차중,안전운전불이행,건조,맑음,교차로 - 교차로부근,승용,남,42세,상해없음,승용,남,60세,경상
2012120900100251,2012년 12월 9일 14시,일요일,경상북도 경주시 양남면,경상사고,0,0,4,0,차대차 - 기타,중앙선침범,건조,맑음,단일로 - 기타,승용,남,74세,상해없음,승용,남,53세,경상
2012120900100297,2012년 12월 9일 16시,일요일,경상북도 경주시 황남동,경상사고,0,0,2,1,차대차 - 기타,신호위반,건조,맑음,교차로 - 교차로안,승용,남,27세,상해없음,승용,남,49세,경상
2012120900100298,2012년 12월 9일 16시,일요일,경상북도 상주시 함창읍,중상사고,0,3,1,0,차량단독 - 공작물충돌,안전운전불이행,결빙,흐림,단일로 - 기타,승용,남,57세,상해없음,,,,
2012120900100300,2012년 12월 9일 16시,일요일,경상북도 울진군 평해읍,중상사고,0,1,2,0,차대차 - 추돌 - 주정차중,안전거리미확보,건조,맑음,교차로 - 교차로부근,승용,남,41세,상해없음,승용,남,31세,경상
2012120900100301,2012년 12월 9일 16시,일요일,경상북도 포항시 남구 오천읍,경상사고,0,0,2,0,차대차 - 추돌 - 주정차중,안전운전불이행,건조,맑음,교차로 - 교차로부근,승용,남,56세,상해없음,승용,남,36세,경상
2012120900100324,2012년 12월 9일 17시,일요일,경상북도 경주시 용강동,중상사고,0,2,0,0,차량단독 - 기타,안전운전불이행,건조,맑음,단일로 - 기타,승용,남,72세,중상,,,,
2012120900100325,2012년 12월 9일 17시,일요일,경상북도 경주시 조양동,중상사고,0,1,0,0,차대차 - 기타,신호위반,건조,맑음,교차로 - 교차로안,승용,남,52세,상해없음,승용,남,61세,상해없음
2012120900100326,2012년 12월 9일 17시,일요일,경상북도 안동시 송현동,중상사고,0,1,1,0,차대차 - 추돌 - 진행중,안전운전불이행,건조,맑음,교차로 - 교차로부근,승용,남,54세,상해없음,승용,여,45세,중상
2012120900100339,2012년 12월 9일 18시,일요일,경상북도 경주시 양북면,사망사고,1,0,0,0,차량단독 - 공작물충돌,안전운전불이행,건조,맑음,단일로 - 기타,화물,남,53세,사망,,,,
2012120900100340,2012년 12월 9일 18시,일요일,경상북도 포항시 북구 득량동,경상사고,0,0,2,0,차대차 - 기타,안전거리미확보,건조,맑음,단일로 - 기타,승용,남,50세,상해없음,승용,남,29세,경상
2012120900100366,2012년 12월 9일 19시,일요일,경상북도 경주시 사정동,중상사고,0,1,0,0,차대차 - 측면직각충돌,신호위반,건조,맑음,교차로 - 교차로안,화물,남,48세,상해없음,승용,남,51세,중상
2012120900100367,2012년 12월 9일 19시,일요일,경상북도 포항시 남구 연일읍,경상사고,0,0,1,0,차대차 - 추돌 - 진행중,안전운전불이행,건조,맑음,교차로 - 교차로부근,승용,여,42세,상해없음,원동기,남,44세,경상
2012120900100385,2012년 12월 9일 20시,일요일,경상북도 경주시 충효동,사망사고,1,0,0,0,차대사람 - 기타,신호위반,건조,맑음,교차로 - 교차로안,승합,남,62세,상해없음,보행자,남,16세,사망
2012120900100386,2012년 12월 9일 20시,일요일,경상북도 영천시 야사동,중상사고,0,1,0,0,차대사람 - 기타,안전운전불이행,결빙,맑음,교차로 - 교차로안,승용,남,51세,상해없음,보행자,남,42세,중상
2012120900100425,2012년 12월 9일 22시,일요일,경상북도 경주시 노동동,경상사고,0,0,3,0,차대차 - 기타,안전운전불이행,건조,맑음,교차로 - 교차로안,승용,남,40세,상해없음,승용,남,55세,경상
2012120900100426,2012년 12월 9일 22시,일요일,경상북도 포항시 북구 죽도동,경상사고,0,0,2,0,차대차 - 기타,안전거리미확보,건조,맑음,단일로 - 기타,승용,남,56세,상해없음,승용,여,55세,경상
2012120900100445,2012년 12월 9일 23시,일요일,경상북도 포항시 북구 죽도동,경상사고,0,0,2,0,차대차 - 기타,신호위반,건조,맑음,교차로 - 교차로안,승용,남,72세,상해없음,승용,남,51세,경상
2012121000100042,2012년 12월 10일 06시,월요일,경상북도 김천시 농소면,경상사고,0,0,1,0,차대차 - 측면직각충돌,중앙선침범,건조,맑음,단일로 - 기타,승용,남,30세,상해없음,승용,남,42세,경상
2012121000100043,2012년 12월 10일 06시,월요일,경상북도 구미시 황상동,경상사고,0,0,1,0,차대차 - 기타,안전운전불이행,건조,맑음,교차로 - 교차로부근,승용,남,26세,상해없음,승용,남,32세,경상
2012121000100116,2012년 12월 10일 09시,월요일,경상북도 칠곡군 북삼읍,중상사고,0,1,0,1,차대차 - 추돌 - 진행중,안전운전불이행,결빙,흐림,단일로 - 기타,화물,남,80세,부상신고,승용,여,35세,중상
2012121000100117,2012년 12월 10일 09시,월요일,경상북도 문경시 농암면,중상사고,0,1,1,0,차대차 - 측면직각충돌,안전운전불이행,적설,맑음,단일로 - 기타,승용,여,52세,중상,화물,남,52세,경상
2012121000100118,2012년 12월 10일 09시,월요일,경상북도 울진군 북면,경상사고,0,0,1,0,차대차 - 추돌 - 진행중,안전거리미확보,건조,맑음,단일로 - 기타,화물,남,42세,상해없음,승용,남,31세,경상
2012121000100119,2012년 12월 10일 09시,월요일,경상북도 포항시 남구 이동,경상사고,0,0,4,0,차대차 - 추돌 - 진행중,안전운전불이행,건조,맑음,단일로 - 기타,승용,여,34세,상해없음,승용,남,45세,경상
2012121000100141,2012년 12월 10일 10시,월요일,경상북도 경주시 성건동,경상사고,0,0,2,0,차대차 - 측면직각충돌,안전운전불이행,결빙,맑음,단일로 - 기타,화물,남,55세,상해없음,승용,남,63세,경상
2012121000100142,2012년 12월 10일 10시,월요일,경상북도 경주시 북군동,중상사고,0,2,2,0,차대차 - 기타,신호위반,건조,맑음,교차로 - 교차로안,승용,여,50세,상해없음,승용,남,47세,중상
2012121000100143,2012년 12월 10일 10시,월요일,경상북도 안동시 용상동,경상사고,0,0,1,0,차대차 - 측면직각충돌,신호위반,건조,맑음,교차로 - 교차로안,이륜,남,60세,경상,승용,여,41세,상해없음
2012121000100144,2012년 12월 10일 10시,월요일,경상북도 안동시 옥동,경상사고,0,0,2,0,차대차 - 측면직각충돌,안전운전불이행,건조,맑음,교차로 - 교차로부근,승용,남,28세,경상,승용,여,36세,경상
2012121000100171,2012년 12월 10일 11시,월요일,경상북도 경주시 황오동,중상사고,0,1,0,0,차대사람 - 기타,안전운전불이행,건조,맑음,단일로 - 기타,승용,여,61세,상해없음,보행자,여,75세,중상
2012121000100172,2012년 12월 10일 11시,월요일,경상북도 안동시 풍천면,중상사고,0,1,0,0,차대차 - 추돌 - 진행중,안전운전불이행,건조,맑음,단일로 - 기타,승용,남,48세,상해없음,화물,남,46세,중상
2012121000100173,2012년 12월 10일 11시,월요일,경상북도 경산시 평산동,경상사고,0,0,2,0,차대차 - 기타,안전운전불이행,건조,맑음,교차로 - 교차로부근,승용,남,61세,상해없음,승용,여,42세,경상
2012121000100174,2012년 12월 10일 11시,월요일,경상북도 봉화군 춘양면,경상사고,0,0,1,0,차대차 - 정면충돌,안전운전불이행,결빙,맑음,단일로 - 기타,화물,남,33세,경상,승용,남,32세,상해없음
2012121000100175,2012년 12월 10일 11시,월요일,경상북도 군위군 효령면,중상사고,0,1,1,0,차대차 - 추돌 - 진행중,안전거리미확보,건조,맑음,단일로 - 기타,승용,남,47세,중상,승용,남,45세,경상
2012121000100176,2012년 12월 10일 11시,월요일,경상북도 구미시 금전동,경상사고,0,0,2,0,차대차 - 측면직각충돌,안전운전불이행,결빙,맑음,단일로 - 기타,화물,남,48세,상해없음,승용,남,38세,경상
2012121000100192,2012년 12월 10일 12시,월요일,경상북도 경주시 황남동,경상사고,0,0,3,0,차대차 - 측면직각충돌,신호위반,건조,맑음,교차로 - 교차로안,승용,남,50세,상해없음,승용,남,37세,경상
2012121000100193,2012년 12월 10일 12시,월요일,경상북도 경주시 충효동,경상사고,0,0,1,0,차대차 - 측면직각충돌,안전운전불이행,건조,맑음,교차로 - 교차로안,승용,남,30세,상해없음,승용,남,57세,경상
2012121000100194,2012년 12월 10일 12시,월요일,경상북도 안동시 송천동,중상사고,0,1,0,0,차대사람 - 차도통행중,안전운전불이행,건조,맑음,단일로 - 기타,이륜,남,51세,상해없음,보행자,여,20세,중상
2012121000100195,2012년 12월 10일 12시,월요일,경상북도 영천시 고경면,경상사고,0,0,1,0,차대차 - 기타,안전운전불이행,건조,맑음,교차로 - 교차로부근,승용,여,61세,상해없음,화물,남,64세,경상
2012121000100222,2012년 12월 10일 13시,월요일,경상북도 경주시 건천읍,경상사고,0,0,1,0,차대차 - 측면직각충돌,안전운전불이행,건조,맑음,단일로 - 기타,승합,남,51세,상해없음,건설기계,남,59세,상해없음
2012121000100223,2012년 12월 10일 13시,월요일,경상북도 김천시 교동,중상사고,0,1,0,0,차대사람 - 기타,안전운전불이행,건조,맑음,단일로 - 기타,승용,남,54세,상해없음,보행자,남,18세,중상
2012121000100248,2012년 12월 10일 14시,월요일,경상북도 경주시 강동면,경상사고,0,0,3,0,차대차 - 측면직각충돌,안전운전불이행,건조,맑음,단일로 - 기타,화물,남,61세,상해없음,승용,남,26세,경상
2012121000100249,2012년 12월 10일 14시,월요일,경상북도 김천시 구성면,중상사고,0,1,0,0,차량단독 - 기타,안전운전불이행,결빙,맑음,단일로 - 기타,화물,남,53세,상해없음,,,,
2012121000100250,2012년 12월 10일 14시,월요일,경상북도 영주시 하망동,경상사고,0,0,1,0,차대사람 - 기타,안전운전불이행,결빙,맑음,단일로 - 기타,승용,여,46세,상해없음,보행자,여,55세,경상
2012121000100251,2012년 12월 10일 14시,월요일,경상북도 칠곡군 북삼읍,경상사고,0,0,1,0,차대차 - 추돌 - 진행중,안전운전불이행,건조,맑음,단일로 - 기타,승용,남,67세,상해없음,승용,여,47세,경상
2012121000100287,2012년 12월 10일 15시,월요일,경상북도 영주시 안정면,중상사고,0,1,0,0,차대사람 - 기타,안전운전불이행,결빙,맑음,단일로 - 기타,승용,여,51세,상해없음,보행자,여,76세,중상
2012121000100288,2012년 12월 10일 15시,월요일,경상북도 고령군 다산면,중상사고,0,1,1,0,차대차 - 추돌 - 주정차중,안전운전불이행,건조,맑음,단일로 - 기타,화물,남,28세,상해없음,승용,남,61세,경상
2012121000100289,2012년 12월 10일 15시,월요일,경상북도 구미시 부곡동,경상사고,0,0,2,0,차대차 - 측면직각충돌,중앙선침범,결빙,맑음,단일로 - 기타,화물,남,56세,상해없음,승용,여,40세,경상
2012121000100332,2012년 12월 10일 16시,월요일,경상북도 영주시 가흥동,경상사고,0,0,3,0,차대차 - 추돌 - 진행중,안전운전불이행,습기,맑음,단일로 - 기타,화물,남,29세,상해없음,화물,남,57세,경상
2012121000100333,2012년 12월 10일 16시,월요일,경상북도 경산시 계양동,경상사고,0,0,2,0,차대차 - 기타,안전거리미확보,건조,맑음,교차로 - 교차로부근,건설기계,남,54세,상해없음,승용,여,31세,경상
2012121000100334,2012년 12월 10일 16시,월요일,경상북도 구미시 송정동,경상사고,0,0,3,0,차대차 - 측면직각충돌,안전운전불이행,건조,맑음,교차로 - 교차로부근,승합,남,45세,기타불명,승용,여,36세,경상
2012121000100360,2012년 12월 10일 17시,월요일,경상북도 경주시 동천동,부상신고사고,0,0,0,1,차대사람 - 기타,안전운전불이행,건조,맑음,단일로 - 기타,승용,남,55세,상해없음,보행자,남,61세,부상신고
2012121000100361,2012년 12월 10일 17시,월요일,경상북도 상주시 무양동,경상사고,0,0,1,0,차대차 - 기타,교차로운행방법위반,건조,흐림,교차로 - 교차로안,승용,남,55세,상해없음,원동기,남,41세,경상
2012121000100362,2012년 12월 10일 17시,월요일,경상북도 경산시 하양읍,중상사고,0,1,0,0,차대차 - 기타,안전운전불이행,건조,맑음,단일로 - 기타,화물,남,51세,상해없음,승용,남,39세,중상
2012121000100401,2012년 12월 10일 18시,월요일,경상북도 포항시 북구 우현동,중상사고,0,1,0,0,차대사람 - 기타,중앙선침범,건조,맑음,교차로 - 교차로부근,승용,남,55세,상해없음,보행자,남,54세,중상
2012121000100402,2012년 12월 10일 18시,월요일,경상북도 영주시 풍기읍,중상사고,0,1,0,0,차대차 - 측면직각충돌,중앙선침범,적설,맑음,단일로 - 기타,승용,남,53세,상해없음,이륜,남,31세,중상
2012121000100434,2012년 12월 10일 19시,월요일,경상북도 경주시 석장동,경상사고,0,0,1,0,차대사람 - 보도통행중,안전운전불이행,건조,맑음,교차로 - 교차로안,승용,남,48세,상해없음,보행자,여,21세,경상
2012121000100435,2012년 12월 10일 19시,월요일,경상북도 구미시 송정동,경상사고,0,0,1,0,차대사람 - 기타,안전운전불이행,건조,맑음,단일로 - 기타,화물,남,54세,상해없음,보행자,남,34세,경상
2012121000100436,2012년 12월 10일 19시,월요일,경상북도 구미시 옥계동,중상사고,0,1,0,0,차대사람 - 기타,보행자보호의무위반,건조,맑음,단일로 - 횡단보도상,승합,남,33세,상해없음,보행자,여,38세,중상
2012121000100463,2012년 12월 10일 20시,월요일,경상북도 문경시 문경읍,중상사고,0,2,0,0,차대차 - 추돌 - 주정차중,안전운전불이행,결빙,맑음,단일로 - 기타,화물,남,56세,중상,화물,남,29세,중상
2012121000100527,2012년 12월 10일 22시,월요일,경상북도 영천시 완산동,경상사고,0,0,3,0,차대차 - 추돌 - 주정차중,안전운전불이행,건조,맑음,단일로 - 기타,승용,남,18세,경상,승합,남,59세,기타불명
2012121000100528,2012년 12월 10일 22시,월요일,경상북도 구미시 공단동,경상사고,0,0,1,0,차대차 - 추돌 - 주정차중,안전운전불이행,건조,맑음,교차로 - 교차로부근,기타불명,기타불명,기타불명,기타불명,승용,남,58세,경상
2012121000100554,2012년 12월 10일 23시,월요일,경상북도 포항시 남구 대도동,경상사고,0,0,1,0,차대사람 - 횡단중,보행자보호의무위반,건조,맑음,교차로 - 교차로부근,기타불명,기타불명,기타불명,기타불명,보행자,남,16세,경상
2012121100100036,2012년 12월 11일 01시,화요일,경상북도 경주시 동천동,경상사고,0,0,1,0,차대사람 - 기타,안전운전불이행,건조,맑음,교차로 - 교차로부근,기타불명,기타불명,기타불명,기타불명,보행자,여,57세,경상
2012121100100037,2012년 12월 11일 01시,화요일,경상북도 상주시 신봉동,중상사고,0,4,0,0,차대차 - 측면직각충돌,과속,습기,흐림,교차로 - 교차로안,승용,남,19세,중상,승용,여,43세,중상
2012121100100055,2012년 12월 11일 02시,화요일,경상북도 경주시 황성동,부상신고사고,0,0,0,1,차량단독 - 전도전복,안전운전불이행,건조,맑음,교차로 - 교차로부근,승용,여,36세,부상신고,,,,
2012121100100061,2012년 12월 11일 03시,화요일,경상북도 구미시 인의동,부상신고사고,0,0,0,1,차대차 - 측면직각충돌,안전운전불이행,건조,맑음,교차로 - 교차로안,승용,남,35세,상해없음,승용,남,37세,부상신고
2012121100100074,2012년 12월 11일 05시,화요일,경상북도 안동시 태화동,사망사고,1,0,0,0,차대사람 - 기타,안전운전불이행,건조,맑음,교차로 - 교차로안,승용,남,64세,상해없음,보행자,남,84세,사망
2012121100100075,2012년 12월 11일 05시,화요일,경상북도 구미시 송정동,경상사고,0,0,3,0,차대차 - 측면직각충돌,신호위반,건조,맑음,교차로 - 교차로안,승용,남,52세,경상,승용,남,47세,경상
2012121100100091,2012년 12월 11일 06시,화요일,경상북도 청송군 현서면,사망사고,1,2,0,0,차량단독 - 공작물충돌,안전운전불이행,건조,맑음,단일로 - 기타,승용,남,30세,상해없음,,,,
2012121100100111,2012년 12월 11일 07시,화요일,경상북도 영천시 도남동,경상사고,0,0,1,0,차대차 - 측면직각충돌,중앙선침범,결빙,맑음,단일로 - 기타,승용,남,24세,상해없음,승용,남,28세,경상
2012121100100112,2012년 12월 11일 07시,화요일,경상북도 포항시 남구 대송면,경상사고,0,0,1,0,차대차 - 기타,안전운전불이행,건조,맑음,단일로 - 기타,특수,남,42세,상해없음,승용,남,35세,경상
2012121100100136,2012년 12월 11일 08시,화요일,경상북도 경주시 성건동,경상사고,0,0,1,0,차대차 - 측면직각충돌,안전운전불이행,건조,맑음,기타 - 기타,승용,여,53세,상해없음,자전거,남,46세,경상
2012121100100137,2012년 12월 11일 08시,화요일,경상북도 경주시 성동동,중상사고,0,1,0,0,차대사람 - 기타,안전운전불이행,건조,맑음,단일로 - 기타,이륜,남,31세,상해없음,보행자,여,60세,중상
2012121100100138,2012년 12월 11일 08시,화요일,경상북도 경주시 성건동,경상사고,0,0,2,0,차대차 - 측면직각충돌,교차로운행방법위반,건조,맑음,교차로 - 교차로안,승용,여,47세,경상,승용,남,73세,상해없음
2012121100100139,2012년 12월 11일 08시,화요일,경상북도 영천시 화룡동,경상사고,0,0,2,0,차대차 - 추돌 - 주정차중,안전운전불이행,건조,맑음,교차로 - 교차로부근,승용,남,56세,상해없음,승용,남,30세,경상
2012121100100140,2012년 12월 11일 08시,화요일,경상북도 영천시 완산동,중상사고,0,1,0,0,차대차 - 측면직각충돌,직진우회전진행방해,건조,맑음,교차로 - 교차로부근,화물,남,69세,상해없음,승용,여,33세,중상
2012121100100164,2012년 12월 11일 09시,화요일,경상북도 경주시 노서동,중상사고,0,1,1,0,차대차 - 측면직각충돌,안전운전불이행,건조,맑음,단일로 - 기타,승용,남,39세,중상,승합,남,42세,경상
2012121100100165,2012년 12월 11일 09시,화요일,경상북도 안동시 송현동,중상사고,0,1,0,0,차대차 - 추돌 - 주정차중,안전운전불이행,건조,맑음,단일로 - 기타,승용,여,32세,상해없음,승용,남,56세,중상
2012121100100166,2012년 12월 11일 09시,화요일,경상북도 영주시 가흥동,중상사고,0,1,0,0,차대차 - 기타,안전거리미확보,건조,맑음,교차로 - 교차로부근,승용,남,41세,상해없음,승용,남,24세,중상
2012121100100167,2012년 12월 11일 09시,화요일,경상북도 칠곡군 약목면,중상사고,0,1,6,0,차대차 - 추돌 - 진행중,신호위반,건조,맑음,교차로 - 교차로안,승합,남,58세,상해없음,승합,남,30세,경상
2012121100100168,2012년 12월 11일 09시,화요일,경상북도 구미시 구포동,중상사고,0,1,0,0,차량단독 - 공작물충돌,안전운전불이행,결빙,맑음,단일로 - 기타,승용,남,35세,중상,,,,
2012121100100189,2012년 12월 11일 10시,화요일,경상북도 경주시 성건동,경상사고,0,0,1,0,차대차 - 측면직각충돌,안전운전불이행,건조,맑음,교차로 - 교차로안,승용,남,77세,상해없음,승용,남,51세,경상
2012121100100190,2012년 12월 11일 10시,화요일,경상북도 경주시 현곡면,중상사고,0,1,0,0,차대차 - 기타,안전운전불이행,건조,맑음,단일로 - 기타,화물,남,37세,상해없음,승용,남,62세,상해없음
2012121100100191,2012년 12월 11일 10시,화요일,경상북도 칠곡군 석적읍,경상사고,0,0,1,0,차대차 - 추돌 - 진행중,중앙선침범,건조,맑음,단일로 - 기타,화물,남,25세,상해없음,화물,남,52세,경상
2012121100100192,2012년 12월 11일 10시,화요일,경상북도 영덕군 남정면,중상사고,0,1,0,0,차대차 - 추돌 - 진행중,안전운전불이행,건조,맑음,기타 - 기타,승용,남,60세,상해없음,승용,남,25세,상해없음
2012121100100193,2012년 12월 11일 10시,화요일,경상북도 봉화군 상운면,경상사고,0,0,1,0,차량단독 - 도로외이탈 - 추락,안전운전불이행,결빙,맑음,단일로 - 기타,승용,남,29세,상해없음,,,,
2012121100100223,2012년 12월 11일 11시,화요일,경상북도 안동시 수상동,경상사고,0,0,1,0,차대차 - 측면직각충돌,직진우회전진행방해,결빙,맑음,교차로 - 교차로안,화물,남,39세,상해없음,승용,여,35세,경상
2012121100100250,2012년 12월 11일 12시,화요일,경상북도 경주시 성동동,경상사고,0,0,1,0,차대차 - 측면직각충돌,안전운전불이행,건조,맑음,단일로 - 기타,원동기,남,39세,상해없음,원동기,남,42세,경상
2012121100100268,2012년 12월 11일 13시,화요일,경상북도 상주시 남성동,경상사고,0,0,1,0,차대차 - 측면직각충돌,교차로운행방법위반,건조,맑음,교차로 - 교차로안,승용,남,55세,상해없음,이륜,남,79세,경상
2012121100100269,2012년 12월 11일 13시,화요일,경상북도 영천시 화남면,경상사고,0,0,1,0,차대차 - 추돌 - 진행중,안전거리미확보,건조,맑음,단일로 - 기타,건설기계,남,37세,상해없음,승용,남,49세,경상
2012121100100270,2012년 12월 11일 13시,화요일,경상북도 예천군 보문면,중상사고,0,3,1,0,차대차 - 기타,안전운전불이행,결빙,맑음,단일로 - 기타,승용,남,24세,중상,승용,남,52세,중상
2012121100100297,2012년 12월 11일 14시,화요일,경상북도 포항시 북구 남빈동,경상사고,0,0,1,0,차대차 - 기타,안전거리미확보,건조,맑음,단일로 - 기타,승용,남,36세,상해없음,승합,남,52세,상해없음
2012121100100322,2012년 12월 11일 15시,화요일,경상북도 경주시 동천동,경상사고,0,0,1,0,차대차 - 기타,안전운전불이행,건조,맑음,교차로 - 교차로부근,승용,여,52세,상해없음,자전거,남,82세,경상
2012121100100323,2012년 12월 11일 15시,화요일,경상북도 경산시 진량읍,경상사고,0,0,1,0,차대차 - 기타,안전운전불이행,건조,맑음,기타 - 기타,승용,남,52세,상해없음,특수,남,30세,상해없음
2012121100100324,2012년 12월 11일 15시,화요일,경상북도 경산시 삼풍동,경상사고,0,0,1,1,차대차 - 기타,안전운전불이행,건조,맑음,단일로 - 기타,승용,남,22세,상해없음,특수,남,35세,상해없음
2012121100100325,2012년 12월 11일 15시,화요일,경상북도 구미시 사곡동,경상사고,0,0,1,0,차대차 - 기타,차로위반,건조,맑음,단일로 - 기타,화물,남,50세,경상,승용,남,36세,상해없음
2012121100100326,2012년 12월 11일 15시,화요일,경상북도 포항시 남구 이동,경상사고,0,0,1,0,차대차 - 추돌 - 주정차중,안전운전불이행,건조,맑음,교차로 - 교차로부근,특수,남,55세,상해없음,승용,여,51세,경상
2012121100100327,2012년 12월 11일 15시,화요일,경상북도 포항시 남구 청림동,중상사고,0,1,0,0,차대차 - 기타,중앙선침범,건조,맑음,단일로 - 기타,기타불명,기타불명,기타불명,기타불명,원동기,남,69세,중상
2012121100100361,2012년 12월 11일 16시,화요일,경상북도 김천시 아포읍,사망사고,1,0,0,0,차량단독 - 기타,안전운전불이행,기타,맑음,단일로 - 기타,승용,남,68세,사망,,,,
2012121100100362,2012년 12월 11일 16시,화요일,경상북도 문경시 점촌동,경상사고,0,0,3,0,차대차 - 기타,불법유턴,건조,맑음,교차로 - 교차로안,승합,남,75세,상해없음,승용,남,36세,경상
2012121100100363,2012년 12월 11일 16시,화요일,경상북도 포항시 남구 이동,경상사고,0,0,1,2,차대차 - 추돌 - 주정차중,안전운전불이행,건조,맑음,교차로 - 교차로부근,승용,남,58세,상해없음,승합,여,32세,부상신고
2012121100100364,2012년 12월 11일 16시,화요일,경상북도 포항시 남구 연일읍,경상사고,0,0,2,0,차대차 - 추돌 - 진행중,교차로운행방법위반,건조,맑음,교차로 - 교차로부근,승용,남,62세,경상,승용,여,39세,경상
2012121100100396,2012년 12월 11일 17시,화요일,경상북도 포항시 북구 우현동,경상사고,0,0,3,0,차대차 - 기타,안전운전불이행,건조,맑음,교차로 - 교차로부근,승용,남,53세,상해없음,승용,남,57세,경상
2012121100100397,2012년 12월 11일 17시,화요일,경상북도 안동시 당북동,경상사고,0,0,1,0,차대차 - 기타,기타,건조,맑음,단일로 - 기타,승용,남,35세,상해없음,자전거,남,70세,경상
2012121100100398,2012년 12월 11일 17시,화요일,경상북도 안동시 평화동,경상사고,0,0,2,0,차대차 - 정면충돌,중앙선침범,건조,맑음,단일로 - 기타,이륜,남,74세,경상,이륜,남,28세,경상
2012121100100435,2012년 12월 11일 18시,화요일,경상북도 영주시 봉현면,중상사고,0,1,0,0,차대사람 - 횡단중,보행자보호의무위반,건조,맑음,교차로 - 교차로부근,승합,남,56세,상해없음,보행자,남,22세,중상
2012121100100436,2012년 12월 11일 18시,화요일,경상북도 성주군 선남면,중상사고,0,1,0,0,차대사람 - 횡단중,안전운전불이행,건조,맑음,단일로 - 기타,승용,남,51세,상해없음,보행자,여,86세,중상
2012121100100437,2012년 12월 11일 18시,화요일,경상북도 구미시 도량동,경상사고,0,0,1,0,차대차 - 기타,안전운전불이행,건조,맑음,단일로 - 기타,자전거,남,34세,경상,승용,남,47세,상해없음
2012121100100508,2012년 12월 11일 20시,화요일,경상북도 상주시 남성동,중상사고,0,2,0,0,차대차 - 기타,직진우회전진행방해,건조,맑음,교차로 - 교차로안,승합,여,45세,상해없음,이륜,남,70세,중상
2012121100100509,2012년 12월 11일 20시,화요일,경상북도 구미시 황상동,경상사고,0,0,1,0,차대차 - 기타,안전운전불이행,건조,맑음,단일로 - 기타,승용,남,46세,상해없음,승용,남,29세,경상
2012121100100570,2012년 12월 11일 22시,화요일,경상북도 포항시 북구 용흥동,경상사고,0,0,4,0,차대차 - 추돌 - 주정차중,안전거리미확보,건조,맑음,단일로 - 기타,승용,남,35세,상해없음,승용,남,40세,경상
2012121100100571,2012년 12월 11일 22시,화요일,경상북도 영주시 봉현면,경상사고,0,0,1,0,차대차 - 추돌 - 진행중,안전운전불이행,건조,맑음,단일로 - 기타,승용,남,22세,경상,화물,남,62세,상해없음
2012121100100572,2012년 12월 11일 22시,화요일,경상북도 안동시 풍산읍,경상사고,0,0,2,0,차대차 - 추돌 - 진행중,안전운전불이행,건조,맑음,단일로 - 기타,승용,남,44세,상해없음,화물,남,50세,경상
2012121200100022,2012년 12월 12일 00시,수요일,경상북도 칠곡군 지천면,경상사고,0,0,1,0,차대차 - 기타,안전운전불이행,건조,맑음,단일로 - 기타,화물,남,39세,상해없음,승용,남,31세,경상
2012121200100039,2012년 12월 12일 01시,수요일,경상북도 구미시 인의동,경상사고,0,0,2,0,차대차 - 측면직각충돌,안전운전불이행,결빙,맑음,교차로 - 교차로안,승용,남,34세,상해없음,승용,남,23세,경상
2012121200100052,2012년 12월 12일 02시,수요일,경상북도 안동시 옥동,중상사고,0,1,1,0,차대차 - 추돌 - 진행중,안전운전불이행,건조,맑음,교차로 - 교차로부근,승용,남,43세,상해없음,승용,남,59세,경상
2012121200100113,2012년 12월 12일 07시,수요일,경상북도 경주시 충효동,중상사고,0,1,0,0,차대차 - 기타,안전운전불이행,습기,맑음,단일로 - 기타,특수,남,43세,상해없음,승용,남,47세,상해없음
2012121200100114,2012년 12월 12일 07시,수요일,경상북도 문경시 문경읍,중상사고,0,1,0,0,차량단독 - 도로외이탈 - 기타,안전운전불이행,결빙,맑음,단일로 - 기타,승용,여,38세,중상,,,,
2012121200100115,2012년 12월 12일 07시,수요일,경상북도 고령군 고령읍,중상사고,0,1,0,0,차대사람 - 횡단중,안전운전불이행,건조,맑음,단일로 - 기타,화물,남,43세,상해없음,보행자,여,68세,중상
2012121200100116,2012년 12월 12일 07시,수요일,경상북도 포항시 남구 대도동,경상사고,0,0,1,0,차대사람 - 기타,안전운전불이행,건조,맑음,단일로 - 기타,화물,남,25세,상해없음,보행자,여,15세,경상
2012121200100157,2012년 12월 12일 08시,수요일,경상북도 영주시 휴천동,경상사고,0,0,1,0,차대사람 - 길가장자리구역통행중,안전운전불이행,기타,맑음,단일로 - 기타,승용,남,56세,상해없음,보행자,여,12세,경상
2012121200100158,2012년 12월 12일 08시,수요일,경상북도 구미시 산동면,부상신고사고,0,0,0,1,차대차 - 기타,안전운전불이행,건조,맑음,교차로 - 교차로부근,원동기,남,33세,부상신고,승용,여,42세,상해없음