사고번호,사고일시,요일,시군구,사고내용,사망자수,중상자수,경상자수,부상신고자수,사고유형,법규위반,노면상태,기상상태,도로형태,가해운전자 차종,가해운전자 성별,가해운전자 연령,가해운전자 상해정도,피해운전자 차종,피해운전자 성별,피해운전자 연령,피해운전자 상해정도
2012121200100159,2012년 12월 12일 08시,수요일,경상북도 구미시 진평동,경상사고,0,0,1,0,차대차 - 기타,안전운전불이행,결빙,맑음,단일로 - 기타,승용,남,35세,상해없음,승용,남,34세,경상
2012121200100191,2012년 12월 12일 09시,수요일,경상북도 구미시 구포동,중상사고,0,1,1,0,차대차 - 기타,교차로운행방법위반,건조,맑음,교차로 - 교차로안,승용,여,64세,경상,승용,남,27세,중상
2012121200100212,2012년 12월 12일 10시,수요일,경상북도 김천시 삼락동,경상사고,0,0,1,0,차대차 - 측면직각충돌,안전운전불이행,건조,맑음,단일로 - 기타,승용,여,37세,상해없음,이륜,남,69세,경상
2012121200100226,2012년 12월 12일 11시,수요일,경상북도 상주시 함창읍,경상사고,0,0,1,0,차대차 - 기타,안전운전불이행,건조,맑음,단일로 - 기타,승용,남,34세,상해없음,이륜,남,78세,경상
2012121200100227,2012년 12월 12일 11시,수요일,경상북도 성주군 선남면,중상사고,0,1,0,0,차량단독 - 도로외이탈 - 기타,안전운전불이행,결빙,맑음,단일로 - 기타,원동기,남,57세,중상,,,,
2012121200100268,2012년 12월 12일 13시,수요일,경상북도 안동시 북문동,경상사고,0,0,1,0,차대사람 - 기타,안전운전불이행,건조,맑음,교차로 - 교차로안,화물,여,49세,상해없음,보행자,여,40세,경상
2012121200100291,2012년 12월 12일 14시,수요일,경상북도 영주시 풍기읍,중상사고,0,1,0,0,차량단독 - 공작물충돌,안전운전불이행,결빙,맑음,단일로 - 기타,승용,남,25세,중상,,,,
2012121200100320,2012년 12월 12일 15시,수요일,경상북도 예천군 용문면,경상사고,0,0,1,0,차량단독 - 도로외이탈 - 기타,안전운전불이행,적설,맑음,단일로 - 기타,승용,여,50세,경상,,,,
2012121200100321,2012년 12월 12일 15시,수요일,경상북도 군위군 효령면,중상사고,0,1,0,0,차대차 - 기타,안전운전불이행,적설,맑음,단일로 - 기타,화물,남,39세,상해없음,자전거,여,77세,중상
2012121200100322,2012년 12월 12일 15시,수요일,경상북도 구미시 송정동,중상사고,0,1,0,0,차대사람 - 기타,안전운전불이행,건조,맑음,단일로 - 기타,승합,남,30세,상해없음,보행자,여,61세,중상
2012121200100359,2012년 12월 12일 16시,수요일,경상북도 예천군 용궁면,중상사고,0,1,1,0,차대차 - 기타,안전운전불이행,건조,맑음,단일로 - 기타,승용,여,41세,경상,승용,남,59세,중상
2012121200100397,2012년 12월 12일 17시,수요일,경상북도 포항시 북구 용흥동,중상사고,0,1,0,0,차대차 - 기타,신호위반,건조,맑음,교차로 - 교차로안,승용,남,52세,상해없음,원동기,남,69세,중상
2012121200100429,2012년 12월 12일 18시,수요일,경상북도 경주시 도지동,경상사고,0,0,2,0,차대차 - 측면직각충돌,신호위반,건조,맑음,교차로 - 교차로안,화물,남,43세,상해없음,승용,여,50세,경상
2012121200100430,2012년 12월 12일 18시,수요일,경상북도 포항시 북구 흥해읍,경상사고,0,0,1,0,차대차 - 기타,신호위반,건조,맑음,교차로 - 교차로안,승용,여,49세,상해없음,화물,남,39세,경상
2012121200100431,2012년 12월 12일 18시,수요일,경상북도 포항시 북구 두호동,경상사고,0,0,1,0,차대사람 - 횡단중,보행자보호의무위반,건조,맑음,교차로 - 교차로부근,승용,여,54세,상해없음,보행자,여,12세,경상
2012121200100432,2012년 12월 12일 18시,수요일,경상북도 경산시 중방동,경상사고,0,0,1,0,차대차 - 기타,신호위반,건조,맑음,교차로 - 교차로안,승용,남,30세,상해없음,승용,남,20세,경상
2012121200100433,2012년 12월 12일 18시,수요일,경상북도 예천군 하리면,중상사고,0,1,0,0,차대사람 - 횡단중,안전운전불이행,적설,맑음,단일로 - 기타,승용,남,39세,상해없음,보행자,여,69세,중상
2012121200100434,2012년 12월 12일 18시,수요일,경상북도 포항시 남구 장흥동,경상사고,0,0,1,0,차대차 - 측면직각충돌,안전운전불이행,건조,맑음,교차로 - 교차로안,승용,여,44세,상해없음,원동기,남,53세,경상
2012121200100467,2012년 12월 12일 19시,수요일,경상북도 포항시 남구 인덕동,중상사고,0,1,0,0,차대차 - 정면충돌,중앙선침범,건조,맑음,교차로 - 교차로부근,승용,남,26세,상해없음,원동기,남,39세,중상
2012121200100500,2012년 12월 12일 20시,수요일,경상북도 경주시 충효동,중상사고,0,1,1,0,차대사람 - 횡단중,안전운전불이행,건조,맑음,교차로 - 교차로안,승용,남,51세,상해없음,보행자,남,51세,중상
2012121200100501,2012년 12월 12일 20시,수요일,경상북도 안동시 태화동,경상사고,0,0,1,0,차대차 - 추돌 - 주정차중,안전운전불이행,건조,맑음,단일로 - 기타,승용,남,44세,상해없음,승용,여,47세,경상
2012121200100533,2012년 12월 12일 21시,수요일,경상북도 경산시 대평동,경상사고,0,0,1,0,차대차 - 추돌 - 진행중,안전운전불이행,건조,맑음,단일로 - 기타,승용,여,54세,상해없음,승용,남,28세,경상
2012121200100534,2012년 12월 12일 21시,수요일,경상북도 포항시 남구 대도동,경상사고,0,0,2,0,차대차 - 추돌 - 진행중,직진우회전진행방해,건조,맑음,교차로 - 교차로안,화물,여,37세,경상,승용,여,20세,경상
2012121200100568,2012년 12월 12일 22시,수요일,경상북도 경주시 현곡면,경상사고,0,0,1,0,차대차 - 기타,안전운전불이행,건조,맑음,교차로 - 교차로안,화물,남,46세,상해없음,승용,남,60세,경상
2012121200100604,2012년 12월 12일 23시,수요일,경상북도 경주시 건천읍,중상사고,0,1,0,0,차대차 - 기타,안전운전불이행,건조,맑음,단일로 - 기타,승합,남,80세,중상,승용,남,32세,상해없음
2012121200100605,2012년 12월 12일 23시,수요일,경상북도 경산시 정평동,중상사고,0,1,0,0,차대사람 - 기타,안전운전불이행,건조,맑음,교차로 - 교차로안,승용,남,33세,상해없음,보행자,남,46세,중상
2012121300100134,2012년 12월 13일 07시,목요일,경상북도 김천시 교동,경상사고,0,0,1,0,차대차 - 측면직각충돌,신호위반,건조,맑음,교차로 - 교차로안,화물,남,44세,상해없음,승용,여,43세,경상
2012121300100169,2012년 12월 13일 08시,목요일,경상북도 포항시 북구 우현동,경상사고,0,0,1,0,차대사람 - 기타,안전운전불이행,건조,맑음,단일로 - 기타,승용,남,32세,상해없음,보행자,남,71세,경상
2012121300100220,2012년 12월 13일 10시,목요일,경상북도 경산시 하양읍,중상사고,0,1,0,0,차대차 - 기타,안전거리미확보,건조,맑음,교차로 - 교차로부근,특수,남,63세,상해없음,화물,남,49세,중상
2012121300100260,2012년 12월 13일 12시,목요일,경상북도 포항시 북구 송라면,경상사고,0,0,1,0,차대차 - 기타,안전거리미확보,건조,맑음,단일로 - 기타,승용,여,44세,상해없음,승용,여,49세,경상
2012121300100261,2012년 12월 13일 12시,목요일,경상북도 상주시 낙양동,중상사고,0,1,0,0,차대차 - 측면직각충돌,안전운전불이행,건조,맑음,단일로 - 횡단보도상,화물,여,65세,상해없음,자전거,남,85세,중상
2012121300100290,2012년 12월 13일 13시,목요일,경상북도 구미시 형곡동,경상사고,0,0,1,0,차대사람 - 횡단중,안전운전불이행,건조,맑음,단일로 - 횡단보도상,기타불명,기타불명,기타불명,기타불명,보행자,남,44세,경상
2012121300100339,2012년 12월 13일 15시,목요일,경상북도 경주시 충효동,중상사고,0,1,0,0,차대사람 - 기타,안전운전불이행,건조,맑음,단일로 - 기타,승합,남,29세,상해없음,보행자,남,10세,중상
2012121300100340,2012년 12월 13일 15시,목요일,경상북도 경주시 충효동,경상사고,0,0,1,0,차대차 - 기타,안전운전불이행,건조,맑음,단일로 - 기타,농기계,여,60세,상해없음,원동기,남,49세,경상
2012121300100341,2012년 12월 13일 15시,목요일,경상북도 포항시 북구 죽도동,중상사고,0,1,0,0,차대차 - 측면직각충돌,안전운전불이행,건조,맑음,교차로 - 교차로부근,승용,여,50세,상해없음,승용,여,53세,중상
2012121300100342,2012년 12월 13일 15시,목요일,경상북도 문경시 마성면,경상사고,0,0,1,0,차대차 - 측면직각충돌,안전운전불이행,결빙,맑음,단일로 - 기타,승용,여,47세,상해없음,화물,남,65세,경상
2012121300100343,2012년 12월 13일 15시,목요일,경상북도 봉화군 소천면,중상사고,0,2,5,0,차량단독 - 공작물충돌,안전운전불이행,결빙,흐림,단일로 - 기타,승합,남,44세,중상,,,,
2012121300100371,2012년 12월 13일 16시,목요일,경상북도 포항시 북구 상원동,경상사고,0,0,1,0,차대차 - 기타,신호위반,건조,맑음,교차로 - 교차로안,승용,남,57세,상해없음,원동기,남,32세,경상
2012121300100401,2012년 12월 13일 17시,목요일,경상북도 포항시 북구 항구동,중상사고,0,1,0,0,차대차 - 추돌 - 진행중,안전거리미확보,건조,맑음,단일로 - 기타,승용,남,63세,상해없음,원동기,남,55세,중상
2012121300100402,2012년 12월 13일 17시,목요일,경상북도 청송군 진보면,경상사고,0,0,1,0,차대차 - 추돌 - 진행중,안전운전불이행,건조,맑음,단일로 - 기타,원동기,남,65세,상해없음,승용,여,57세,경상
2012121300100437,2012년 12월 13일 18시,목요일,경상북도 안동시 옥동,경상사고,0,0,1,0,차대사람 - 횡단중,안전운전불이행,건조,맑음,단일로 - 기타,화물,남,59세,상해없음,보행자,여,15세,경상
2012121300100438,2012년 12월 13일 18시,목요일,경상북도 영주시 영주동,경상사고,0,0,1,0,차대차 - 추돌 - 진행중,안전거리미확보,결빙,흐림,단일로 - 기타,이륜,남,30세,경상,화물,남,35세,상해없음
2012121300100439,2012년 12월 13일 18시,목요일,경상북도 경산시 중방동,중상사고,0,1,0,0,차대차 - 기타,직진우회전진행방해,건조,맑음,교차로 - 교차로안,승용,남,46세,상해없음,이륜,남,17세,중상
2012121300100440,2012년 12월 13일 18시,목요일,경상북도 군위군 군위읍,중상사고,0,1,0,0,차대차 - 추돌 - 진행중,안전운전불이행,결빙,흐림,단일로 - 기타,승용,남,60세,상해없음,승용,남,60세,상해없음
2012121300100441,2012년 12월 13일 18시,목요일,경상북도 문경시 공평동,중상사고,0,1,0,0,차대차 - 추돌 - 진행중,안전운전불이행,건조,맑음,단일로 - 기타,화물,남,37세,상해없음,화물,남,45세,중상
2012121300100473,2012년 12월 13일 19시,목요일,경상북도 경산시 옥산동,중상사고,0,1,0,0,차대차 - 기타,안전운전불이행,건조,맑음,교차로 - 교차로부근,승용,여,37세,상해없음,이륜,남,17세,중상
2012121300100506,2012년 12월 13일 20시,목요일,경상북도 경주시 노서동,경상사고,0,0,2,0,차대차 - 추돌 - 진행중,안전운전불이행,건조,맑음,단일로 - 기타,승용,여,40세,상해없음,승용,남,52세,경상
2012121300100507,2012년 12월 13일 20시,목요일,경상북도 경주시 안강읍,경상사고,0,0,1,0,차대사람 - 기타,안전운전불이행,건조,맑음,단일로 - 기타,승용,남,46세,상해없음,보행자,남,29세,경상
2012121300100542,2012년 12월 13일 21시,목요일,경상북도 경주시 현곡면,경상사고,0,0,1,0,차대사람 - 기타,안전운전불이행,건조,맑음,교차로 - 교차로부근,화물,남,37세,상해없음,보행자,남,67세,경상
2012121300100543,2012년 12월 13일 21시,목요일,경상북도 영천시 금호읍,경상사고,0,0,1,0,차대차 - 측면직각충돌,중앙선침범,건조,맑음,교차로 - 교차로부근,승용,남,47세,상해없음,승용,남,36세,경상
2012121300100580,2012년 12월 13일 22시,목요일,경상북도 포항시 남구 동촌동,중상사고,0,1,3,0,차대차 - 기타,안전운전불이행,건조,맑음,단일로 - 기타,승용,남,29세,경상,승합,남,52세,경상
2012121300100618,2012년 12월 13일 23시,목요일,경상북도 구미시 공단동,중상사고,0,1,1,0,차대차 - 추돌 - 진행중,안전운전불이행,건조,맑음,교차로 - 교차로부근,승용,남,27세,상해없음,승용,여,49세,중상
2012121300100619,2012년 12월 13일 23시,목요일,경상북도 포항시 남구 해도동,경상사고,0,0,1,0,차대차 - 측면직각충돌,안전운전불이행,건조,맑음,교차로 - 교차로부근,승용,남,58세,상해없음,승용,남,53세,경상
2012121400100045,2012년 12월 14일 01시,금요일,경상북도 경산시 진량읍,경상사고,0,0,1,0,차대사람 - 횡단중,보행자보호의무위반,결빙,맑음,교차로 - 교차로안,승용,남,29세,상해없음,보행자,남,19세,경상
2012121400100046,2012년 12월 14일 01시,금요일,경상북도 포항시 남구 오천읍,경상사고,0,0,2,0,차대차 - 측면직각충돌,중앙선침범,건조,맑음,교차로 - 교차로부근,승용,남,36세,상해없음,승용,남,32세,경상
2012121400100066,2012년 12월 14일 02시,금요일,경상북도 포항시 북구 장성동,경상사고,0,0,1,0,차량단독 - 공작물충돌,안전운전불이행,건조,맑음,교차로 - 교차로안,승용,남,27세,상해없음,,,,
2012121400100078,2012년 12월 14일 03시,금요일,경상북도 구미시 옥계동,경상사고,0,0,1,0,차대차 - 기타,안전운전불이행,건조,맑음,단일로 - 기타,승용,남,34세,상해없음,승용,남,21세,기타불명
2012121400100123,2012년 12월 14일 06시,금요일,경상북도 포항시 남구 일월동,사망사고,1,0,0,0,차대사람 - 기타,신호위반,건조,흐림,교차로 - 교차로안,승용,남,57세,상해없음,보행자,여,71세,사망
2012121400100124,2012년 12월 14일 06시,금요일,경상북도 포항시 남구 상도동,중상사고,0,1,1,0,차대사람 - 기타,신호위반,건조,맑음,단일로 - 횡단보도부근,원동기,남,19세,경상,보행자,여,55세,중상
2012121400100210,2012년 12월 14일 07시,금요일,경상북도 칠곡군 왜관읍,경상사고,0,0,2,0,차량단독 - 공작물충돌,안전운전불이행,습기,비,단일로 - 기타,승합,남,62세,상해없음,,,,
2012121400100211,2012년 12월 14일 07시,금요일,경상북도 성주군 선남면,경상사고,0,0,3,0,차대차 - 추돌 - 주정차중,안전거리미확보,결빙,비,단일로 - 기타,승용,여,50세,상해없음,승용,남,45세,경상
2012121400100212,2012년 12월 14일 07시,금요일,경상북도 성주군 대가면,경상사고,0,0,2,0,차대차 - 정면충돌,중앙선침범,결빙,비,단일로 - 기타,승용,여,41세,경상,화물,남,40세,상해없음
2012121400100213,2012년 12월 14일 07시,금요일,경상북도 고령군 성산면,중상사고,0,2,1,0,차량단독 - 공작물충돌,안전운전불이행,결빙,비,단일로 - 기타,화물,남,59세,경상,,,,
2012121400100214,2012년 12월 14일 07시,금요일,경상북도 구미시 비산동,경상사고,0,0,1,1,차대차 - 기타,중앙선침범,결빙,비,교차로 - 교차로부근,승용,남,43세,상해없음,화물,남,53세,경상
2012121400100215,2012년 12월 14일 07시,금요일,경상북도 포항시 남구 동촌동,경상사고,0,0,1,0,차대차 - 추돌 - 주정차중,안전거리미확보,건조,흐림,교차로 - 교차로부근,승합,남,65세,상해없음,화물,여,60세,경상
2012121400100295,2012년 12월 14일 08시,금요일,경상북도 김천시 어모면,중상사고,0,1,0,0,차대차 - 측면직각충돌,중앙선침범,결빙,비,단일로 - 기타,화물,남,41세,상해없음,승용,여,46세,중상
2012121400100296,2012년 12월 14일 08시,금요일,경상북도 김천시 삼락동,경상사고,0,0,1,0,차대차 - 측면직각충돌,중앙선침범,건조,맑음,교차로 - 교차로안,승용,남,29세,상해없음,승용,여,42세,경상
2012121400100297,2012년 12월 14일 08시,금요일,경상북도 김천시 남면,사망사고,1,0,0,0,차대차 - 측면직각충돌,안전운전불이행,결빙,맑음,단일로 - 기타,화물,남,39세,상해없음,승용,남,56세,상해없음
2012121400100298,2012년 12월 14일 08시,금요일,경상북도 김천시 남면,경상사고,0,0,1,0,차대차 - 측면직각충돌,안전운전불이행,결빙,비,단일로 - 기타,승용,남,41세,상해없음,승용,남,36세,경상
2012121400100299,2012년 12월 14일 08시,금요일,경상북도 김천시 남면,경상사고,0,0,1,0,차량단독 - 기타,안전운전불이행,결빙,비,단일로 - 기타,승합,남,58세,상해없음,,,,
2012121400100300,2012년 12월 14일 08시,금요일,경상북도 상주시 화서면,중상사고,0,1,0,0,차대차 - 측면직각충돌,교차로운행방법위반,결빙,비,교차로 - 교차로안,승합,남,53세,상해없음,승용,여,52세,상해없음
2012121400100301,2012년 12월 14일 08시,금요일,경상북도 의성군 단밀면,사망사고,1,1,0,0,차량단독 - 전도전복,안전운전불이행,결빙,비,단일로 - 기타,승용,남,48세,사망,,,,
2012121400100302,2012년 12월 14일 08시,금요일,경상북도 의성군 단촌면,중상사고,0,2,0,0,차대차 - 기타,안전운전불이행,결빙,비,단일로 - 기타,승용,남,28세,상해없음,승합,남,55세,상해없음
2012121400100303,2012년 12월 14일 08시,금요일,경상북도 칠곡군 약목면,경상사고,0,0,3,0,차대차 - 추돌 - 진행중,안전운전불이행,결빙,비,단일로 - 교량,승용,여,44세,상해없음,화물,남,43세,상해없음
2012121400100304,2012년 12월 14일 08시,금요일,경상북도 칠곡군 가산면,중상사고,0,2,0,0,차대차 - 정면충돌,중앙선침범,결빙,비,단일로 - 기타,화물,남,49세,중상,승용,여,35세,중상
2012121400100305,2012년 12월 14일 08시,금요일,경상북도 칠곡군 석적읍,경상사고,0,0,1,0,차대차 - 추돌 - 진행중,안전운전불이행,적설,눈,단일로 - 기타,화물,기타불명,기타불명,기타불명,승용,남,55세,경상
2012121400100306,2012년 12월 14일 08시,금요일,경상북도 칠곡군 북삼읍,중상사고,0,1,0,0,차대사람 - 보도통행중,보행자보호의무위반,결빙,맑음,단일로 - 기타,승용,여,39세,상해없음,보행자,남,7세,중상
2012121400100307,2012년 12월 14일 08시,금요일,경상북도 칠곡군 지천면,중상사고,0,1,0,0,차대차 - 측면직각충돌,안전운전불이행,결빙,비,단일로 - 기타,화물,남,59세,상해없음,승용,남,42세,중상
2012121400100308,2012년 12월 14일 08시,금요일,경상북도 칠곡군 가산면,중상사고,0,6,0,1,차대차 - 추돌 - 진행중,안전운전불이행,결빙,비,단일로 - 기타,승용,남,46세,부상신고,승합,남,51세,중상
2012121400100309,2012년 12월 14일 08시,금요일,경상북도 칠곡군 지천면,부상신고사고,0,0,0,1,차대차 - 추돌 - 진행중,안전운전불이행,결빙,비,단일로 - 기타,승용,여,37세,상해없음,화물,남,31세,부상신고
2012121400100310,2012년 12월 14일 08시,금요일,경상북도 칠곡군 가산면,경상사고,0,0,1,0,차대차 - 기타,안전운전불이행,결빙,비,단일로 - 기타,승용,남,29세,상해없음,승용,남,30세,경상
2012121400100311,2012년 12월 14일 08시,금요일,경상북도 칠곡군 가산면,중상사고,0,1,0,0,차량단독 - 공작물충돌,안전운전불이행,결빙,비,단일로 - 기타,승합,남,27세,중상,,,,
2012121400100312,2012년 12월 14일 08시,금요일,경상북도 영천시 북안면,사망사고,1,0,0,0,차량단독 - 전도전복,안전운전불이행,결빙,비,단일로 - 기타,농기계,남,72세,사망,,,,
2012121400100313,2012년 12월 14일 08시,금요일,경상북도 영천시 금호읍,중상사고,0,1,3,0,차대차 - 추돌 - 진행중,안전운전불이행,결빙,비,단일로 - 기타,승용,여,28세,경상,승용,남,42세,상해없음
2012121400100314,2012년 12월 14일 08시,금요일,경상북도 영천시 금호읍,중상사고,0,5,3,0,차대차 - 추돌 - 주정차중,안전운전불이행,결빙,비,미분류 - 미분류,승용,여,25세,중상,승용,남,40세,상해없음
2012121400100315,2012년 12월 14일 08시,금요일,경상북도 경산시 진량읍,경상사고,0,0,1,0,차대차 - 기타,중앙선침범,결빙,비,단일로 - 기타,승용,여,42세,상해없음,승용,남,38세,경상
2012121400100316,2012년 12월 14일 08시,금요일,경상북도 경산시 남천면,중상사고,0,1,1,0,차대차 - 측면직각충돌,안전운전불이행,결빙,눈,단일로 - 기타,화물,남,78세,상해없음,승용,남,30세,경상
2012121400100317,2012년 12월 14일 08시,금요일,경상북도 경산시 남산면,중상사고,0,1,0,0,차대차 - 기타,중앙선침범,결빙,비,단일로 - 기타,승용,남,55세,상해없음,승용,여,43세,중상
2012121400100318,2012년 12월 14일 08시,금요일,경상북도 경산시 사동,경상사고,0,0,5,0,차대차 - 기타,안전운전불이행,결빙,비,단일로 - 기타,승용,남,39세,상해없음,승합,남,41세,경상
2012121400100319,2012년 12월 14일 08시,금요일,경상북도 경산시 옥산동,경상사고,0,0,1,0,차대차 - 기타,안전운전불이행,결빙,기타,교차로 - 교차로안,화물,남,37세,기타불명,승용,여,51세,경상
2012121400100320,2012년 12월 14일 08시,금요일,경상북도 성주군 선남면,경상사고,0,0,1,0,차대차 - 추돌 - 주정차중,안전운전불이행,결빙,비,단일로 - 기타,승용,여,29세,상해없음,승용,남,30세,경상
2012121400100321,2012년 12월 14일 08시,금요일,경상북도 성주군 용암면,경상사고,0,0,1,0,차대차 - 측면직각충돌,안전운전불이행,결빙,비,단일로 - 기타,화물,남,52세,상해없음,승용,여,30세,경상
2012121400100322,2012년 12월 14일 08시,금요일,경상북도 성주군 초전면,경상사고,0,0,2,0,차대차 - 추돌 - 진행중,안전거리미확보,결빙,비,교차로 - 교차로부근,승용,남,33세,상해없음,승용,여,46세,경상
2012121400100323,2012년 12월 14일 08시,금요일,경상북도 고령군 개진면,중상사고,0,1,8,0,차대차 - 정면충돌,중앙선침범,결빙,비,단일로 - 기타,승합,남,56세,상해없음,화물,남,51세,중상
2012121400100324,2012년 12월 14일 08시,금요일,경상북도 고령군 고령읍,중상사고,0,1,2,0,차대차 - 추돌 - 주정차중,안전운전불이행,결빙,비,단일로 - 기타,승용,남,48세,중상,화물,남,45세,상해없음
2012121400100325,2012년 12월 14일 08시,금요일,경상북도 고령군 고령읍,중상사고,0,3,2,0,차대차 - 정면충돌,중앙선침범,습기,비,단일로 - 기타,승용,남,45세,경상,승용,남,48세,중상
2012121400100326,2012년 12월 14일 08시,금요일,경상북도 구미시 선기동,경상사고,0,0,1,0,차대차 - 기타,안전거리미확보,결빙,눈,단일로 - 기타,승합,남,48세,상해없음,승용,남,56세,경상
2012121400100327,2012년 12월 14일 08시,금요일,경상북도 구미시 고아읍,중상사고,0,1,2,0,차대차 - 기타,중앙선침범,결빙,비,단일로 - 기타,승용,여,43세,중상,승용,여,39세,경상
2012121400100328,2012년 12월 14일 08시,금요일,경상북도 구미시 무을면,경상사고,0,0,3,0,차량단독 - 도로외이탈 - 추락,안전운전불이행,결빙,흐림,단일로 - 기타,승합,여,44세,경상,,,,
2012121400100329,2012년 12월 14일 08시,금요일,경상북도 구미시 신평동,경상사고,0,0,2,0,차대차 - 추돌 - 주정차중,안전운전불이행,결빙,비,단일로 - 기타,승용,남,37세,상해없음,승용,남,52세,경상
2012121400100330,2012년 12월 14일 08시,금요일,경상북도 구미시 산동면,중상사고,0,1,0,0,차대차 - 기타,안전운전불이행,결빙,비,단일로 - 기타,승용,여,32세,상해없음,승용,남,29세,기타불명
2012121400100331,2012년 12월 14일 08시,금요일,경상북도 구미시 지산동,중상사고,0,2,1,0,차대차 - 기타,중앙선침범,결빙,맑음,단일로 - 기타,화물,남,43세,중상,승용,여,51세,중상
2012121400100332,2012년 12월 14일 08시,금요일,경상북도 구미시 산동면,부상신고사고,0,0,0,1,차대차 - 추돌 - 주정차중,안전운전불이행,결빙,비,단일로 - 기타,화물,남,52세,부상신고,화물,남,62세,상해없음
2012121400100333,2012년 12월 14일 08시,금요일,경상북도 구미시 해평면,중상사고,0,1,0,0,차량단독 - 공작물충돌,안전운전불이행,결빙,맑음,단일로 - 기타,승용,남,57세,중상,,,,
2012121400100334,2012년 12월 14일 08시,금요일,경상북도 구미시 구포동,경상사고,0,0,1,0,차대차 - 기타,안전운전불이행,결빙,비,교차로 - 교차로부근,화물,남,36세,상해없음,승용,남,38세,경상
2012121400100412,2012년 12월 14일 09시,금요일,경상북도 경주시 황성동,경상사고,0,0,1,0,차대차 - 측면직각충돌,안전운전불이행,습기,비,교차로 - 교차로안,승용,여,38세,상해없음,승용,여,40세,경상
2012121400100413,2012년 12월 14일 09시,금요일,경상북도 안동시 옥야동,경상사고,0,0,1,0,차대사람 - 길가장자리구역통행중,안전운전불이행,결빙,비,단일로 - 기타,승합,여,55세,상해없음,보행자,남,58세,경상
2012121400100414,2012년 12월 14일 09시,금요일,경상북도 안동시 풍산읍,중상사고,0,3,1,0,차대차 - 추돌 - 주정차중,안전운전불이행,결빙,비,단일로 - 기타,승용,남,33세,상해없음,승용,남,65세,상해없음
2012121400100415,2012년 12월 14일 09시,금요일,경상북도 안동시 임하면,중상사고,0,1,2,0,차대차 - 정면충돌,안전운전불이행,결빙,비,단일로 - 기타,승합,남,54세,경상,승용,남,49세,경상
2012121400100416,2012년 12월 14일 09시,금요일,경상북도 안동시 일직면,경상사고,0,0,1,0,차대차 - 기타,안전운전불이행,결빙,비,기타 - 기타,승용,남,41세,상해없음,화물,남,55세,경상
2012121400100417,2012년 12월 14일 09시,금요일,경상북도 안동시 풍산읍,경상사고,0,0,2,0,차대차 - 측면직각충돌,안전운전불이행,결빙,흐림,단일로 - 교량,화물,남,46세,상해없음,화물,남,76세,경상
2012121400100418,2012년 12월 14일 09시,금요일,경상북도 상주시 함창읍,중상사고,0,1,0,0,차대차 - 기타,안전운전불이행,결빙,맑음,단일로 - 기타,승용,남,55세,상해없음,승용,여,57세,중상
2012121400100419,2012년 12월 14일 09시,금요일,경상북도 영주시 순흥면,중상사고,0,1,1,0,차량단독 - 공작물충돌,안전운전불이행,결빙,눈,단일로 - 기타,화물,남,68세,경상,,,,
2012121400100420,2012년 12월 14일 09시,금요일,경상북도 영천시 작산동,중상사고,0,7,3,0,차대차 - 기타,안전운전불이행,결빙,비,기타 - 기타,화물,남,58세,상해없음,승용,남,50세,상해없음
2012121400100421,2012년 12월 14일 09시,금요일,경상북도 영천시 고경면,중상사고,0,1,1,0,차대차 - 추돌 - 진행중,안전운전불이행,결빙,비,단일로 - 교량,승용,남,47세,상해없음,원동기,남,15세,경상
2012121400100422,2012년 12월 14일 09시,금요일,경상북도 영천시 작산동,경상사고,0,0,3,0,차대차 - 추돌 - 진행중,안전운전불이행,결빙,비,단일로 - 기타,승용,남,64세,경상,승용,남,49세,경상
2012121400100423,2012년 12월 14일 09시,금요일,경상북도 문경시 문경읍,중상사고,0,2,1,0,차량단독 - 공작물충돌,안전운전불이행,결빙,눈,단일로 - 기타,승용,여,53세,중상,,,,
2012121400100424,2012년 12월 14일 09시,금요일,경상북도 경산시 압량면,중상사고,0,1,0,0,차대사람 - 기타,안전운전불이행,건조,맑음,교차로 - 교차로안,승용,남,49세,상해없음,보행자,여,50세,중상
2012121400100425,2012년 12월 14일 09시,금요일,경상북도 군위군 군위읍,중상사고,0,1,0,0,차대차 - 추돌 - 진행중,안전운전불이행,결빙,비,단일로 - 기타,화물,남,29세,중상,승용,남,32세,상해없음
2012121400100426,2012년 12월 14일 09시,금요일,경상북도 청송군 파천면,사망사고,1,0,1,0,차대차 - 정면충돌,중앙선침범,결빙,비,단일로 - 기타,화물,남,57세,경상,화물,남,34세,사망
2012121400100427,2012년 12월 14일 09시,금요일,경상북도 포항시 남구 오천읍,중상사고,0,1,0,0,차대차 - 추돌 - 진행중,교차로운행방법위반,습기,흐림,교차로 - 교차로안,승용,여,52세,상해없음,화물,남,30세,중상
2012121400100448,2012년 12월 14일 10시,금요일,경상북도 안동시 도산면,중상사고,0,1,0,0,차대차 - 측면직각충돌,중앙선침범,결빙,비,교차로 - 교차로부근,화물,남,42세,상해없음,승용,남,61세,중상
2012121400100449,2012년 12월 14일 10시,금요일,경상북도 안동시 임하면,중상사고,0,1,0,0,차량단독 - 공작물충돌,안전운전불이행,결빙,비,단일로 - 기타,화물,남,56세,중상,,,,