사고번호,사고일시,요일,시군구,사고내용,사망자수,중상자수,경상자수,부상신고자수,사고유형,법규위반,노면상태,기상상태,도로형태,가해운전자 차종,가해운전자 성별,가해운전자 연령,가해운전자 상해정도,피해운전자 차종,피해운전자 성별,피해운전자 연령,피해운전자 상해정도
2012121400100450,2012년 12월 14일 10시,금요일,경상북도 문경시 산북면,중상사고,0,1,2,0,차대차 - 측면직각충돌,중앙선침범,결빙,맑음,단일로 - 기타,승용,남,30세,경상,화물,남,42세,중상
2012121400100451,2012년 12월 14일 10시,금요일,경상북도 문경시 공평동,경상사고,0,0,3,1,차대차 - 정면충돌,안전운전불이행,결빙,눈,교차로 - 교차로안,승용,남,62세,부상신고,승용,남,38세,경상
2012121400100452,2012년 12월 14일 10시,금요일,경상북도 영양군 일월면,경상사고,0,0,3,0,차대차 - 정면충돌,중앙선침범,결빙,비,단일로 - 기타,승용,남,72세,경상,승합,남,50세,경상
2012121400100466,2012년 12월 14일 11시,금요일,경상북도 문경시 영순면,경상사고,0,0,1,0,차대차 - 추돌 - 진행중,안전운전불이행,결빙,맑음,단일로 - 기타,승용,여,55세,상해없음,승용,남,44세,경상
2012121400100467,2012년 12월 14일 11시,금요일,경상북도 봉화군 소천면,중상사고,0,1,1,0,차량단독 - 전도전복,안전운전불이행,결빙,비,단일로 - 기타,승용,남,74세,중상,,,,
2012121400100468,2012년 12월 14일 11시,금요일,경상북도 포항시 남구 지곡동,경상사고,0,0,2,0,차대차 - 측면직각충돌,안전운전불이행,습기,비,교차로 - 교차로안,승용,여,53세,경상,승용,여,58세,경상
2012121400100488,2012년 12월 14일 12시,금요일,경상북도 경주시 용강동,경상사고,0,0,1,0,차대차 - 기타,안전운전불이행,습기,비,교차로 - 교차로부근,승용,여,52세,상해없음,자전거,여,54세,경상
2012121400100489,2012년 12월 14일 12시,금요일,경상북도 포항시 북구 용흥동,경상사고,0,0,1,0,차대차 - 기타,신호위반,습기,비,교차로 - 교차로안,승용,여,43세,상해없음,승용,남,49세,경상
2012121400100490,2012년 12월 14일 12시,금요일,경상북도 영천시 신령면,경상사고,0,0,2,0,차량단독 - 기타,안전운전불이행,결빙,비,단일로 - 터널,화물,남,56세,경상,,,,
2012121400100491,2012년 12월 14일 12시,금요일,경상북도 봉화군 소천면,경상사고,0,0,1,0,차량단독 - 전도전복,안전운전불이행,결빙,흐림,단일로 - 기타,승용,남,71세,경상,,,,
2012121400100530,2012년 12월 14일 14시,금요일,경상북도 경주시 외동읍,중상사고,0,1,0,0,차대차 - 측면직각충돌,안전운전불이행,습기,비,교차로 - 교차로부근,화물,남,42세,상해없음,승용,남,70세,중상
2012121400100531,2012년 12월 14일 14시,금요일,경상북도 영천시 신령면,중상사고,0,1,0,0,차대차 - 추돌 - 주정차중,안전운전불이행,결빙,비,교차로 - 교차로안,화물,남,48세,상해없음,승용,여,39세,중상
2012121400100556,2012년 12월 14일 15시,금요일,경상북도 경주시 황성동,경상사고,0,0,1,0,차대차 - 기타,안전운전불이행,습기,비,교차로 - 교차로부근,승용,여,49세,상해없음,승용,남,56세,경상
2012121400100586,2012년 12월 14일 16시,금요일,경상북도 포항시 북구 우현동,경상사고,0,0,2,0,차대차 - 기타,안전운전불이행,습기,비,단일로 - 기타,승용,남,51세,상해없음,승용,남,55세,경상
2012121400100587,2012년 12월 14일 16시,금요일,경상북도 포항시 남구 구룡포읍,경상사고,0,0,1,0,차대차 - 추돌 - 진행중,안전거리미확보,건조,맑음,단일로 - 기타,화물,남,40세,상해없음,승용,남,71세,상해없음
2012121400100626,2012년 12월 14일 17시,금요일,경상북도 포항시 남구 연일읍,경상사고,0,0,1,0,차대사람 - 기타,안전운전불이행,습기,비,교차로 - 교차로안,승용,여,26세,상해없음,보행자,여,16세,경상
2012121400100627,2012년 12월 14일 17시,금요일,경상북도 포항시 남구 괴동동,중상사고,0,2,1,0,차대차 - 추돌 - 주정차중,안전운전불이행,습기,비,단일로 - 기타,승용,남,59세,상해없음,승용,남,54세,경상
2012121400100676,2012년 12월 14일 18시,금요일,경상북도 경주시 마동,경상사고,0,0,1,0,차대차 - 측면직각충돌,안전운전불이행,습기,흐림,교차로 - 교차로부근,승용,남,52세,상해없음,승용,남,45세,경상
2012121400100677,2012년 12월 14일 18시,금요일,경상북도 구미시 해평면,중상사고,0,1,0,0,차대사람 - 횡단중,중앙선침범,결빙,맑음,단일로 - 횡단보도상,승용,남,47세,상해없음,보행자,여,41세,중상
2012121400100678,2012년 12월 14일 18시,금요일,경상북도 포항시 남구 해도동,경상사고,0,0,1,0,차대차 - 추돌 - 진행중,안전운전불이행,습기,비,단일로 - 기타,기타불명,기타불명,기타불명,기타불명,승용,남,53세,경상
2012121400100679,2012년 12월 14일 18시,금요일,경상북도 포항시 남구 해도동,경상사고,0,0,3,0,차대차 - 추돌 - 진행중,안전운전불이행,습기,비,단일로 - 교량,승용,남,62세,상해없음,승용,남,67세,경상
2012121400100722,2012년 12월 14일 19시,금요일,경상북도 포항시 남구 해도동,중상사고,0,1,0,0,차대차 - 추돌 - 진행중,안전운전불이행,건조,맑음,단일로 - 기타,원동기,남,29세,중상,승용,남,27세,상해없음
2012121400100815,2012년 12월 14일 21시,금요일,경상북도 울진군 죽변면,중상사고,0,1,1,0,차대차 - 정면충돌,중앙선침범,습기,비,단일로 - 기타,승용,남,47세,상해없음,승용,여,40세,중상
2012121400100846,2012년 12월 14일 22시,금요일,경상북도 영주시 가흥동,경상사고,0,0,3,0,차대차 - 추돌 - 주정차중,안전운전불이행,습기,안개,교차로 - 교차로부근,승용,남,29세,상해없음,승용,남,32세,경상
2012121400100847,2012년 12월 14일 22시,금요일,경상북도 구미시 광평동,경상사고,0,0,4,0,차대차 - 기타,중앙선침범,습기,맑음,교차로 - 교차로부근,승용,남,33세,상해없음,승합,남,42세,경상
2012121400100882,2012년 12월 14일 23시,금요일,경상북도 구미시 형곡동,중상사고,0,1,0,0,차대사람 - 기타,안전운전불이행,건조,맑음,교차로 - 교차로부근,승용,남,44세,상해없음,보행자,남,21세,중상
2012121400100883,2012년 12월 14일 23시,금요일,경상북도 포항시 남구 대잠동,중상사고,0,2,2,0,차대차 - 추돌 - 주정차중,안전운전불이행,건조,맑음,교차로 - 교차로부근,승용,남,36세,경상,승용,남,38세,중상
2012121500100032,2012년 12월 15일 00시,토요일,경상북도 포항시 북구 두호동,경상사고,0,0,1,0,차대사람 - 기타,불법유턴,습기,비,단일로 - 기타,화물,남,48세,상해없음,보행자,남,24세,경상
2012121500100033,2012년 12월 15일 00시,토요일,경상북도 안동시 옥동,중상사고,0,1,0,0,차대사람 - 기타,안전운전불이행,습기,비,단일로 - 기타,승용,남,44세,상해없음,보행자,남,43세,중상
2012121500100071,2012년 12월 15일 01시,토요일,경상북도 경주시 배반동,경상사고,0,0,1,0,차량단독 - 공작물충돌,안전운전불이행,습기,안개,교차로 - 교차로부근,승용,여,31세,경상,,,,
2012121500100132,2012년 12월 15일 04시,토요일,경상북도 경산시 옥산동,중상사고,0,1,1,0,차대차 - 기타,교차로운행방법위반,습기,맑음,교차로 - 교차로안,승용,남,46세,상해없음,화물,남,51세,상해없음
2012121500100133,2012년 12월 15일 04시,토요일,경상북도 청도군 이서면,중상사고,0,1,1,0,차량단독 - 전도전복,안전운전불이행,습기,안개,교차로 - 교차로안,화물,남,48세,경상,,,,
2012121500100161,2012년 12월 15일 06시,토요일,경상북도 안동시 옥동,경상사고,0,0,1,0,차대차 - 기타,안전운전불이행,건조,맑음,단일로 - 기타,승용,남,29세,상해없음,승용,남,31세,경상
2012121500100162,2012년 12월 15일 06시,토요일,경상북도 구미시 도량동,중상사고,0,1,0,0,차대차 - 기타,신호위반,건조,맑음,교차로 - 교차로안,승합,남,33세,상해없음,승용,남,49세,중상
2012121500100185,2012년 12월 15일 07시,토요일,경상북도 포항시 북구 동빈1가,경상사고,0,0,1,0,차대사람 - 기타,안전운전불이행,건조,흐림,단일로 - 기타,승용,남,47세,상해없음,보행자,남,28세,경상
2012121500100186,2012년 12월 15일 07시,토요일,경상북도 포항시 남구 대잠동,중상사고,0,1,0,0,차대사람 - 기타,신호위반,결빙,눈,단일로 - 횡단보도상,승용,남,58세,상해없음,보행자,남,63세,중상
2012121500100204,2012년 12월 15일 08시,토요일,경상북도 영주시 고현동,중상사고,0,1,0,0,차대차 - 측면직각충돌,중앙선침범,결빙,안개,단일로 - 기타,화물,남,43세,상해없음,승용,남,60세,기타불명
2012121500100286,2012년 12월 15일 12시,토요일,경상북도 경주시 사정동,중상사고,0,1,0,0,차대사람 - 횡단중,안전운전불이행,건조,맑음,단일로 - 기타,승용,남,38세,상해없음,보행자,여,60세,중상
2012121500100302,2012년 12월 15일 13시,토요일,경상북도 경주시 내남면,중상사고,0,2,0,0,차대차 - 측면직각충돌,중앙선침범,습기,비,단일로 - 기타,승용,남,45세,중상,승용,남,39세,중상
2012121500100303,2012년 12월 15일 13시,토요일,경상북도 포항시 북구 흥해읍,중상사고,0,1,3,0,차량단독 - 공작물충돌,안전운전불이행,습기,비,단일로 - 기타,승합,남,58세,중상,,,,
2012121500100304,2012년 12월 15일 13시,토요일,경상북도 고령군 다산면,중상사고,0,1,0,0,차대사람 - 기타,안전운전불이행,건조,맑음,단일로 - 기타,승용,남,46세,상해없음,보행자,여,61세,중상
2012121500100305,2012년 12월 15일 13시,토요일,경상북도 포항시 남구 대잠동,경상사고,0,0,1,0,차대차 - 기타,안전운전불이행,건조,맑음,단일로 - 기타,원동기,남,28세,상해없음,승용,남,30세,상해없음
2012121500100330,2012년 12월 15일 14시,토요일,경상북도 경주시 충효동,중상사고,0,1,0,0,차대차 - 측면직각충돌,안전운전불이행,습기,흐림,교차로 - 교차로안,승용,여,46세,상해없음,원동기,남,25세,중상
2012121500100331,2012년 12월 15일 14시,토요일,경상북도 김천시 성내동,중상사고,0,1,1,0,차대차 - 측면직각충돌,중앙선침범,건조,맑음,교차로 - 교차로안,승용,여,47세,상해없음,승용,여,51세,중상
2012121500100332,2012년 12월 15일 14시,토요일,경상북도 영천시 야사동,경상사고,0,0,5,0,차대차 - 추돌 - 진행중,안전운전불이행,건조,흐림,교차로 - 교차로부근,승용,여,48세,상해없음,승용,여,33세,경상
2012121500100333,2012년 12월 15일 14시,토요일,경상북도 구미시 신평동,경상사고,0,0,2,0,차대차 - 기타,중앙선침범,건조,맑음,단일로 - 기타,승용,여,51세,경상,승용,남,35세,경상
2012121500100367,2012년 12월 15일 16시,토요일,경상북도 경산시 진량읍,중상사고,0,1,0,0,차대차 - 기타,안전운전불이행,건조,흐림,교차로 - 교차로안,이륜,남,75세,중상,승용,남,45세,상해없음
2012121500100368,2012년 12월 15일 16시,토요일,경상북도 경산시 진량읍,중상사고,0,1,0,0,차대사람 - 기타,보행자보호의무위반,건조,맑음,단일로 - 횡단보도상,승용,남,30세,상해없음,보행자,남,22세,중상
2012121500100392,2012년 12월 15일 17시,토요일,경상북도 경주시 신평동,중상사고,0,5,2,0,차대차 - 기타,안전운전불이행,건조,흐림,교차로 - 교차로안,승용,남,18세,상해없음,화물,남,70세,경상
2012121500100432,2012년 12월 15일 18시,토요일,경상북도 청도군 풍각면,경상사고,0,0,1,0,차대사람 - 길가장자리구역통행중,안전운전불이행,결빙,맑음,단일로 - 기타,기타불명,기타불명,기타불명,기타불명,보행자,여,62세,경상
2012121500100433,2012년 12월 15일 18시,토요일,경상북도 청도군 청도읍,중상사고,0,1,0,0,차대차 - 기타,중앙선침범,건조,맑음,단일로 - 기타,승용,여,48세,상해없음,승용,여,46세,중상
2012121500100434,2012년 12월 15일 18시,토요일,경상북도 포항시 남구 해도동,중상사고,0,1,0,0,차대사람 - 횡단중,안전운전불이행,건조,맑음,교차로 - 교차로안,승용,남,39세,상해없음,보행자,여,60세,중상
2012121500100463,2012년 12월 15일 19시,토요일,경상북도 포항시 북구 득량동,경상사고,0,0,1,0,차대사람 - 기타,안전운전불이행,건조,맑음,교차로 - 교차로부근,승용,여,43세,상해없음,보행자,남,33세,경상
2012121500100464,2012년 12월 15일 19시,토요일,경상북도 영천시 야사동,중상사고,0,1,0,0,차대사람 - 횡단중,보행자보호의무위반,건조,맑음,교차로 - 교차로안,승용,남,31세,상해없음,보행자,남,26세,중상
2012121500100465,2012년 12월 15일 19시,토요일,경상북도 울진군 울진읍,중상사고,0,1,0,0,차량단독 - 전도전복,안전운전불이행,건조,흐림,교차로 - 교차로안,이륜,남,47세,중상,,,,
2012121500100497,2012년 12월 15일 20시,토요일,경상북도 예천군 용궁면,중상사고,0,1,0,0,차대사람 - 횡단중,안전운전불이행,건조,흐림,단일로 - 기타,화물,남,53세,상해없음,보행자,남,54세,중상
2012121500100526,2012년 12월 15일 21시,토요일,경상북도 김천시 모암동,중상사고,0,1,0,0,차대사람 - 기타,안전운전불이행,건조,흐림,교차로 - 교차로안,승용,남,27세,상해없음,보행자,여,54세,중상
2012121500100556,2012년 12월 15일 22시,토요일,경상북도 경주시 충효동,경상사고,0,0,1,0,차대차 - 기타,신호위반,건조,맑음,교차로 - 교차로안,승용,여,34세,상해없음,승용,남,56세,경상
2012121500100557,2012년 12월 15일 22시,토요일,경상북도 포항시 북구 죽도동,중상사고,0,1,0,0,차대사람 - 기타,보행자보호의무위반,건조,맑음,단일로 - 횡단보도상,승용,남,45세,상해없음,보행자,남,54세,중상
2012121500100558,2012년 12월 15일 22시,토요일,경상북도 구미시 해평면,중상사고,0,1,0,0,차대사람 - 기타,안전운전불이행,결빙,흐림,기타 - 기타,승합,남,68세,상해없음,보행자,남,54세,중상
2012121500100602,2012년 12월 15일 23시,토요일,경상북도 경주시 충효동,경상사고,0,0,1,0,차대차 - 기타,안전운전불이행,건조,맑음,단일로 - 기타,승용,남,31세,기타불명,승용,남,62세,경상
2012121500100603,2012년 12월 15일 23시,토요일,경상북도 포항시 북구 죽도동,중상사고,0,1,0,0,차대사람 - 횡단중,안전운전불이행,건조,맑음,단일로 - 기타,승합,남,55세,상해없음,보행자,여,58세,중상
2012121500100604,2012년 12월 15일 23시,토요일,경상북도 영천시 망정동,경상사고,0,0,1,0,차대사람 - 횡단중,안전운전불이행,건조,맑음,단일로 - 기타,승용,남,25세,상해없음,보행자,남,9세,경상
2012121500100605,2012년 12월 15일 23시,토요일,경상북도 구미시 도량동,경상사고,0,0,2,0,차대차 - 기타,안전운전불이행,건조,맑음,교차로 - 교차로부근,승용,남,48세,상해없음,승용,남,28세,경상
2012121600100027,2012년 12월 16일 00시,일요일,경상북도 영주시 가흥동,중상사고,0,1,0,0,차대사람 - 횡단중,신호위반,결빙,흐림,교차로 - 교차로안,승용,남,16세,상해없음,보행자,여,17세,중상
2012121600100060,2012년 12월 16일 01시,일요일,경상북도 포항시 남구 오천읍,중상사고,0,1,1,0,차대차 - 추돌 - 주정차중,안전운전불이행,건조,맑음,교차로 - 교차로부근,승용,남,31세,상해없음,승용,남,40세,중상
2012121600100086,2012년 12월 16일 02시,일요일,경상북도 청도군 청도읍,경상사고,0,0,2,0,차대차 - 기타,교차로운행방법위반,습기,흐림,교차로 - 교차로안,승용,남,35세,상해없음,승용,남,27세,경상
2012121600100087,2012년 12월 16일 02시,일요일,경상북도 구미시 송정동,부상신고사고,0,0,0,1,차량단독 - 공작물충돌,안전운전불이행,결빙,맑음,교차로 - 교차로안,승용,여,33세,부상신고,,,,
2012121600100113,2012년 12월 16일 04시,일요일,경상북도 포항시 북구 장성동,중상사고,0,1,0,0,차대사람 - 기타,보행자보호의무위반,건조,맑음,교차로 - 교차로안,승용,남,51세,상해없음,보행자,남,22세,중상
2012121600100129,2012년 12월 16일 05시,일요일,경상북도 문경시 문경읍,중상사고,0,1,1,0,차량단독 - 공작물충돌,안전운전불이행,결빙,흐림,단일로 - 기타,승용,여,50세,중상,,,,
2012121600100155,2012년 12월 16일 06시,일요일,경상북도 영주시 풍기읍,중상사고,0,5,2,0,차대차 - 추돌 - 진행중,안전운전불이행,습기,흐림,단일로 - 기타,승합,남,61세,상해없음,화물,남,60세,중상
2012121600100184,2012년 12월 16일 07시,일요일,경상북도 경주시 외동읍,중상사고,0,1,0,0,차대차 - 기타,중앙선침범,결빙,맑음,단일로 - 기타,화물,남,27세,상해없음,원동기,남,28세,중상
2012121600100185,2012년 12월 16일 07시,일요일,경상북도 상주시 연원동,중상사고,0,1,0,0,차량단독 - 도로외이탈 - 추락,안전운전불이행,결빙,맑음,단일로 - 기타,승용,남,64세,상해없음,,,,
2012121600100186,2012년 12월 16일 07시,일요일,경상북도 영주시 순흥면,중상사고,0,2,0,0,차량단독 - 공작물충돌,안전운전불이행,결빙,안개,단일로 - 기타,승용,남,46세,상해없음,,,,
2012121600100187,2012년 12월 16일 07시,일요일,경상북도 문경시 마성면,중상사고,0,1,3,0,차량단독 - 공작물충돌,안전운전불이행,결빙,맑음,단일로 - 교량,승용,남,43세,경상,,,,
2012121600100188,2012년 12월 16일 07시,일요일,경상북도 문경시 공평동,중상사고,0,1,0,0,차량단독 - 공작물충돌,안전운전불이행,결빙,기타,단일로 - 기타,승용,남,39세,중상,,,,
2012121600100189,2012년 12월 16일 07시,일요일,경상북도 봉화군 소천면,경상사고,0,0,3,0,차량단독 - 공작물충돌,안전운전불이행,결빙,맑음,단일로 - 기타,승용,남,54세,경상,,,,
2012121600100190,2012년 12월 16일 07시,일요일,경상북도 구미시 인의동,경상사고,0,0,5,0,차대차 - 기타,안전운전불이행,건조,맑음,교차로 - 교차로안,승용,남,19세,상해없음,승합,남,26세,경상
2012121600100220,2012년 12월 16일 08시,일요일,경상북도 경주시 건천읍,중상사고,0,1,0,0,차대차 - 측면직각충돌,안전운전불이행,결빙,맑음,단일로 - 기타,화물,남,35세,중상,화물,남,70세,상해없음
2012121600100221,2012년 12월 16일 08시,일요일,경상북도 경주시 건천읍,중상사고,0,2,0,0,차대차 - 측면직각충돌,안전운전불이행,결빙,흐림,단일로 - 기타,승용,남,29세,중상,승용,남,46세,상해없음
2012121600100222,2012년 12월 16일 08시,일요일,경상북도 안동시 안흥동,중상사고,0,2,0,0,차대차 - 기타,안전운전불이행,결빙,흐림,단일로 - 기타,승합,남,34세,상해없음,승용,여,43세,중상
2012121600100223,2012년 12월 16일 08시,일요일,경상북도 문경시 공평동,중상사고,0,1,0,0,차량단독 - 공작물충돌,안전운전불이행,결빙,맑음,단일로 - 기타,승용,남,54세,중상,,,,
2012121600100243,2012년 12월 16일 09시,일요일,경상북도 영주시 안정면,중상사고,0,2,2,0,차대차 - 측면직각충돌,안전운전불이행,결빙,흐림,단일로 - 기타,승용,남,44세,중상,승용,남,46세,중상
2012121600100244,2012년 12월 16일 09시,일요일,경상북도 문경시 마성면,경상사고,0,0,1,1,차대차 - 추돌 - 주정차중,안전운전불이행,결빙,흐림,단일로 - 교량,승용,여,60세,상해없음,승용,남,31세,경상
2012121600100245,2012년 12월 16일 09시,일요일,경상북도 구미시 임수동,중상사고,0,1,1,0,차대차 - 기타,신호위반,건조,맑음,교차로 - 교차로안,승용,남,54세,상해없음,승용,여,50세,중상
2012121600100268,2012년 12월 16일 10시,일요일,경상북도 청도군 운문면,중상사고,0,3,1,0,차대차 - 정면충돌,중앙선침범,결빙,눈,단일로 - 기타,승용,남,47세,상해없음,승용,남,46세,중상
2012121600100276,2012년 12월 16일 11시,일요일,경상북도 포항시 북구 동빈1가,경상사고,0,0,1,0,차대차 - 기타,안전거리미확보,건조,맑음,단일로 - 기타,승용,남,55세,상해없음,승용,남,43세,경상
2012121600100277,2012년 12월 16일 11시,일요일,경상북도 김천시 대덕면,경상사고,0,0,1,0,차량단독 - 기타,안전운전불이행,결빙,흐림,단일로 - 기타,화물,남,69세,상해없음,,,,
2012121600100310,2012년 12월 16일 13시,일요일,경상북도 포항시 북구 용흥동,중상사고,0,3,0,0,차대차 - 측면직각충돌,차로위반,건조,맑음,교차로 - 교차로부근,승용,여,45세,상해없음,승용,남,33세,중상
2012121600100311,2012년 12월 16일 13시,일요일,경상북도 영천시 오미동,경상사고,0,0,1,0,차대차 - 기타,안전운전불이행,건조,맑음,교차로 - 교차로안,승용,남,63세,상해없음,화물,남,43세,경상
2012121600100336,2012년 12월 16일 14시,일요일,경상북도 구미시 선산읍,중상사고,0,1,1,0,차대차 - 기타,안전운전불이행,건조,맑음,교차로 - 교차로안,승용,남,57세,경상,화물,남,48세,중상
2012121600100357,2012년 12월 16일 15시,일요일,경상북도 포항시 북구 두호동,경상사고,0,0,1,0,차대차 - 기타,교차로운행방법위반,건조,맑음,교차로 - 교차로안,승용,여,50세,상해없음,승용,여,54세,경상
2012121600100379,2012년 12월 16일 16시,일요일,경상북도 경산시 중방동,중상사고,0,1,0,0,차대사람 - 기타,안전운전불이행,건조,맑음,교차로 - 교차로부근,승용,남,18세,상해없음,보행자,여,51세,중상
2012121600100401,2012년 12월 16일 17시,일요일,경상북도 경주시 황오동,경상사고,0,0,1,0,차대차 - 기타,안전운전불이행,건조,맑음,단일로 - 기타,승용,여,45세,상해없음,원동기,남,70세,경상
2012121600100403,2012년 12월 16일 17시,일요일,경상북도 구미시 송정동,경상사고,0,0,1,0,차대사람 - 기타,안전운전불이행,건조,맑음,기타 - 기타,기타불명,기타불명,기타불명,기타불명,보행자,남,62세,경상
2012121600100430,2012년 12월 16일 18시,일요일,경상북도 안동시 옥동,중상사고,0,1,0,0,차대차 - 측면직각충돌,직진우회전진행방해,건조,맑음,교차로 - 교차로안,승합,남,39세,상해없음,승용,여,21세,중상
2012121600100456,2012년 12월 16일 19시,일요일,경상북도 경주시 보문동,중상사고,0,2,0,0,차대차 - 기타,안전운전불이행,건조,맑음,단일로 - 기타,승합,남,24세,상해없음,승용,여,69세,중상
2012121600100472,2012년 12월 16일 20시,일요일,경상북도 경산시 남천면,중상사고,0,1,0,0,차대사람 - 기타,안전운전불이행,건조,맑음,단일로 - 기타,기타불명,기타불명,기타불명,기타불명,보행자,여,66세,중상
2012121600100493,2012년 12월 16일 21시,일요일,경상북도 포항시 북구 용흥동,경상사고,0,0,5,0,차대차 - 측면직각충돌,중앙선침범,건조,맑음,단일로 - 기타,승용,여,52세,상해없음,승용,남,32세,경상
2012121600100494,2012년 12월 16일 21시,일요일,경상북도 영천시 청통면,경상사고,0,0,1,0,차대사람 - 기타,안전운전불이행,건조,맑음,단일로 - 기타,승용,남,75세,상해없음,보행자,남,43세,경상
2012121600100495,2012년 12월 16일 21시,일요일,경상북도 구미시 지산동,중상사고,0,2,0,0,차대차 - 기타,보행자보호의무위반,건조,맑음,교차로 - 교차로안,승용,남,37세,상해없음,자전거,남,17세,중상
2012121600100496,2012년 12월 16일 21시,일요일,경상북도 구미시 도량동,부상신고사고,0,0,0,1,차대차 - 기타,안전운전불이행,건조,맑음,교차로 - 교차로안,원동기,남,28세,부상신고,승용,남,30세,상해없음
2012121600100527,2012년 12월 16일 23시,일요일,경상북도 구미시 인의동,중상사고,0,1,2,0,차대차 - 기타,신호위반,건조,맑음,교차로 - 교차로안,승합,남,24세,상해없음,승용,남,37세,경상
2012121700100011,2012년 12월 17일 00시,월요일,경상북도 구미시 진평동,경상사고,0,0,1,0,차대차 - 기타,교차로운행방법위반,건조,맑음,교차로 - 교차로안,승용,여,52세,상해없음,승용,남,56세,상해없음
2012121700100042,2012년 12월 17일 04시,월요일,경상북도 영주시 휴천동,경상사고,0,0,1,0,차대차 - 정면충돌,교차로운행방법위반,건조,흐림,교차로 - 교차로안,승용,남,21세,상해없음,승용,남,63세,경상
2012121700100051,2012년 12월 17일 05시,월요일,경상북도 포항시 북구 학산동,경상사고,0,0,1,0,차대차 - 측면직각충돌,교차로운행방법위반,건조,맑음,교차로 - 교차로안,화물,남,27세,상해없음,승용,남,44세,경상
2012121700100061,2012년 12월 17일 06시,월요일,경상북도 성주군 용암면,중상사고,0,2,1,0,차량단독 - 공작물충돌,안전운전불이행,기타,안개,단일로 - 기타,승용,남,72세,중상,,,,
2012121700100092,2012년 12월 17일 07시,월요일,경상북도 성주군 용암면,중상사고,0,1,0,0,차량단독 - 도로외이탈 - 기타,안전운전불이행,결빙,흐림,단일로 - 기타,승용,남,66세,상해없음,,,,
2012121700100125,2012년 12월 17일 08시,월요일,경상북도 상주시 중동면,경상사고,0,0,1,0,차대차 - 추돌 - 주정차중,안전거리미확보,건조,맑음,단일로 - 기타,승용,남,46세,상해없음,승용,여,58세,경상
2012121700100126,2012년 12월 17일 08시,월요일,경상북도 문경시 문경읍,중상사고,0,2,0,0,차대차 - 정면충돌,안전운전불이행,결빙,흐림,단일로 - 기타,승용,여,30세,중상,화물,남,63세,중상
2012121700100127,2012년 12월 17일 08시,월요일,경상북도 영덕군 영덕읍,중상사고,0,1,0,0,차대차 - 추돌 - 주정차중,안전운전불이행,건조,맑음,기타 - 기타,원동기,남,77세,중상,화물,남,22세,상해없음
2012121700100128,2012년 12월 17일 08시,월요일,경상북도 영양군 일월면,중상사고,0,3,2,0,차량단독 - 전도전복,안전운전불이행,결빙,안개,단일로 - 기타,승용,남,50세,경상,,,,
2012121700100129,2012년 12월 17일 08시,월요일,경상북도 포항시 남구 지곡동,경상사고,0,0,2,0,차대차 - 추돌 - 진행중,안전운전불이행,건조,맑음,교차로 - 교차로부근,승용,남,51세,상해없음,승용,여,45세,경상
2012121700100150,2012년 12월 17일 09시,월요일,경상북도 경주시 황남동,경상사고,0,0,1,0,차대차 - 기타,중앙선침범,건조,맑음,단일로 - 기타,원동기,여,62세,경상,승용,남,66세,상해없음
2012121700100151,2012년 12월 17일 09시,월요일,경상북도 경주시 강동면,중상사고,0,1,0,0,차대차 - 측면직각충돌,중앙선침범,결빙,맑음,단일로 - 기타,승용,여,53세,중상,화물,남,55세,상해없음
2012121700100168,2012년 12월 17일 10시,월요일,경상북도 안동시 옥동,경상사고,0,0,1,0,차대사람 - 횡단중,보행자보호의무위반,건조,맑음,교차로 - 교차로안,원동기,기타불명,기타불명,기타불명,보행자,여,32세,경상
2012121700100169,2012년 12월 17일 10시,월요일,경상북도 고령군 성산면,중상사고,0,1,0,0,차대차 - 추돌 - 주정차중,안전운전불이행,건조,흐림,단일로 - 기타,이륜,남,78세,중상,승용,남,49세,상해없음
2012121700100209,2012년 12월 17일 12시,월요일,경상북도 칠곡군 왜관읍,경상사고,0,0,4,0,차대차 - 측면직각충돌,안전운전불이행,건조,맑음,교차로 - 교차로안,승용,남,54세,상해없음,승용,남,23세,경상
2012121700100210,2012년 12월 17일 12시,월요일,경상북도 구미시 사곡동,중상사고,0,1,0,0,차대사람 - 기타,안전운전불이행,건조,맑음,교차로 - 교차로안,승용,여,18세,상해없음,보행자,여,18세,중상
2012121700100224,2012년 12월 17일 13시,월요일,경상북도 경산시 계양동,경상사고,0,0,1,0,차대차 - 기타,교차로운행방법위반,건조,흐림,교차로 - 교차로안,승용,남,51세,상해없음,이륜,남,37세,경상
2012121700100225,2012년 12월 17일 13시,월요일,경상북도 경산시 상방동,경상사고,0,0,1,0,차대차 - 기타,중앙선침범,건조,맑음,교차로 - 교차로안,승용,남,48세,상해없음,승용,남,36세,경상
2012121700100241,2012년 12월 17일 14시,월요일,경상북도 경주시 감포읍,중상사고,0,1,0,0,차대차 - 측면직각충돌,안전운전불이행,건조,맑음,교차로 - 교차로안,승용,남,37세,상해없음,원동기,남,69세,중상
2012121700100264,2012년 12월 17일 15시,월요일,경상북도 영천시 망정동,경상사고,0,0,1,0,차대차 - 추돌 - 진행중,안전운전불이행,건조,맑음,단일로 - 기타,이륜,남,27세,상해없음,이륜,남,18세,경상