사고번호,사고일시,요일,시군구,사고내용,사망자수,중상자수,경상자수,부상신고자수,사고유형,법규위반,노면상태,기상상태,도로형태,가해운전자 차종,가해운전자 성별,가해운전자 연령,가해운전자 상해정도,피해운전자 차종,피해운전자 성별,피해운전자 연령,피해운전자 상해정도
2012121700100265,2012년 12월 17일 15시,월요일,경상북도 예천군 예천읍,중상사고,0,1,0,0,차대차 - 기타,안전운전불이행,건조,맑음,교차로 - 교차로안,승용,여,51세,상해없음,원동기,남,72세,중상
2012121700100266,2012년 12월 17일 15시,월요일,경상북도 고령군 고령읍,중상사고,0,1,0,0,차대사람 - 횡단중,보행자보호의무위반,건조,맑음,단일로 - 기타,화물,남,72세,상해없음,보행자,남,7세,중상
2012121700100292,2012년 12월 17일 16시,월요일,경상북도 경주시 구황동,경상사고,0,0,4,0,차대차 - 측면직각충돌,안전운전불이행,건조,맑음,단일로 - 기타,승합,남,62세,상해없음,승용,남,55세,상해없음
2012121700100293,2012년 12월 17일 16시,월요일,경상북도 안동시 풍산읍,중상사고,0,1,1,0,차대차 - 측면직각충돌,직진우회전진행방해,건조,맑음,교차로 - 교차로안,승용,남,61세,상해없음,이륜,남,76세,경상
2012121700100294,2012년 12월 17일 16시,월요일,경상북도 영주시 장수면,중상사고,0,1,0,0,차대차 - 정면충돌,중앙선침범,건조,맑음,단일로 - 기타,승용,여,60세,상해없음,화물,남,40세,중상
2012121700100320,2012년 12월 17일 17시,월요일,경상북도 군위군 우보면,중상사고,0,1,1,0,차량단독 - 전도전복,안전운전불이행,건조,맑음,단일로 - 기타,승용,남,62세,경상,,,,
2012121700100321,2012년 12월 17일 17시,월요일,경상북도 포항시 남구 장기면,중상사고,0,1,0,0,차대사람 - 기타,안전운전불이행,건조,맑음,교차로 - 교차로부근,승용,남,74세,상해없음,보행자,남,72세,중상
2012121700100346,2012년 12월 17일 18시,월요일,경상북도 경주시 조양동,경상사고,0,0,1,0,차대차 - 기타,안전운전불이행,건조,맑음,단일로 - 기타,승용,남,56세,상해없음,승용,여,58세,경상
2012121700100347,2012년 12월 17일 18시,월요일,경상북도 경주시 황오동,경상사고,0,0,1,0,차대차 - 추돌 - 진행중,안전운전불이행,건조,맑음,교차로 - 교차로부근,승합,남,67세,상해없음,승용,여,43세,경상
2012121700100348,2012년 12월 17일 18시,월요일,경상북도 영천시 완산동,경상사고,0,0,2,0,차대차 - 측면직각충돌,신호위반,건조,맑음,교차로 - 교차로안,승용,여,59세,경상,승용,여,21세,경상
2012121700100349,2012년 12월 17일 18시,월요일,경상북도 울진군 평해읍,사망사고,1,0,0,0,차량단독 - 공작물충돌,안전운전불이행,건조,맑음,교차로 - 교차로부근,화물,남,47세,사망,,,,
2012121700100375,2012년 12월 17일 19시,월요일,경상북도 포항시 남구 대잠동,경상사고,0,0,2,0,차대차 - 추돌 - 진행중,안전운전불이행,건조,맑음,단일로 - 기타,승용,남,53세,상해없음,승용,남,58세,경상
2012121700100408,2012년 12월 17일 20시,월요일,경상북도 경주시 충효동,경상사고,0,0,1,0,차량단독 - 기타,안전운전불이행,건조,맑음,교차로 - 교차로부근,승용,남,33세,상해없음,,,,
2012121700100432,2012년 12월 17일 21시,월요일,경상북도 김천시 신음동,경상사고,0,0,1,0,차대차 - 측면직각충돌,신호위반,건조,맑음,교차로 - 교차로안,승용,남,40세,상해없음,승용,남,31세,경상
2012121700100433,2012년 12월 17일 21시,월요일,경상북도 포항시 남구 대잠동,경상사고,0,0,1,0,차대사람 - 기타,안전운전불이행,건조,맑음,교차로 - 교차로안,승용,여,37세,상해없음,보행자,여,56세,경상
2012121700100462,2012년 12월 17일 22시,월요일,경상북도 영덕군 강구면,경상사고,0,0,1,0,차대차 - 추돌 - 주정차중,안전운전불이행,건조,맑음,단일로 - 기타,승용,남,25세,상해없음,승용,남,28세,경상
2012121700100463,2012년 12월 17일 22시,월요일,경상북도 포항시 남구 대잠동,중상사고,0,1,0,0,차대사람 - 횡단중,안전운전불이행,건조,맑음,단일로 - 기타,승용,남,29세,상해없음,보행자,여,14세,중상
2012121700100491,2012년 12월 17일 23시,월요일,경상북도 포항시 북구 용흥동,경상사고,0,0,1,0,차대차 - 기타,안전운전불이행,건조,맑음,단일로 - 기타,승용,남,49세,상해없음,승용,남,41세,경상
2012121700100492,2012년 12월 17일 23시,월요일,경상북도 포항시 남구 대도동,부상신고사고,0,0,0,1,차대차 - 추돌 - 진행중,신호위반,건조,맑음,교차로 - 교차로안,승용,여,53세,상해없음,자전거,여,52세,부상신고
2012121700100493,2012년 12월 17일 23시,월요일,경상북도 포항시 남구 오천읍,중상사고,0,1,2,0,차대차 - 측면직각충돌,안전운전불이행,건조,맑음,단일로 - 기타,승용,남,49세,중상,승용,남,30세,경상
2012121800100031,2012년 12월 18일 01시,화요일,경상북도 구미시 옥계동,경상사고,0,0,1,0,차대차 - 기타,중앙선침범,건조,맑음,교차로 - 교차로부근,기타불명,기타불명,기타불명,기타불명,이륜,남,34세,경상
2012121800100047,2012년 12월 18일 03시,화요일,경상북도 포항시 북구 죽도동,경상사고,0,0,2,0,차대차 - 기타,안전운전불이행,건조,맑음,단일로 - 기타,승용,남,27세,상해없음,승용,남,68세,경상
2012121800100088,2012년 12월 18일 07시,화요일,경상북도 경주시 황성동,사망사고,1,0,0,0,차대차 - 측면직각충돌,안전운전불이행,건조,맑음,교차로 - 교차로부근,승용,여,30세,상해없음,자전거,남,69세,사망
2012121800100089,2012년 12월 18일 07시,화요일,경상북도 칠곡군 가산면,경상사고,0,0,1,0,차대차 - 추돌 - 진행중,신호위반,건조,맑음,교차로 - 교차로안,승용,여,19세,상해없음,승용,여,35세,경상
2012121800100150,2012년 12월 18일 10시,화요일,경상북도 경주시 하동,사망사고,1,0,0,0,차대차 - 측면직각충돌,안전운전불이행,건조,맑음,단일로 - 기타,승합,남,54세,상해없음,농기계,남,71세,사망
2012121800100151,2012년 12월 18일 10시,화요일,경상북도 성주군 성주읍,경상사고,0,0,1,0,차대차 - 추돌 - 진행중,안전운전불이행,건조,맑음,교차로 - 교차로안,화물,남,46세,상해없음,승용,여,55세,경상
2012121800100194,2012년 12월 18일 12시,화요일,경상북도 경산시 진량읍,경상사고,0,0,3,0,차대차 - 기타,중앙선침범,건조,맑음,단일로 - 기타,승용,여,36세,경상,승용,여,42세,경상
2012121800100211,2012년 12월 18일 13시,화요일,경상북도 영주시 평은면,사망사고,1,0,0,0,차량단독 - 도로외이탈 - 추락,안전운전불이행,건조,맑음,단일로 - 기타,건설기계,남,51세,사망,,,,
2012121800100212,2012년 12월 18일 13시,화요일,경상북도 경산시 조영동,경상사고,0,0,1,0,차대차 - 기타,안전운전불이행,건조,맑음,단일로 - 기타,승용,남,20세,상해없음,이륜,여,44세,경상
2012121800100236,2012년 12월 18일 14시,화요일,경상북도 포항시 북구 흥해읍,경상사고,0,0,1,0,차대차 - 측면직각충돌,교차로운행방법위반,건조,맑음,교차로 - 교차로부근,승용,여,52세,상해없음,승용,남,55세,경상
2012121800100262,2012년 12월 18일 15시,화요일,경상북도 구미시 원평동,경상사고,0,0,1,0,차대사람 - 횡단중,안전운전불이행,건조,맑음,교차로 - 교차로부근,이륜,남,74세,경상,보행자,남,16세,상해없음
2012121800100264,2012년 12월 18일 15시,화요일,경상북도 포항시 남구 오천읍,경상사고,0,0,1,0,차대차 - 기타,교차로운행방법위반,건조,맑음,교차로 - 교차로안,특수,남,42세,상해없음,승용,여,47세,경상
2012121800100319,2012년 12월 18일 17시,화요일,경상북도 김천시 개령면,경상사고,0,0,2,0,차대차 - 측면직각충돌,직진우회전진행방해,건조,맑음,교차로 - 교차로안,승용,여,30세,경상,화물,남,36세,경상
2012121800100320,2012년 12월 18일 17시,화요일,경상북도 문경시 모전동,경상사고,0,0,1,0,차대사람 - 횡단중,안전운전불이행,건조,맑음,교차로 - 교차로안,승용,남,34세,상해없음,보행자,남,14세,경상
2012121800100321,2012년 12월 18일 17시,화요일,경상북도 청송군 진보면,중상사고,0,1,0,0,차대사람 - 길가장자리구역통행중,안전운전불이행,건조,맑음,단일로 - 기타,승용,남,54세,상해없음,보행자,남,70세,중상
2012121800100322,2012년 12월 18일 17시,화요일,경상북도 포항시 남구 해도동,중상사고,0,1,0,0,차대사람 - 기타,안전운전불이행,건조,맑음,단일로 - 기타,원동기,남,32세,상해없음,보행자,여,72세,중상
2012121800100360,2012년 12월 18일 18시,화요일,경상북도 경주시 외동읍,경상사고,0,0,1,0,차대차 - 기타,안전운전불이행,건조,맑음,단일로 - 기타,승용,기타불명,기타불명,기타불명,승용,남,38세,경상
2012121800100361,2012년 12월 18일 18시,화요일,경상북도 경산시 하양읍,중상사고,0,1,0,0,차대차 - 기타,안전운전불이행,건조,맑음,교차로 - 교차로부근,승용,남,31세,상해없음,승용,남,47세,중상
2012121800100392,2012년 12월 18일 19시,화요일,경상북도 경산시 하양읍,경상사고,0,0,1,0,차대차 - 기타,교차로운행방법위반,건조,맑음,교차로 - 교차로안,승용,남,37세,상해없음,승합,남,48세,상해없음
2012121800100456,2012년 12월 18일 21시,화요일,경상북도 구미시 사곡동,경상사고,0,0,1,0,차대차 - 추돌 - 주정차중,안전운전불이행,건조,맑음,교차로 - 교차로부근,승용,남,29세,상해없음,승용,남,51세,경상
2012121800100457,2012년 12월 18일 21시,화요일,경상북도 구미시 구평동,경상사고,0,0,1,0,차대차 - 추돌 - 주정차중,안전운전불이행,건조,맑음,단일로 - 기타,승용,남,35세,상해없음,승용,남,51세,경상
2012121800100490,2012년 12월 18일 22시,화요일,경상북도 포항시 북구 양덕동,경상사고,0,0,1,0,차량단독 - 공작물충돌,안전운전불이행,건조,맑음,단일로 - 기타,승용,남,22세,경상,,,,
2012121800100515,2012년 12월 18일 23시,화요일,경상북도 안동시 정상동,경상사고,0,0,1,0,차량단독 - 도로외이탈 - 추락,안전운전불이행,건조,맑음,교차로 - 교차로부근,승용,여,41세,경상,,,,
2012121800100516,2012년 12월 18일 23시,화요일,경상북도 경산시 진량읍,중상사고,0,1,0,0,차대차 - 기타,안전거리미확보,건조,맑음,단일로 - 기타,승용,남,52세,상해없음,승용,여,22세,중상
2012121800100517,2012년 12월 18일 23시,화요일,경상북도 구미시 구평동,경상사고,0,0,2,0,차대차 - 추돌 - 주정차중,안전운전불이행,건조,맑음,단일로 - 기타,승용,남,28세,상해없음,승용,남,52세,경상
2012121800100518,2012년 12월 18일 23시,화요일,경상북도 구미시 황상동,경상사고,0,0,1,0,차대사람 - 기타,안전운전불이행,건조,맑음,교차로 - 교차로부근,승용,남,27세,상해없음,보행자,여,37세,경상
2012121900100018,2012년 12월 19일 00시,수요일,경상북도 포항시 북구 대흥동,경상사고,0,0,1,0,차대차 - 측면직각충돌,안전운전불이행,건조,맑음,단일로 - 기타,승용,남,35세,상해없음,승용,남,37세,경상
2012121900100039,2012년 12월 19일 01시,수요일,경상북도 경주시 천북면,경상사고,0,0,1,0,차대차 - 기타,안전운전불이행,건조,맑음,단일로 - 기타,승용,남,66세,상해없음,승용,남,32세,경상
2012121900100040,2012년 12월 19일 01시,수요일,경상북도 포항시 남구 송도동,경상사고,0,0,2,0,차대차 - 측면직각충돌,안전운전불이행,건조,맑음,교차로 - 교차로안,승용,남,23세,상해없음,승용,남,25세,상해없음
2012121900100054,2012년 12월 19일 02시,수요일,경상북도 구미시 고아읍,중상사고,0,3,2,0,차대차 - 기타,안전운전불이행,건조,맑음,단일로 - 기타,승용,남,27세,중상,승용,남,39세,상해없음
2012121900100055,2012년 12월 19일 02시,수요일,경상북도 구미시 진평동,경상사고,0,0,2,0,차대차 - 측면직각충돌,안전운전불이행,건조,맑음,교차로 - 교차로부근,승용,남,29세,상해없음,승용,남,27세,경상
2012121900100056,2012년 12월 19일 02시,수요일,경상북도 포항시 남구 괴동동,중상사고,0,1,2,0,차대차 - 측면직각충돌,안전운전불이행,건조,맑음,단일로 - 기타,승용,남,43세,중상,건설기계,남,39세,상해없음
2012121900100089,2012년 12월 19일 05시,수요일,경상북도 경주시 보문동,부상신고사고,0,0,0,1,차량단독 - 공작물충돌,안전운전불이행,건조,맑음,교차로 - 교차로부근,승용,남,23세,부상신고,,,,
2012121900100102,2012년 12월 19일 06시,수요일,경상북도 포항시 북구 송라면,중상사고,0,1,0,0,차대사람 - 기타,안전운전불이행,건조,맑음,단일로 - 기타,원동기,남,64세,상해없음,보행자,남,76세,중상
2012121900100114,2012년 12월 19일 07시,수요일,경상북도 안동시 운흥동,경상사고,0,0,1,0,차대차 - 측면직각충돌,안전운전불이행,건조,맑음,교차로 - 교차로안,승용,남,65세,상해없음,승용,남,36세,경상
2012121900100124,2012년 12월 19일 08시,수요일,경상북도 구미시 시미동,경상사고,0,0,1,0,차대차 - 기타,안전운전불이행,건조,맑음,단일로 - 기타,승용,남,35세,상해없음,승용,남,33세,경상
2012121900100176,2012년 12월 19일 11시,수요일,경상북도 포항시 남구 구룡포읍,경상사고,0,0,2,0,차대차 - 측면직각충돌,중앙선침범,건조,맑음,단일로 - 기타,화물,남,71세,상해없음,승합,남,48세,경상
2012121900100201,2012년 12월 19일 12시,수요일,경상북도 고령군 개진면,중상사고,0,1,4,0,차대차 - 측면직각충돌,교차로운행방법위반,건조,맑음,교차로 - 교차로안,승용,남,37세,경상,승용,남,44세,경상
2012121900100202,2012년 12월 19일 12시,수요일,경상북도 포항시 남구 상도동,경상사고,0,0,1,0,차대차 - 측면직각충돌,중앙선침범,건조,맑음,교차로 - 교차로부근,승용,남,51세,상해없음,원동기,남,25세,경상
2012121900100223,2012년 12월 19일 13시,수요일,경상북도 포항시 북구 대신동,경상사고,0,0,1,0,차대차 - 측면직각충돌,기타,건조,맑음,단일로 - 기타,승용,남,61세,상해없음,원동기,남,27세,경상
2012121900100224,2012년 12월 19일 13시,수요일,경상북도 안동시 용상동,사망사고,1,0,0,0,차대사람 - 차도통행중,안전운전불이행,건조,맑음,단일로 - 기타,승용,남,33세,상해없음,보행자,여,72세,사망
2012121900100225,2012년 12월 19일 13시,수요일,경상북도 영천시 도동,경상사고,0,0,1,0,차대차 - 기타,신호위반,건조,맑음,교차로 - 교차로안,승용,남,63세,상해없음,농기계,남,57세,경상
2012121900100226,2012년 12월 19일 13시,수요일,경상북도 구미시 원평동,중상사고,0,1,1,0,차대차 - 기타,안전운전불이행,건조,맑음,교차로 - 교차로부근,승용,여,53세,경상,화물,남,36세,중상
2012121900100274,2012년 12월 19일 15시,수요일,경상북도 경주시 배반동,경상사고,0,0,1,1,차대차 - 추돌 - 주정차중,안전운전불이행,건조,맑음,교차로 - 교차로부근,승용,남,41세,상해없음,승용,남,37세,상해없음
2012121900100275,2012년 12월 19일 15시,수요일,경상북도 김천시 평화동,경상사고,0,0,1,0,차대차 - 측면직각충돌,교차로운행방법위반,건조,맑음,교차로 - 교차로안,승용,여,22세,상해없음,화물,남,46세,경상
2012121900100303,2012년 12월 19일 16시,수요일,경상북도 포항시 남구 구룡포읍,경상사고,0,0,1,0,차대차 - 측면직각충돌,안전운전불이행,건조,맑음,교차로 - 교차로부근,원동기,남,18세,상해없음,화물,남,50세,상해없음
2012121900100304,2012년 12월 19일 16시,수요일,경상북도 경산시 하양읍,중상사고,0,1,1,0,차대차 - 추돌 - 진행중,안전운전불이행,건조,맑음,단일로 - 기타,승용,남,56세,경상,화물,남,56세,중상
2012121900100359,2012년 12월 19일 18시,수요일,경상북도 경주시 황오동,경상사고,0,0,1,0,차대사람 - 기타,안전운전불이행,건조,맑음,단일로 - 기타,자전거,남,10세,상해없음,보행자,여,53세,경상
2012121900100360,2012년 12월 19일 18시,수요일,경상북도 칠곡군 북삼읍,부상신고사고,0,0,0,1,차량단독 - 공작물충돌,안전운전불이행,건조,맑음,단일로 - 기타,화물,남,55세,부상신고,,,,
2012121900100361,2012년 12월 19일 18시,수요일,경상북도 문경시 모전동,중상사고,0,1,1,0,차대사람 - 횡단중,안전운전불이행,건조,기타,교차로 - 교차로부근,원동기,남,16세,경상,보행자,남,50세,중상
2012121900100362,2012년 12월 19일 18시,수요일,경상북도 봉화군 봉화읍,중상사고,0,1,0,0,차대사람 - 횡단중,안전운전불이행,건조,맑음,단일로 - 기타,승용,남,53세,상해없음,보행자,여,54세,중상
2012121900100363,2012년 12월 19일 18시,수요일,경상북도 포항시 남구 동촌동,중상사고,0,1,0,0,차대사람 - 기타,안전운전불이행,건조,맑음,교차로 - 교차로안,승용,남,26세,상해없음,보행자,여,50세,중상
2012121900100389,2012년 12월 19일 19시,수요일,경상북도 성주군 초전면,중상사고,0,1,0,0,차량단독 - 공작물충돌,안전운전불이행,건조,맑음,단일로 - 기타,화물,남,51세,중상,,,,
2012121900100390,2012년 12월 19일 19시,수요일,경상북도 구미시 산동면,경상사고,0,0,1,0,차대차 - 기타,안전운전불이행,건조,맑음,기타 - 기타,승용,여,42세,상해없음,승용,여,36세,경상
2012121900100418,2012년 12월 19일 20시,수요일,경상북도 김천시 신음동,경상사고,0,0,1,0,차대차 - 측면직각충돌,안전운전불이행,건조,맑음,단일로 - 기타,이륜,남,17세,상해없음,이륜,남,18세,경상
2012121900100419,2012년 12월 19일 20시,수요일,경상북도 영덕군 축산면,중상사고,0,1,0,0,차대사람 - 기타,안전운전불이행,건조,맑음,단일로 - 기타,승용,남,22세,상해없음,보행자,남,59세,중상
2012121900100481,2012년 12월 19일 23시,수요일,경상북도 구미시 인의동,중상사고,0,3,2,0,차대차 - 기타,안전운전불이행,건조,맑음,교차로 - 교차로부근,승용,남,23세,중상,승용,남,51세,중상
2012121900100482,2012년 12월 19일 23시,수요일,경상북도 구미시 신평동,경상사고,0,0,1,0,차대차 - 기타,교차로운행방법위반,건조,맑음,교차로 - 교차로안,승용,남,63세,상해없음,이륜,남,43세,경상
2012122000100021,2012년 12월 20일 01시,목요일,경상북도 경산시 진량읍,경상사고,0,0,1,0,차대차 - 기타,안전운전불이행,건조,맑음,교차로 - 교차로안,승용,남,51세,기타불명,승용,남,39세,경상
2012122000100041,2012년 12월 20일 03시,목요일,경상북도 경주시 외동읍,중상사고,0,1,0,0,차대차 - 기타,안전운전불이행,건조,맑음,단일로 - 기타,화물,남,49세,중상,화물,남,54세,상해없음
2012122000100057,2012년 12월 20일 05시,목요일,경상북도 안동시 법흥동,사망사고,1,8,6,1,차대차 - 측면직각충돌,과속,건조,맑음,교차로 - 교차로안,승용,남,23세,중상,승합,남,50세,경상
2012122000100114,2012년 12월 20일 08시,목요일,경상북도 포항시 북구 죽도동,경상사고,0,0,1,0,차대차 - 기타,신호위반,건조,맑음,단일로 - 기타,승용,남,30세,상해없음,자전거,여,22세,경상
2012122000100115,2012년 12월 20일 08시,목요일,경상북도 영주시 봉현면,중상사고,0,1,1,0,차량단독 - 공작물충돌,안전운전불이행,건조,맑음,교차로 - 교차로안,승용,남,67세,중상,,,,
2012122000100116,2012년 12월 20일 08시,목요일,경상북도 영천시 금노동,경상사고,0,0,2,0,차대차 - 측면직각충돌,신호위반,건조,맑음,교차로 - 교차로안,승용,남,56세,상해없음,승용,남,32세,경상
2012122000100139,2012년 12월 20일 09시,목요일,경상북도 의성군 안평면,중상사고,0,1,0,0,차량단독 - 공작물충돌,안전운전불이행,건조,맑음,단일로 - 기타,화물,남,68세,상해없음,,,,
2012122000100155,2012년 12월 20일 10시,목요일,경상북도 울진군 울진읍,중상사고,0,1,0,0,차대차 - 정면충돌,직진우회전진행방해,건조,맑음,교차로 - 교차로안,승용,여,33세,상해없음,원동기,남,73세,중상
2012122000100198,2012년 12월 20일 12시,목요일,경상북도 포항시 북구 창포동,경상사고,0,0,2,0,차대차 - 측면직각충돌,교차로운행방법위반,건조,맑음,교차로 - 교차로안,승용,남,52세,상해없음,승용,여,55세,경상
2012122000100214,2012년 12월 20일 13시,목요일,경상북도 안동시 태화동,경상사고,0,0,1,0,차대차 - 측면직각충돌,안전운전불이행,건조,맑음,교차로 - 교차로부근,이륜,남,75세,경상,화물,남,35세,상해없음
2012122000100215,2012년 12월 20일 13시,목요일,경상북도 안동시 수상동,중상사고,0,1,2,0,차대차 - 측면직각충돌,차로위반,건조,맑음,기타 - 기타,승용,여,37세,경상,건설기계,남,45세,중상
2012122000100235,2012년 12월 20일 14시,목요일,경상북도 경주시 감포읍,중상사고,0,1,0,0,차대사람 - 차도통행중,안전운전불이행,건조,맑음,단일로 - 기타,승용,남,40세,상해없음,보행자,여,48세,중상
2012122000100236,2012년 12월 20일 14시,목요일,경상북도 포항시 북구 장성동,경상사고,0,0,2,0,차대차 - 측면직각충돌,교차로운행방법위반,건조,맑음,교차로 - 교차로안,승용,여,37세,상해없음,승용,남,42세,경상
2012122000100237,2012년 12월 20일 14시,목요일,경상북도 구미시 남통동,경상사고,0,0,1,0,차대차 - 측면직각충돌,안전운전불이행,건조,맑음,교차로 - 교차로부근,승용,남,72세,상해없음,이륜,남,38세,경상
2012122000100254,2012년 12월 20일 15시,목요일,경상북도 영덕군 병곡면,중상사고,0,1,2,0,차대차 - 측면직각충돌,안전운전불이행,건조,맑음,교차로 - 교차로안,승용,남,76세,경상,승용,남,71세,경상
2012122000100255,2012년 12월 20일 15시,목요일,경상북도 청송군 진보면,사망사고,1,0,0,0,차대차 - 정면충돌,중앙선침범,건조,맑음,단일로 - 기타,승용,남,39세,상해없음,원동기,남,69세,사망
2012122000100256,2012년 12월 20일 15시,목요일,경상북도 구미시 진평동,중상사고,0,1,0,0,차대차 - 측면직각충돌,신호위반,건조,맑음,교차로 - 교차로안,승용,남,26세,상해없음,승용,여,31세,중상
2012122000100314,2012년 12월 20일 17시,목요일,경상북도 안동시 법상동,경상사고,0,0,1,0,차대사람 - 기타,안전운전불이행,건조,맑음,단일로 - 기타,기타불명,기타불명,기타불명,기타불명,보행자,여,13세,경상
2012122000100351,2012년 12월 20일 18시,목요일,경상북도 영천시 금노동,중상사고,0,1,2,0,차대차 - 추돌 - 진행중,안전거리미확보,건조,맑음,단일로 - 기타,승용,여,56세,중상,승용,여,57세,경상
2012122000100352,2012년 12월 20일 18시,목요일,경상북도 구미시 공단동,경상사고,0,0,1,0,차대차 - 기타,안전운전불이행,건조,맑음,단일로 - 기타,화물,남,45세,상해없음,자전거,남,48세,경상
2012122000100353,2012년 12월 20일 18시,목요일,경상북도 포항시 남구 오천읍,경상사고,0,0,1,0,차대사람 - 기타,안전운전불이행,건조,맑음,교차로 - 교차로안,승용,남,32세,상해없음,보행자,여,67세,경상
2012122000100354,2012년 12월 20일 18시,목요일,경상북도 포항시 남구 해도동,경상사고,0,0,1,0,차대차 - 추돌 - 진행중,직진우회전진행방해,건조,맑음,교차로 - 교차로부근,승용,남,70세,상해없음,승용,남,23세,경상
2012122000100435,2012년 12월 20일 21시,목요일,경상북도 경주시 서부동,경상사고,0,0,2,0,차대차 - 기타,안전운전불이행,건조,맑음,교차로 - 교차로안,승용,남,40세,상해없음,승용,남,31세,상해없음
2012122000100436,2012년 12월 20일 21시,목요일,경상북도 포항시 북구 장성동,중상사고,0,1,0,0,차대차 - 기타,중앙선침범,건조,맑음,단일로 - 기타,승용,남,30세,상해없음,원동기,남,19세,중상
2012122000100437,2012년 12월 20일 21시,목요일,경상북도 포항시 북구 창포동,중상사고,0,1,2,0,차대차 - 기타,안전운전불이행,건조,맑음,교차로 - 교차로안,승용,남,24세,상해없음,승용,남,27세,경상
2012122000100438,2012년 12월 20일 21시,목요일,경상북도 포항시 북구 두호동,중상사고,0,1,0,0,차대차 - 측면직각충돌,신호위반,건조,맑음,교차로 - 교차로안,승용,여,54세,상해없음,승용,여,52세,중상
2012122000100439,2012년 12월 20일 21시,목요일,경상북도 포항시 북구 장성동,중상사고,0,1,0,0,차대차 - 추돌 - 진행중,안전운전불이행,건조,맑음,단일로 - 기타,승용,남,35세,상해없음,원동기,남,43세,중상
2012122000100440,2012년 12월 20일 21시,목요일,경상북도 영천시 화남면,경상사고,0,0,1,0,차량단독 - 기타,안전운전불이행,건조,맑음,단일로 - 기타,승용,남,48세,경상,,,,
2012122000100441,2012년 12월 20일 21시,목요일,경상북도 구미시 진평동,부상신고사고,0,0,0,1,차대차 - 기타,중앙선침범,건조,흐림,단일로 - 기타,이륜,남,25세,부상신고,승용,남,30세,상해없음
2012122000100463,2012년 12월 20일 22시,목요일,경상북도 경주시 외동읍,경상사고,0,0,1,0,차대차 - 기타,안전운전불이행,건조,맑음,단일로 - 기타,승용,남,38세,상해없음,승용,여,27세,경상
2012122000100464,2012년 12월 20일 22시,목요일,경상북도 구미시 공단동,경상사고,0,0,1,0,차대차 - 기타,안전운전불이행,건조,맑음,단일로 - 기타,승용,남,44세,기타불명,승용,여,56세,경상
2012122000100495,2012년 12월 20일 23시,목요일,경상북도 경산시 진량읍,중상사고,0,1,0,0,차대사람 - 횡단중,안전운전불이행,건조,흐림,단일로 - 기타,승용,여,35세,상해없음,보행자,남,30세,중상
2012122100100009,2012년 12월 21일 00시,금요일,경상북도 영천시 화남면,중상사고,0,1,0,1,차량단독 - 공작물충돌,안전운전불이행,건조,맑음,단일로 - 기타,승용,남,36세,부상신고,,,,
2012122100100010,2012년 12월 21일 00시,금요일,경상북도 청도군 청도읍,경상사고,0,0,1,0,차량단독 - 공작물충돌,안전운전불이행,건조,맑음,교차로 - 교차로안,화물,남,52세,경상,,,,
2012122100100011,2012년 12월 21일 00시,금요일,경상북도 구미시 공단동,중상사고,0,1,0,1,차대차 - 추돌 - 주정차중,안전운전불이행,건조,맑음,교차로 - 교차로부근,승용,남,27세,부상신고,승용,남,43세,중상
2012122100100033,2012년 12월 21일 01시,금요일,경상북도 포항시 남구 오천읍,경상사고,0,0,1,0,차대차 - 추돌 - 진행중,중앙선침범,건조,맑음,단일로 - 기타,승용,남,26세,상해없음,승용,남,64세,경상
2012122100100055,2012년 12월 21일 03시,금요일,경상북도 포항시 북구 죽도동,중상사고,0,1,1,0,차대차 - 기타,신호위반,건조,맑음,교차로 - 교차로안,승용,남,27세,상해없음,승용,남,60세,중상
2012122100100090,2012년 12월 21일 06시,금요일,경상북도 포항시 남구 이동,부상신고사고,0,0,0,1,차대사람 - 기타,안전운전불이행,건조,맑음,교차로 - 교차로부근,화물,남,55세,상해없음,보행자,남,37세,부상신고
2012122100100114,2012년 12월 21일 07시,금요일,경상북도 경주시 덕동,중상사고,0,2,1,0,차대차 - 측면직각충돌,중앙선침범,결빙,눈,단일로 - 기타,화물,남,43세,상해없음,승용,남,31세,경상
2012122100100115,2012년 12월 21일 07시,금요일,경상북도 경주시 황용동,중상사고,0,2,0,0,차대차 - 측면직각충돌,중앙선침범,결빙,비,단일로 - 기타,화물,남,61세,중상,화물,남,41세,중상
2012122100100116,2012년 12월 21일 07시,금요일,경상북도 경주시 시래동,부상신고사고,0,0,0,1,차대차 - 측면직각충돌,안전운전불이행,습기,비,단일로 - 기타,화물,남,27세,부상신고,승용,여,23세,상해없음
2012122100100151,2012년 12월 21일 08시,금요일,경상북도 경주시 보문동,중상사고,0,2,0,0,차대차 - 측면직각충돌,중앙선침범,습기,비,단일로 - 기타,승용,여,56세,중상,건설기계,남,41세,중상
2012122100100152,2012년 12월 21일 08시,금요일,경상북도 경주시 안강읍,경상사고,0,0,3,0,차대차 - 측면직각충돌,안전운전불이행,결빙,비,단일로 - 기타,승용,남,46세,경상,승용,여,42세,경상
2012122100100153,2012년 12월 21일 08시,금요일,경상북도 경주시 안강읍,중상사고,0,1,0,0,차대차 - 측면직각충돌,안전운전불이행,결빙,흐림,단일로 - 기타,화물,남,32세,상해없음,화물,남,54세,중상