사고번호,사고일시,요일,시군구,사고내용,사망자수,중상자수,경상자수,부상신고자수,사고유형,법규위반,노면상태,기상상태,도로형태,가해운전자 차종,가해운전자 성별,가해운전자 연령,가해운전자 상해정도,피해운전자 차종,피해운전자 성별,피해운전자 연령,피해운전자 상해정도
2012122100100154,2012년 12월 21일 08시,금요일,경상북도 경주시 보문동,중상사고,0,1,1,0,차대차 - 기타,안전운전불이행,결빙,비,단일로 - 기타,승용,남,30세,경상,승용,여,54세,중상
2012122100100155,2012년 12월 21일 08시,금요일,경상북도 경주시 안강읍,중상사고,0,1,0,0,차대차 - 측면직각충돌,안전운전불이행,결빙,비,단일로 - 기타,승용,남,57세,상해없음,승용,남,30세,중상
2012122100100156,2012년 12월 21일 08시,금요일,경상북도 경산시 정평동,경상사고,0,0,1,2,차대차 - 기타,교차로운행방법위반,결빙,눈,교차로 - 교차로부근,승용,여,31세,상해없음,승용,남,43세,경상
2012122100100157,2012년 12월 21일 08시,금요일,경상북도 울진군 울진읍,중상사고,0,1,1,0,차대차 - 측면직각충돌,교차로운행방법위반,건조,맑음,교차로 - 교차로안,승용,여,48세,경상,승용,여,50세,중상
2012122100100158,2012년 12월 21일 08시,금요일,경상북도 구미시 구포동,경상사고,0,0,1,1,차량단독 - 공작물충돌,안전운전불이행,결빙,눈,단일로 - 기타,승용,남,58세,부상신고,,,,
2012122100100159,2012년 12월 21일 08시,금요일,경상북도 구미시 원평동,중상사고,0,1,0,0,차대사람 - 기타,신호위반,적설,눈,단일로 - 기타,승용,남,42세,상해없음,보행자,남,22세,중상
2012122100100200,2012년 12월 21일 09시,금요일,경상북도 경주시 안강읍,부상신고사고,0,0,0,2,차량단독 - 공작물충돌,안전운전불이행,결빙,눈,단일로 - 기타,화물,남,72세,부상신고,,,,
2012122100100201,2012년 12월 21일 09시,금요일,경상북도 경주시 안강읍,경상사고,0,0,1,0,차대차 - 추돌 - 주정차중,안전운전불이행,결빙,비,단일로 - 기타,화물,남,52세,상해없음,승용,여,54세,경상
2012122100100202,2012년 12월 21일 09시,금요일,경상북도 경주시 안강읍,경상사고,0,0,1,1,차대차 - 측면직각충돌,안전운전불이행,결빙,비,단일로 - 기타,승용,여,39세,경상,승용,여,39세,부상신고
2012122100100203,2012년 12월 21일 09시,금요일,경상북도 경주시 안강읍,경상사고,0,0,2,0,차대차 - 기타,안전운전불이행,결빙,흐림,단일로 - 교량,승용,여,58세,경상,승용,남,39세,경상
2012122100100204,2012년 12월 21일 09시,금요일,경상북도 영천시 청통면,중상사고,0,2,0,1,차대차 - 정면충돌,중앙선침범,결빙,눈,단일로 - 기타,승용,여,19세,상해없음,화물,남,53세,중상
2012122100100205,2012년 12월 21일 09시,금요일,경상북도 영천시 청통면,경상사고,0,0,1,0,차대차 - 추돌 - 진행중,안전운전불이행,결빙,눈,단일로 - 기타,승합,남,20세,기타불명,화물,남,52세,경상
2012122100100206,2012년 12월 21일 09시,금요일,경상북도 경산시 남산면,중상사고,0,3,1,0,차대차 - 기타,안전운전불이행,결빙,눈,단일로 - 기타,화물,남,68세,경상,화물,남,31세,중상
2012122100100207,2012년 12월 21일 09시,금요일,경상북도 포항시 남구 오천읍,경상사고,0,0,1,0,차대차 - 측면직각충돌,안전운전불이행,건조,맑음,교차로 - 교차로안,승용,여,63세,상해없음,승용,남,58세,경상
2012122100100209,2012년 12월 21일 09시,금요일,경상북도 청도군 청도읍,경상사고,0,0,2,0,차대차 - 추돌 - 진행중,안전운전불이행,결빙,눈,단일로 - 기타,승용,남,48세,상해없음,승용,남,59세,경상
2012122100100210,2012년 12월 21일 09시,금요일,경상북도 청도군 청도읍,중상사고,0,1,0,0,차대차 - 추돌 - 진행중,안전운전불이행,결빙,눈,단일로 - 기타,승용,남,38세,상해없음,화물,여,54세,중상
2012122100100233,2012년 12월 21일 10시,금요일,경상북도 경주시 건천읍,중상사고,0,1,2,0,차대차 - 측면직각충돌,안전운전불이행,결빙,눈,단일로 - 기타,승용,여,35세,중상,승용,남,66세,경상
2012122100100234,2012년 12월 21일 10시,금요일,경상북도 영천시 도림동,중상사고,0,1,0,0,차대차 - 추돌 - 진행중,안전운전불이행,결빙,눈,단일로 - 기타,승합,남,55세,기타불명,화물,남,48세,중상
2012122100100235,2012년 12월 21일 10시,금요일,경상북도 영천시 완산동,부상신고사고,0,0,0,1,차량단독 - 기타,기타,건조,맑음,단일로 - 기타,승합,남,53세,상해없음,,,,
2012122100100236,2012년 12월 21일 10시,금요일,경상북도 성주군 수륜면,중상사고,0,2,2,0,차대차 - 추돌 - 주정차중,안전운전불이행,결빙,눈,단일로 - 기타,승합,남,36세,경상,화물,남,34세,경상
2012122100100283,2012년 12월 21일 11시,금요일,경상북도 안동시 삼산동,중상사고,0,1,0,0,차대사람 - 횡단중,보행자보호의무위반,습기,눈,교차로 - 교차로부근,승용,남,64세,상해없음,보행자,여,71세,중상
2012122100100284,2012년 12월 21일 11시,금요일,경상북도 상주시 공성면,경상사고,0,0,1,0,차대차 - 기타,교차로운행방법위반,적설,눈,교차로 - 교차로안,승용,남,29세,상해없음,화물,남,58세,경상
2012122100100326,2012년 12월 21일 12시,금요일,경상북도 안동시 임하면,경상사고,0,0,6,0,차대차 - 측면직각충돌,안전운전불이행,결빙,눈,단일로 - 기타,승용,여,43세,상해없음,승용,남,32세,경상
2012122100100327,2012년 12월 21일 12시,금요일,경상북도 안동시 천리동,중상사고,0,1,1,0,차대차 - 측면직각충돌,직진우회전진행방해,적설,눈,교차로 - 교차로안,승용,여,24세,경상,승용,남,39세,중상
2012122100100328,2012년 12월 21일 12시,금요일,경상북도 칠곡군 지천면,경상사고,0,0,2,1,차대차 - 추돌 - 진행중,안전운전불이행,적설,눈,단일로 - 기타,화물,남,52세,부상신고,승용,남,26세,경상
2012122100100329,2012년 12월 21일 12시,금요일,경상북도 예천군 예천읍,중상사고,0,1,0,0,차대차 - 기타,안전운전불이행,적설,눈,단일로 - 기타,화물,기타불명,기타불명,기타불명,승용,남,33세,중상
2012122100100330,2012년 12월 21일 12시,금요일,경상북도 봉화군 재산면,중상사고,0,1,0,0,차량단독 - 전도전복,안전운전불이행,결빙,눈,단일로 - 기타,승용,남,33세,중상,,,,
2012122100100331,2012년 12월 21일 12시,금요일,경상북도 구미시 공단동,경상사고,0,0,1,0,차대차 - 측면직각충돌,안전운전불이행,결빙,눈,교차로 - 교차로안,승용,남,44세,상해없음,화물,남,49세,경상
2012122100100332,2012년 12월 21일 12시,금요일,경상북도 구미시 옥계동,경상사고,0,0,1,0,차대차 - 기타,안전운전불이행,결빙,눈,단일로 - 기타,화물,남,61세,상해없음,승용,남,31세,경상
2012122100100333,2012년 12월 21일 12시,금요일,경상북도 칠곡군 석적읍,중상사고,0,1,0,0,차대차 - 추돌 - 진행중,안전운전불이행,결빙,눈,단일로 - 기타,승용,남,38세,기타불명,화물,남,51세,중상
2012122100100334,2012년 12월 21일 12시,금요일,경상북도 군위군 군위읍,경상사고,0,0,1,0,차대차 - 기타,안전운전불이행,결빙,눈,단일로 - 기타,승용,남,45세,상해없음,화물,남,55세,경상
2012122100100367,2012년 12월 21일 13시,금요일,경상북도 포항시 북구 득량동,경상사고,0,0,1,0,차대차 - 측면직각충돌,안전운전불이행,건조,맑음,단일로 - 기타,승용,남,46세,상해없음,승용,남,47세,상해없음
2012122100100368,2012년 12월 21일 13시,금요일,경상북도 안동시 서후면,경상사고,0,0,1,0,차대차 - 측면직각충돌,안전운전불이행,적설,눈,단일로 - 기타,승용,남,36세,상해없음,승용,남,70세,경상
2012122100100369,2012년 12월 21일 13시,금요일,경상북도 칠곡군 석적읍,경상사고,0,0,1,0,차대차 - 추돌 - 진행중,안전운전불이행,결빙,눈,교차로 - 교차로안,승용,남,46세,상해없음,승용,남,33세,경상
2012122100100385,2012년 12월 21일 14시,금요일,경상북도 김천시 아포읍,경상사고,0,0,1,0,차대사람 - 기타,안전운전불이행,적설,눈,단일로 - 기타,승용,여,53세,상해없음,보행자,여,67세,경상
2012122100100386,2012년 12월 21일 14시,금요일,경상북도 예천군 용문면,중상사고,0,1,1,0,차대차 - 기타,안전운전불이행,적설,눈,단일로 - 기타,승용,남,25세,상해없음,승용,남,30세,중상
2012122100100410,2012년 12월 21일 15시,금요일,경상북도 포항시 북구 죽도동,중상사고,0,1,0,0,차대사람 - 기타,안전운전불이행,습기,비,단일로 - 기타,승용,남,58세,상해없음,보행자,남,59세,중상
2012122100100411,2012년 12월 21일 15시,금요일,경상북도 상주시 함창읍,경상사고,0,0,1,0,차대차 - 추돌 - 주정차중,안전운전불이행,결빙,눈,단일로 - 기타,승합,남,37세,상해없음,승용,여,47세,경상
2012122100100412,2012년 12월 21일 15시,금요일,경상북도 군위군 군위읍,중상사고,0,2,0,0,차대차 - 추돌 - 진행중,안전운전불이행,적설,눈,단일로 - 기타,화물,남,53세,중상,화물,남,43세,상해없음
2012122100100428,2012년 12월 21일 16시,금요일,경상북도 구미시 지산동,경상사고,0,0,1,0,차대차 - 측면직각충돌,안전운전불이행,결빙,흐림,단일로 - 기타,화물,남,48세,상해없음,승용,남,32세,경상
2012122100100429,2012년 12월 21일 16시,금요일,경상북도 고령군 성산면,경상사고,0,0,1,0,차대차 - 측면직각충돌,안전거리미확보,적설,눈,단일로 - 기타,화물,남,43세,상해없음,승용,여,45세,경상
2012122100100455,2012년 12월 21일 17시,금요일,경상북도 구미시 남통동,경상사고,0,0,1,0,차대차 - 측면직각충돌,안전운전불이행,결빙,흐림,단일로 - 기타,승용,남,54세,상해없음,승용,남,26세,경상
2012122100100495,2012년 12월 21일 18시,금요일,경상북도 경주시 성동동,경상사고,0,0,1,0,차대차 - 기타,안전운전불이행,습기,비,단일로 - 기타,승용,남,44세,상해없음,원동기,남,22세,경상
2012122100100496,2012년 12월 21일 18시,금요일,경상북도 성주군 대가면,사망사고,1,0,0,0,차대사람 - 기타,안전운전불이행,결빙,눈,단일로 - 기타,승용,남,40세,상해없음,보행자,여,54세,사망
2012122100100522,2012년 12월 21일 19시,금요일,경상북도 경주시 안강읍,중상사고,0,1,1,0,차대차 - 추돌 - 주정차중,안전운전불이행,습기,비,단일로 - 기타,특수,남,54세,상해없음,화물,남,50세,경상
2012122100100523,2012년 12월 21일 19시,금요일,경상북도 경주시 황오동,중상사고,0,2,0,0,차대사람 - 기타,안전운전불이행,습기,비,단일로 - 기타,승용,남,58세,상해없음,보행자,남,39세,중상
2012122100100524,2012년 12월 21일 19시,금요일,경상북도 경주시 건천읍,중상사고,0,1,0,0,차대차 - 기타,안전운전불이행,건조,맑음,교차로 - 교차로안,화물,남,51세,상해없음,승용,여,71세,중상
2012122100100525,2012년 12월 21일 19시,금요일,경상북도 영덕군 축산면,중상사고,0,2,0,0,차대차 - 추돌 - 주정차중,안전운전불이행,습기,비,기타 - 기타,화물,남,59세,중상,화물,남,54세,상해없음
2012122100100526,2012년 12월 21일 19시,금요일,경상북도 울진군 후포면,중상사고,0,1,0,0,차대차 - 정면충돌,중앙선침범,습기,흐림,단일로 - 기타,원동기,남,59세,중상,승용,남,54세,상해없음
2012122100100590,2012년 12월 21일 21시,금요일,경상북도 군위군 군위읍,경상사고,0,0,2,0,차대차 - 추돌 - 주정차중,안전운전불이행,결빙,눈,단일로 - 기타,화물,남,35세,상해없음,화물,남,48세,경상
2012122100100622,2012년 12월 21일 22시,금요일,경상북도 구미시 형곡동,경상사고,0,0,1,0,차대차 - 측면직각충돌,안전운전불이행,적설,눈,단일로 - 기타,승용,여,35세,상해없음,승용,남,37세,경상
2012122100100662,2012년 12월 21일 23시,금요일,경상북도 포항시 북구 두호동,경상사고,0,0,1,0,차대사람 - 횡단중,보행자보호의무위반,건조,맑음,교차로 - 교차로안,승용,여,47세,상해없음,보행자,남,41세,경상
2012122100100663,2012년 12월 21일 23시,금요일,경상북도 포항시 남구 이동,경상사고,0,0,1,0,차대차 - 측면직각충돌,교차로운행방법위반,건조,맑음,교차로 - 교차로안,승용,남,50세,상해없음,승용,여,45세,경상
2012122100100664,2012년 12월 21일 23시,금요일,경상북도 포항시 남구 연일읍,경상사고,0,0,1,0,차대차 - 측면직각충돌,교차로운행방법위반,습기,흐림,교차로 - 교차로부근,승용,남,29세,상해없음,승용,남,55세,경상
2012122200100019,2012년 12월 22일 00시,토요일,경상북도 포항시 남구 대잠동,중상사고,0,1,0,0,차대사람 - 횡단중,안전운전불이행,습기,흐림,교차로 - 교차로부근,승용,남,64세,상해없음,보행자,남,35세,중상
2012122200100052,2012년 12월 22일 01시,토요일,경상북도 포항시 북구 덕수동,중상사고,0,1,2,0,차대차 - 기타,안전운전불이행,건조,맑음,단일로 - 기타,승용,여,43세,상해없음,승용,남,37세,중상
2012122200100053,2012년 12월 22일 01시,토요일,경상북도 구미시 고아읍,경상사고,0,0,1,0,차대사람 - 기타,안전운전불이행,적설,눈,단일로 - 기타,승용,남,60세,상해없음,보행자,남,47세,경상
2012122200100092,2012년 12월 22일 03시,토요일,경상북도 구미시 공단동,중상사고,0,1,4,0,차대차 - 기타,안전운전불이행,결빙,흐림,교차로 - 교차로부근,승용,남,43세,상해없음,승용,남,65세,경상
2012122200100149,2012년 12월 22일 07시,토요일,경상북도 경주시 안강읍,부상신고사고,0,0,0,1,차량단독 - 공작물충돌,안전운전불이행,결빙,맑음,단일로 - 교량,화물,남,50세,부상신고,,,,
2012122200100150,2012년 12월 22일 07시,토요일,경상북도 경주시 건천읍,중상사고,0,1,0,0,차대차 - 측면직각충돌,안전운전불이행,결빙,흐림,단일로 - 기타,승용,여,31세,중상,승용,남,34세,상해없음
2012122200100170,2012년 12월 22일 08시,토요일,경상북도 봉화군 물야면,중상사고,0,1,0,0,차량단독 - 공작물충돌,안전운전불이행,결빙,맑음,단일로 - 기타,승용,남,74세,중상,,,,
2012122200100171,2012년 12월 22일 08시,토요일,경상북도 구미시 원평동,경상사고,0,0,1,0,차대차 - 기타,안전운전불이행,결빙,기타,교차로 - 교차로부근,승용,남,27세,상해없음,승용,여,51세,경상
2012122200100172,2012년 12월 22일 08시,토요일,경상북도 구미시 형곡동,경상사고,0,0,1,0,차대차 - 기타,안전운전불이행,결빙,눈,교차로 - 교차로안,승용,남,31세,기타불명,승용,남,46세,경상
2012122200100197,2012년 12월 22일 09시,토요일,경상북도 영주시 단산면,중상사고,0,3,0,0,차량단독 - 전도전복,안전운전불이행,결빙,맑음,단일로 - 기타,승합,남,81세,상해없음,,,,
2012122200100198,2012년 12월 22일 09시,토요일,경상북도 구미시 광평동,경상사고,0,0,2,0,차대차 - 기타,안전운전불이행,습기,맑음,교차로 - 교차로부근,승용,남,49세,상해없음,승용,남,58세,경상
2012122200100199,2012년 12월 22일 09시,토요일,경상북도 구미시 공단동,경상사고,0,0,2,0,차대차 - 기타,중앙선침범,결빙,맑음,단일로 - 기타,승용,남,50세,상해없음,승용,남,33세,상해없음
2012122200100200,2012년 12월 22일 09시,토요일,경상북도 포항시 남구 이동,경상사고,0,0,2,0,차대차 - 추돌 - 주정차중,안전운전불이행,건조,맑음,단일로 - 기타,승용,남,49세,상해없음,승용,여,53세,경상
2012122200100242,2012년 12월 22일 12시,토요일,경상북도 포항시 북구 흥해읍,중상사고,0,1,0,0,차대차 - 정면충돌,중앙선침범,건조,맑음,단일로 - 기타,승용,남,33세,상해없음,원동기,남,73세,중상
2012122200100259,2012년 12월 22일 13시,토요일,경상북도 경주시 황오동,중상사고,0,2,3,0,차대차 - 기타,안전운전불이행,건조,맑음,교차로 - 교차로안,승용,남,71세,경상,승용,남,63세,상해없음
2012122200100285,2012년 12월 22일 14시,토요일,경상북도 포항시 북구 기북면,경상사고,0,0,3,0,차대차 - 측면직각충돌,안전운전불이행,건조,맑음,단일로 - 기타,화물,남,53세,상해없음,승용,남,41세,경상
2012122200100286,2012년 12월 22일 14시,토요일,경상북도 상주시 화서면,사망사고,1,1,0,0,차대차 - 추돌 - 진행중,안전운전불이행,결빙,맑음,단일로 - 기타,승용,남,41세,상해없음,승용,남,28세,중상
2012122200100287,2012년 12월 22일 14시,토요일,경상북도 성주군 용암면,경상사고,0,0,1,0,차대차 - 측면직각충돌,직진우회전진행방해,결빙,흐림,교차로 - 교차로안,화물,남,42세,상해없음,승합,남,49세,경상
2012122200100314,2012년 12월 22일 15시,토요일,경상북도 청도군 청도읍,경상사고,0,0,1,0,차대차 - 기타,교차로운행방법위반,건조,흐림,교차로 - 교차로안,승용,남,70세,상해없음,이륜,남,67세,경상
2012122200100368,2012년 12월 22일 18시,토요일,경상북도 경주시 감포읍,중상사고,0,1,0,0,차량단독 - 기타,안전운전불이행,건조,맑음,단일로 - 기타,승합,남,54세,상해없음,,,,
2012122200100405,2012년 12월 22일 19시,토요일,경상북도 영천시 망정동,중상사고,0,1,0,0,차대사람 - 차도통행중,안전운전불이행,결빙,흐림,단일로 - 기타,화물,남,39세,상해없음,보행자,여,41세,중상
2012122200100406,2012년 12월 22일 19시,토요일,경상북도 예천군 예천읍,경상사고,0,0,1,0,차대차 - 기타,안전운전불이행,건조,맑음,단일로 - 기타,화물,남,56세,상해없음,승용,여,30세,경상
2012122200100407,2012년 12월 22일 19시,토요일,경상북도 구미시 사곡동,중상사고,0,1,0,0,차대차 - 정면충돌,신호위반,건조,맑음,교차로 - 교차로안,승용,남,28세,상해없음,승용,남,46세,중상
2012122200100463,2012년 12월 22일 21시,토요일,경상북도 김천시 감호동,경상사고,0,0,2,0,차대차 - 측면직각충돌,신호위반,건조,기타,교차로 - 교차로안,승용,남,54세,상해없음,승용,남,22세,경상
2012122200100491,2012년 12월 22일 22시,토요일,경상북도 포항시 북구 항구동,경상사고,0,0,1,0,차대차 - 기타,안전운전불이행,건조,맑음,교차로 - 교차로부근,승용,남,51세,상해없음,승용,남,24세,경상
2012122200100492,2012년 12월 22일 22시,토요일,경상북도 안동시 법흥동,경상사고,0,0,2,0,차대차 - 추돌 - 주정차중,안전운전불이행,건조,맑음,교차로 - 교차로안,승용,남,52세,상해없음,승용,남,26세,경상
2012122200100516,2012년 12월 22일 23시,토요일,경상북도 포항시 북구 죽도동,경상사고,0,0,1,0,차대차 - 추돌 - 주정차중,안전운전불이행,건조,맑음,교차로 - 교차로부근,승용,남,28세,상해없음,승용,남,39세,경상
2012122200100517,2012년 12월 22일 23시,토요일,경상북도 구미시 공단동,경상사고,0,0,1,0,차대차 - 기타,안전운전불이행,건조,맑음,기타 - 기타,기타불명,기타불명,기타불명,기타불명,승용,남,35세,경상
2012122300100092,2012년 12월 23일 04시,일요일,경상북도 포항시 북구 죽도동,경상사고,0,0,1,0,차대차 - 기타,신호위반,건조,맑음,교차로 - 교차로부근,승용,남,33세,상해없음,자전거,남,50세,경상
2012122300100169,2012년 12월 23일 11시,일요일,경상북도 포항시 북구 장성동,경상사고,0,0,1,0,차대차 - 기타,안전운전불이행,건조,맑음,교차로 - 교차로안,승합,여,60세,상해없음,승용,남,45세,상해없음
2012122300100170,2012년 12월 23일 11시,일요일,경상북도 구미시 인의동,경상사고,0,0,2,0,차대차 - 측면직각충돌,안전운전불이행,결빙,흐림,교차로 - 교차로부근,승용,남,32세,상해없음,화물,남,46세,경상
2012122300100171,2012년 12월 23일 11시,일요일,경상북도 김천시 아포읍,경상사고,0,0,3,0,차대차 - 추돌 - 진행중,안전운전불이행,건조,맑음,단일로 - 기타,승용,남,23세,상해없음,승용,남,33세,경상
2012122300100181,2012년 12월 23일 12시,일요일,경상북도 영주시 풍기읍,중상사고,0,1,2,0,차대차 - 측면직각충돌,중앙선침범,건조,맑음,단일로 - 기타,화물,남,63세,경상,승용,남,30세,중상
2012122300100199,2012년 12월 23일 13시,일요일,경상북도 포항시 북구 죽도동,중상사고,0,1,0,0,차대사람 - 기타,안전운전불이행,건조,맑음,단일로 - 기타,화물,남,59세,상해없음,보행자,남,7세,중상
2012122300100201,2012년 12월 23일 13시,일요일,경상북도 영천시 문내동,경상사고,0,0,1,0,차대차 - 측면직각충돌,안전운전불이행,건조,맑음,교차로 - 교차로안,승용,남,20세,경상,승용,남,47세,상해없음
2012122300100272,2012년 12월 23일 16시,일요일,경상북도 경주시 건천읍,중상사고,0,1,1,0,차대차 - 측면직각충돌,교차로운행방법위반,건조,맑음,교차로 - 교차로안,승용,남,25세,상해없음,승용,여,42세,중상
2012122300100292,2012년 12월 23일 17시,일요일,경상북도 포항시 북구 학산동,경상사고,0,0,1,0,차대차 - 기타,기타,건조,맑음,단일로 - 기타,승용,남,58세,상해없음,승용,남,64세,경상
2012122300100293,2012년 12월 23일 17시,일요일,경상북도 경산시 삼풍동,경상사고,0,0,1,0,차대차 - 기타,안전운전불이행,건조,맑음,단일로 - 기타,승용,남,38세,상해없음,이륜,남,41세,경상
2012122300100313,2012년 12월 23일 18시,일요일,경상북도 구미시 사곡동,경상사고,0,0,2,0,차대차 - 추돌 - 진행중,안전운전불이행,건조,맑음,교차로 - 교차로부근,승용,남,52세,상해없음,승용,남,47세,경상
2012122300100370,2012년 12월 23일 20시,일요일,경상북도 경주시 용강동,경상사고,0,0,3,0,차대차 - 기타,안전운전불이행,건조,맑음,교차로 - 교차로부근,승용,남,28세,상해없음,승용,남,32세,경상
2012122300100371,2012년 12월 23일 20시,일요일,경상북도 포항시 북구 용흥동,경상사고,0,0,1,0,차대차 - 측면직각충돌,교차로운행방법위반,건조,맑음,교차로 - 교차로안,화물,남,49세,상해없음,승용,남,50세,경상
2012122300100372,2012년 12월 23일 20시,일요일,경상북도 안동시 이천동,경상사고,0,0,1,0,차대차 - 측면직각충돌,기타,건조,맑음,단일로 - 기타,화물,남,56세,상해없음,화물,남,62세,경상
2012122300100373,2012년 12월 23일 20시,일요일,경상북도 포항시 남구 장기면,중상사고,0,2,0,0,차량단독 - 도로외이탈 - 추락,안전운전불이행,건조,맑음,단일로 - 기타,승용,여,46세,중상,,,,
2012122300100404,2012년 12월 23일 22시,일요일,경상북도 경주시 황성동,경상사고,0,0,1,0,차대차 - 기타,안전운전불이행,건조,맑음,교차로 - 교차로안,승용,남,57세,상해없음,승용,남,26세,상해없음
2012122300100422,2012년 12월 23일 23시,일요일,경상북도 청도군 각남면,경상사고,0,0,3,0,차대차 - 기타,안전운전불이행,건조,맑음,단일로 - 기타,화물,남,49세,상해없음,승용,남,62세,경상
2012122300100423,2012년 12월 23일 23시,일요일,경상북도 구미시 인의동,경상사고,0,0,1,0,차대차 - 측면직각충돌,안전운전불이행,건조,맑음,교차로 - 교차로안,승용,남,45세,상해없음,승용,여,25세,경상
2012122400100012,2012년 12월 24일 01시,월요일,경상북도 포항시 북구 죽도동,경상사고,0,0,2,0,차대차 - 측면직각충돌,신호위반,건조,맑음,교차로 - 교차로안,승용,남,29세,상해없음,승용,남,66세,경상
2012122400100018,2012년 12월 24일 02시,월요일,경상북도 구미시 인의동,경상사고,0,0,1,0,차대사람 - 횡단중,안전운전불이행,결빙,맑음,교차로 - 교차로안,승용,남,30세,상해없음,보행자,여,23세,경상
2012122400100054,2012년 12월 24일 06시,월요일,경상북도 성주군 벽진면,중상사고,0,1,0,0,차량단독 - 공작물충돌,안전운전불이행,건조,맑음,단일로 - 기타,승용,남,39세,중상,,,,
2012122400100072,2012년 12월 24일 07시,월요일,경상북도 안동시 옥동,경상사고,0,0,2,0,차대차 - 측면직각충돌,교차로운행방법위반,건조,맑음,교차로 - 교차로안,건설기계,남,51세,경상,승용,여,57세,경상
2012122400100073,2012년 12월 24일 07시,월요일,경상북도 포항시 남구 연일읍,중상사고,0,2,0,0,차량단독 - 공작물충돌,안전운전불이행,건조,맑음,단일로 - 기타,승용,여,47세,중상,,,,
2012122400100074,2012년 12월 24일 07시,월요일,경상북도 포항시 남구 인덕동,경상사고,0,0,2,0,차대차 - 측면직각충돌,안전운전불이행,건조,맑음,교차로 - 교차로안,화물,남,49세,경상,특수,남,26세,경상
2012122400100091,2012년 12월 24일 08시,월요일,경상북도 경주시 안강읍,경상사고,0,0,1,0,차대차 - 측면직각충돌,안전운전불이행,결빙,맑음,단일로 - 교량,승용,남,38세,상해없음,화물,남,59세,경상
2012122400100092,2012년 12월 24일 08시,월요일,경상북도 상주시 남성동,중상사고,0,1,0,0,차대차 - 기타,차로위반,건조,맑음,단일로 - 기타,승용,남,61세,상해없음,이륜,남,45세,중상
2012122400100133,2012년 12월 24일 10시,월요일,경상북도 예천군 예천읍,중상사고,0,1,0,0,차대사람 - 기타,안전운전불이행,적설,흐림,단일로 - 기타,화물,남,61세,상해없음,보행자,여,50세,중상
2012122400100164,2012년 12월 24일 11시,월요일,경상북도 포항시 남구 오천읍,경상사고,0,0,1,0,차대차 - 추돌 - 진행중,안전운전불이행,건조,맑음,단일로 - 기타,승용,여,34세,상해없음,승용,남,36세,경상
2012122400100184,2012년 12월 24일 12시,월요일,경상북도 영주시 가흥동,중상사고,0,1,0,0,차대차 - 추돌 - 진행중,안전운전불이행,건조,맑음,교차로 - 교차로부근,화물,남,48세,상해없음,승합,남,30세,중상
2012122400100185,2012년 12월 24일 12시,월요일,경상북도 영천시 완산동,경상사고,0,0,1,0,차대사람 - 횡단중,안전운전불이행,건조,맑음,단일로 - 기타,승용,남,64세,상해없음,보행자,여,65세,경상
2012122400100214,2012년 12월 24일 13시,월요일,경상북도 포항시 북구 두호동,경상사고,0,0,1,0,차대차 - 측면직각충돌,안전거리미확보,건조,맑음,단일로 - 기타,승용,여,37세,상해없음,승용,남,46세,경상
2012122400100241,2012년 12월 24일 14시,월요일,경상북도 경주시 성건동,경상사고,0,0,1,0,차대차 - 기타,안전운전불이행,건조,맑음,교차로 - 교차로안,화물,남,50세,상해없음,승용,여,61세,경상
2012122400100242,2012년 12월 24일 14시,월요일,경상북도 포항시 북구 양덕동,중상사고,0,1,0,0,차대차 - 측면직각충돌,교차로운행방법위반,건조,맑음,교차로 - 교차로안,승용,여,39세,상해없음,승용,여,41세,중상
2012122400100243,2012년 12월 24일 14시,월요일,경상북도 구미시 지산동,중상사고,0,1,1,0,차대차 - 측면직각충돌,안전운전불이행,건조,맑음,교차로 - 교차로안,승용,남,41세,상해없음,승용,여,47세,경상
2012122400100272,2012년 12월 24일 15시,월요일,경상북도 경주시 건천읍,경상사고,0,0,2,0,차대차 - 기타,안전운전불이행,건조,맑음,교차로 - 교차로부근,기타불명,기타불명,기타불명,기타불명,화물,남,37세,경상
2012122400100273,2012년 12월 24일 15시,월요일,경상북도 포항시 북구 대흥동,중상사고,0,1,0,0,차대사람 - 기타,안전운전불이행,건조,맑음,단일로 - 기타,승용,남,20세,상해없음,보행자,여,36세,중상
2012122400100274,2012년 12월 24일 15시,월요일,경상북도 김천시 남산동,중상사고,0,1,0,0,차대사람 - 기타,안전운전불이행,결빙,맑음,단일로 - 기타,승용,남,29세,상해없음,보행자,남,66세,중상
2012122400100275,2012년 12월 24일 15시,월요일,경상북도 상주시 청리면,중상사고,0,1,0,0,차대차 - 추돌 - 진행중,안전운전불이행,건조,맑음,단일로 - 기타,화물,남,54세,상해없음,승용,남,63세,중상
2012122400100276,2012년 12월 24일 15시,월요일,경상북도 예천군 예천읍,중상사고,0,1,0,0,차대차 - 기타,안전운전불이행,건조,맑음,교차로 - 교차로안,승용,여,57세,상해없음,원동기,남,69세,중상
2012122400100307,2012년 12월 24일 16시,월요일,경상북도 경주시 안강읍,경상사고,0,0,1,0,차대차 - 측면직각충돌,안전운전불이행,건조,맑음,단일로 - 기타,승용,남,53세,상해없음,승용,남,54세,경상