사고번호,사고일시,요일,시군구,사고내용,사망자수,중상자수,경상자수,부상신고자수,사고유형,법규위반,노면상태,기상상태,도로형태,가해운전자 차종,가해운전자 성별,가해운전자 연령,가해운전자 상해정도,피해운전자 차종,피해운전자 성별,피해운전자 연령,피해운전자 상해정도
2012122800100152,2012년 12월 28일 07시,금요일,경상북도 영천시 금노동,경상사고,0,0,1,0,차대차 - 추돌 - 진행중,안전운전불이행,적설,눈,교차로 - 교차로안,승용,여,28세,상해없음,승용,남,52세,경상
2012122800100153,2012년 12월 28일 07시,금요일,경상북도 영덕군 영해면,경상사고,0,0,1,0,차대차 - 추돌 - 주정차중,안전운전불이행,결빙,눈,단일로 - 기타,화물,남,48세,상해없음,승용,남,46세,상해없음
2012122800100154,2012년 12월 28일 07시,금요일,경상북도 구미시 오태동,경상사고,0,0,1,0,차대사람 - 기타,안전운전불이행,결빙,눈,단일로 - 기타,승용,남,32세,상해없음,보행자,여,16세,경상
2012122800100155,2012년 12월 28일 07시,금요일,경상북도 포항시 남구 동해면,경상사고,0,0,2,0,차대차 - 기타,안전운전불이행,결빙,눈,단일로 - 기타,승용,남,57세,상해없음,승용,남,35세,경상
2012122800100192,2012년 12월 28일 08시,금요일,경상북도 구미시 인의동,경상사고,0,0,1,0,차대차 - 측면직각충돌,교차로운행방법위반,적설,눈,교차로 - 교차로안,화물,남,45세,상해없음,승용,남,42세,상해없음
2012122800100193,2012년 12월 28일 08시,금요일,경상북도 구미시 인의동,경상사고,0,0,1,0,차대사람 - 기타,안전운전불이행,결빙,맑음,기타 - 기타,기타불명,기타불명,기타불명,기타불명,보행자,여,28세,경상
2012122800100194,2012년 12월 28일 08시,금요일,경상북도 포항시 남구 청림동,경상사고,0,0,2,0,차대차 - 측면직각충돌,안전운전불이행,결빙,눈,단일로 - 기타,승합,남,50세,상해없음,화물,남,60세,경상
2012122800100195,2012년 12월 28일 08시,금요일,경상북도 김천시 모암동,사망사고,1,0,0,0,차량단독 - 전도전복,안전운전불이행,적설,눈,단일로 - 기타,특수,남,53세,사망,,,,
2012122800100221,2012년 12월 28일 09시,금요일,경상북도 경주시 황남동,중상사고,0,1,0,0,차대차 - 기타,중앙선침범,적설,눈,교차로 - 교차로부근,승용,남,34세,상해없음,승용,남,63세,중상
2012122800100233,2012년 12월 28일 10시,금요일,경상북도 경주시 안강읍,중상사고,0,1,1,0,차대차 - 측면직각충돌,안전운전불이행,적설,눈,단일로 - 기타,승용,여,42세,상해없음,화물,남,36세,중상
2012122800100235,2012년 12월 28일 10시,금요일,경상북도 문경시 영신동,경상사고,0,0,1,0,차대차 - 정면충돌,안전운전불이행,적설,눈,단일로 - 기타,승용,남,43세,상해없음,승용,여,38세,경상
2012122800100236,2012년 12월 28일 10시,금요일,경상북도 구미시 해평면,사망사고,1,0,0,0,차량단독 - 공작물충돌,안전운전불이행,적설,눈,단일로 - 기타,승용,남,58세,사망,,,,
2012122800100254,2012년 12월 28일 11시,금요일,경상북도 칠곡군 지천면,경상사고,0,0,1,0,차대차 - 추돌 - 진행중,안전운전불이행,적설,눈,단일로 - 기타,승용,남,37세,상해없음,화물,남,50세,경상
2012122800100255,2012년 12월 28일 11시,금요일,경상북도 김천시 봉산면,경상사고,0,0,1,0,차대차 - 추돌 - 진행중,안전운전불이행,결빙,눈,단일로 - 기타,승용,남,42세,상해없음,화물,남,40세,경상
2012122800100274,2012년 12월 28일 12시,금요일,경상북도 경주시 양북면,중상사고,0,1,0,0,차대사람 - 기타,보행자보호의무위반,습기,비,단일로 - 횡단보도상,승용,남,29세,상해없음,보행자,여,72세,중상
2012122800100313,2012년 12월 28일 14시,금요일,경상북도 영주시 부석면,중상사고,0,1,4,0,차대차 - 정면충돌,안전운전불이행,적설,맑음,단일로 - 기타,승용,남,55세,상해없음,승용,남,37세,경상
2012122800100325,2012년 12월 28일 15시,금요일,경상북도 경주시 천군동,경상사고,0,0,1,0,차대차 - 측면직각충돌,안전운전불이행,결빙,눈,교차로 - 교차로부근,승용,남,67세,상해없음,승용,남,56세,경상
2012122800100326,2012년 12월 28일 15시,금요일,경상북도 포항시 북구 죽도동,중상사고,0,1,0,0,차대사람 - 횡단중,안전운전불이행,건조,맑음,단일로 - 기타,승용,남,70세,상해없음,보행자,여,20세,중상
2012122800100327,2012년 12월 28일 15시,금요일,경상북도 구미시 신평동,중상사고,0,1,0,0,차대차 - 기타,안전운전불이행,적설,눈,교차로 - 교차로안,승용,남,26세,상해없음,특수,남,36세,중상
2012122800100376,2012년 12월 28일 17시,금요일,경상북도 영양군 입암면,경상사고,0,0,1,0,차대사람 - 기타,안전운전불이행,적설,눈,단일로 - 기타,화물,남,33세,상해없음,보행자,남,69세,경상
2012122800100377,2012년 12월 28일 17시,금요일,경상북도 구미시 선산읍,경상사고,0,0,4,0,차대차 - 측면직각충돌,안전운전불이행,결빙,흐림,단일로 - 기타,화물,남,41세,상해없음,승용,남,38세,경상
2012122800100378,2012년 12월 28일 17시,금요일,경상북도 포항시 남구 오천읍,경상사고,0,0,1,0,차대차 - 추돌 - 주정차중,안전운전불이행,습기,흐림,교차로 - 교차로부근,승용,남,51세,상해없음,승용,여,45세,경상
2012122800100379,2012년 12월 28일 17시,금요일,경상북도 영천시 본촌동,중상사고,0,4,0,0,차대차 - 추돌 - 진행중,안전운전불이행,습기,흐림,단일로 - 기타,화물,남,38세,상해없음,화물,남,58세,중상
2012122800100408,2012년 12월 28일 18시,금요일,경상북도 경주시 보문동,중상사고,0,1,1,0,차대차 - 기타,안전운전불이행,결빙,눈,단일로 - 교량,승용,남,53세,상해없음,승용,남,40세,경상
2012122800100409,2012년 12월 28일 18시,금요일,경상북도 포항시 북구 장성동,중상사고,0,2,0,0,차대차 - 기타,교차로운행방법위반,건조,맑음,교차로 - 교차로안,승용,남,50세,상해없음,승용,남,56세,중상
2012122800100410,2012년 12월 28일 18시,금요일,경상북도 구미시 선기동,경상사고,0,0,2,0,차대차 - 기타,안전운전불이행,결빙,눈,교차로 - 교차로안,승합,남,51세,상해없음,승용,남,33세,경상
2012122800100411,2012년 12월 28일 18시,금요일,경상북도 경산시 진량읍,중상사고,0,1,0,0,차대차 - 추돌 - 진행중,안전운전불이행,적설,눈,단일로 - 기타,승용,기타불명,기타불명,기타불명,승용,남,49세,상해없음
2012122800100440,2012년 12월 28일 19시,금요일,경상북도 포항시 남구 대송면,경상사고,0,0,1,0,차대차 - 추돌 - 진행중,안전운전불이행,결빙,비,교차로 - 교차로부근,승용,남,26세,상해없음,승용,남,50세,경상
2012122800100506,2012년 12월 28일 21시,금요일,경상북도 문경시 가은읍,중상사고,0,1,0,0,차량단독 - 공작물충돌,안전운전불이행,결빙,맑음,단일로 - 기타,승용,남,52세,중상,,,,
2012122800100507,2012년 12월 28일 21시,금요일,경상북도 구미시 형곡동,중상사고,0,1,0,0,차대차 - 추돌 - 진행중,안전운전불이행,결빙,흐림,단일로 - 기타,승용,남,54세,상해없음,승용,남,28세,중상
2012122800100508,2012년 12월 28일 21시,금요일,경상북도 포항시 남구 오천읍,경상사고,0,0,1,0,차대차 - 측면직각충돌,안전운전불이행,건조,맑음,단일로 - 기타,화물,남,50세,상해없음,승용,남,36세,경상
2012122800100509,2012년 12월 28일 21시,금요일,경상북도 포항시 남구 대잠동,중상사고,0,1,0,0,차대사람 - 기타,기타,건조,맑음,단일로 - 기타,승용,남,23세,상해없음,보행자,남,16세,중상
2012122800100547,2012년 12월 28일 22시,금요일,경상북도 포항시 북구 용흥동,중상사고,0,1,0,0,차대사람 - 길가장자리구역통행중,안전운전불이행,건조,맑음,단일로 - 기타,승용,남,33세,상해없음,보행자,남,44세,중상
2012122800100581,2012년 12월 28일 23시,금요일,경상북도 경주시 동천동,중상사고,0,1,2,0,차대차 - 기타,안전운전불이행,적설,눈,단일로 - 기타,승용,남,38세,상해없음,승용,남,53세,중상
2012122800100582,2012년 12월 28일 23시,금요일,경상북도 포항시 북구 항구동,경상사고,0,0,1,0,차대차 - 기타,교차로운행방법위반,건조,맑음,교차로 - 교차로안,승용,남,32세,상해없음,화물,남,48세,경상
2012122800100583,2012년 12월 28일 23시,금요일,경상북도 포항시 남구 오천읍,중상사고,0,1,1,0,차대차 - 측면직각충돌,교차로운행방법위반,습기,흐림,교차로 - 교차로안,승용,여,31세,상해없음,승용,남,54세,중상
2012122900100024,2012년 12월 29일 00시,토요일,경상북도 포항시 북구 장성동,경상사고,0,0,1,0,차대차 - 추돌 - 주정차중,안전운전불이행,습기,흐림,교차로 - 교차로부근,승용,여,45세,상해없음,승용,남,67세,경상
2012122900100025,2012년 12월 29일 00시,토요일,경상북도 구미시 원평동,경상사고,0,0,1,0,차대차 - 추돌 - 주정차중,안전운전불이행,결빙,맑음,교차로 - 교차로부근,승용,남,31세,기타불명,승용,남,28세,경상
2012122900100090,2012년 12월 29일 03시,토요일,경상북도 김천시 부곡동,경상사고,0,0,2,0,차대차 - 측면직각충돌,안전운전불이행,결빙,맑음,교차로 - 교차로부근,승용,남,51세,상해없음,승용,남,30세,경상
2012122900100111,2012년 12월 29일 04시,토요일,경상북도 포항시 남구 대도동,경상사고,0,0,1,0,차대차 - 측면직각충돌,직진우회전진행방해,기타,맑음,교차로 - 교차로안,승용,남,47세,상해없음,승용,남,57세,경상
2012122900100175,2012년 12월 29일 07시,토요일,경상북도 울진군 원남면,중상사고,0,1,0,0,차량단독 - 도로외이탈 - 기타,안전운전불이행,결빙,흐림,단일로 - 기타,화물,남,59세,중상,,,,
2012122900100259,2012년 12월 29일 11시,토요일,경상북도 안동시 임하면,중상사고,0,1,0,0,차대차 - 정면충돌,안전운전불이행,적설,눈,단일로 - 기타,승용,남,39세,중상,승합,남,42세,상해없음
2012122900100260,2012년 12월 29일 11시,토요일,경상북도 김천시 신음동,경상사고,0,0,3,0,차대차 - 측면직각충돌,안전운전불이행,건조,맑음,단일로 - 기타,화물,남,64세,상해없음,승용,남,72세,상해없음
2012122900100282,2012년 12월 29일 12시,토요일,경상북도 안동시 운흥동,중상사고,0,1,0,0,차대사람 - 횡단중,안전운전불이행,습기,맑음,단일로 - 기타,승용,여,40세,상해없음,보행자,남,71세,중상
2012122900100321,2012년 12월 29일 14시,토요일,경상북도 안동시 당북동,경상사고,0,0,1,0,차대사람 - 기타,안전운전불이행,습기,흐림,단일로 - 기타,승용,남,60세,상해없음,보행자,남,39세,경상
2012122900100340,2012년 12월 29일 15시,토요일,경상북도 경주시 성건동,중상사고,0,1,1,0,차대차 - 기타,안전운전불이행,습기,흐림,교차로 - 교차로부근,특수,남,51세,상해없음,승용,남,68세,중상
2012122900100341,2012년 12월 29일 15시,토요일,경상북도 안동시 법흥동,경상사고,0,0,1,0,차대차 - 기타,안전운전불이행,결빙,맑음,단일로 - 기타,화물,남,70세,상해없음,승용,남,30세,경상
2012122900100342,2012년 12월 29일 15시,토요일,경상북도 안동시 태화동,경상사고,0,0,1,0,차대차 - 기타,교차로운행방법위반,건조,맑음,교차로 - 교차로안,화물,남,51세,상해없음,승용,여,52세,경상
2012122900100343,2012년 12월 29일 15시,토요일,경상북도 영덕군 병곡면,사망사고,1,0,0,0,차량단독 - 도로외이탈 - 추락,안전운전불이행,건조,맑음,교차로 - 교차로부근,원동기,남,78세,사망,,,,
2012122900100344,2012년 12월 29일 15시,토요일,경상북도 영양군 일월면,경상사고,0,0,2,0,차량단독 - 도로외이탈 - 추락,안전운전불이행,결빙,맑음,교차로 - 교차로부근,승용,남,52세,경상,,,,
2012122900100351,2012년 12월 29일 16시,토요일,경상북도 칠곡군 북삼읍,부상신고사고,0,0,0,1,차대사람 - 기타,기타,건조,맑음,단일로 - 기타,승합,남,54세,상해없음,보행자,여,75세,부상신고
2012122900100372,2012년 12월 29일 17시,토요일,경상북도 구미시 해평면,중상사고,0,3,2,0,차대차 - 기타,안전운전불이행,결빙,맑음,단일로 - 기타,화물,남,52세,경상,승용,남,36세,중상
2012122900100394,2012년 12월 29일 18시,토요일,경상북도 경주시 황오동,사망사고,1,0,0,0,차대사람 - 차도통행중,안전운전불이행,습기,흐림,단일로 - 기타,승합,남,38세,상해없음,보행자,여,50세,사망
2012122900100395,2012년 12월 29일 18시,토요일,경상북도 구미시 선산읍,중상사고,0,1,0,1,차대차 - 기타,안전운전불이행,습기,흐림,단일로 - 기타,화물,남,68세,상해없음,농기계,남,61세,중상
2012122900100396,2012년 12월 29일 18시,토요일,경상북도 구미시 인의동,경상사고,0,0,1,0,차대차 - 기타,안전운전불이행,건조,맑음,단일로 - 기타,승용,남,32세,상해없음,승용,남,28세,경상
2012122900100428,2012년 12월 29일 19시,토요일,경상북도 경주시 안강읍,경상사고,0,0,1,0,차대차 - 기타,안전운전불이행,건조,맑음,교차로 - 교차로부근,승합,남,60세,상해없음,승용,여,44세,경상
2012122900100429,2012년 12월 29일 19시,토요일,경상북도 영덕군 강구면,중상사고,0,1,0,0,차대차 - 측면직각충돌,중앙선침범,건조,흐림,단일로 - 기타,특수,남,34세,상해없음,승용,남,49세,중상
2012122900100461,2012년 12월 29일 20시,토요일,경상북도 상주시 무양동,경상사고,0,0,2,0,차대차 - 기타,신호위반,습기,흐림,단일로 - 기타,승용,남,57세,상해없음,승용,남,33세,경상
2012122900100521,2012년 12월 29일 22시,토요일,경상북도 영주시 휴천동,경상사고,0,0,3,0,차대차 - 추돌 - 진행중,안전운전불이행,적설,눈,단일로 - 기타,승용,남,39세,상해없음,승용,남,56세,경상
2012122900100579,2012년 12월 29일 23시,토요일,경상북도 포항시 남구 해도동,경상사고,0,0,1,0,차대사람 - 기타,안전운전불이행,습기,맑음,단일로 - 기타,승용,남,41세,상해없음,보행자,여,60세,경상
2012123000100034,2012년 12월 30일 00시,일요일,경상북도 영양군 입암면,중상사고,0,3,0,0,차대차 - 기타,안전운전불이행,적설,눈,단일로 - 기타,승용,여,38세,중상,화물,남,59세,중상
2012123000100092,2012년 12월 30일 01시,일요일,경상북도 김천시 성내동,경상사고,0,0,1,0,차대차 - 측면직각충돌,신호위반,습기,비,교차로 - 교차로안,승용,남,28세,상해없음,승용,남,47세,상해없음
2012123000100093,2012년 12월 30일 01시,일요일,경상북도 포항시 남구 오천읍,중상사고,0,1,2,0,차대사람 - 기타,중앙선침범,습기,비,단일로 - 기타,승용,남,31세,경상,보행자,남,43세,중상
2012123000100127,2012년 12월 30일 02시,일요일,경상북도 경주시 노동동,경상사고,0,0,1,0,차대차 - 기타,안전운전불이행,건조,맑음,교차로 - 교차로안,승용,남,28세,상해없음,승용,남,46세,경상
2012123000100128,2012년 12월 30일 02시,일요일,경상북도 구미시 사곡동,경상사고,0,0,1,0,차대차 - 추돌 - 진행중,안전운전불이행,결빙,맑음,교차로 - 교차로부근,승용,남,29세,상해없음,승용,남,30세,경상
2012123000100187,2012년 12월 30일 05시,일요일,경상북도 경주시 신평동,경상사고,0,0,3,0,차량단독 - 공작물충돌,안전운전불이행,건조,맑음,단일로 - 교량,승용,남,17세,경상,,,,
2012123000100188,2012년 12월 30일 05시,일요일,경상북도 구미시 원평동,경상사고,0,0,1,0,차대사람 - 기타,안전운전불이행,건조,맑음,기타 - 기타,기타불명,기타불명,기타불명,기타불명,보행자,남,43세,경상
2012123000100197,2012년 12월 30일 06시,일요일,경상북도 경주시 동천동,경상사고,0,0,2,0,차대차 - 기타,안전운전불이행,습기,비,교차로 - 교차로안,승용,남,23세,상해없음,승합,남,37세,경상
2012123000100221,2012년 12월 30일 08시,일요일,경상북도 경주시 현곡면,경상사고,0,0,2,0,차량단독 - 공작물충돌,안전운전불이행,습기,비,단일로 - 기타,승용,남,20세,경상,,,,
2012123000100222,2012년 12월 30일 08시,일요일,경상북도 구미시 임수동,경상사고,0,0,2,0,차대차 - 추돌 - 주정차중,안전운전불이행,결빙,흐림,교차로 - 교차로부근,승용,여,44세,상해없음,승용,남,50세,경상
2012123000100274,2012년 12월 30일 10시,일요일,경상북도 경주시 북군동,경상사고,0,0,4,0,차대차 - 측면직각충돌,안전운전불이행,건조,맑음,교차로 - 교차로부근,승용,남,29세,경상,승용,남,53세,경상
2012123000100275,2012년 12월 30일 10시,일요일,경상북도 영천시 금호읍,중상사고,0,1,0,0,차대차 - 측면직각충돌,안전운전불이행,결빙,맑음,단일로 - 기타,승용,여,42세,상해없음,승용,남,45세,중상
2012123000100297,2012년 12월 30일 11시,일요일,경상북도 포항시 북구 항구동,중상사고,0,1,2,0,차대차 - 추돌 - 주정차중,안전운전불이행,건조,맑음,단일로 - 기타,승용,남,26세,상해없음,승용,남,54세,경상
2012123000100309,2012년 12월 30일 12시,일요일,경상북도 경주시 강동면,경상사고,0,0,4,0,차대차 - 기타,안전운전불이행,건조,맑음,단일로 - 기타,승용,남,39세,상해없음,화물,남,55세,경상
2012123000100310,2012년 12월 30일 12시,일요일,경상북도 경주시 진현동,중상사고,0,2,0,0,차대차 - 측면직각충돌,중앙선침범,결빙,맑음,단일로 - 기타,승용,남,26세,상해없음,승용,남,36세,중상
2012123000100396,2012년 12월 30일 15시,일요일,경상북도 안동시 옥동,중상사고,0,1,0,0,차대사람 - 기타,안전운전불이행,적설,맑음,단일로 - 기타,화물,남,39세,상해없음,보행자,여,63세,중상
2012123000100397,2012년 12월 30일 15시,일요일,경상북도 청송군 안덕면,중상사고,0,1,0,0,차량단독 - 도로외이탈 - 기타,안전운전불이행,결빙,맑음,단일로 - 기타,승용,남,57세,상해없음,,,,
2012123000100422,2012년 12월 30일 16시,일요일,경상북도 상주시 무양동,경상사고,0,0,2,0,차대차 - 기타,안전운전불이행,습기,맑음,교차로 - 교차로안,승용,남,62세,상해없음,승용,남,51세,경상
2012123000100423,2012년 12월 30일 16시,일요일,경상북도 칠곡군 지천면,부상신고사고,0,0,0,1,차대차 - 추돌 - 주정차중,안전운전불이행,결빙,흐림,단일로 - 기타,승용,남,49세,부상신고,승용,남,42세,기타불명
2012123000100453,2012년 12월 30일 17시,일요일,경상북도 포항시 북구 죽도동,중상사고,0,1,0,0,차대차 - 기타,안전운전불이행,건조,맑음,교차로 - 교차로안,승용,남,39세,상해없음,원동기,여,43세,중상
2012123000100454,2012년 12월 30일 17시,일요일,경상북도 구미시 광평동,중상사고,0,2,0,0,차대차 - 추돌 - 주정차중,안전운전불이행,건조,맑음,단일로 - 기타,승용,남,43세,상해없음,승용,남,52세,중상
2012123000100476,2012년 12월 30일 18시,일요일,경상북도 경주시 양남면,경상사고,0,0,1,0,차대차 - 기타,안전운전불이행,기타,맑음,교차로 - 교차로부근,승용,남,43세,상해없음,승합,남,54세,상해없음
2012123000100503,2012년 12월 30일 19시,일요일,경상북도 포항시 북구 양덕동,중상사고,0,1,0,1,차대차 - 기타,안전운전불이행,건조,맑음,단일로 - 기타,승용,여,30세,부상신고,승용,남,41세,중상
2012123000100504,2012년 12월 30일 19시,일요일,경상북도 포항시 남구 해도동,경상사고,0,0,2,0,차대차 - 측면직각충돌,안전운전불이행,건조,맑음,교차로 - 교차로부근,승용,남,42세,상해없음,승합,여,41세,경상
2012123000100527,2012년 12월 30일 20시,일요일,경상북도 포항시 북구 두호동,중상사고,0,1,0,0,차대차 - 측면직각충돌,안전운전불이행,건조,맑음,교차로 - 교차로안,원동기,남,43세,상해없음,원동기,남,17세,중상
2012123000100578,2012년 12월 30일 23시,일요일,경상북도 구미시 사곡동,경상사고,0,0,4,0,차대차 - 추돌 - 주정차중,안전운전불이행,건조,맑음,교차로 - 교차로안,승용,남,33세,상해없음,승용,남,38세,경상
2012123100100023,2012년 12월 31일 01시,월요일,경상북도 포항시 북구 흥해읍,중상사고,0,1,0,0,차대사람 - 기타,안전운전불이행,건조,맑음,교차로 - 교차로안,승용,남,32세,상해없음,보행자,남,56세,중상
2012123100100024,2012년 12월 31일 01시,월요일,경상북도 포항시 북구 두호동,중상사고,0,1,0,0,차대차 - 기타,신호위반,건조,맑음,교차로 - 교차로안,승용,남,33세,상해없음,승용,남,63세,중상
2012123100100065,2012년 12월 31일 04시,월요일,경상북도 포항시 남구 연일읍,경상사고,0,0,1,0,차대사람 - 기타,안전운전불이행,건조,맑음,단일로 - 기타,기타불명,기타불명,기타불명,기타불명,보행자,남,22세,경상
2012123100100077,2012년 12월 31일 06시,월요일,경상북도 포항시 북구 두호동,경상사고,0,0,2,0,차대차 - 기타,안전운전불이행,건조,맑음,단일로 - 기타,승용,남,18세,상해없음,승용,남,30세,경상
2012123100100078,2012년 12월 31일 06시,월요일,경상북도 포항시 남구 청림동,중상사고,0,1,0,0,차대차 - 추돌 - 주정차중,안전운전불이행,건조,맑음,단일로 - 기타,원동기,남,54세,중상,화물,남,43세,기타불명
2012123100100098,2012년 12월 31일 07시,월요일,경상북도 구미시 진평동,경상사고,0,0,1,0,차대차 - 측면직각충돌,교차로운행방법위반,건조,맑음,교차로 - 교차로안,승용,남,54세,상해없음,승용,여,50세,경상
2012123100100123,2012년 12월 31일 08시,월요일,경상북도 구미시 고아읍,중상사고,0,1,2,0,차대차 - 기타,안전운전불이행,결빙,눈,교차로 - 교차로부근,화물,남,25세,중상,승용,여,42세,경상
2012123100100124,2012년 12월 31일 08시,월요일,경상북도 포항시 남구 동해면,중상사고,0,1,0,0,차대차 - 기타,중앙선침범,건조,맑음,단일로 - 기타,기타불명,기타불명,기타불명,기타불명,승용,남,45세,중상
2012123100100141,2012년 12월 31일 09시,월요일,경상북도 김천시 농소면,중상사고,0,1,0,0,차대차 - 측면직각충돌,안전거리미확보,적설,맑음,단일로 - 교량,승용,여,45세,상해없음,승용,여,47세,중상
2012123100100142,2012년 12월 31일 09시,월요일,경상북도 포항시 남구 구룡포읍,중상사고,0,1,0,0,차대사람 - 기타,안전운전불이행,건조,맑음,교차로 - 교차로안,화물,남,31세,상해없음,보행자,남,58세,중상
2012123100100164,2012년 12월 31일 10시,월요일,경상북도 김천시 부곡동,경상사고,0,0,2,0,차대차 - 측면직각충돌,교차로운행방법위반,결빙,맑음,교차로 - 교차로안,승용,남,30세,경상,승용,남,22세,경상
2012123100100165,2012년 12월 31일 10시,월요일,경상북도 영천시 도동,경상사고,0,0,1,0,차대차 - 측면직각충돌,안전운전불이행,결빙,맑음,단일로 - 기타,승용,남,42세,상해없음,승용,남,28세,경상
2012123100100193,2012년 12월 31일 11시,월요일,경상북도 경주시 구황동,중상사고,0,1,4,0,차대차 - 기타,안전운전불이행,건조,맑음,단일로 - 기타,화물,여,22세,상해없음,승용,남,38세,경상
2012123100100194,2012년 12월 31일 11시,월요일,경상북도 포항시 북구 두호동,경상사고,0,0,1,0,차대사람 - 기타,안전운전불이행,건조,맑음,단일로 - 기타,승용,남,47세,상해없음,보행자,여,44세,경상
2012123100100216,2012년 12월 31일 12시,월요일,경상북도 안동시 송현동,중상사고,0,1,0,0,차대사람 - 길가장자리구역통행중,기타,건조,맑음,기타 - 기타,승용,남,42세,상해없음,보행자,여,83세,중상
2012123100100217,2012년 12월 31일 12시,월요일,경상북도 경산시 중방동,경상사고,0,0,1,0,차대사람 - 기타,보행자보호의무위반,건조,맑음,교차로 - 교차로안,승용,여,44세,상해없음,보행자,여,70세,경상
2012123100100252,2012년 12월 31일 13시,월요일,경상북도 칠곡군 동명면,중상사고,0,1,0,0,차대사람 - 보도통행중,안전운전불이행,결빙,맑음,단일로 - 기타,승용,여,21세,상해없음,보행자,여,59세,중상
2012123100100253,2012년 12월 31일 13시,월요일,경상북도 경산시 옥산동,중상사고,0,1,0,0,차대차 - 기타,신호위반,건조,맑음,교차로 - 교차로안,승용,남,57세,상해없음,승용,남,58세,중상
2012123100100254,2012년 12월 31일 13시,월요일,경상북도 경산시 옥곡동,경상사고,0,0,1,0,차대차 - 기타,중앙선침범,결빙,맑음,교차로 - 교차로부근,승용,여,30세,상해없음,승용,여,38세,경상
2012123100100255,2012년 12월 31일 13시,월요일,경상북도 성주군 초전면,중상사고,0,1,1,0,차대차 - 추돌 - 진행중,안전거리미확보,건조,맑음,단일로 - 기타,화물,남,54세,경상,화물,남,57세,상해없음
2012123100100256,2012년 12월 31일 13시,월요일,경상북도 구미시 공단동,경상사고,0,0,2,0,차대차 - 기타,안전운전불이행,결빙,맑음,단일로 - 기타,승용,여,46세,기타불명,승합,남,40세,경상
2012123100100323,2012년 12월 31일 15시,월요일,경상북도 경주시 동방동,중상사고,0,1,1,0,차대차 - 기타,안전운전불이행,결빙,맑음,기타 - 기타,승용,남,35세,상해없음,승용,여,40세,중상
2012123100100324,2012년 12월 31일 15시,월요일,경상북도 경주시 용강동,경상사고,0,0,8,0,차대차 - 기타,안전거리미확보,건조,맑음,교차로 - 교차로부근,승용,남,52세,경상,화물,남,23세,경상
2012123100100357,2012년 12월 31일 16시,월요일,경상북도 구미시 봉곡동,중상사고,0,1,1,0,차대차 - 기타,안전운전불이행,건조,맑음,단일로 - 기타,승합,남,67세,상해없음,승용,남,58세,중상
2012123100100358,2012년 12월 31일 16시,월요일,경상북도 구미시 도량동,경상사고,0,0,1,0,차대사람 - 기타,안전운전불이행,건조,맑음,기타 - 기타,화물,남,56세,상해없음,보행자,여,4세,경상
2012123100100359,2012년 12월 31일 16시,월요일,경상북도 칠곡군 가산면,중상사고,0,1,0,0,차대차 - 기타,안전운전불이행,건조,맑음,단일로 - 기타,화물,기타불명,기타불명,기타불명,승용,여,41세,중상
2012123100100379,2012년 12월 31일 17시,월요일,경상북도 청도군 청도읍,경상사고,0,0,1,0,차대차 - 추돌 - 주정차중,안전운전불이행,건조,맑음,단일로 - 기타,특수,남,54세,상해없음,승용,여,39세,경상
2012123100100415,2012년 12월 31일 18시,월요일,경상북도 경주시 현곡면,중상사고,0,1,0,0,차대사람 - 기타,안전운전불이행,건조,맑음,교차로 - 교차로부근,승용,남,33세,상해없음,보행자,남,45세,중상
2012123100100416,2012년 12월 31일 18시,월요일,경상북도 문경시 모전동,부상신고사고,0,0,0,1,차대차 - 측면직각충돌,기타,건조,흐림,교차로 - 교차로안,이륜,남,16세,부상신고,승용,남,50세,상해없음
2012123100100454,2012년 12월 31일 19시,월요일,경상북도 포항시 북구 장성동,경상사고,0,0,1,0,차대차 - 추돌 - 진행중,안전운전불이행,건조,맑음,교차로 - 교차로부근,승용,남,29세,상해없음,승용,남,48세,경상
2012123100100455,2012년 12월 31일 19시,월요일,경상북도 상주시 낙양동,중상사고,0,1,0,0,차대차 - 기타,신호위반,결빙,흐림,교차로 - 교차로안,승용,남,35세,상해없음,승용,남,46세,중상
2012123100100456,2012년 12월 31일 19시,월요일,경상북도 포항시 남구 오천읍,경상사고,0,0,1,0,차대차 - 측면직각충돌,안전운전불이행,건조,맑음,단일로 - 기타,승용,남,49세,상해없음,원동기,남,21세,경상
2012123100100488,2012년 12월 31일 20시,월요일,경상북도 경산시 하양읍,경상사고,0,0,1,0,차대차 - 측면직각충돌,교차로운행방법위반,습기,맑음,교차로 - 교차로안,승용,남,68세,상해없음,승용,여,53세,경상
2012123100100547,2012년 12월 31일 22시,월요일,경상북도 경주시 노서동,경상사고,0,0,1,0,차대사람 - 기타,신호위반,건조,맑음,단일로 - 횡단보도상,승용,남,41세,상해없음,보행자,남,22세,경상
2012123100100573,2012년 12월 31일 23시,월요일,경상북도 안동시 태화동,경상사고,0,0,1,0,차대사람 - 차도통행중,안전운전불이행,기타,맑음,단일로 - 기타,승용,남,30세,상해없음,보행자,남,53세,경상
2012123100100574,2012년 12월 31일 23시,월요일,경상북도 포항시 남구 대도동,중상사고,0,1,0,0,차대사람 - 기타,안전운전불이행,건조,맑음,단일로 - 기타,승용,남,51세,상해없음,보행자,여,47세,중상